Copyright 1986-2022 Xilinx, Inc. All Rights Reserved. Copyright 2022-2024 Advanced Micro Devices, Inc. All Rights Reserved.
----------------------------------------------------------------------------------------------------------------------------------------------------------------------------------------
| Tool Version : Vivado v.2024.2 (win64) Build 5239630 Fri Nov 08 22:35:27 MST 2024
| Date         : Wed May 20 16:58:11 2026
| Host         : An running 64-bit major release  (build 9200)
| Command      : report_control_sets -verbose -file H:/Academic/senior_project/DATN/work/luc/AES_huffman_all6/vivado/build/rv32_soc_synth_full_fpga/reports/post_synth_control_sets.rpt
| Design       : rv32_soc_fpga_demo_top
| Device       : xc7z020
----------------------------------------------------------------------------------------------------------------------------------------------------------------------------------------

Control Set Information

Table of Contents
-----------------
1. Summary
2. Histogram
3. Flip-Flop Distribution
4. Detailed Control Set Information

1. Summary
----------

+----------------------------------------------------------+-------+
|                          Status                          | Count |
+----------------------------------------------------------+-------+
| Total control sets                                       |   778 |
|    Minimum number of control sets                        |   778 |
|    Addition due to synthesis replication                 |     0 |
|    Addition due to physical synthesis replication        |     0 |
| Unused register locations in slices containing registers |  1526 |
+----------------------------------------------------------+-------+
* Control sets can be merged at opt_design using control_set_merge or merge_equivalent_drivers
** Run report_qor_suggestions for automated merging and remapping suggestions


2. Histogram
------------

+--------------------+-------+
|       Fanout       | Count |
+--------------------+-------+
| Total control sets |   778 |
| >= 0 to < 4        |    16 |
| >= 4 to < 6        |   281 |
| >= 6 to < 8        |    14 |
| >= 8 to < 10       |    37 |
| >= 10 to < 12      |     7 |
| >= 12 to < 14      |    28 |
| >= 14 to < 16      |     7 |
| >= 16              |   388 |
+--------------------+-------+
* Control sets can be remapped at either synth_design or opt_design


3. Flip-Flop Distribution
-------------------------

+--------------+-----------------------+------------------------+-----------------+--------------+
| Clock Enable | Synchronous Set/Reset | Asynchronous Set/Reset | Total Registers | Total Slices |
+--------------+-----------------------+------------------------+-----------------+--------------+
| No           | No                    | No                     |              10 |            0 |
| No           | No                    | Yes                    |            1253 |            0 |
| No           | Yes                   | No                     |             310 |            0 |
| Yes          | No                    | No                     |            3896 |            0 |
| Yes          | No                    | Yes                    |            1682 |            0 |
| Yes          | Yes                   | No                     |           11747 |            0 |
+--------------+-----------------------+------------------------+-----------------+--------------+


4. Detailed Control Set Information
-----------------------------------

+------------------+----------------------------------------------------------------------------------------------------------------------------------------+--------------------------------------------------------------------+------------------+----------------+--------------+
|   Clock Signal   |                                                              Enable Signal                                                             |                          Set/Reset Signal                          | Slice Load Count | Bel Load Count | Bels / Slice |
+------------------+----------------------------------------------------------------------------------------------------------------------------------------+--------------------------------------------------------------------+------------------+----------------+--------------+
|  clk_i_IBUF_BUFG | u_uart_dmem_loader/u_uart_tx/txd_r_i_1_n_0                                                                                             | u_uart_dmem_loader/u_uart_rx/SR[0]                                 |                0 |              1 |           NA |
|  clk_i_IBUF_BUFG | u_soc/u_tx_top/u_apb_huffman_tx_if/aes_emit_valid_r_reg_1[0]                                                                           | u_uart_dmem_loader/rst_i                                           |                0 |              2 |           NA |
|  clk_i_IBUF_BUFG | u_uart_dmem_loader/u_uart_rx/FSM_sequential_state_r[1]_i_2_n_0                                                                         | u_uart_dmem_loader/u_uart_rx/SR[0]                                 |                0 |              2 |           NA |
|  clk_i_IBUF_BUFG | u_soc/u_dma_regfile/dma_start_pulse_w                                                                                                  | u_soc/u_dma_regfile/soft_reset_pulse_o_reg_0                       |                0 |              2 |           NA |
|  clk_i_IBUF_BUFG | u_uart_dmem_loader/u_uart_rx/FSM_onehot_state_r_reg[10]_2[0]                                                                           | u_uart_dmem_loader/u_uart_rx/SR[0]                                 |                0 |              2 |           NA |
|  clk_i_IBUF_BUFG | u_soc/u_tx_top/u_huffman_aes_tx_top/u_dynamic_huffman_encoder/u_emit_backend/u_stream_output_interface/FSM_sequential_state[1]_i_1_n_0 | u_uart_dmem_loader/rst_i                                           |                0 |              2 |           NA |
|  clk_i_IBUF_BUFG | u_soc/u_tx_top/u_huffman_aes_tx_top/u_dynamic_huffman_encoder/u_control_fsm/E[0]                                                       | u_uart_dmem_loader/rst_i                                           |                0 |              2 |           NA |
|  clk_i_IBUF_BUFG | u_uart_dmem_loader/u_uart_tx/bit_cnt_r[3]_i_1_n_0                                                                                      | u_uart_dmem_loader/u_uart_rx/SR[0]                                 |                0 |              2 |           NA |
|  clk_i_IBUF_BUFG |                                                                                                                                        | u_soc/u_cpu_mmio_to_apb_bridge/done_r_reg                          |                0 |              3 |           NA |
|  clk_i_IBUF_BUFG | u_soc/u_dma_rx_engine/meta_r[2]_i_1_n_0                                                                                                | u_soc/u_dma_regfile/soft_reset_pulse_o_reg_0                       |                0 |              3 |           NA |
|  clk_i_IBUF_BUFG | u_soc/u_dma_tx_engine/last_error_code_o[2]_i_1_n_0                                                                                     | u_soc/u_dma_regfile/soft_reset_pulse_o_reg_0                       |                0 |              3 |           NA |
|  clk_i_IBUF_BUFG | u_soc/u_dma_rx_engine/last_error_code_o[2]_i_1__0_n_0                                                                                  | u_soc/u_dma_regfile/soft_reset_pulse_o_reg_0                       |                0 |              3 |           NA |
|  clk_i_IBUF_BUFG | u_soc/u_tx_top/u_huffman_aes_tx_top/u_dynamic_huffman_encoder/u_control_fsm/adapter_error_r_reg_0[0]                                   | u_uart_dmem_loader/rst_i                                           |                0 |              3 |           NA |
|  clk_i_IBUF_BUFG | u_uart_dmem_loader/u_uart_rx/bit_idx_r                                                                                                 | u_uart_dmem_loader/u_uart_rx/SR[0]                                 |                0 |              3 |           NA |
|  clk_i_IBUF_BUFG | u_uart_dmem_loader/u_uart_tx/E[0]                                                                                                      | u_uart_dmem_loader/u_uart_rx/SR[0]                                 |                0 |              3 |           NA |
|  clk_i_IBUF_BUFG | u_soc/u_rx_top/u_rx_byte_packer_32/word_valid_r_reg_3                                                                                  | u_soc/u_rx_top/u_huffman_block_decoder/state_r[4]_i_1_n_0          |                0 |              3 |           NA |
|  clk_i_IBUF_BUFG | u_soc/u_tx_top/u_huffman_aes_tx_top/u_dynamic_huffman_encoder/u_emit_backend/u_header_formatter/code_len_data_r[3]_i_1_n_0             | u_uart_dmem_loader/rst_i                                           |                0 |              4 |           NA |
|  clk_i_IBUF_BUFG | u_soc/u_dma_tx_engine/words_remaining_r[3]_i_1_n_0                                                                                     | u_soc/u_dma_regfile/soft_reset_pulse_o_reg_0                       |                0 |              4 |           NA |
|  clk_i_IBUF_BUFG | u_soc/u_tx_top/u_apb_huffman_tx_if/out_wr_ptr_r[3]_i_1_n_0                                                                             | u_uart_dmem_loader/rst_i                                           |                0 |              4 |           NA |
|  clk_i_IBUF_BUFG | u_soc/u_dma_rx_engine/apb_write_r_reg_2[0]                                                                                             | u_uart_dmem_loader/rst_i                                           |                0 |              4 |           NA |
|  clk_i_IBUF_BUFG | u_soc/u_tx_top/u_AES_top_tx/u_aes128_cipher_core/cipher_counter[3]_i_1_n_0                                                             | u_uart_dmem_loader/rst_i                                           |                0 |              4 |           NA |
|  clk_i_IBUF_BUFG | u_soc/u_dma_rx_engine/E[0]                                                                                                             | u_uart_dmem_loader/rst_i                                           |                0 |              4 |           NA |
|  clk_i_IBUF_BUFG | u_soc/u_dma_tx_engine/E[0]                                                                                                             | u_uart_dmem_loader/rst_i                                           |                0 |              4 |           NA |
|  clk_i_IBUF_BUFG | u_soc/u_tx_top/u_huffman_aes_tx_top/u_dynamic_huffman_encoder/u_input_collect_unit/FSM_onehot_state[3]_i_1__1_n_0                      | u_uart_dmem_loader/rst_i                                           |                0 |              4 |           NA |
|  clk_i_IBUF_BUFG | u_soc/u_tx_top/u_huffman_aes_tx_top/u_file_huffman_builder/u_symbol_list_builder/FSM_onehot_state[3]_i_1__2_n_0                        | u_uart_dmem_loader/rst_i                                           |                0 |              4 |           NA |
|  clk_i_IBUF_BUFG | u_soc/u_tx_top/u_huffman_aes_tx_top/u_dynamic_huffman_encoder/u_control_fsm/adapter_error_r_reg_2[0]                                   | u_uart_dmem_loader/rst_i                                           |                0 |              4 |           NA |
|  clk_i_IBUF_BUFG | u_soc/u_tx_top/u_huffman_aes_tx_top/u_dynamic_huffman_encoder/u_control_fsm/start_block_o_reg[0]                                       | u_uart_dmem_loader/rst_i                                           |                0 |              4 |           NA |
|  clk_i_IBUF_BUFG | u_soc/u_cpu/u_ex_stage/req_addr_r_reg[5][0]                                                                                            | u_uart_dmem_loader/rst_i                                           |                0 |              4 |           NA |
|  clk_i_IBUF_BUFG | u_soc/u_tx_top/u_huffman_aes_tx_top/u_dynamic_huffman_encoder/u_emit_backend/u_header_formatter/state[3]_i_1__0_n_0                    | u_uart_dmem_loader/rst_i                                           |                0 |              4 |           NA |
|  clk_i_IBUF_BUFG | u_soc/u_rx_top/u_AES_top_rx/u_aes128_cipher_core_inv/decipher_counter[3]_i_1_n_0                                                       | u_uart_dmem_loader/rst_i                                           |                0 |              4 |           NA |
|  clk_i_IBUF_BUFG | u_soc/u_rx_top/u_huffman_block_decoder/len_local[93][4]_i_1_n_0                                                                        |                                                                    |                0 |              5 |           NA |
|  clk_i_IBUF_BUFG | u_soc/u_rx_top/u_huffman_block_decoder/len_local[29][4]_i_1_n_0                                                                        |                                                                    |                0 |              5 |           NA |
|  clk_i_IBUF_BUFG | u_soc/u_rx_top/u_huffman_block_decoder/len_local[152][4]_i_1_n_0                                                                       |                                                                    |                0 |              5 |           NA |
|  clk_i_IBUF_BUFG | u_soc/u_rx_top/u_huffman_block_decoder/len_local[225][4]_i_1_n_0                                                                       |                                                                    |                0 |              5 |           NA |
|  clk_i_IBUF_BUFG | u_soc/u_rx_top/u_huffman_block_decoder/len_local[219][4]_i_1_n_0                                                                       |                                                                    |                0 |              5 |           NA |
|  clk_i_IBUF_BUFG | u_soc/u_rx_top/u_huffman_block_decoder/len_local[84][4]_i_1_n_0                                                                        |                                                                    |                0 |              5 |           NA |
|  clk_i_IBUF_BUFG | u_soc/u_rx_top/u_huffman_block_decoder/len_local[188][4]_i_1_n_0                                                                       |                                                                    |                0 |              5 |           NA |
|  clk_i_IBUF_BUFG | u_soc/u_rx_top/u_huffman_block_decoder/len_local[185][4]_i_1_n_0                                                                       |                                                                    |                0 |              5 |           NA |
|  clk_i_IBUF_BUFG | u_soc/u_rx_top/u_huffman_block_decoder/len_local[183][4]_i_1_n_0                                                                       |                                                                    |                0 |              5 |           NA |
|  clk_i_IBUF_BUFG | u_soc/u_rx_top/u_huffman_block_decoder/len_local[184][4]_i_1_n_0                                                                       |                                                                    |                0 |              5 |           NA |
|  clk_i_IBUF_BUFG | u_soc/u_rx_top/u_huffman_block_decoder/len_local[177][4]_i_1_n_0                                                                       |                                                                    |                0 |              5 |           NA |
|  clk_i_IBUF_BUFG | u_soc/u_rx_top/u_huffman_block_decoder/len_local[181][4]_i_1_n_0                                                                       |                                                                    |                0 |              5 |           NA |
|  clk_i_IBUF_BUFG | u_soc/u_rx_top/u_huffman_block_decoder/len_local[174][4]_i_1_n_0                                                                       |                                                                    |                0 |              5 |           NA |
|  clk_i_IBUF_BUFG | u_soc/u_rx_top/u_huffman_block_decoder/len_local[172][4]_i_1_n_0                                                                       |                                                                    |                0 |              5 |           NA |
|  clk_i_IBUF_BUFG | u_soc/u_rx_top/u_huffman_block_decoder/len_local[173][4]_i_1_n_0                                                                       |                                                                    |                0 |              5 |           NA |
|  clk_i_IBUF_BUFG | u_soc/u_rx_top/u_huffman_block_decoder/len_local[169][4]_i_1_n_0                                                                       |                                                                    |                0 |              5 |           NA |
|  clk_i_IBUF_BUFG | u_soc/u_rx_top/u_huffman_block_decoder/len_local[162][4]_i_1_n_0                                                                       |                                                                    |                0 |              5 |           NA |
|  clk_i_IBUF_BUFG | u_soc/u_rx_top/u_huffman_block_decoder/len_local[165][4]_i_1_n_0                                                                       |                                                                    |                0 |              5 |           NA |
|  clk_i_IBUF_BUFG | u_soc/u_rx_top/u_huffman_block_decoder/len_local[155][4]_i_1_n_0                                                                       |                                                                    |                0 |              5 |           NA |
|  clk_i_IBUF_BUFG | u_soc/u_rx_top/u_huffman_block_decoder/len_local[157][4]_i_1_n_0                                                                       |                                                                    |                0 |              5 |           NA |
|  clk_i_IBUF_BUFG | u_soc/u_rx_top/u_huffman_block_decoder/len_local[156][4]_i_1_n_0                                                                       |                                                                    |                0 |              5 |           NA |
|  clk_i_IBUF_BUFG | u_soc/u_rx_top/u_huffman_block_decoder/len_local[151][4]_i_1_n_0                                                                       |                                                                    |                0 |              5 |           NA |
|  clk_i_IBUF_BUFG | u_soc/u_rx_top/u_huffman_block_decoder/len_local[154][4]_i_1_n_0                                                                       |                                                                    |                0 |              5 |           NA |
|  clk_i_IBUF_BUFG | u_soc/u_rx_top/u_huffman_block_decoder/len_local[153][4]_i_1_n_0                                                                       |                                                                    |                0 |              5 |           NA |
|  clk_i_IBUF_BUFG | u_soc/u_rx_top/u_huffman_block_decoder/len_local[149][4]_i_1_n_0                                                                       |                                                                    |                0 |              5 |           NA |
|  clk_i_IBUF_BUFG | u_soc/u_rx_top/u_huffman_block_decoder/len_local[144][4]_i_1_n_0                                                                       |                                                                    |                0 |              5 |           NA |
|  clk_i_IBUF_BUFG | u_soc/u_rx_top/u_huffman_block_decoder/len_local[142][4]_i_1_n_0                                                                       |                                                                    |                0 |              5 |           NA |
|  clk_i_IBUF_BUFG | u_soc/u_rx_top/u_huffman_block_decoder/len_local[143][4]_i_1_n_0                                                                       |                                                                    |                0 |              5 |           NA |
|  clk_i_IBUF_BUFG | u_soc/u_rx_top/u_huffman_block_decoder/len_local[136][4]_i_1_n_0                                                                       |                                                                    |                0 |              5 |           NA |
|  clk_i_IBUF_BUFG | u_soc/u_rx_top/u_huffman_block_decoder/len_local[132][4]_i_1_n_0                                                                       |                                                                    |                0 |              5 |           NA |
|  clk_i_IBUF_BUFG | u_soc/u_rx_top/u_huffman_block_decoder/len_local[129][4]_i_1_n_0                                                                       |                                                                    |                0 |              5 |           NA |
|  clk_i_IBUF_BUFG | u_soc/u_rx_top/u_huffman_block_decoder/len_local[121][4]_i_1_n_0                                                                       |                                                                    |                0 |              5 |           NA |
|  clk_i_IBUF_BUFG | u_soc/u_rx_top/u_huffman_block_decoder/len_local[122][4]_i_1_n_0                                                                       |                                                                    |                0 |              5 |           NA |
|  clk_i_IBUF_BUFG | u_soc/u_rx_top/u_huffman_block_decoder/len_local[124][4]_i_1_n_0                                                                       |                                                                    |                0 |              5 |           NA |
|  clk_i_IBUF_BUFG | u_soc/u_rx_top/u_huffman_block_decoder/len_local[112][4]_i_1_n_0                                                                       |                                                                    |                0 |              5 |           NA |
|  clk_i_IBUF_BUFG | u_soc/u_rx_top/u_huffman_block_decoder/len_local[115][4]_i_1_n_0                                                                       |                                                                    |                0 |              5 |           NA |
|  clk_i_IBUF_BUFG | u_soc/u_rx_top/u_huffman_block_decoder/len_local[106][4]_i_1_n_0                                                                       |                                                                    |                0 |              5 |           NA |
|  clk_i_IBUF_BUFG | u_soc/u_rx_top/u_huffman_block_decoder/len_local[100][4]_i_1_n_0                                                                       |                                                                    |                0 |              5 |           NA |
|  clk_i_IBUF_BUFG | u_soc/u_rx_top/u_huffman_block_decoder/len_local[111][4]_i_1_n_0                                                                       |                                                                    |                0 |              5 |           NA |
|  clk_i_IBUF_BUFG | u_soc/u_rx_top/u_huffman_block_decoder/len_local[252][4]_i_1_n_0                                                                       |                                                                    |                0 |              5 |           NA |
|  clk_i_IBUF_BUFG | u_soc/u_rx_top/u_huffman_block_decoder/len_local[231][4]_i_1_n_0                                                                       |                                                                    |                0 |              5 |           NA |
|  clk_i_IBUF_BUFG | u_soc/u_rx_top/u_huffman_block_decoder/len_local[232][4]_i_1_n_0                                                                       |                                                                    |                0 |              5 |           NA |
|  clk_i_IBUF_BUFG | u_soc/u_rx_top/u_huffman_block_decoder/len_local[254][4]_i_1_n_0                                                                       |                                                                    |                0 |              5 |           NA |
|  clk_i_IBUF_BUFG | u_soc/u_rx_top/u_huffman_block_decoder/len_local[139][4]_i_1_n_0                                                                       |                                                                    |                0 |              5 |           NA |
|  clk_i_IBUF_BUFG | u_soc/u_rx_top/u_huffman_block_decoder/len_local[235][4]_i_1_n_0                                                                       |                                                                    |                0 |              5 |           NA |
|  clk_i_IBUF_BUFG | u_soc/u_rx_top/u_huffman_block_decoder/len_local[243][4]_i_1_n_0                                                                       |                                                                    |                0 |              5 |           NA |
|  clk_i_IBUF_BUFG | u_soc/u_rx_top/u_huffman_block_decoder/len_local[221][4]_i_1_n_0                                                                       |                                                                    |                0 |              5 |           NA |
|  clk_i_IBUF_BUFG | u_soc/u_rx_top/u_huffman_block_decoder/len_local[218][4]_i_1_n_0                                                                       |                                                                    |                0 |              5 |           NA |
|  clk_i_IBUF_BUFG | u_soc/u_rx_top/u_huffman_block_decoder/len_local[102][4]_i_1_n_0                                                                       |                                                                    |                0 |              5 |           NA |
|  clk_i_IBUF_BUFG | u_soc/u_rx_top/u_huffman_block_decoder/len_local[90][4]_i_1_n_0                                                                        |                                                                    |                0 |              5 |           NA |
|  clk_i_IBUF_BUFG | u_soc/u_rx_top/u_huffman_block_decoder/len_local[68][4]_i_1_n_0                                                                        |                                                                    |                0 |              5 |           NA |
|  clk_i_IBUF_BUFG | u_soc/u_rx_top/u_huffman_block_decoder/len_local[67][4]_i_1_n_0                                                                        |                                                                    |                0 |              5 |           NA |
|  clk_i_IBUF_BUFG | u_soc/u_rx_top/u_huffman_block_decoder/len_local[123][4]_i_1_n_0                                                                       |                                                                    |                0 |              5 |           NA |
|  clk_i_IBUF_BUFG | u_soc/u_rx_top/u_huffman_block_decoder/len_local[192][4]_i_1_n_0                                                                       |                                                                    |                0 |              5 |           NA |
|  clk_i_IBUF_BUFG | u_soc/u_rx_top/u_huffman_block_decoder/len_local[191][4]_i_1_n_0                                                                       |                                                                    |                0 |              5 |           NA |
|  clk_i_IBUF_BUFG | u_soc/u_rx_top/u_huffman_block_decoder/len_local[193][4]_i_1_n_0                                                                       |                                                                    |                0 |              5 |           NA |
|  clk_i_IBUF_BUFG | u_soc/u_rx_top/u_huffman_block_decoder/len_local[198][4]_i_1_n_0                                                                       |                                                                    |                0 |              5 |           NA |
|  clk_i_IBUF_BUFG | u_soc/u_dma_rx_engine/state_r                                                                                                          | u_soc/u_dma_regfile/soft_reset_pulse_o_reg_0                       |                0 |              5 |           NA |
|  clk_i_IBUF_BUFG | u_soc/u_dma_rx_engine/apb_wdata_r                                                                                                      | u_soc/u_dma_regfile/soft_reset_pulse_o_reg_0                       |                0 |              5 |           NA |
|  clk_i_IBUF_BUFG | u_soc/u_rx_top/u_huffman_block_decoder/len_local[0][4]_i_1_n_0                                                                         |                                                                    |                0 |              5 |           NA |
|  clk_i_IBUF_BUFG | u_soc/u_dma_rx_engine/apb_write_r_reg_3[0]                                                                                             | u_uart_dmem_loader/rst_i                                           |                0 |              5 |           NA |
|  clk_i_IBUF_BUFG | u_soc/u_rx_top/u_huffman_block_decoder/len_local[197][4]_i_1_n_0                                                                       |                                                                    |                0 |              5 |           NA |
|  clk_i_IBUF_BUFG | u_soc/u_rx_top/u_huffman_block_decoder/len_local[179][4]_i_1_n_0                                                                       |                                                                    |                0 |              5 |           NA |
|  clk_i_IBUF_BUFG | u_soc/u_rx_top/u_huffman_block_decoder/len_local[196][4]_i_1_n_0                                                                       |                                                                    |                0 |              5 |           NA |
|  clk_i_IBUF_BUFG | u_soc/u_tx_top/u_huffman_aes_tx_top/u_dynamic_huffman_encoder/u_emit_backend/u_header_formatter/E[0]                                   | u_uart_dmem_loader/rst_i                                           |                0 |              5 |           NA |
|  clk_i_IBUF_BUFG | u_soc/u_rx_top/u_huffman_block_decoder/len_local[171][4]_i_1_n_0                                                                       |                                                                    |                0 |              5 |           NA |
|  clk_i_IBUF_BUFG | u_soc/u_tx_top/u_huffman_aes_tx_top/u_dynamic_huffman_encoder/u_emit_backend/u_header_formatter/field_pos_r[4]_i_1_n_0                 | u_uart_dmem_loader/rst_i                                           |                0 |              5 |           NA |
|  clk_i_IBUF_BUFG | u_soc/u_rx_top/u_huffman_block_decoder/len_local[11][4]_i_1_n_0                                                                        |                                                                    |                0 |              5 |           NA |
|  clk_i_IBUF_BUFG | u_soc/u_rx_top/u_huffman_block_decoder/len_local[164][4]_i_1_n_0                                                                       |                                                                    |                0 |              5 |           NA |
|  clk_i_IBUF_BUFG | u_soc/u_rx_top/u_huffman_block_decoder/len_local[195][4]_i_1_n_0                                                                       |                                                                    |                0 |              5 |           NA |
|  clk_i_IBUF_BUFG | u_soc/u_rx_top/u_huffman_block_decoder/len_local[170][4]_i_1_n_0                                                                       |                                                                    |                0 |              5 |           NA |
|  clk_i_IBUF_BUFG | u_soc/u_rx_top/u_huffman_block_decoder/len_local[6][4]_i_1_n_0                                                                         |                                                                    |                0 |              5 |           NA |
|  clk_i_IBUF_BUFG | u_soc/u_rx_top/u_huffman_block_decoder/len_local[87][4]_i_1_n_0                                                                        |                                                                    |                0 |              5 |           NA |
|  clk_i_IBUF_BUFG | u_soc/u_rx_top/u_huffman_block_decoder/len_local[135][4]_i_1_n_0                                                                       |                                                                    |                0 |              5 |           NA |
|  clk_i_IBUF_BUFG | u_soc/u_rx_top/u_huffman_block_decoder/len_local[5][4]_i_1_n_0                                                                         |                                                                    |                0 |              5 |           NA |
|  clk_i_IBUF_BUFG | u_soc/u_rx_top/u_huffman_block_decoder/len_local[71][4]_i_1_n_0                                                                        |                                                                    |                0 |              5 |           NA |
|  clk_i_IBUF_BUFG | u_soc/u_rx_top/u_huffman_block_decoder/len_local[97][4]_i_1_n_0                                                                        |                                                                    |                0 |              5 |           NA |
|  clk_i_IBUF_BUFG | u_soc/u_rx_top/u_huffman_block_decoder/len_local[7][4]_i_1_n_0                                                                         |                                                                    |                0 |              5 |           NA |
|  clk_i_IBUF_BUFG | u_soc/u_rx_top/u_huffman_block_decoder/len_local[119][4]_i_1_n_0                                                                       |                                                                    |                0 |              5 |           NA |
|  clk_i_IBUF_BUFG | u_soc/u_rx_top/u_huffman_block_decoder/len_local[37][4]_i_1_n_0                                                                        |                                                                    |                0 |              5 |           NA |
|  clk_i_IBUF_BUFG | u_soc/u_rx_top/u_huffman_block_decoder/len_local[247][4]_i_1_n_0                                                                       |                                                                    |                0 |              5 |           NA |
|  clk_i_IBUF_BUFG | u_soc/u_tx_top/u_apb_huffman_tx_if/out_fifo_count_r[4]_i_1_n_0                                                                         | u_uart_dmem_loader/rst_i                                           |                0 |              5 |           NA |
|  clk_i_IBUF_BUFG | u_soc/u_rx_top/u_huffman_block_decoder/len_local[99][4]_i_1_n_0                                                                        |                                                                    |                0 |              5 |           NA |
|  clk_i_IBUF_BUFG | u_soc/u_rx_top/u_huffman_block_decoder/len_local[23][4]_i_1_n_0                                                                        |                                                                    |                0 |              5 |           NA |
|  clk_i_IBUF_BUFG | u_soc/u_rx_top/u_huffman_block_decoder/len_local[229][4]_i_1_n_0                                                                       |                                                                    |                0 |              5 |           NA |
|  clk_i_IBUF_BUFG | u_soc/u_rx_top/u_huffman_block_decoder/len_local[55][4]_i_1_n_0                                                                        |                                                                    |                0 |              5 |           NA |
|  clk_i_IBUF_BUFG | u_soc/u_rx_top/u_huffman_block_decoder/len_local[241][4]_i_1_n_0                                                                       |                                                                    |                0 |              5 |           NA |
|  clk_i_IBUF_BUFG | u_soc/u_rx_top/u_huffman_block_decoder/len_local[81][4]_i_1_n_0                                                                        |                                                                    |                0 |              5 |           NA |
|  clk_i_IBUF_BUFG | u_soc/u_dma_tx_engine/state_r                                                                                                          | u_soc/u_dma_regfile/soft_reset_pulse_o_reg_0                       |                0 |              5 |           NA |
|  clk_i_IBUF_BUFG | u_soc/u_rx_top/u_huffman_block_decoder/len_local[17][4]_i_1_n_0                                                                        |                                                                    |                0 |              5 |           NA |
|  clk_i_IBUF_BUFG | u_soc/u_rx_top/u_huffman_block_decoder/len_local[130][4]_i_1_n_0                                                                       |                                                                    |                0 |              5 |           NA |
|  clk_i_IBUF_BUFG | u_soc/u_rx_top/u_huffman_block_decoder/len_local[134][4]_i_1_n_0                                                                       |                                                                    |                0 |              5 |           NA |
|  clk_i_IBUF_BUFG | u_soc/u_rx_top/u_huffman_block_decoder/len_local[137][4]_i_1_n_0                                                                       |                                                                    |                0 |              5 |           NA |
|  clk_i_IBUF_BUFG | u_soc/u_rx_top/u_huffman_block_decoder/len_local[147][4]_i_1_n_0                                                                       |                                                                    |                0 |              5 |           NA |
|  clk_i_IBUF_BUFG | u_soc/u_rx_top/u_huffman_block_decoder/len_local[251][4]_i_1_n_0                                                                       |                                                                    |                0 |              5 |           NA |
|  clk_i_IBUF_BUFG | u_soc/u_rx_top/u_huffman_block_decoder/len_local[107][4]_i_1_n_0                                                                       |                                                                    |                0 |              5 |           NA |
|  clk_i_IBUF_BUFG | u_soc/u_rx_top/u_huffman_block_decoder/len_local[187][4]_i_1_n_0                                                                       |                                                                    |                0 |              5 |           NA |
|  clk_i_IBUF_BUFG | u_soc/u_rx_top/u_huffman_block_decoder/len_local[66][4]_i_1_n_0                                                                        |                                                                    |                0 |              5 |           NA |
|  clk_i_IBUF_BUFG | u_soc/u_rx_top/u_huffman_block_decoder/len_local[22][4]_i_1_n_0                                                                        |                                                                    |                0 |              5 |           NA |
|  clk_i_IBUF_BUFG | u_soc/u_rx_top/u_huffman_block_decoder/len_local[9][4]_i_1_n_0                                                                         |                                                                    |                0 |              5 |           NA |
|  clk_i_IBUF_BUFG | u_soc/u_rx_top/u_huffman_block_decoder/len_local[18][4]_i_1_n_0                                                                        |                                                                    |                0 |              5 |           NA |
|  clk_i_IBUF_BUFG | u_soc/u_rx_top/u_huffman_block_decoder/len_local[236][4]_i_1_n_0                                                                       |                                                                    |                0 |              5 |           NA |
|  clk_i_IBUF_BUFG | u_soc/u_rx_top/u_huffman_block_decoder/len_local[21][4]_i_1_n_0                                                                        |                                                                    |                0 |              5 |           NA |
|  clk_i_IBUF_BUFG | u_soc/u_rx_top/u_huffman_block_decoder/len_local[26][4]_i_1_n_0                                                                        |                                                                    |                0 |              5 |           NA |
|  clk_i_IBUF_BUFG | u_soc/u_rx_top/u_huffman_block_decoder/len_local[28][4]_i_1_n_0                                                                        |                                                                    |                0 |              5 |           NA |
|  clk_i_IBUF_BUFG | u_soc/u_rx_top/u_huffman_block_decoder/len_local[217][4]_i_1_n_0                                                                       |                                                                    |                0 |              5 |           NA |
|  clk_i_IBUF_BUFG | u_soc/u_rx_top/u_huffman_block_decoder/len_local[176][4]_i_1_n_0                                                                       |                                                                    |                0 |              5 |           NA |
|  clk_i_IBUF_BUFG | u_soc/u_rx_top/u_huffman_block_decoder/len_local[178][4]_i_1_n_0                                                                       |                                                                    |                0 |              5 |           NA |
|  clk_i_IBUF_BUFG | u_soc/u_rx_top/u_huffman_block_decoder/len_local[167][4]_i_1_n_0                                                                       |                                                                    |                0 |              5 |           NA |
|  clk_i_IBUF_BUFG | u_soc/u_rx_top/u_huffman_block_decoder/len_local[161][4]_i_1_n_0                                                                       |                                                                    |                0 |              5 |           NA |
|  clk_i_IBUF_BUFG | u_soc/u_rx_top/u_huffman_block_decoder/len_local[163][4]_i_1_n_0                                                                       |                                                                    |                0 |              5 |           NA |
|  clk_i_IBUF_BUFG | u_soc/u_rx_top/u_huffman_block_decoder/len_local[190][4]_i_1_n_0                                                                       |                                                                    |                0 |              5 |           NA |
|  clk_i_IBUF_BUFG | u_soc/u_rx_top/u_huffman_block_decoder/len_local[160][4]_i_1_n_0                                                                       |                                                                    |                0 |              5 |           NA |
|  clk_i_IBUF_BUFG | u_soc/u_rx_top/u_huffman_block_decoder/len_local[209][4]_i_1_n_0                                                                       |                                                                    |                0 |              5 |           NA |
|  clk_i_IBUF_BUFG | u_soc/u_rx_top/u_huffman_block_decoder/len_local[146][4]_i_1_n_0                                                                       |                                                                    |                0 |              5 |           NA |
|  clk_i_IBUF_BUFG | u_soc/u_rx_top/u_huffman_block_decoder/len_local[138][4]_i_1_n_0                                                                       |                                                                    |                0 |              5 |           NA |
|  clk_i_IBUF_BUFG | u_soc/u_rx_top/u_huffman_block_decoder/len_local[141][4]_i_1_n_0                                                                       |                                                                    |                0 |              5 |           NA |
|  clk_i_IBUF_BUFG | u_soc/u_rx_top/u_huffman_block_decoder/len_local[222][4]_i_1_n_0                                                                       |                                                                    |                0 |              5 |           NA |
|  clk_i_IBUF_BUFG | u_soc/u_rx_top/u_huffman_block_decoder/len_local[214][4]_i_1_n_0                                                                       |                                                                    |                0 |              5 |           NA |
|  clk_i_IBUF_BUFG | u_soc/u_rx_top/u_huffman_block_decoder/len_local[126][4]_i_1_n_0                                                                       |                                                                    |                0 |              5 |           NA |
|  clk_i_IBUF_BUFG | u_soc/u_rx_top/u_huffman_block_decoder/len_local[242][4]_i_1_n_0                                                                       |                                                                    |                0 |              5 |           NA |
|  clk_i_IBUF_BUFG | u_soc/u_rx_top/u_huffman_block_decoder/len_local[103][4]_i_1_n_0                                                                       |                                                                    |                0 |              5 |           NA |
|  clk_i_IBUF_BUFG | u_soc/u_rx_top/u_huffman_block_decoder/len_local[114][4]_i_1_n_0                                                                       |                                                                    |                0 |              5 |           NA |
|  clk_i_IBUF_BUFG | u_soc/u_rx_top/u_huffman_block_decoder/len_local[250][4]_i_1_n_0                                                                       |                                                                    |                0 |              5 |           NA |
|  clk_i_IBUF_BUFG | u_soc/u_rx_top/u_huffman_block_decoder/len_local[1][4]_i_1_n_0                                                                         |                                                                    |                0 |              5 |           NA |
|  clk_i_IBUF_BUFG | u_soc/u_rx_top/u_huffman_block_decoder/len_local[94][4]_i_1_n_0                                                                        |                                                                    |                0 |              5 |           NA |
|  clk_i_IBUF_BUFG | u_soc/u_rx_top/u_huffman_block_decoder/len_local[79][4]_i_1_n_0                                                                        |                                                                    |                0 |              5 |           NA |
|  clk_i_IBUF_BUFG | u_soc/u_rx_top/u_huffman_block_decoder/len_local[65][4]_i_1_n_0                                                                        |                                                                    |                0 |              5 |           NA |
|  clk_i_IBUF_BUFG | u_soc/u_rx_top/u_huffman_block_decoder/len_local[77][4]_i_1_n_0                                                                        |                                                                    |                0 |              5 |           NA |
|  clk_i_IBUF_BUFG | u_soc/u_rx_top/u_huffman_block_decoder/len_local[27][4]_i_1_n_0                                                                        |                                                                    |                0 |              5 |           NA |
|  clk_i_IBUF_BUFG | u_soc/u_rx_top/u_huffman_block_decoder/len_local[34][4]_i_1_n_0                                                                        |                                                                    |                0 |              5 |           NA |
|  clk_i_IBUF_BUFG | u_soc/u_rx_top/u_huffman_block_decoder/len_local[24][4]_i_1_n_0                                                                        |                                                                    |                0 |              5 |           NA |
|  clk_i_IBUF_BUFG | u_soc/u_rx_top/u_huffman_block_decoder/len_local[10][4]_i_1_n_0                                                                        |                                                                    |                0 |              5 |           NA |
|  clk_i_IBUF_BUFG | u_soc/u_rx_top/u_huffman_block_decoder/len_local[3][4]_i_1_n_0                                                                         |                                                                    |                0 |              5 |           NA |
|  clk_i_IBUF_BUFG | u_soc/u_rx_top/u_huffman_block_decoder/len_local[12][4]_i_1_n_0                                                                        |                                                                    |                0 |              5 |           NA |
|  clk_i_IBUF_BUFG | u_soc/u_rx_top/u_huffman_block_decoder/len_local[30][4]_i_1_n_0                                                                        |                                                                    |                0 |              5 |           NA |
|  clk_i_IBUF_BUFG | u_soc/u_rx_top/u_huffman_block_decoder/len_local[57][4]_i_1_n_0                                                                        |                                                                    |                0 |              5 |           NA |
|  clk_i_IBUF_BUFG | u_soc/u_rx_top/u_huffman_block_decoder/len_local[33][4]_i_1_n_0                                                                        |                                                                    |                0 |              5 |           NA |
|  clk_i_IBUF_BUFG | u_soc/u_rx_top/u_huffman_block_decoder/len_local[36][4]_i_1_n_0                                                                        |                                                                    |                0 |              5 |           NA |
|  clk_i_IBUF_BUFG | u_soc/u_rx_top/u_huffman_block_decoder/len_local[168][4]_i_1_n_0                                                                       |                                                                    |                0 |              5 |           NA |
|  clk_i_IBUF_BUFG | u_soc/u_rx_top/u_huffman_block_decoder/len_local[41][4]_i_1_n_0                                                                        |                                                                    |                0 |              5 |           NA |
|  clk_i_IBUF_BUFG | u_soc/u_rx_top/u_huffman_block_decoder/len_local[40][4]_i_1_n_0                                                                        |                                                                    |                0 |              5 |           NA |
|  clk_i_IBUF_BUFG | u_soc/u_rx_top/u_huffman_block_decoder/len_local[50][4]_i_1_n_0                                                                        |                                                                    |                0 |              5 |           NA |
|  clk_i_IBUF_BUFG | u_soc/u_rx_top/u_huffman_block_decoder/len_local[63][4]_i_1_n_0                                                                        |                                                                    |                0 |              5 |           NA |
|  clk_i_IBUF_BUFG | u_soc/u_rx_top/u_huffman_block_decoder/len_local[73][4]_i_1_n_0                                                                        |                                                                    |                0 |              5 |           NA |
|  clk_i_IBUF_BUFG | u_soc/u_rx_top/u_huffman_block_decoder/len_local[200][4]_i_1_n_0                                                                       |                                                                    |                0 |              5 |           NA |
|  clk_i_IBUF_BUFG | u_soc/u_rx_top/u_huffman_block_decoder/len_local[202][4]_i_1_n_0                                                                       |                                                                    |                0 |              5 |           NA |
|  clk_i_IBUF_BUFG | u_soc/u_rx_top/u_huffman_block_decoder/len_local[199][4]_i_1_n_0                                                                       |                                                                    |                0 |              5 |           NA |
|  clk_i_IBUF_BUFG | u_soc/u_rx_top/u_huffman_block_decoder/len_local[204][4]_i_1_n_0                                                                       |                                                                    |                0 |              5 |           NA |
|  clk_i_IBUF_BUFG | u_soc/u_rx_top/u_huffman_block_decoder/len_local[206][4]_i_1_n_0                                                                       |                                                                    |                0 |              5 |           NA |
|  clk_i_IBUF_BUFG | u_soc/u_rx_top/u_huffman_block_decoder/len_local[203][4]_i_1_n_0                                                                       |                                                                    |                0 |              5 |           NA |
|  clk_i_IBUF_BUFG | u_soc/u_rx_top/u_huffman_block_decoder/len_local[207][4]_i_1_n_0                                                                       |                                                                    |                0 |              5 |           NA |
|  clk_i_IBUF_BUFG | u_soc/u_rx_top/u_huffman_block_decoder/len_local[210][4]_i_1_n_0                                                                       |                                                                    |                0 |              5 |           NA |
|  clk_i_IBUF_BUFG | u_soc/u_rx_top/u_huffman_block_decoder/len_local[215][4]_i_1_n_0                                                                       |                                                                    |                0 |              5 |           NA |
|  clk_i_IBUF_BUFG | u_soc/u_rx_top/u_huffman_block_decoder/len_local[212][4]_i_1_n_0                                                                       |                                                                    |                0 |              5 |           NA |
|  clk_i_IBUF_BUFG | u_soc/u_rx_top/u_huffman_block_decoder/len_local[216][4]_i_1_n_0                                                                       |                                                                    |                0 |              5 |           NA |
|  clk_i_IBUF_BUFG | u_soc/u_rx_top/u_huffman_block_decoder/len_local[224][4]_i_1_n_0                                                                       |                                                                    |                0 |              5 |           NA |
|  clk_i_IBUF_BUFG | u_soc/u_rx_top/u_huffman_block_decoder/len_local[226][4]_i_1_n_0                                                                       |                                                                    |                0 |              5 |           NA |
|  clk_i_IBUF_BUFG | u_soc/u_rx_top/u_huffman_block_decoder/len_local[234][4]_i_1_n_0                                                                       |                                                                    |                0 |              5 |           NA |
|  clk_i_IBUF_BUFG | u_soc/u_rx_top/u_huffman_block_decoder/len_local[245][4]_i_1_n_0                                                                       |                                                                    |                0 |              5 |           NA |
|  clk_i_IBUF_BUFG | u_soc/u_rx_top/u_huffman_block_decoder/len_local[239][4]_i_1_n_0                                                                       |                                                                    |                0 |              5 |           NA |
|  clk_i_IBUF_BUFG | u_soc/u_rx_top/u_huffman_block_decoder/len_local[249][4]_i_1_n_0                                                                       |                                                                    |                0 |              5 |           NA |
|  clk_i_IBUF_BUFG | u_soc/u_rx_top/u_huffman_block_decoder/len_local[255][4]_i_1_n_0                                                                       |                                                                    |                0 |              5 |           NA |
|  clk_i_IBUF_BUFG | u_soc/u_rx_top/u_huffman_block_decoder/len_local[159][4]_i_1_n_0                                                                       |                                                                    |                0 |              5 |           NA |
|  clk_i_IBUF_BUFG | u_soc/u_rx_top/u_huffman_block_decoder/len_local[69][4]_i_1_n_0                                                                        |                                                                    |                0 |              5 |           NA |
|  clk_i_IBUF_BUFG | u_soc/u_rx_top/u_huffman_block_decoder/len_local[166][4]_i_1_n_0                                                                       |                                                                    |                0 |              5 |           NA |
|  clk_i_IBUF_BUFG | u_soc/u_rx_top/u_huffman_block_decoder/len_local[32][4]_i_1_n_0                                                                        |                                                                    |                0 |              5 |           NA |
|  clk_i_IBUF_BUFG | u_soc/u_rx_top/u_huffman_block_decoder/len_local[31][4]_i_1_n_0                                                                        |                                                                    |                0 |              5 |           NA |
|  clk_i_IBUF_BUFG | u_soc/u_rx_top/u_huffman_block_decoder/len_local[35][4]_i_1_n_0                                                                        |                                                                    |                0 |              5 |           NA |
|  clk_i_IBUF_BUFG | u_soc/u_rx_top/u_huffman_block_decoder/len_local[38][4]_i_1_n_0                                                                        |                                                                    |                0 |              5 |           NA |
|  clk_i_IBUF_BUFG | u_soc/u_rx_top/u_huffman_block_decoder/len_local[53][4]_i_1_n_0                                                                        |                                                                    |                0 |              5 |           NA |
|  clk_i_IBUF_BUFG | u_soc/u_rx_top/u_huffman_block_decoder/len_local[75][4]_i_1_n_0                                                                        |                                                                    |                0 |              5 |           NA |
|  clk_i_IBUF_BUFG | u_soc/u_rx_top/u_huffman_block_decoder/len_local[70][4]_i_1_n_0                                                                        |                                                                    |                0 |              5 |           NA |
|  clk_i_IBUF_BUFG | u_soc/u_rx_top/u_huffman_block_decoder/len_local[44][4]_i_1_n_0                                                                        |                                                                    |                0 |              5 |           NA |
|  clk_i_IBUF_BUFG | u_soc/u_rx_top/u_huffman_block_decoder/len_local[64][4]_i_1_n_0                                                                        |                                                                    |                0 |              5 |           NA |
|  clk_i_IBUF_BUFG | u_soc/u_rx_top/u_huffman_block_decoder/len_local[82][4]_i_1_n_0                                                                        |                                                                    |                0 |              5 |           NA |
|  clk_i_IBUF_BUFG | u_soc/u_rx_top/u_huffman_block_decoder/len_local[61][4]_i_1_n_0                                                                        |                                                                    |                0 |              5 |           NA |
|  clk_i_IBUF_BUFG | u_soc/u_rx_top/u_huffman_block_decoder/len_local[88][4]_i_1_n_0                                                                        |                                                                    |                0 |              5 |           NA |
|  clk_i_IBUF_BUFG | u_soc/u_rx_top/u_huffman_block_decoder/len_local[86][4]_i_1_n_0                                                                        |                                                                    |                0 |              5 |           NA |
|  clk_i_IBUF_BUFG | u_soc/u_rx_top/u_huffman_block_decoder/len_local[78][4]_i_1_n_0                                                                        |                                                                    |                0 |              5 |           NA |
|  clk_i_IBUF_BUFG | u_soc/u_rx_top/u_huffman_block_decoder/len_local[89][4]_i_1_n_0                                                                        |                                                                    |                0 |              5 |           NA |
|  clk_i_IBUF_BUFG | u_soc/u_rx_top/u_huffman_block_decoder/len_local[80][4]_i_1_n_0                                                                        |                                                                    |                0 |              5 |           NA |
|  clk_i_IBUF_BUFG | u_soc/u_tx_top/u_huffman_aes_tx_top/u_file_huffman_builder/u_code_length_builder/depth_code_len_r[4]_i_1_n_0                           | u_uart_dmem_loader/rst_i                                           |                0 |              5 |           NA |
|  clk_i_IBUF_BUFG | u_soc/u_tx_top/u_huffman_aes_tx_top/u_file_huffman_builder/u_code_length_builder/depth_len_r[4]_i_1_n_0                                | u_uart_dmem_loader/rst_i                                           |                0 |              5 |           NA |
|  clk_i_IBUF_BUFG | u_soc/u_tx_top/u_huffman_aes_tx_top/u_file_huffman_builder/u_canonical_code_generator/FSM_onehot_state[5]_i_1_n_0                      | u_uart_dmem_loader/rst_i                                           |                0 |              5 |           NA |
|  clk_i_IBUF_BUFG | u_soc/u_tx_top/u_huffman_aes_tx_top/u_file_huffman_builder/u_canonical_code_generator/prev_len                                         | u_uart_dmem_loader/rst_i                                           |                0 |              5 |           NA |
|  clk_i_IBUF_BUFG | u_soc/u_rx_top/u_huffman_block_decoder/len_local[201][4]_i_1_n_0                                                                       |                                                                    |                0 |              5 |           NA |
|  clk_i_IBUF_BUFG | u_soc/u_rx_top/u_huffman_block_decoder/len_local[60][4]_i_1_n_0                                                                        |                                                                    |                0 |              5 |           NA |
|  clk_i_IBUF_BUFG | u_soc/u_rx_top/u_huffman_block_decoder/len_local[108][4]_i_1_n_0                                                                       |                                                                    |                0 |              5 |           NA |
|  clk_i_IBUF_BUFG | u_soc/u_rx_top/u_huffman_block_decoder/len_local[45][4]_i_1_n_0                                                                        |                                                                    |                0 |              5 |           NA |
|  clk_i_IBUF_BUFG | u_soc/u_rx_top/u_huffman_block_decoder/len_local[95][4]_i_1_n_0                                                                        |                                                                    |                0 |              5 |           NA |
|  clk_i_IBUF_BUFG | u_soc/u_rx_top/u_huffman_block_decoder/len_local[98][4]_i_1_n_0                                                                        |                                                                    |                0 |              5 |           NA |
|  clk_i_IBUF_BUFG | u_soc/u_rx_top/u_huffman_block_decoder/len_local[91][4]_i_1_n_0                                                                        |                                                                    |                0 |              5 |           NA |
|  clk_i_IBUF_BUFG | u_soc/u_rx_top/u_huffman_block_decoder/len_local[47][4]_i_1_n_0                                                                        |                                                                    |                0 |              5 |           NA |
|  clk_i_IBUF_BUFG | u_soc/u_rx_top/u_huffman_block_decoder/len_local[62][4]_i_1_n_0                                                                        |                                                                    |                0 |              5 |           NA |
|  clk_i_IBUF_BUFG | u_soc/u_rx_top/u_huffman_block_decoder/len_local[74][4]_i_1_n_0                                                                        |                                                                    |                0 |              5 |           NA |
|  clk_i_IBUF_BUFG | u_soc/u_rx_top/u_huffman_block_decoder/len_local[150][4]_i_1_n_0                                                                       |                                                                    |                0 |              5 |           NA |
|  clk_i_IBUF_BUFG | u_soc/u_rx_top/u_huffman_block_decoder/len_local[175][4]_i_1_n_0                                                                       |                                                                    |                0 |              5 |           NA |
|  clk_i_IBUF_BUFG | u_soc/u_rx_top/u_huffman_block_decoder/len_local[116][4]_i_1_n_0                                                                       |                                                                    |                0 |              5 |           NA |
|  clk_i_IBUF_BUFG | u_soc/u_rx_top/u_huffman_block_decoder/len_local[180][4]_i_1_n_0                                                                       |                                                                    |                0 |              5 |           NA |
|  clk_i_IBUF_BUFG | u_soc/u_rx_top/u_huffman_block_decoder/len_local[194][4]_i_1_n_0                                                                       |                                                                    |                0 |              5 |           NA |
|  clk_i_IBUF_BUFG | u_soc/u_rx_top/u_huffman_block_decoder/len_local[117][4]_i_1_n_0                                                                       |                                                                    |                0 |              5 |           NA |
|  clk_i_IBUF_BUFG | u_soc/u_rx_top/u_huffman_block_decoder/len_local[205][4]_i_1_n_0                                                                       |                                                                    |                0 |              5 |           NA |
|  clk_i_IBUF_BUFG | u_soc/u_rx_top/u_huffman_block_decoder/len_local[211][4]_i_1_n_0                                                                       |                                                                    |                0 |              5 |           NA |
|  clk_i_IBUF_BUFG | u_soc/u_rx_top/u_huffman_block_decoder/len_local[101][4]_i_1_n_0                                                                       |                                                                    |                0 |              5 |           NA |
|  clk_i_IBUF_BUFG | u_soc/u_rx_top/u_huffman_block_decoder/len_local[113][4]_i_1_n_0                                                                       |                                                                    |                0 |              5 |           NA |
|  clk_i_IBUF_BUFG | u_soc/u_rx_top/u_huffman_block_decoder/len_local[109][4]_i_1_n_0                                                                       |                                                                    |                0 |              5 |           NA |
|  clk_i_IBUF_BUFG | u_soc/u_rx_top/u_huffman_block_decoder/len_local[127][4]_i_1_n_0                                                                       |                                                                    |                0 |              5 |           NA |
|  clk_i_IBUF_BUFG | u_soc/u_rx_top/u_huffman_block_decoder/len_local[186][4]_i_1_n_0                                                                       |                                                                    |                0 |              5 |           NA |
|  clk_i_IBUF_BUFG | u_soc/u_rx_top/u_huffman_block_decoder/len_local[208][4]_i_1_n_0                                                                       |                                                                    |                0 |              5 |           NA |
|  clk_i_IBUF_BUFG | u_soc/u_rx_top/u_huffman_block_decoder/len_local[213][4]_i_1_n_0                                                                       |                                                                    |                0 |              5 |           NA |
|  clk_i_IBUF_BUFG | u_soc/u_rx_top/u_huffman_block_decoder/len_local[223][4]_i_1_n_0                                                                       |                                                                    |                0 |              5 |           NA |
|  clk_i_IBUF_BUFG | u_soc/u_rx_top/u_huffman_block_decoder/len_local[128][4]_i_1_n_0                                                                       |                                                                    |                0 |              5 |           NA |
|  clk_i_IBUF_BUFG | u_soc/u_rx_top/u_huffman_block_decoder/len_local[133][4]_i_1_n_0                                                                       |                                                                    |                0 |              5 |           NA |
|  clk_i_IBUF_BUFG | u_soc/u_rx_top/u_huffman_block_decoder/len_local[140][4]_i_1_n_0                                                                       |                                                                    |                0 |              5 |           NA |
|  clk_i_IBUF_BUFG | u_soc/u_rx_top/u_huffman_block_decoder/len_local[131][4]_i_1_n_0                                                                       |                                                                    |                0 |              5 |           NA |
|  clk_i_IBUF_BUFG | u_soc/u_rx_top/u_huffman_block_decoder/len_local[148][4]_i_1_n_0                                                                       |                                                                    |                0 |              5 |           NA |
|  clk_i_IBUF_BUFG | u_soc/u_rx_top/u_huffman_block_decoder/len_local[110][4]_i_1_n_0                                                                       |                                                                    |                0 |              5 |           NA |
|  clk_i_IBUF_BUFG | u_soc/u_rx_top/u_huffman_block_decoder/len_local[104][4]_i_1_n_0                                                                       |                                                                    |                0 |              5 |           NA |
|  clk_i_IBUF_BUFG | u_soc/u_rx_top/u_huffman_block_decoder/len_local[227][4]_i_1_n_0                                                                       |                                                                    |                0 |              5 |           NA |
|  clk_i_IBUF_BUFG | u_soc/u_rx_top/u_huffman_block_decoder/len_local[92][4]_i_1_n_0                                                                        |                                                                    |                0 |              5 |           NA |
|  clk_i_IBUF_BUFG | u_soc/u_rx_top/u_huffman_block_decoder/len_local[238][4]_i_1_n_0                                                                       |                                                                    |                0 |              5 |           NA |
|  clk_i_IBUF_BUFG | u_soc/u_rx_top/u_huffman_block_decoder/len_local[244][4]_i_1_n_0                                                                       |                                                                    |                0 |              5 |           NA |
|  clk_i_IBUF_BUFG | u_soc/u_rx_top/u_huffman_block_decoder/len_local[228][4]_i_1_n_0                                                                       |                                                                    |                0 |              5 |           NA |
|  clk_i_IBUF_BUFG | u_soc/u_rx_top/u_huffman_block_decoder/len_local[42][4]_i_1_n_0                                                                        |                                                                    |                0 |              5 |           NA |
|  clk_i_IBUF_BUFG | u_soc/u_rx_top/u_huffman_block_decoder/len_local[230][4]_i_1_n_0                                                                       |                                                                    |                0 |              5 |           NA |
|  clk_i_IBUF_BUFG | u_soc/u_rx_top/u_huffman_block_decoder/len_local[189][4]_i_1_n_0                                                                       |                                                                    |                0 |              5 |           NA |
|  clk_i_IBUF_BUFG | u_soc/u_rx_top/u_huffman_block_decoder/len_local[125][4]_i_1_n_0                                                                       |                                                                    |                0 |              5 |           NA |
|  clk_i_IBUF_BUFG | u_soc/u_rx_top/u_huffman_block_decoder/len_local[246][4]_i_1_n_0                                                                       |                                                                    |                0 |              5 |           NA |
|  clk_i_IBUF_BUFG | u_soc/u_rx_top/u_huffman_block_decoder/len_local[240][4]_i_1_n_0                                                                       |                                                                    |                0 |              5 |           NA |
|  clk_i_IBUF_BUFG | u_soc/u_rx_top/u_huffman_block_decoder/len_local[182][4]_i_1_n_0                                                                       |                                                                    |                0 |              5 |           NA |
|  clk_i_IBUF_BUFG | u_soc/u_rx_top/u_huffman_block_decoder/len_local[118][4]_i_1_n_0                                                                       |                                                                    |                0 |              5 |           NA |
|  clk_i_IBUF_BUFG | u_soc/u_rx_top/u_huffman_block_decoder/len_local[158][4]_i_1_n_0                                                                       |                                                                    |                0 |              5 |           NA |
|  clk_i_IBUF_BUFG | u_soc/u_rx_top/u_huffman_block_decoder/len_local[2][4]_i_1_n_0                                                                         |                                                                    |                0 |              5 |           NA |
|  clk_i_IBUF_BUFG | u_soc/u_rx_top/u_huffman_block_decoder/len_local[13][4]_i_1_n_0                                                                        |                                                                    |                0 |              5 |           NA |
|  clk_i_IBUF_BUFG | u_soc/u_rx_top/u_huffman_block_decoder/len_local[14][4]_i_1_n_0                                                                        |                                                                    |                0 |              5 |           NA |
|  clk_i_IBUF_BUFG | u_soc/u_rx_top/u_huffman_block_decoder/len_local[4][4]_i_1_n_0                                                                         |                                                                    |                0 |              5 |           NA |
|  clk_i_IBUF_BUFG | u_soc/u_rx_top/u_huffman_block_decoder/len_local[8][4]_i_1_n_0                                                                         |                                                                    |                0 |              5 |           NA |
|  clk_i_IBUF_BUFG | u_soc/u_rx_top/u_huffman_block_decoder/len_local[43][4]_i_1_n_0                                                                        |                                                                    |                0 |              5 |           NA |
|  clk_i_IBUF_BUFG | u_soc/u_rx_top/u_huffman_block_decoder/len_local[49][4]_i_1_n_0                                                                        |                                                                    |                0 |              5 |           NA |
|  clk_i_IBUF_BUFG | u_soc/u_rx_top/u_huffman_block_decoder/len_local[51][4]_i_1_n_0                                                                        |                                                                    |                0 |              5 |           NA |
|  clk_i_IBUF_BUFG | u_soc/u_rx_top/u_huffman_block_decoder/len_local[58][4]_i_1_n_0                                                                        |                                                                    |                0 |              5 |           NA |
|  clk_i_IBUF_BUFG | u_soc/u_rx_top/u_huffman_block_decoder/len_local[76][4]_i_1_n_0                                                                        |                                                                    |                0 |              5 |           NA |
|  clk_i_IBUF_BUFG | u_soc/u_rx_top/u_huffman_block_decoder/len_local[46][4]_i_1_n_0                                                                        |                                                                    |                0 |              5 |           NA |
|  clk_i_IBUF_BUFG | u_soc/u_rx_top/u_huffman_block_decoder/len_local[85][4]_i_1_n_0                                                                        |                                                                    |                0 |              5 |           NA |
|  clk_i_IBUF_BUFG | u_soc/u_rx_top/u_huffman_block_decoder/len_local[15][4]_i_1_n_0                                                                        |                                                                    |                0 |              5 |           NA |
|  clk_i_IBUF_BUFG | u_soc/u_rx_top/u_huffman_block_decoder/len_local[20][4]_i_1_n_0                                                                        |                                                                    |                0 |              5 |           NA |
|  clk_i_IBUF_BUFG | u_soc/u_rx_top/u_huffman_block_decoder/len_local[25][4]_i_1_n_0                                                                        |                                                                    |                0 |              5 |           NA |
|  clk_i_IBUF_BUFG | u_soc/u_rx_top/u_huffman_block_decoder/len_local[48][4]_i_1_n_0                                                                        |                                                                    |                0 |              5 |           NA |
|  clk_i_IBUF_BUFG | u_soc/u_rx_top/u_huffman_block_decoder/len_local[16][4]_i_1_n_0                                                                        |                                                                    |                0 |              5 |           NA |
|  clk_i_IBUF_BUFG | u_soc/u_rx_top/u_huffman_block_decoder/len_local[39][4]_i_1_n_0                                                                        |                                                                    |                0 |              5 |           NA |
|  clk_i_IBUF_BUFG | u_soc/u_rx_top/u_huffman_block_decoder/len_local[19][4]_i_1_n_0                                                                        |                                                                    |                0 |              5 |           NA |
|  clk_i_IBUF_BUFG | u_soc/u_rx_top/u_huffman_block_decoder/len_local[52][4]_i_1_n_0                                                                        |                                                                    |                0 |              5 |           NA |
|  clk_i_IBUF_BUFG | u_soc/u_rx_top/u_huffman_block_decoder/len_local[54][4]_i_1_n_0                                                                        |                                                                    |                0 |              5 |           NA |
|  clk_i_IBUF_BUFG | u_soc/u_rx_top/u_huffman_block_decoder/len_local[59][4]_i_1_n_0                                                                        |                                                                    |                0 |              5 |           NA |
|  clk_i_IBUF_BUFG | u_soc/u_rx_top/u_huffman_block_decoder/len_local[72][4]_i_1_n_0                                                                        |                                                                    |                0 |              5 |           NA |
|  clk_i_IBUF_BUFG | u_soc/u_rx_top/u_huffman_block_decoder/len_local[83][4]_i_1_n_0                                                                        |                                                                    |                0 |              5 |           NA |
|  clk_i_IBUF_BUFG | u_soc/u_rx_top/u_huffman_block_decoder/len_local[96][4]_i_1_n_0                                                                        |                                                                    |                0 |              5 |           NA |
|  clk_i_IBUF_BUFG | u_soc/u_rx_top/u_huffman_block_decoder/len_local[56][4]_i_1_n_0                                                                        |                                                                    |                0 |              5 |           NA |
|  clk_i_IBUF_BUFG | u_soc/u_rx_top/u_huffman_block_decoder/len_local[253][4]_i_1_n_0                                                                       |                                                                    |                0 |              5 |           NA |
|  clk_i_IBUF_BUFG | u_soc/u_rx_top/u_huffman_block_decoder/len_local[145][4]_i_1_n_0                                                                       |                                                                    |                0 |              5 |           NA |
|  clk_i_IBUF_BUFG | u_soc/u_rx_top/u_huffman_block_decoder/len_local[105][4]_i_1_n_0                                                                       |                                                                    |                0 |              5 |           NA |
|  clk_i_IBUF_BUFG | u_soc/u_rx_top/u_huffman_block_decoder/len_local[248][4]_i_1_n_0                                                                       |                                                                    |                0 |              5 |           NA |
|  clk_i_IBUF_BUFG | u_soc/u_rx_top/u_huffman_block_decoder/len_local[237][4]_i_1_n_0                                                                       |                                                                    |                0 |              5 |           NA |
|  clk_i_IBUF_BUFG | u_soc/u_rx_top/u_huffman_block_decoder/len_local[220][4]_i_1_n_0                                                                       |                                                                    |                0 |              5 |           NA |
|  clk_i_IBUF_BUFG | u_soc/u_rx_top/u_huffman_block_decoder/len_local[120][4]_i_1_n_0                                                                       |                                                                    |                0 |              5 |           NA |
|  clk_i_IBUF_BUFG | u_soc/u_rx_top/u_huffman_block_decoder/len_local[233][4]_i_1_n_0                                                                       |                                                                    |                0 |              5 |           NA |
|  clk_i_IBUF_BUFG | u_soc/u_tx_top/u_huffman_aes_tx_top/u_dynamic_huffman_encoder/u_input_collect_unit/u_block_buffer/block_size[5]_i_1_n_0                | u_uart_dmem_loader/rst_i                                           |                0 |              6 |           NA |
|  clk_i_IBUF_BUFG | u_soc/u_rx_top/u_huffman_block_decoder/bytes_remaining_r[5]_i_1_n_0                                                                    | u_uart_dmem_loader/rst_i                                           |                0 |              6 |           NA |
|  clk_i_IBUF_BUFG | u_uart_dmem_loader/u_uart_tx/bit_cnt_r[7]_i_2_n_0                                                                                      | u_uart_dmem_loader/u_uart_tx/bit_cnt_r[7]_i_1_n_0                  |                0 |              6 |           NA |
|  clk_i_IBUF_BUFG | u_soc/u_rx_top/u_huffman_block_parser/block_size_r[5]_i_1_n_0                                                                          | u_soc/u_rx_top/u_huffman_block_parser/entry_code_len_r             |                0 |              6 |           NA |
|  clk_i_IBUF_BUFG | u_soc/u_tx_top/u_huffman_aes_tx_top/u_file_huffman_builder/E[0]                                                                        | u_uart_dmem_loader/rst_i                                           |                0 |              6 |           NA |
|  clk_i_IBUF_BUFG | u_soc/u_dma_tx_engine/apb_addr_r_reg[2]_2                                                                                              | u_uart_dmem_loader/rst_i                                           |                0 |              6 |           NA |
|  clk_i_IBUF_BUFG | u_soc/u_rx_top/u_rx_byte_packer_32/word_valid_r                                                                                        | u_uart_dmem_loader/rst_i                                           |                0 |              6 |           NA |
|  clk_i_IBUF_BUFG | u_soc/u_cpu/u_id_stage/FSM_sequential_state_r_reg                                                                                      | u_soc/u_cpu/u_id_stage/idex_imm_o[10]_i_1_n_0                      |                0 |              6 |           NA |
|  clk_i_IBUF_BUFG | u_soc/u_cpu/u_ex_stage/req_addr_r_reg[1][0]                                                                                            | u_uart_dmem_loader/rst_i                                           |                0 |              6 |           NA |
|  clk_i_IBUF_BUFG | u_soc/u_tx_top/u_huffman_aes_tx_top/u_dynamic_huffman_encoder/u_emit_backend/u_payload_emitter/byte_idx[5]_i_1_n_0                     | u_uart_dmem_loader/rst_i                                           |                0 |              6 |           NA |
|  clk_i_IBUF_BUFG | u_soc/u_dma_tx_engine/final_empty_polls_r                                                                                              | u_soc/u_dma_regfile/soft_reset_pulse_o_reg_0                       |                0 |              7 |           NA |
|  clk_i_IBUF_BUFG | u_soc/u_tx_top/u_apb_huffman_tx_if/start_block_o_reg_1[0]                                                                              | u_uart_dmem_loader/rst_i                                           |                0 |              7 |           NA |
|  clk_i_IBUF_BUFG | u_soc/u_dma_tx_engine/apb_addr_r_reg[4]_9[0]                                                                                           | u_uart_dmem_loader/rst_i                                           |                0 |              7 |           NA |
|  clk_i_IBUF_BUFG | u_soc/u_tx_top/u_huffman_aes_tx_top/u_dynamic_huffman_encoder/u_emit_backend/u_payload_emitter/FSM_onehot_state[6]_i_1_n_0             | u_uart_dmem_loader/rst_i                                           |                0 |              7 |           NA |
|  clk_i_IBUF_BUFG |                                                                                                                                        | u_soc/u_rx_top/u_huffman_block_decoder/state_r[4]_i_1_n_0          |                0 |              8 |           NA |
|  clk_i_IBUF_BUFG | u_soc/u_tx_top/u_huffman_aes_tx_top/u_file_huffman_builder/u_symbol_list_builder/scan_index__0                                         | u_uart_dmem_loader/rst_i                                           |                0 |              8 |           NA |
|  clk_i_IBUF_BUFG | u_soc/u_tx_top/u_huffman_aes_tx_top/u_file_huffman_builder/u_canonical_code_generator/assign_index__0                                  | u_uart_dmem_loader/rst_i                                           |                0 |              8 |           NA |
|  clk_i_IBUF_BUFG | u_soc/u_rx_top/u_huffman_block_parser/one_symbol_value_n                                                                               | u_soc/u_rx_top/u_huffman_block_parser/entry_code_len_r             |                0 |              8 |           NA |
|  clk_i_IBUF_BUFG | u_soc/u_tx_top/u_huffman_aes_tx_top/u_file_huffman_builder/u_canonical_code_generator/load_index_1                                     | u_uart_dmem_loader/rst_i                                           |                0 |              8 |           NA |
|  clk_i_IBUF_BUFG | u_soc/u_tx_top/u_huffman_aes_tx_top/u_file_huffman_builder/u_code_length_builder/load_symbol_r[7]_i_1_n_0                              | u_uart_dmem_loader/rst_i                                           |                0 |              8 |           NA |
|  clk_i_IBUF_BUFG | u_uart_dmem_loader/u_uart_rx/E[1]                                                                                                      | u_uart_dmem_loader/u_uart_rx/SR[0]                                 |                0 |              8 |           NA |
|  clk_i_IBUF_BUFG | u_uart_dmem_loader/u_uart_rx/data_valid_o_i_1_n_0                                                                                      | u_uart_dmem_loader/u_uart_rx/SR[0]                                 |                0 |              8 |           NA |
|  clk_i_IBUF_BUFG | u_soc/u_rx_top/u_huffman_block_decoder/out_byte_r[7]_i_1_n_0                                                                           | u_uart_dmem_loader/rst_i                                           |                0 |              8 |           NA |
|  clk_i_IBUF_BUFG | u_soc/u_cpu/u_id_stage/FSM_sequential_state_r_reg                                                                                      | u_soc/u_cpu/u_if_stage/ifid_instruction_r_reg[31]_3                |                0 |              8 |           NA |
|  clk_i_IBUF_BUFG | u_soc/u_tx_top/u_huffman_aes_tx_top/u_file_huffman_builder/u_code_length_builder/p_0_in                                                | u_uart_dmem_loader/rst_i                                           |                0 |              8 |           NA |
|  clk_i_IBUF_BUFG |                                                                                                                                        | u_soc/u_dma_regfile/soft_reset_pulse_o_reg_0                       |                0 |              8 |           NA |
|  clk_i_IBUF_BUFG | u_uart_dmem_loader/u_uart_rx/E[3]                                                                                                      | u_uart_dmem_loader/u_uart_rx/SR[0]                                 |                0 |              8 |           NA |
|  clk_i_IBUF_BUFG | u_soc/u_tx_top/u_huffman_aes_tx_top/u_file_huffman_builder/u_code_length_builder/code_len_mem_reg_128_191_0_2_i_1_n_0                  |                                                                    |                0 |              8 |           NA |
|  clk_i_IBUF_BUFG | u_uart_dmem_loader/u_uart_rx/E[2]                                                                                                      | u_uart_dmem_loader/u_uart_rx/SR[0]                                 |                0 |              8 |           NA |
|  clk_i_IBUF_BUFG | u_uart_dmem_loader/u_uart_rx/E[0]                                                                                                      | u_uart_dmem_loader/u_uart_rx/SR[0]                                 |                0 |              8 |           NA |
|  clk_i_IBUF_BUFG | u_soc/u_tx_top/u_huffman_aes_tx_top/u_file_huffman_builder/u_code_length_builder/code_len_mem_reg_0_63_0_2_i_4_n_0                     |                                                                    |                0 |              8 |           NA |
|  clk_i_IBUF_BUFG | u_soc/u_tx_top/u_huffman_aes_tx_top/u_dynamic_huffman_encoder/u_emit_backend/u_header_formatter/symbol_data_r[7]_i_1_n_0               | u_uart_dmem_loader/rst_i                                           |                0 |              8 |           NA |
|  clk_i_IBUF_BUFG | u_soc/u_tx_top/u_huffman_aes_tx_top/u_file_huffman_builder/u_code_length_builder/code_len_mem_reg_64_127_0_2_i_1_n_0                   |                                                                    |                0 |              8 |           NA |
|  clk_i_IBUF_BUFG | u_soc/u_tx_top/u_huffman_aes_tx_top/u_file_huffman_builder/u_code_length_builder/code_len_mem_reg_192_255_0_2_i_1_n_0                  |                                                                    |                0 |              8 |           NA |
|  clk_i_IBUF_BUFG | u_soc/u_rx_top/u_huffman_block_decoder/pending_final_byte_r[7]_i_1_n_0                                                                 | u_uart_dmem_loader/rst_i                                           |                0 |              8 |           NA |
|  clk_i_IBUF_BUFG | u_soc/u_tx_top/u_huffman_aes_tx_top/u_file_huffman_builder/u_canonical_code_generator/E[0]                                             | u_uart_dmem_loader/rst_i                                           |                0 |              8 |           NA |
|  clk_i_IBUF_BUFG | u_uart_dmem_loader/u_uart_tx/shift_r[7]_i_1_n_0                                                                                        | u_uart_dmem_loader/u_uart_rx/SR[0]                                 |                0 |              8 |           NA |
|  clk_i_IBUF_BUFG | u_soc/u_rx_top/u_huffman_block_decoder/one_symbol_value_r                                                                              | u_uart_dmem_loader/rst_i                                           |                0 |              8 |           NA |
|  clk_i_IBUF_BUFG | u_soc/u_tx_top/u_huffman_aes_tx_top/u_file_huffman_builder/u_code_length_builder/map_index[8]_i_1_n_0                                  | u_uart_dmem_loader/rst_i                                           |                0 |              9 |           NA |
|  clk_i_IBUF_BUFG | u_soc/u_tx_top/u_huffman_aes_tx_top/u_file_huffman_builder/u_symbol_list_builder/symbol_count[8]_i_1_n_0                               | u_uart_dmem_loader/rst_i                                           |                0 |              9 |           NA |
|  clk_i_IBUF_BUFG | u_soc/u_tx_top/u_huffman_aes_tx_top/u_dynamic_huffman_encoder/u_emit_backend/u_header_formatter/sym_idx[8]_i_1_n_0                     | u_uart_dmem_loader/rst_i                                           |                0 |              9 |           NA |
|  clk_i_IBUF_BUFG | u_soc/u_rx_top/u_huffman_block_parser/symbol_count_r[8]_i_1__0_n_0                                                                     | u_soc/u_rx_top/u_huffman_block_parser/entry_code_len_r             |                0 |              9 |           NA |
|  clk_i_IBUF_BUFG | u_soc/u_tx_top/u_huffman_aes_tx_top/u_file_huffman_builder/u_canonical_code_generator/__14                                             | u_uart_dmem_loader/rst_i                                           |                0 |              9 |           NA |
|  clk_i_IBUF_BUFG | u_soc/u_tx_top/u_huffman_aes_tx_top/u_file_huffman_builder/u_canonical_code_generator/sort_pass_0                                      | u_uart_dmem_loader/rst_i                                           |                0 |              9 |           NA |
|  clk_i_IBUF_BUFG | u_soc/u_rx_top/u_huffman_block_decoder/fallback_count_r__0                                                                             | u_uart_dmem_loader/rst_i                                           |                0 |              9 |           NA |
|  clk_i_IBUF_BUFG | u_soc/u_rx_top/u_huffman_block_decoder/sort_pass_r                                                                                     | u_uart_dmem_loader/rst_i                                           |                0 |              9 |           NA |
|  clk_i_IBUF_BUFG | u_soc/u_rx_top/u_huffman_block_decoder/symbol_count_r                                                                                  | u_uart_dmem_loader/rst_i                                           |                0 |              9 |           NA |
|  clk_i_IBUF_BUFG | u_soc/u_tx_top/u_huffman_aes_tx_top/u_file_huffman_builder/u_code_length_builder/depth_node_idx_r                                      | u_uart_dmem_loader/rst_i                                           |                0 |              9 |           NA |
|  clk_i_IBUF_BUFG | u_soc/u_tx_top/u_huffman_aes_tx_top/u_file_huffman_builder/u_code_length_builder/state                                                 | u_uart_dmem_loader/rst_i                                           |                0 |              9 |           NA |
|  clk_i_IBUF_BUFG | u_soc/u_tx_top/u_huffman_aes_tx_top/u_file_huffman_builder/u_code_length_builder/active_nodes[8]_i_1_n_0                               | u_uart_dmem_loader/rst_i                                           |                0 |              9 |           NA |
|  clk_i_IBUF_BUFG | u_soc/u_tx_top/u_huffman_aes_tx_top/u_file_huffman_builder/u_code_length_builder/load_index[8]_i_1_n_0                                 | u_uart_dmem_loader/rst_i                                           |                0 |              9 |           NA |
|  clk_i_IBUF_BUFG | u_soc/u_cpu/u_id_stage/FSM_sequential_state_r_reg                                                                                      |                                                                    |                0 |             10 |           NA |
|  clk_i_IBUF_BUFG |                                                                                                                                        |                                                                    |                0 |             10 |           NA |
|  clk_i_IBUF_BUFG | u_soc/u_tx_top/u_huffman_aes_tx_top/u_dynamic_huffman_encoder/u_emit_backend/u_payload_emitter/current_byte_valid_r_i_1_n_0            | u_uart_dmem_loader/rst_i                                           |                0 |             10 |           NA |
|  clk_i_IBUF_BUFG | u_soc/u_tx_top/u_huffman_aes_tx_top/u_dynamic_huffman_encoder/u_input_collect_unit/u_block_buffer/protocol_error_reg[0]                | u_uart_dmem_loader/rst_i                                           |                0 |             11 |           NA |
|  clk_i_IBUF_BUFG | u_soc/u_rx_top/u_huffman_block_decoder/table_clear_idx_r[10]_i_1_n_0                                                                   | u_uart_dmem_loader/rst_i                                           |                0 |             11 |           NA |
|  clk_i_IBUF_BUFG | u_soc/u_rx_top/u_huffman_block_decoder/table_fill_idx_r                                                                                | u_uart_dmem_loader/rst_i                                           |                0 |             11 |           NA |
|  clk_i_IBUF_BUFG | u_soc/u_dma_tx_engine/apb_addr_r_reg[5]_4                                                                                              | u_uart_dmem_loader/rst_i                                           |                0 |             11 |           NA |
|  clk_i_IBUF_BUFG | u_soc/u_tx_top/u_huffman_aes_tx_top/u_file_huffman_builder/u_code_length_builder/node_order_reg_448_511_0_2_i_1_n_0                    |                                                                    |                0 |             12 |           NA |
|  clk_i_IBUF_BUFG | u_soc/u_tx_top/u_huffman_aes_tx_top/u_file_huffman_builder/u_code_length_builder/node_order_reg_64_127_0_2_i_1_n_0                     |                                                                    |                0 |             12 |           NA |
|  clk_i_IBUF_BUFG | u_soc/u_tx_top/u_huffman_aes_tx_top/u_file_huffman_builder/u_code_length_builder/node_parent_reg_0_63_0_2_i_4_n_0                      |                                                                    |                0 |             12 |           NA |
|  clk_i_IBUF_BUFG | u_soc/u_tx_top/u_huffman_aes_tx_top/u_file_huffman_builder/u_canonical_code_generator/code_len_mem_reg_r1_192_255_0_2_i_1_n_0          |                                                                    |                0 |             12 |           NA |
|  clk_i_IBUF_BUFG | u_soc/u_tx_top/u_huffman_aes_tx_top/u_file_huffman_builder/u_symbol_list_builder/symbol_list_mem_reg_192_255_0_2_i_1_n_0               |                                                                    |                0 |             12 |           NA |
|  clk_i_IBUF_BUFG | u_soc/u_tx_top/u_huffman_aes_tx_top/u_file_huffman_builder/u_symbol_list_builder/symbol_list_mem_reg_64_127_0_2_i_1_n_0                |                                                                    |                0 |             12 |           NA |
|  clk_i_IBUF_BUFG | u_soc/u_tx_top/u_huffman_aes_tx_top/u_file_huffman_builder/u_symbol_list_builder/symbol_list_mem_reg_0_63_0_2_i_1_n_0                  |                                                                    |                0 |             12 |           NA |
|  clk_i_IBUF_BUFG | u_soc/u_tx_top/u_huffman_aes_tx_top/u_file_huffman_builder/u_symbol_list_builder/symbol_list_mem_reg_128_191_0_2_i_1_n_0               |                                                                    |                0 |             12 |           NA |
|  clk_i_IBUF_BUFG | u_soc/u_tx_top/u_huffman_aes_tx_top/u_file_huffman_builder/u_canonical_code_generator/code_len_mem_reg_r1_128_191_0_2_i_1_n_0          |                                                                    |                0 |             12 |           NA |
|  clk_i_IBUF_BUFG | u_soc/u_tx_top/u_huffman_aes_tx_top/u_file_huffman_builder/u_canonical_code_generator/code_len_mem_reg_r1_64_127_0_2_i_1_n_0           |                                                                    |                0 |             12 |           NA |
|  clk_i_IBUF_BUFG | u_soc/u_cpu/u_id_stage/FSM_sequential_state_r_reg                                                                                      | u_soc/u_cpu/u_if_stage/ifid_instruction_r_reg[31]_2                |                0 |             12 |           NA |
|  clk_i_IBUF_BUFG | u_soc/u_tx_top/u_huffman_aes_tx_top/u_file_huffman_builder/u_code_length_builder/node_order_reg_128_191_0_2_i_1_n_0                    |                                                                    |                0 |             12 |           NA |
|  clk_i_IBUF_BUFG | u_soc/u_tx_top/u_huffman_aes_tx_top/u_file_huffman_builder/u_code_length_builder/node_parent_reg_64_127_0_2_i_1_n_0                    |                                                                    |                0 |             12 |           NA |
|  clk_i_IBUF_BUFG | u_soc/u_tx_top/u_huffman_aes_tx_top/u_file_huffman_builder/u_code_length_builder/node_parent_reg_384_447_0_2_i_1_n_0                   |                                                                    |                0 |             12 |           NA |
|  clk_i_IBUF_BUFG | u_soc/u_tx_top/u_huffman_aes_tx_top/u_file_huffman_builder/u_canonical_code_generator/code_len_mem_reg_r1_0_63_0_2_i_4_n_0             |                                                                    |                0 |             12 |           NA |
|  clk_i_IBUF_BUFG | u_soc/u_tx_top/u_huffman_aes_tx_top/u_file_huffman_builder/u_code_length_builder/node_order_reg_192_255_0_2_i_1_n_0                    |                                                                    |                0 |             12 |           NA |
|  clk_i_IBUF_BUFG | u_soc/u_tx_top/u_huffman_aes_tx_top/u_dynamic_huffman_encoder/u_input_collect_unit/u_block_buffer/p_0_in6_out                          |                                                                    |                0 |             12 |           NA |
|  clk_i_IBUF_BUFG | u_soc/u_tx_top/u_huffman_aes_tx_top/u_file_huffman_builder/u_code_length_builder/node_parent_reg_320_383_0_2_i_1_n_0                   |                                                                    |                0 |             12 |           NA |
|  clk_i_IBUF_BUFG | u_soc/u_tx_top/u_huffman_aes_tx_top/u_file_huffman_builder/u_code_length_builder/node_parent_reg_448_511_0_2_i_1_n_0                   |                                                                    |                0 |             12 |           NA |
|  clk_i_IBUF_BUFG | u_soc/u_tx_top/u_huffman_aes_tx_top/u_file_huffman_builder/u_code_length_builder/node_parent_reg_192_255_0_2_i_1_n_0                   |                                                                    |                0 |             12 |           NA |
|  clk_i_IBUF_BUFG | u_soc/u_tx_top/u_huffman_aes_tx_top/u_file_huffman_builder/u_code_length_builder/node_parent_reg_128_191_0_2_i_1_n_0                   |                                                                    |                0 |             12 |           NA |
|  clk_i_IBUF_BUFG | u_soc/u_tx_top/u_huffman_aes_tx_top/u_file_huffman_builder/u_code_length_builder/node_order_reg_384_447_0_2_i_1_n_0                    |                                                                    |                0 |             12 |           NA |
|  clk_i_IBUF_BUFG | u_soc/u_tx_top/u_huffman_aes_tx_top/u_file_huffman_builder/u_code_length_builder/node_order_reg_0_63_0_2_i_4_n_0                       |                                                                    |                0 |             12 |           NA |
|  clk_i_IBUF_BUFG | u_soc/u_tx_top/u_huffman_aes_tx_top/u_file_huffman_builder/u_code_length_builder/node_order_reg_320_383_0_2_i_1_n_0                    |                                                                    |                0 |             12 |           NA |
|  clk_i_IBUF_BUFG | u_soc/u_tx_top/u_huffman_aes_tx_top/u_file_huffman_builder/u_code_length_builder/node_parent_reg_256_319_0_2_i_1_n_0                   |                                                                    |                0 |             12 |           NA |
|  clk_i_IBUF_BUFG | u_soc/u_tx_top/u_huffman_aes_tx_top/u_file_huffman_builder/u_code_length_builder/node_order_reg_256_319_0_2_i_1_n_0                    |                                                                    |                0 |             12 |           NA |
|  clk_i_IBUF_BUFG | u_soc/u_rx_top/u_huffman_block_parser/entry_symbol_n                                                                                   | u_soc/u_rx_top/u_huffman_block_parser/entry_code_len_r             |                0 |             13 |           NA |
|  clk_i_IBUF_BUFG | u_soc/u_tx_top/u_huffman_aes_tx_top/u_file_huffman_builder/u_canonical_code_generator/current_code[12]_i_1_n_0                         | u_uart_dmem_loader/rst_i                                           |                0 |             13 |           NA |
|  clk_i_IBUF_BUFG | u_soc/u_dma_tx_engine/src_ptr_r[14]_i_1__0_n_0                                                                                         | u_soc/u_dma_regfile/soft_reset_pulse_o_reg_0                       |                0 |             14 |           NA |
|  clk_i_IBUF_BUFG | u_soc/u_tx_top/u_huffman_aes_tx_top/u_file_huffman_builder/u_code_length_builder/scan_node_idx[8]_i_1_n_0                              | u_uart_dmem_loader/rst_i                                           |                0 |             14 |           NA |
|  clk_i_IBUF_BUFG | u_soc/u_dma_rx_engine/src_ptr_r[14]_i_1_n_0                                                                                            | u_soc/u_dma_regfile/soft_reset_pulse_o_reg_0                       |                0 |             14 |           NA |
|  clk_i_IBUF_BUFG | u_soc/u_rx_top/u_huffman_block_decoder/u_main_decode_table/state_r_reg[3]                                                              | u_uart_dmem_loader/rst_i                                           |                0 |             15 |           NA |
|  clk_i_IBUF_BUFG | u_uart_dmem_loader/u_uart_rx/SR[0]                                                                                                     |                                                                    |                0 |             15 |           NA |
|  clk_i_IBUF_BUFG | u_uart_dmem_loader/u_uart_rx/data_valid_o_reg_0[0]                                                                                     | u_uart_dmem_loader/u_uart_rx/SR[0]                                 |                0 |             15 |           NA |
|  clk_i_IBUF_BUFG | u_soc/u_rx_top/u_huffman_block_decoder/assign_idx_r__0__0                                                                              | u_uart_dmem_loader/rst_i                                           |                0 |             15 |           NA |
|  clk_i_IBUF_BUFG | u_soc/u_tx_top/u_huffman_aes_tx_top/u_file_huffman_builder/u_code_length_builder/load_freq_count_r[15]_i_1_n_0                         | u_uart_dmem_loader/rst_i                                           |                0 |             16 |           NA |
|  clk_i_IBUF_BUFG | u_uart_dmem_loader/u_uart_rx/baud_cnt_r_0                                                                                              | u_uart_dmem_loader/u_uart_rx/SR[0]                                 |                0 |             16 |           NA |
|  clk_i_IBUF_BUFG | u_soc/u_tx_top/u_huffman_aes_tx_top/u_dynamic_huffman_encoder/u_emit_backend/u_payload_emitter/payload_data[12]_i_1_n_0                | u_uart_dmem_loader/rst_i                                           |                0 |             17 |           NA |
|  clk_i_IBUF_BUFG | u_soc/u_tx_top/u_huffman_aes_tx_top/u_dynamic_huffman_encoder/u_emit_backend/u_payload_emitter/current_code_len_r[3]_i_1_n_0           | u_uart_dmem_loader/rst_i                                           |                0 |             17 |           NA |
|  clk_i_IBUF_BUFG | u_soc/u_tx_top/u_huffman_aes_tx_top/u_file_huffman_builder/u_canonical_code_generator/code_mem_reg_192_255_0_2_i_1_n_0                 |                                                                    |                0 |             18 |           NA |
|  clk_i_IBUF_BUFG | u_soc/u_tx_top/u_huffman_aes_tx_top/u_file_huffman_builder/u_code_length_builder/order_counter                                         | u_uart_dmem_loader/rst_i                                           |                0 |             18 |           NA |
|  clk_i_IBUF_BUFG | u_soc/u_tx_top/u_huffman_aes_tx_top/u_file_huffman_builder/u_canonical_code_generator/code_mem_reg_128_191_0_2_i_1_n_0                 |                                                                    |                0 |             18 |           NA |
|  clk_i_IBUF_BUFG | u_soc/u_tx_top/u_huffman_aes_tx_top/u_file_huffman_builder/u_canonical_code_generator/code_mem_reg_64_127_0_2_i_1_n_0                  |                                                                    |                0 |             18 |           NA |
|  clk_i_IBUF_BUFG | u_soc/u_tx_top/u_huffman_aes_tx_top/u_file_huffman_builder/u_canonical_code_generator/code_mem_reg_0_63_0_2_i_4_n_0                    |                                                                    |                0 |             18 |           NA |
|  clk_i_IBUF_BUFG | u_soc/u_rx_top/u_huffman_block_decoder/entry_load_count_r__0                                                                           | u_uart_dmem_loader/rst_i                                           |                0 |             18 |           NA |
|  clk_i_IBUF_BUFG | u_uart_dmem_loader/u_uart_tx/baud_cnt_r[18]_i_1_n_0                                                                                    | u_uart_dmem_loader/u_uart_rx/SR[0]                                 |                0 |             19 |           NA |
|  clk_i_IBUF_BUFG | u_soc/u_rx_top/u_huffman_block_decoder/pending_entry_symbol_r                                                                          | u_uart_dmem_loader/rst_i                                           |                0 |             20 |           NA |
|  clk_i_IBUF_BUFG | u_soc/u_rx_top/u_huffman_block_decoder/entry_check_idx_r                                                                               | u_uart_dmem_loader/rst_i                                           |                0 |             20 |           NA |
|  clk_i_IBUF_BUFG | u_soc/u_tx_top/u_huffman_aes_tx_top/u_file_huffman_builder/u_code_length_builder/node_weight_reg_192_255_0_2_i_1_n_0                   |                                                                    |                0 |             22 |           NA |
|  clk_i_IBUF_BUFG | u_soc/u_tx_top/u_huffman_aes_tx_top/u_file_huffman_builder/u_code_length_builder/node_weight_reg_320_383_0_2_i_1_n_0                   |                                                                    |                0 |             22 |           NA |
|  clk_i_IBUF_BUFG | u_soc/u_tx_top/u_huffman_aes_tx_top/u_file_huffman_builder/u_code_length_builder/node_weight_reg_384_447_0_2_i_1_n_0                   |                                                                    |                0 |             22 |           NA |
|  clk_i_IBUF_BUFG | u_soc/u_tx_top/u_huffman_aes_tx_top/u_file_huffman_builder/u_code_length_builder/node_weight_reg_256_319_0_2_i_1_n_0                   |                                                                    |                0 |             22 |           NA |
|  clk_i_IBUF_BUFG | u_soc/u_tx_top/u_huffman_aes_tx_top/u_file_huffman_builder/u_code_length_builder/node_weight_reg_64_127_0_2_i_1_n_0                    |                                                                    |                0 |             22 |           NA |
|  clk_i_IBUF_BUFG | u_soc/u_tx_top/u_huffman_aes_tx_top/u_file_huffman_builder/u_code_length_builder/node_weight_reg_128_191_0_2_i_1_n_0                   |                                                                    |                0 |             22 |           NA |
|  clk_i_IBUF_BUFG | u_soc/u_tx_top/u_huffman_aes_tx_top/u_file_huffman_builder/u_code_length_builder/node_weight_reg_448_511_0_2_i_1_n_0                   |                                                                    |                0 |             22 |           NA |
|  clk_i_IBUF_BUFG | u_soc/u_tx_top/u_huffman_aes_tx_top/u_file_huffman_builder/u_code_length_builder/node_weight_reg_0_63_0_2_i_4_n_0                      |                                                                    |                0 |             22 |           NA |
|  clk_i_IBUF_BUFG | u_soc/u_tx_top/u_huffman_aes_tx_top/u_dynamic_huffman_encoder/u_emit_backend/u_header_formatter/after_field_r                          | u_uart_dmem_loader/rst_i                                           |                0 |             23 |           NA |
|  clk_i_IBUF_BUFG | u_soc/u_tx_top/u_huffman_aes_tx_top/u_dynamic_huffman_encoder/u_input_collect_unit/u_block_buffer/block_size_reg[5]_2                  |                                                                    |                0 |             24 |           NA |
|  clk_i_IBUF_BUFG | u_soc/u_tx_top/u_huffman_aes_tx_top/u_dynamic_huffman_encoder/u_input_collect_unit/u_block_buffer/block_size_reg[5]_3                  |                                                                    |                0 |             24 |           NA |
|  clk_i_IBUF_BUFG | u_soc/u_rx_top/u_huffman_block_decoder/in_fire_w                                                                                       | u_uart_dmem_loader/rst_i                                           |                0 |             27 |           NA |
|  clk_i_IBUF_BUFG | u_uart_dmem_loader/u_uart_rx/FSM_onehot_state_r_reg[10][0]                                                                             | u_uart_dmem_loader/u_uart_rx/SR[0]                                 |                0 |             30 |           NA |
|  clk_i_IBUF_BUFG | u_soc/u_rx_top/u_huffman_block_decoder/code_local[169][30]_i_2_n_0                                                                     | u_soc/u_rx_top/u_huffman_block_decoder/code_local[169][30]_i_1_n_0 |                0 |             31 |           NA |
|  clk_i_IBUF_BUFG | u_soc/u_rx_top/u_huffman_block_decoder/code_local[200][30]_i_2_n_0                                                                     | u_soc/u_rx_top/u_huffman_block_decoder/code_local[200][30]_i_1_n_0 |                0 |             31 |           NA |
|  clk_i_IBUF_BUFG | u_soc/u_rx_top/u_huffman_block_decoder/code_local[99][30]_i_2_n_0                                                                      | u_soc/u_rx_top/u_huffman_block_decoder/code_local[99][30]_i_1_n_0  |                0 |             31 |           NA |
|  clk_i_IBUF_BUFG | u_soc/u_rx_top/u_huffman_block_decoder/code_local[121][30]_i_2_n_0                                                                     | u_soc/u_rx_top/u_huffman_block_decoder/code_local[121][30]_i_1_n_0 |                0 |             31 |           NA |
|  clk_i_IBUF_BUFG | u_soc/u_rx_top/u_huffman_block_decoder/code_local[182][30]_i_2_n_0                                                                     | u_soc/u_rx_top/u_huffman_block_decoder/code_local[182][30]_i_1_n_0 |                0 |             31 |           NA |
|  clk_i_IBUF_BUFG | u_soc/u_cpu_mmio_to_apb_bridge/FSM_sequential_state_r_reg_0[0]                                                                         | u_soc/u_cpu/u_id_stage/idex_aluop_o_reg[1]_0[0]                    |                0 |             31 |           NA |
|  clk_i_IBUF_BUFG | u_soc/u_rx_top/u_huffman_block_decoder/code_local[177][30]_i_2_n_0                                                                     | u_soc/u_rx_top/u_huffman_block_decoder/code_local[177][30]_i_1_n_0 |                0 |             31 |           NA |
|  clk_i_IBUF_BUFG | u_soc/u_rx_top/u_huffman_block_decoder/code_local[178][30]_i_2_n_0                                                                     | u_soc/u_rx_top/u_huffman_block_decoder/code_local[178][30]_i_1_n_0 |                0 |             31 |           NA |
|  clk_i_IBUF_BUFG | u_soc/u_rx_top/u_huffman_block_decoder/code_local[22][30]_i_2_n_0                                                                      | u_soc/u_rx_top/u_huffman_block_decoder/code_local[22][30]_i_1_n_0  |                0 |             31 |           NA |
|  clk_i_IBUF_BUFG | u_soc/u_rx_top/u_huffman_block_decoder/code_local[181][30]_i_2_n_0                                                                     | u_soc/u_rx_top/u_huffman_block_decoder/code_local[181][30]_i_1_n_0 |                0 |             31 |           NA |
|  clk_i_IBUF_BUFG | u_soc/u_rx_top/u_huffman_block_decoder/code_local[191][30]_i_2_n_0                                                                     | u_soc/u_rx_top/u_huffman_block_decoder/code_local[191][30]_i_1_n_0 |                0 |             31 |           NA |
|  clk_i_IBUF_BUFG | u_soc/u_rx_top/u_huffman_block_decoder/code_local[67][30]_i_2_n_0                                                                      | u_soc/u_rx_top/u_huffman_block_decoder/code_local[67][30]_i_1_n_0  |                0 |             31 |           NA |
|  clk_i_IBUF_BUFG | u_soc/u_rx_top/u_huffman_block_decoder/code_local[172][30]_i_2_n_0                                                                     | u_soc/u_rx_top/u_huffman_block_decoder/code_local[172][30]_i_1_n_0 |                0 |             31 |           NA |
|  clk_i_IBUF_BUFG | u_soc/u_rx_top/u_huffman_block_decoder/code_local[245][30]_i_2_n_0                                                                     | u_soc/u_rx_top/u_huffman_block_decoder/code_local[245][30]_i_1_n_0 |                0 |             31 |           NA |
|  clk_i_IBUF_BUFG | u_soc/u_rx_top/u_huffman_block_decoder/code_local[246][30]_i_2_n_0                                                                     | u_soc/u_rx_top/u_huffman_block_decoder/code_local[246][30]_i_1_n_0 |                0 |             31 |           NA |
|  clk_i_IBUF_BUFG | u_soc/u_rx_top/u_huffman_block_decoder/code_local[242][30]_i_2_n_0                                                                     | u_soc/u_rx_top/u_huffman_block_decoder/code_local[242][30]_i_1_n_0 |                0 |             31 |           NA |
|  clk_i_IBUF_BUFG | u_soc/u_rx_top/u_huffman_block_decoder/code_local[241][30]_i_2_n_0                                                                     | u_soc/u_rx_top/u_huffman_block_decoder/code_local[241][30]_i_1_n_0 |                0 |             31 |           NA |
|  clk_i_IBUF_BUFG | u_soc/u_rx_top/u_huffman_block_decoder/code_local[240][30]_i_2_n_0                                                                     | u_soc/u_rx_top/u_huffman_block_decoder/code_local[240][30]_i_1_n_0 |                0 |             31 |           NA |
|  clk_i_IBUF_BUFG | u_soc/u_rx_top/u_huffman_block_decoder/code_local[250][30]_i_2_n_0                                                                     | u_soc/u_rx_top/u_huffman_block_decoder/code_local[250][30]_i_1_n_0 |                0 |             31 |           NA |
|  clk_i_IBUF_BUFG | u_soc/u_rx_top/u_huffman_block_decoder/code_local[239][30]_i_2_n_0                                                                     | u_soc/u_rx_top/u_huffman_block_decoder/code_local[239][30]_i_1_n_0 |                0 |             31 |           NA |
|  clk_i_IBUF_BUFG | u_soc/u_rx_top/u_huffman_block_decoder/code_local[39][30]_i_2_n_0                                                                      | u_soc/u_rx_top/u_huffman_block_decoder/code_local[39][30]_i_1_n_0  |                0 |             31 |           NA |
|  clk_i_IBUF_BUFG | u_soc/u_rx_top/u_huffman_block_decoder/code_local[51][30]_i_2_n_0                                                                      | u_soc/u_rx_top/u_huffman_block_decoder/code_local[51][30]_i_1_n_0  |                0 |             31 |           NA |
|  clk_i_IBUF_BUFG | u_soc/u_rx_top/u_huffman_block_decoder/code_local[52][30]_i_2_n_0                                                                      | u_soc/u_rx_top/u_huffman_block_decoder/code_local[52][30]_i_1_n_0  |                0 |             31 |           NA |
|  clk_i_IBUF_BUFG | u_soc/u_rx_top/u_huffman_block_decoder/code_local[15][30]_i_2_n_0                                                                      | u_soc/u_rx_top/u_huffman_block_decoder/code_local[15][30]_i_1_n_0  |                0 |             31 |           NA |
|  clk_i_IBUF_BUFG | u_soc/u_rx_top/u_huffman_block_decoder/code_local[54][30]_i_2_n_0                                                                      | u_soc/u_rx_top/u_huffman_block_decoder/code_local[54][30]_i_1_n_0  |                0 |             31 |           NA |
|  clk_i_IBUF_BUFG | u_soc/u_rx_top/u_huffman_block_decoder/code_local[212][30]_i_2_n_0                                                                     | u_soc/u_rx_top/u_huffman_block_decoder/code_local[212][30]_i_1_n_0 |                0 |             31 |           NA |
|  clk_i_IBUF_BUFG | u_soc/u_rx_top/u_huffman_block_decoder/code_local[214][30]_i_2_n_0                                                                     | u_soc/u_rx_top/u_huffman_block_decoder/code_local[214][30]_i_1_n_0 |                0 |             31 |           NA |
|  clk_i_IBUF_BUFG | u_soc/u_rx_top/u_huffman_block_decoder/code_local[215][30]_i_2_n_0                                                                     | u_soc/u_rx_top/u_huffman_block_decoder/code_local[215][30]_i_1_n_0 |                0 |             31 |           NA |
|  clk_i_IBUF_BUFG | u_soc/u_rx_top/u_huffman_block_decoder/code_local[199][30]_i_2_n_0                                                                     | u_soc/u_rx_top/u_huffman_block_decoder/code_local[199][30]_i_1_n_0 |                0 |             31 |           NA |
|  clk_i_IBUF_BUFG | u_soc/u_rx_top/u_huffman_block_decoder/code_local[20][30]_i_2_n_0                                                                      | u_soc/u_rx_top/u_huffman_block_decoder/code_local[20][30]_i_1_n_0  |                0 |             31 |           NA |
|  clk_i_IBUF_BUFG | u_soc/u_rx_top/u_huffman_block_decoder/code_local[173][30]_i_2_n_0                                                                     | u_soc/u_rx_top/u_huffman_block_decoder/code_local[173][30]_i_1_n_0 |                0 |             31 |           NA |
|  clk_i_IBUF_BUFG | u_soc/u_rx_top/u_huffman_block_decoder/code_local[206][30]_i_2_n_0                                                                     | u_soc/u_rx_top/u_huffman_block_decoder/code_local[206][30]_i_1_n_0 |                0 |             31 |           NA |
|  clk_i_IBUF_BUFG | u_soc/u_rx_top/u_huffman_block_decoder/code_local[24][30]_i_2_n_0                                                                      | u_soc/u_rx_top/u_huffman_block_decoder/code_local[24][30]_i_1_n_0  |                0 |             31 |           NA |
|  clk_i_IBUF_BUFG | u_soc/u_rx_top/u_huffman_block_decoder/code_local[49][30]_i_2_n_0                                                                      | u_soc/u_rx_top/u_huffman_block_decoder/code_local[49][30]_i_1_n_0  |                0 |             31 |           NA |
|  clk_i_IBUF_BUFG | u_soc/u_rx_top/u_huffman_block_decoder/code_local[234][30]_i_2_n_0                                                                     | u_soc/u_rx_top/u_huffman_block_decoder/code_local[234][30]_i_1_n_0 |                0 |             31 |           NA |
|  clk_i_IBUF_BUFG | u_soc/u_rx_top/u_huffman_block_decoder/code_local[204][30]_i_2_n_0                                                                     | u_soc/u_rx_top/u_huffman_block_decoder/code_local[204][30]_i_1_n_0 |                0 |             31 |           NA |
|  clk_i_IBUF_BUFG | u_soc/u_rx_top/u_huffman_block_decoder/code_local[202][30]_i_2_n_0                                                                     | u_soc/u_rx_top/u_huffman_block_decoder/code_local[202][30]_i_1_n_0 |                0 |             31 |           NA |
|  clk_i_IBUF_BUFG | u_soc/u_rx_top/u_huffman_block_decoder/code_local[2][30]_i_2_n_0                                                                       | u_soc/u_rx_top/u_huffman_block_decoder/code_local[2][30]_i_1_n_0   |                0 |             31 |           NA |
|  clk_i_IBUF_BUFG | u_soc/u_rx_top/u_huffman_block_decoder/code_local[43][30]_i_2_n_0                                                                      | u_soc/u_rx_top/u_huffman_block_decoder/code_local[43][30]_i_1_n_0  |                0 |             31 |           NA |
|  clk_i_IBUF_BUFG | u_soc/u_rx_top/u_huffman_block_decoder/code_local[19][30]_i_2_n_0                                                                      | u_soc/u_rx_top/u_huffman_block_decoder/code_local[19][30]_i_1_n_0  |                0 |             31 |           NA |
|  clk_i_IBUF_BUFG | u_soc/u_rx_top/u_huffman_block_decoder/code_local[222][30]_i_2_n_0                                                                     | u_soc/u_rx_top/u_huffman_block_decoder/code_local[222][30]_i_1_n_0 |                0 |             31 |           NA |
|  clk_i_IBUF_BUFG | u_soc/u_rx_top/u_huffman_block_decoder/code_local[176][30]_i_2_n_0                                                                     | u_soc/u_rx_top/u_huffman_block_decoder/code_local[176][30]_i_1_n_0 |                0 |             31 |           NA |
|  clk_i_IBUF_BUFG | u_soc/u_rx_top/u_huffman_block_decoder/code_local[226][30]_i_2_n_0                                                                     | u_soc/u_rx_top/u_huffman_block_decoder/code_local[226][30]_i_1_n_0 |                0 |             31 |           NA |
|  clk_i_IBUF_BUFG | u_soc/u_rx_top/u_huffman_block_decoder/code_local[25][30]_i_2_n_0                                                                      | u_soc/u_rx_top/u_huffman_block_decoder/code_local[25][30]_i_1_n_0  |                0 |             31 |           NA |
|  clk_i_IBUF_BUFG | u_soc/u_rx_top/u_huffman_block_decoder/code_local[210][30]_i_2_n_0                                                                     | u_soc/u_rx_top/u_huffman_block_decoder/code_local[210][30]_i_1_n_0 |                0 |             31 |           NA |
|  clk_i_IBUF_BUFG | u_soc/u_rx_top/u_huffman_block_decoder/code_local[48][30]_i_2_n_0                                                                      | u_soc/u_rx_top/u_huffman_block_decoder/code_local[48][30]_i_1_n_0  |                0 |             31 |           NA |
|  clk_i_IBUF_BUFG | u_soc/u_rx_top/u_huffman_block_decoder/code_local[46][30]_i_2_n_0                                                                      | u_soc/u_rx_top/u_huffman_block_decoder/code_local[46][30]_i_1_n_0  |                0 |             31 |           NA |
|  clk_i_IBUF_BUFG | u_soc/u_rx_top/u_huffman_block_decoder/code_local[207][30]_i_2_n_0                                                                     | u_soc/u_rx_top/u_huffman_block_decoder/code_local[207][30]_i_1_n_0 |                0 |             31 |           NA |
|  clk_i_IBUF_BUFG | u_soc/u_rx_top/u_huffman_block_decoder/code_local[16][30]_i_2_n_0                                                                      | u_soc/u_rx_top/u_huffman_block_decoder/code_local[16][30]_i_1_n_0  |                0 |             31 |           NA |
|  clk_i_IBUF_BUFG | u_soc/u_rx_top/u_huffman_block_decoder/code_local[224][30]_i_2_n_0                                                                     | u_soc/u_rx_top/u_huffman_block_decoder/code_local[224][30]_i_1_n_0 |                0 |             31 |           NA |
|  clk_i_IBUF_BUFG | u_soc/u_rx_top/u_huffman_block_decoder/code_local[174][30]_i_2_n_0                                                                     | u_soc/u_rx_top/u_huffman_block_decoder/code_local[174][30]_i_1_n_0 |                0 |             31 |           NA |
|  clk_i_IBUF_BUFG | u_soc/u_rx_top/u_huffman_block_decoder/code_local[8][30]_i_2_n_0                                                                       | u_soc/u_rx_top/u_huffman_block_decoder/code_local[8][30]_i_1_n_0   |                0 |             31 |           NA |
|  clk_i_IBUF_BUFG | u_soc/u_rx_top/u_huffman_block_decoder/code_local[11][30]_i_2_n_0                                                                      | u_soc/u_rx_top/u_huffman_block_decoder/code_local[11][30]_i_1_n_0  |                0 |             31 |           NA |
|  clk_i_IBUF_BUFG | u_soc/u_rx_top/u_huffman_block_decoder/code_local[254][30]_i_2_n_0                                                                     | u_soc/u_rx_top/u_huffman_block_decoder/code_local[254][30]_i_1_n_0 |                0 |             31 |           NA |
|  clk_i_IBUF_BUFG | u_soc/u_rx_top/u_huffman_block_decoder/code_local[3][30]_i_2_n_0                                                                       | u_soc/u_rx_top/u_huffman_block_decoder/code_local[3][30]_i_1_n_0   |                0 |             31 |           NA |
|  clk_i_IBUF_BUFG | u_soc/u_rx_top/u_huffman_block_decoder/code_local[252][30]_i_2_n_0                                                                     | u_soc/u_rx_top/u_huffman_block_decoder/code_local[252][30]_i_1_n_0 |                0 |             31 |           NA |
|  clk_i_IBUF_BUFG | u_soc/u_rx_top/u_huffman_block_decoder/code_local[58][30]_i_2_n_0                                                                      | u_soc/u_rx_top/u_huffman_block_decoder/code_local[58][30]_i_1_n_0  |                0 |             31 |           NA |
|  clk_i_IBUF_BUFG | u_soc/u_rx_top/u_huffman_block_decoder/code_local[123][30]_i_2_n_0                                                                     | u_soc/u_rx_top/u_huffman_block_decoder/code_local[123][30]_i_1_n_0 |                0 |             31 |           NA |
|  clk_i_IBUF_BUFG | u_soc/u_rx_top/u_huffman_block_decoder/code_local[248][30]_i_2_n_0                                                                     | u_soc/u_rx_top/u_huffman_block_decoder/code_local[248][30]_i_1_n_0 |                0 |             31 |           NA |
|  clk_i_IBUF_BUFG | u_soc/u_rx_top/u_huffman_block_decoder/code_local[166][30]_i_2_n_0                                                                     | u_soc/u_rx_top/u_huffman_block_decoder/code_local[166][30]_i_1_n_0 |                0 |             31 |           NA |
|  clk_i_IBUF_BUFG | u_soc/u_rx_top/u_huffman_block_decoder/code_local[59][30]_i_2_n_0                                                                      | u_soc/u_rx_top/u_huffman_block_decoder/code_local[59][30]_i_1_n_0  |                0 |             31 |           NA |
|  clk_i_IBUF_BUFG | u_soc/u_rx_top/u_huffman_block_decoder/code_local[158][30]_i_2_n_0                                                                     | u_soc/u_rx_top/u_huffman_block_decoder/code_local[158][30]_i_1_n_0 |                0 |             31 |           NA |
|  clk_i_IBUF_BUFG | u_soc/u_rx_top/u_huffman_block_decoder/code_local[63][30]_i_2_n_0                                                                      | u_soc/u_rx_top/u_huffman_block_decoder/code_local[63][30]_i_1_n_0  |                0 |             31 |           NA |
|  clk_i_IBUF_BUFG | u_soc/u_rx_top/u_huffman_block_decoder/code_local[84][30]_i_2_n_0                                                                      | u_soc/u_rx_top/u_huffman_block_decoder/code_local[84][30]_i_1_n_0  |                0 |             31 |           NA |
|  clk_i_IBUF_BUFG | u_soc/u_rx_top/u_huffman_block_decoder/code_local[12][30]_i_2_n_0                                                                      | u_soc/u_rx_top/u_huffman_block_decoder/code_local[12][30]_i_1_n_0  |                0 |             31 |           NA |
|  clk_i_IBUF_BUFG | u_soc/u_rx_top/u_huffman_block_decoder/code_local[7][30]_i_2_n_0                                                                       | u_soc/u_rx_top/u_huffman_block_decoder/code_local[7][30]_i_1_n_0   |                0 |             31 |           NA |
|  clk_i_IBUF_BUFG | u_soc/u_rx_top/u_huffman_block_decoder/code_local[85][30]_i_2_n_0                                                                      | u_soc/u_rx_top/u_huffman_block_decoder/code_local[85][30]_i_1_n_0  |                0 |             31 |           NA |
|  clk_i_IBUF_BUFG | u_soc/u_rx_top/u_huffman_block_decoder/code_local[255][30]_i_2_n_0                                                                     | u_soc/u_rx_top/u_huffman_block_decoder/code_local[255][30]_i_1_n_0 |                0 |             31 |           NA |
|  clk_i_IBUF_BUFG | u_soc/u_rx_top/u_huffman_block_decoder/code_local[253][30]_i_2_n_0                                                                     | u_soc/u_rx_top/u_huffman_block_decoder/code_local[253][30]_i_1_n_0 |                0 |             31 |           NA |
|  clk_i_IBUF_BUFG | u_soc/u_rx_top/u_huffman_block_decoder/code_local[14][30]_i_2_n_0                                                                      | u_soc/u_rx_top/u_huffman_block_decoder/code_local[14][30]_i_1_n_0  |                0 |             31 |           NA |
|  clk_i_IBUF_BUFG | u_soc/u_rx_top/u_huffman_block_decoder/code_local[72][30]_i_2_n_0                                                                      | u_soc/u_rx_top/u_huffman_block_decoder/code_local[72][30]_i_1_n_0  |                0 |             31 |           NA |
|  clk_i_IBUF_BUFG | u_soc/u_rx_top/u_huffman_block_decoder/code_local[76][30]_i_2_n_0                                                                      | u_soc/u_rx_top/u_huffman_block_decoder/code_local[76][30]_i_1_n_0  |                0 |             31 |           NA |
|  clk_i_IBUF_BUFG | u_soc/u_rx_top/u_huffman_block_decoder/code_local[139][30]_i_2_n_0                                                                     | u_soc/u_rx_top/u_huffman_block_decoder/code_local[139][30]_i_1_n_0 |                0 |             31 |           NA |
|  clk_i_IBUF_BUFG | u_soc/u_rx_top/u_huffman_block_decoder/code_local[79][30]_i_2_n_0                                                                      | u_soc/u_rx_top/u_huffman_block_decoder/code_local[79][30]_i_1_n_0  |                0 |             31 |           NA |
|  clk_i_IBUF_BUFG | u_soc/u_rx_top/u_huffman_block_decoder/code_local[13][30]_i_2_n_0                                                                      | u_soc/u_rx_top/u_huffman_block_decoder/code_local[13][30]_i_1_n_0  |                0 |             31 |           NA |
|  clk_i_IBUF_BUFG | u_soc/u_rx_top/u_huffman_block_decoder/code_local[161][30]_i_2_n_0                                                                     | u_soc/u_rx_top/u_huffman_block_decoder/code_local[161][30]_i_1_n_0 |                0 |             31 |           NA |
|  clk_i_IBUF_BUFG | u_soc/u_rx_top/u_huffman_block_decoder/code_local[164][30]_i_2_n_0                                                                     | u_soc/u_rx_top/u_huffman_block_decoder/code_local[164][30]_i_1_n_0 |                0 |             31 |           NA |
|  clk_i_IBUF_BUFG | u_soc/u_rx_top/u_huffman_block_decoder/code_local[4][30]_i_2_n_0                                                                       | u_soc/u_rx_top/u_huffman_block_decoder/code_local[4][30]_i_1_n_0   |                0 |             31 |           NA |
|  clk_i_IBUF_BUFG | u_soc/u_rx_top/u_huffman_block_decoder/code_local[83][30]_i_2_n_0                                                                      | u_soc/u_rx_top/u_huffman_block_decoder/code_local[83][30]_i_1_n_0  |                0 |             31 |           NA |
|  clk_i_IBUF_BUFG | u_soc/u_rx_top/u_huffman_block_decoder/code_local[120][30]_i_2_n_0                                                                     | u_soc/u_rx_top/u_huffman_block_decoder/code_local[120][30]_i_1_n_0 |                0 |             31 |           NA |
|  clk_i_IBUF_BUFG | u_soc/u_rx_top/u_huffman_block_decoder/code_local[96][30]_i_2_n_0                                                                      | u_soc/u_rx_top/u_huffman_block_decoder/code_local[96][30]_i_1_n_0  |                0 |             31 |           NA |
|  clk_i_IBUF_BUFG | u_soc/u_rx_top/u_huffman_block_decoder/code_local[145][30]_i_2_n_0                                                                     | u_soc/u_rx_top/u_huffman_block_decoder/code_local[145][30]_i_1_n_0 |                0 |             31 |           NA |
|  clk_i_IBUF_BUFG | u_soc/u_rx_top/u_huffman_block_decoder/code_local[56][30]_i_2_n_0                                                                      | u_soc/u_rx_top/u_huffman_block_decoder/code_local[56][30]_i_1_n_0  |                0 |             31 |           NA |
|  clk_i_IBUF_BUFG | u_soc/u_rx_top/u_huffman_block_decoder/code_local[219][30]_i_2_n_0                                                                     | u_soc/u_rx_top/u_huffman_block_decoder/code_local[219][30]_i_1_n_0 |                0 |             31 |           NA |
|  clk_i_IBUF_BUFG | u_soc/u_rx_top/u_huffman_block_decoder/code_local[179][30]_i_2_n_0                                                                     | u_soc/u_rx_top/u_huffman_block_decoder/code_local[179][30]_i_1_n_0 |                0 |             31 |           NA |
|  clk_i_IBUF_BUFG | u_soc/u_rx_top/u_huffman_block_decoder/code_local[231][30]_i_2_n_0                                                                     | u_soc/u_rx_top/u_huffman_block_decoder/code_local[231][30]_i_1_n_0 |                0 |             31 |           NA |
|  clk_i_IBUF_BUFG | u_soc/u_rx_top/u_huffman_block_decoder/code_local[243][30]_i_2_n_0                                                                     | u_soc/u_rx_top/u_huffman_block_decoder/code_local[243][30]_i_1_n_0 |                0 |             31 |           NA |
|  clk_i_IBUF_BUFG | u_soc/u_rx_top/u_huffman_block_decoder/code_local[209][30]_i_2_n_0                                                                     | u_soc/u_rx_top/u_huffman_block_decoder/code_local[209][30]_i_1_n_0 |                0 |             31 |           NA |
|  clk_i_IBUF_BUFG | u_soc/u_rx_top/u_huffman_block_decoder/code_local[170][30]_i_2_n_0                                                                     | u_soc/u_rx_top/u_huffman_block_decoder/code_local[170][30]_i_1_n_0 |                0 |             31 |           NA |
|  clk_i_IBUF_BUFG | u_soc/u_rx_top/u_huffman_block_decoder/code_local[225][30]_i_2_n_0                                                                     | u_soc/u_rx_top/u_huffman_block_decoder/code_local[225][30]_i_1_n_0 |                0 |             31 |           NA |
|  clk_i_IBUF_BUFG | u_soc/u_rx_top/u_huffman_block_decoder/code_local[205][30]_i_2_n_0                                                                     | u_soc/u_rx_top/u_huffman_block_decoder/code_local[205][30]_i_1_n_0 |                0 |             31 |           NA |
|  clk_i_IBUF_BUFG | u_soc/u_rx_top/u_huffman_block_decoder/code_local[221][30]_i_2_n_0                                                                     | u_soc/u_rx_top/u_huffman_block_decoder/code_local[221][30]_i_1_n_0 |                0 |             31 |           NA |
|  clk_i_IBUF_BUFG | u_soc/u_rx_top/u_huffman_block_decoder/code_local[196][30]_i_2_n_0                                                                     | u_soc/u_rx_top/u_huffman_block_decoder/code_local[196][30]_i_1_n_0 |                0 |             31 |           NA |
|  clk_i_IBUF_BUFG | u_soc/u_rx_top/u_huffman_block_decoder/code_local[216][30]_i_2_n_0                                                                     | u_soc/u_rx_top/u_huffman_block_decoder/code_local[216][30]_i_1_n_0 |                0 |             31 |           NA |
|  clk_i_IBUF_BUFG | u_soc/u_rx_top/u_huffman_block_decoder/code_local[247][30]_i_2_n_0                                                                     | u_soc/u_rx_top/u_huffman_block_decoder/code_local[247][30]_i_1_n_0 |                0 |             31 |           NA |
|  clk_i_IBUF_BUFG | u_soc/u_rx_top/u_huffman_block_decoder/code_local[1][30]_i_2_n_0                                                                       | u_soc/u_rx_top/u_huffman_block_decoder/code_local[1][30]_i_1_n_0   |                0 |             31 |           NA |
|  clk_i_IBUF_BUFG | u_soc/u_rx_top/u_huffman_block_decoder/code_local[237][30]_i_2_n_0                                                                     | u_soc/u_rx_top/u_huffman_block_decoder/code_local[237][30]_i_1_n_0 |                0 |             31 |           NA |
|  clk_i_IBUF_BUFG | u_soc/u_rx_top/u_huffman_block_decoder/code_local[198][30]_i_2_n_0                                                                     | u_soc/u_rx_top/u_huffman_block_decoder/code_local[198][30]_i_1_n_0 |                0 |             31 |           NA |
|  clk_i_IBUF_BUFG | u_soc/u_rx_top/u_huffman_block_decoder/code_local[105][30]_i_2_n_0                                                                     | u_soc/u_rx_top/u_huffman_block_decoder/code_local[105][30]_i_1_n_0 |                0 |             31 |           NA |
|  clk_i_IBUF_BUFG | u_soc/u_rx_top/u_huffman_block_decoder/code_local[220][30]_i_2_n_0                                                                     | u_soc/u_rx_top/u_huffman_block_decoder/code_local[220][30]_i_1_n_0 |                0 |             31 |           NA |
|  clk_i_IBUF_BUFG | u_soc/u_rx_top/u_huffman_block_decoder/code_local[195][30]_i_2_n_0                                                                     | u_soc/u_rx_top/u_huffman_block_decoder/code_local[195][30]_i_1_n_0 |                0 |             31 |           NA |
|  clk_i_IBUF_BUFG | u_soc/u_rx_top/u_huffman_block_decoder/code_local[111][30]_i_2_n_0                                                                     | u_soc/u_rx_top/u_huffman_block_decoder/code_local[111][30]_i_1_n_0 |                0 |             31 |           NA |
|  clk_i_IBUF_BUFG | u_soc/u_rx_top/u_huffman_block_decoder/code_local[171][30]_i_2_n_0                                                                     | u_soc/u_rx_top/u_huffman_block_decoder/code_local[171][30]_i_1_n_0 |                0 |             31 |           NA |
|  clk_i_IBUF_BUFG | u_soc/u_rx_top/u_huffman_block_decoder/code_local[218][30]_i_2_n_0                                                                     | u_soc/u_rx_top/u_huffman_block_decoder/code_local[218][30]_i_1_n_0 |                0 |             31 |           NA |
|  clk_i_IBUF_BUFG | u_soc/u_rx_top/u_huffman_block_decoder/code_local[232][30]_i_2_n_0                                                                     | u_soc/u_rx_top/u_huffman_block_decoder/code_local[232][30]_i_1_n_0 |                0 |             31 |           NA |
|  clk_i_IBUF_BUFG | u_soc/u_rx_top/u_huffman_block_decoder/code_local[5][30]_i_2_n_0                                                                       | u_soc/u_rx_top/u_huffman_block_decoder/code_local[5][30]_i_1_n_0   |                0 |             31 |           NA |
|  clk_i_IBUF_BUFG | u_soc/u_rx_top/u_huffman_block_decoder/code_local[115][30]_i_2_n_0                                                                     | u_soc/u_rx_top/u_huffman_block_decoder/code_local[115][30]_i_1_n_0 |                0 |             31 |           NA |
|  clk_i_IBUF_BUFG | u_soc/u_rx_top/u_huffman_block_decoder/code_local[6][30]_i_2_n_0                                                                       | u_soc/u_rx_top/u_huffman_block_decoder/code_local[6][30]_i_1_n_0   |                0 |             31 |           NA |
|  clk_i_IBUF_BUFG | u_soc/u_rx_top/u_huffman_block_decoder/code_local[233][30]_i_2_n_0                                                                     | u_soc/u_rx_top/u_huffman_block_decoder/code_local[233][30]_i_1_n_0 |                0 |             31 |           NA |
|  clk_i_IBUF_BUFG | u_soc/u_rx_top/u_huffman_block_decoder/code_local[197][30]_i_2_n_0                                                                     | u_soc/u_rx_top/u_huffman_block_decoder/code_local[197][30]_i_1_n_0 |                0 |             31 |           NA |
|  clk_i_IBUF_BUFG | u_soc/u_rx_top/u_huffman_block_decoder/code_local[235][30]_i_2_n_0                                                                     | u_soc/u_rx_top/u_huffman_block_decoder/code_local[235][30]_i_1_n_0 |                0 |             31 |           NA |
|  clk_i_IBUF_BUFG | u_soc/u_rx_top/u_huffman_block_decoder/code_local[9][30]_i_2_n_0                                                                       | u_soc/u_rx_top/u_huffman_block_decoder/code_local[9][30]_i_1_n_0   |                0 |             31 |           NA |
|  clk_i_IBUF_BUFG | u_soc/u_rx_top/u_huffman_block_decoder/code_local[10][30]_i_2_n_0                                                                      | u_soc/u_rx_top/u_huffman_block_decoder/code_local[10][30]_i_1_n_0  |                0 |             31 |           NA |
|  clk_i_IBUF_BUFG | u_soc/u_rx_top/u_huffman_block_decoder/code_local[144][30]_i_2_n_0                                                                     | u_soc/u_rx_top/u_huffman_block_decoder/code_local[144][30]_i_1_n_0 |                0 |             31 |           NA |
|  clk_i_IBUF_BUFG | u_soc/u_rx_top/u_huffman_block_decoder/code_local[146][30]_i_2_n_0                                                                     | u_soc/u_rx_top/u_huffman_block_decoder/code_local[146][30]_i_1_n_0 |                0 |             31 |           NA |
|  clk_i_IBUF_BUFG | u_soc/u_rx_top/u_huffman_block_decoder/code_local[148][30]_i_2_n_0                                                                     | u_soc/u_rx_top/u_huffman_block_decoder/code_local[148][30]_i_1_n_0 |                0 |             31 |           NA |
|  clk_i_IBUF_BUFG | u_soc/u_rx_top/u_huffman_block_decoder/code_local[149][30]_i_2_n_0                                                                     | u_soc/u_rx_top/u_huffman_block_decoder/code_local[149][30]_i_1_n_0 |                0 |             31 |           NA |
|  clk_i_IBUF_BUFG | u_soc/u_rx_top/u_huffman_block_decoder/code_local[151][30]_i_2_n_0                                                                     | u_soc/u_rx_top/u_huffman_block_decoder/code_local[151][30]_i_1_n_0 |                0 |             31 |           NA |
|  clk_i_IBUF_BUFG | u_soc/u_rx_top/u_huffman_block_decoder/code_local[152][30]_i_2_n_0                                                                     | u_soc/u_rx_top/u_huffman_block_decoder/code_local[152][30]_i_1_n_0 |                0 |             31 |           NA |
|  clk_i_IBUF_BUFG | u_soc/u_rx_top/u_huffman_block_decoder/code_local[153][30]_i_2_n_0                                                                     | u_soc/u_rx_top/u_huffman_block_decoder/code_local[153][30]_i_1_n_0 |                0 |             31 |           NA |
|  clk_i_IBUF_BUFG | u_soc/u_rx_top/u_huffman_block_decoder/code_local[154][30]_i_2_n_0                                                                     | u_soc/u_rx_top/u_huffman_block_decoder/code_local[154][30]_i_1_n_0 |                0 |             31 |           NA |
|  clk_i_IBUF_BUFG | u_soc/u_rx_top/u_huffman_block_decoder/code_local[155][30]_i_2_n_0                                                                     | u_soc/u_rx_top/u_huffman_block_decoder/code_local[155][30]_i_1_n_0 |                0 |             31 |           NA |
|  clk_i_IBUF_BUFG | u_soc/u_rx_top/u_huffman_block_decoder/code_local[156][30]_i_2_n_0                                                                     | u_soc/u_rx_top/u_huffman_block_decoder/code_local[156][30]_i_1_n_0 |                0 |             31 |           NA |
|  clk_i_IBUF_BUFG | u_soc/u_rx_top/u_huffman_block_decoder/code_local[157][30]_i_2_n_0                                                                     | u_soc/u_rx_top/u_huffman_block_decoder/code_local[157][30]_i_1_n_0 |                0 |             31 |           NA |
|  clk_i_IBUF_BUFG | u_soc/u_rx_top/u_huffman_block_decoder/code_local[160][30]_i_2_n_0                                                                     | u_soc/u_rx_top/u_huffman_block_decoder/code_local[160][30]_i_1_n_0 |                0 |             31 |           NA |
|  clk_i_IBUF_BUFG | u_soc/u_rx_top/u_huffman_block_decoder/code_local[162][30]_i_2_n_0                                                                     | u_soc/u_rx_top/u_huffman_block_decoder/code_local[162][30]_i_1_n_0 |                0 |             31 |           NA |
|  clk_i_IBUF_BUFG | u_soc/u_rx_top/u_huffman_block_decoder/code_local[165][30]_i_2_n_0                                                                     | u_soc/u_rx_top/u_huffman_block_decoder/code_local[165][30]_i_1_n_0 |                0 |             31 |           NA |
|  clk_i_IBUF_BUFG | u_soc/u_rx_top/u_huffman_block_decoder/code_local[167][30]_i_2_n_0                                                                     | u_soc/u_rx_top/u_huffman_block_decoder/code_local[167][30]_i_1_n_0 |                0 |             31 |           NA |
|  clk_i_IBUF_BUFG | u_soc/u_rx_top/u_huffman_block_decoder/code_local[208][30]_i_2_n_0                                                                     | u_soc/u_rx_top/u_huffman_block_decoder/code_local[208][30]_i_1_n_0 |                0 |             31 |           NA |
|  clk_i_IBUF_BUFG | u_soc/u_rx_top/u_huffman_block_decoder/code_local[133][30]_i_2_n_0                                                                     | u_soc/u_rx_top/u_huffman_block_decoder/code_local[133][30]_i_1_n_0 |                0 |             31 |           NA |
|  clk_i_IBUF_BUFG | u_soc/u_rx_top/u_huffman_block_decoder/code_local[227][30]_i_2_n_0                                                                     | u_soc/u_rx_top/u_huffman_block_decoder/code_local[227][30]_i_1_n_0 |                0 |             31 |           NA |
|  clk_i_IBUF_BUFG | u_soc/u_rx_top/u_huffman_block_decoder/code_local[186][30]_i_2_n_0                                                                     | u_soc/u_rx_top/u_huffman_block_decoder/code_local[186][30]_i_1_n_0 |                0 |             31 |           NA |
|  clk_i_IBUF_BUFG | u_soc/u_rx_top/u_huffman_block_decoder/code_local[109][30]_i_2_n_0                                                                     | u_soc/u_rx_top/u_huffman_block_decoder/code_local[109][30]_i_1_n_0 |                0 |             31 |           NA |
|  clk_i_IBUF_BUFG | u_soc/u_rx_top/u_huffman_block_decoder/code_local[194][30]_i_2_n_0                                                                     | u_soc/u_rx_top/u_huffman_block_decoder/code_local[194][30]_i_1_n_0 |                0 |             31 |           NA |
|  clk_i_IBUF_BUFG | u_soc/u_rx_top/u_huffman_block_decoder/code_local[213][30]_i_2_n_0                                                                     | u_soc/u_rx_top/u_huffman_block_decoder/code_local[213][30]_i_1_n_0 |                0 |             31 |           NA |
|  clk_i_IBUF_BUFG | u_soc/u_rx_top/u_huffman_block_decoder/code_local[104][30]_i_2_n_0                                                                     | u_soc/u_rx_top/u_huffman_block_decoder/code_local[104][30]_i_1_n_0 |                0 |             31 |           NA |
|  clk_i_IBUF_BUFG | u_soc/u_rx_top/u_huffman_block_decoder/code_local[228][30]_i_2_n_0                                                                     | u_soc/u_rx_top/u_huffman_block_decoder/code_local[228][30]_i_1_n_0 |                0 |             31 |           NA |
|  clk_i_IBUF_BUFG | u_soc/u_rx_top/u_huffman_block_decoder/code_local[223][30]_i_2_n_0                                                                     | u_soc/u_rx_top/u_huffman_block_decoder/code_local[223][30]_i_1_n_0 |                0 |             31 |           NA |
|  clk_i_IBUF_BUFG | u_soc/u_rx_top/u_huffman_block_decoder/code_local[230][30]_i_2_n_0                                                                     | u_soc/u_rx_top/u_huffman_block_decoder/code_local[230][30]_i_1_n_0 |                0 |             31 |           NA |
|  clk_i_IBUF_BUFG | u_soc/u_rx_top/u_huffman_block_decoder/code_local[168][30]_i_2_n_0                                                                     | u_soc/u_rx_top/u_huffman_block_decoder/code_local[168][30]_i_1_n_0 |                0 |             31 |           NA |
|  clk_i_IBUF_BUFG | u_soc/u_rx_top/u_huffman_block_decoder/code_local[236][30]_i_2_n_0                                                                     | u_soc/u_rx_top/u_huffman_block_decoder/code_local[236][30]_i_1_n_0 |                0 |             31 |           NA |
|  clk_i_IBUF_BUFG | u_soc/u_rx_top/u_huffman_block_decoder/code_local[175][30]_i_2_n_0                                                                     | u_soc/u_rx_top/u_huffman_block_decoder/code_local[175][30]_i_1_n_0 |                0 |             31 |           NA |
|  clk_i_IBUF_BUFG | u_soc/u_rx_top/u_huffman_block_decoder/code_local[159][30]_i_2_n_0                                                                     | u_soc/u_rx_top/u_huffman_block_decoder/code_local[159][30]_i_1_n_0 |                0 |             31 |           NA |
|  clk_i_IBUF_BUFG | u_soc/u_rx_top/u_huffman_block_decoder/code_local[98][30]_i_2_n_0                                                                      | u_soc/u_rx_top/u_huffman_block_decoder/code_local[98][30]_i_1_n_0  |                0 |             31 |           NA |
|  clk_i_IBUF_BUFG | u_soc/u_rx_top/u_huffman_block_decoder/code_local[88][30]_i_2_n_0                                                                      | u_soc/u_rx_top/u_huffman_block_decoder/code_local[88][30]_i_1_n_0  |                0 |             31 |           NA |
|  clk_i_IBUF_BUFG | u_soc/u_rx_top/u_huffman_block_decoder/code_local[89][30]_i_2_n_0                                                                      | u_soc/u_rx_top/u_huffman_block_decoder/code_local[89][30]_i_1_n_0  |                0 |             31 |           NA |
|  clk_i_IBUF_BUFG | u_soc/u_rx_top/u_huffman_block_decoder/code_local[150][30]_i_2_n_0                                                                     | u_soc/u_rx_top/u_huffman_block_decoder/code_local[150][30]_i_1_n_0 |                0 |             31 |           NA |
|  clk_i_IBUF_BUFG | u_soc/u_rx_top/u_huffman_block_decoder/code_local[31][30]_i_2_n_0                                                                      | u_soc/u_rx_top/u_huffman_block_decoder/code_local[31][30]_i_1_n_0  |                0 |             31 |           NA |
|  clk_i_IBUF_BUFG | u_soc/u_rx_top/u_huffman_block_decoder/code_local[60][30]_i_2_n_0                                                                      | u_soc/u_rx_top/u_huffman_block_decoder/code_local[60][30]_i_1_n_0  |                0 |             31 |           NA |
|  clk_i_IBUF_BUFG | u_soc/u_rx_top/u_huffman_block_decoder/code_local[47][30]_i_2_n_0                                                                      | u_soc/u_rx_top/u_huffman_block_decoder/code_local[47][30]_i_1_n_0  |                0 |             31 |           NA |
|  clk_i_IBUF_BUFG | u_soc/u_rx_top/u_huffman_block_decoder/code_local[95][30]_i_2_n_0                                                                      | u_soc/u_rx_top/u_huffman_block_decoder/code_local[95][30]_i_1_n_0  |                0 |             31 |           NA |
|  clk_i_IBUF_BUFG | u_soc/u_rx_top/u_huffman_block_decoder/code_local[117][30]_i_2_n_0                                                                     | u_soc/u_rx_top/u_huffman_block_decoder/code_local[117][30]_i_1_n_0 |                0 |             31 |           NA |
|  clk_i_IBUF_BUFG | u_soc/u_rx_top/u_huffman_block_decoder/code_local[61][30]_i_2_n_0                                                                      | u_soc/u_rx_top/u_huffman_block_decoder/code_local[61][30]_i_1_n_0  |                0 |             31 |           NA |
|  clk_i_IBUF_BUFG | u_soc/u_rx_top/u_huffman_block_decoder/code_local[62][30]_i_2_n_0                                                                      | u_soc/u_rx_top/u_huffman_block_decoder/code_local[62][30]_i_1_n_0  |                0 |             31 |           NA |
|  clk_i_IBUF_BUFG | u_soc/u_rx_top/u_huffman_block_decoder/code_local[192][30]_i_2_n_0                                                                     | u_soc/u_rx_top/u_huffman_block_decoder/code_local[192][30]_i_1_n_0 |                0 |             31 |           NA |
|  clk_i_IBUF_BUFG | u_soc/u_rx_top/u_huffman_block_decoder/code_local[44][30]_i_2_n_0                                                                      | u_soc/u_rx_top/u_huffman_block_decoder/code_local[44][30]_i_1_n_0  |                0 |             31 |           NA |
|  clk_i_IBUF_BUFG | u_soc/u_rx_top/u_huffman_block_decoder/code_local[184][30]_i_2_n_0                                                                     | u_soc/u_rx_top/u_huffman_block_decoder/code_local[184][30]_i_1_n_0 |                0 |             31 |           NA |
|  clk_i_IBUF_BUFG | u_soc/u_rx_top/u_huffman_block_decoder/code_local[185][30]_i_2_n_0                                                                     | u_soc/u_rx_top/u_huffman_block_decoder/code_local[185][30]_i_1_n_0 |                0 |             31 |           NA |
|  clk_i_IBUF_BUFG | u_soc/u_rx_top/u_huffman_block_decoder/code_local[74][30]_i_2_n_0                                                                      | u_soc/u_rx_top/u_huffman_block_decoder/code_local[74][30]_i_1_n_0  |                0 |             31 |           NA |
|  clk_i_IBUF_BUFG | u_soc/u_rx_top/u_huffman_block_decoder/code_local[110][30]_i_2_n_0                                                                     | u_soc/u_rx_top/u_huffman_block_decoder/code_local[110][30]_i_1_n_0 |                0 |             31 |           NA |
|  clk_i_IBUF_BUFG | u_soc/u_rx_top/u_huffman_block_decoder/code_local[38][30]_i_2_n_0                                                                      | u_soc/u_rx_top/u_huffman_block_decoder/code_local[38][30]_i_1_n_0  |                0 |             31 |           NA |
|  clk_i_IBUF_BUFG | u_soc/u_rx_top/u_huffman_block_decoder/code_local[75][30]_i_2_n_0                                                                      | u_soc/u_rx_top/u_huffman_block_decoder/code_local[75][30]_i_1_n_0  |                0 |             31 |           NA |
|  clk_i_IBUF_BUFG | u_soc/u_rx_top/u_huffman_block_decoder/code_local[82][30]_i_2_n_0                                                                      | u_soc/u_rx_top/u_huffman_block_decoder/code_local[82][30]_i_1_n_0  |                0 |             31 |           NA |
|  clk_i_IBUF_BUFG | u_soc/u_rx_top/u_huffman_block_decoder/code_local[193][30]_i_2_n_0                                                                     | u_soc/u_rx_top/u_huffman_block_decoder/code_local[193][30]_i_1_n_0 |                0 |             31 |           NA |
|  clk_i_IBUF_BUFG | u_soc/u_rx_top/u_huffman_block_decoder/code_local[94][30]_i_2_n_0                                                                      | u_soc/u_rx_top/u_huffman_block_decoder/code_local[94][30]_i_1_n_0  |                0 |             31 |           NA |
|  clk_i_IBUF_BUFG | u_soc/u_rx_top/u_huffman_block_decoder/code_local[189][30]_i_2_n_0                                                                     | u_soc/u_rx_top/u_huffman_block_decoder/code_local[189][30]_i_1_n_0 |                0 |             31 |           NA |
|  clk_i_IBUF_BUFG | u_soc/u_rx_top/u_huffman_block_decoder/code_local[188][30]_i_2_n_0                                                                     | u_soc/u_rx_top/u_huffman_block_decoder/code_local[188][30]_i_1_n_0 |                0 |             31 |           NA |
|  clk_i_IBUF_BUFG | u_soc/u_rx_top/u_huffman_block_decoder/code_local[101][30]_i_2_n_0                                                                     | u_soc/u_rx_top/u_huffman_block_decoder/code_local[101][30]_i_1_n_0 |                0 |             31 |           NA |
|  clk_i_IBUF_BUFG | u_soc/u_rx_top/u_huffman_block_decoder/code_local[78][30]_i_2_n_0                                                                      | u_soc/u_rx_top/u_huffman_block_decoder/code_local[78][30]_i_1_n_0  |                0 |             31 |           NA |
|  clk_i_IBUF_BUFG | u_soc/u_rx_top/u_huffman_block_decoder/code_local[187][30]_i_2_n_0                                                                     | u_soc/u_rx_top/u_huffman_block_decoder/code_local[187][30]_i_1_n_0 |                0 |             31 |           NA |
|  clk_i_IBUF_BUFG | u_soc/u_rx_top/u_huffman_block_decoder/code_local[183][30]_i_2_n_0                                                                     | u_soc/u_rx_top/u_huffman_block_decoder/code_local[183][30]_i_1_n_0 |                0 |             31 |           NA |
|  clk_i_IBUF_BUFG | u_soc/u_rx_top/u_huffman_block_decoder/code_local[190][30]_i_2_n_0                                                                     | u_soc/u_rx_top/u_huffman_block_decoder/code_local[190][30]_i_1_n_0 |                0 |             31 |           NA |
|  clk_i_IBUF_BUFG | u_soc/u_rx_top/u_huffman_block_decoder/code_local[45][30]_i_2_n_0                                                                      | u_soc/u_rx_top/u_huffman_block_decoder/code_local[45][30]_i_1_n_0  |                0 |             31 |           NA |
|  clk_i_IBUF_BUFG | u_soc/u_rx_top/u_huffman_block_decoder/code_local[41][30]_i_2_n_0                                                                      | u_soc/u_rx_top/u_huffman_block_decoder/code_local[41][30]_i_1_n_0  |                0 |             31 |           NA |
|  clk_i_IBUF_BUFG | u_soc/u_rx_top/u_huffman_block_decoder/code_local[86][30]_i_2_n_0                                                                      | u_soc/u_rx_top/u_huffman_block_decoder/code_local[86][30]_i_1_n_0  |                0 |             31 |           NA |
|  clk_i_IBUF_BUFG | u_soc/u_rx_top/u_huffman_block_decoder/code_local[32][30]_i_2_n_0                                                                      | u_soc/u_rx_top/u_huffman_block_decoder/code_local[32][30]_i_1_n_0  |                0 |             31 |           NA |
|  clk_i_IBUF_BUFG | u_soc/u_rx_top/u_huffman_block_decoder/code_local[131][30]_i_2_n_0                                                                     | u_soc/u_rx_top/u_huffman_block_decoder/code_local[131][30]_i_1_n_0 |                0 |             31 |           NA |
|  clk_i_IBUF_BUFG | u_soc/u_rx_top/u_huffman_block_decoder/code_local[128][30]_i_2_n_0                                                                     | u_soc/u_rx_top/u_huffman_block_decoder/code_local[128][30]_i_1_n_0 |                0 |             31 |           NA |
|  clk_i_IBUF_BUFG | u_soc/u_rx_top/u_huffman_block_decoder/code_local[140][30]_i_2_n_0                                                                     | u_soc/u_rx_top/u_huffman_block_decoder/code_local[140][30]_i_1_n_0 |                0 |             31 |           NA |
|  clk_i_IBUF_BUFG | u_soc/u_rx_top/u_huffman_block_decoder/code_local[91][30]_i_2_n_0                                                                      | u_soc/u_rx_top/u_huffman_block_decoder/code_local[91][30]_i_1_n_0  |                0 |             31 |           NA |
|  clk_i_IBUF_BUFG | u_soc/u_rx_top/u_huffman_block_decoder/code_local[211][30]_i_2_n_0                                                                     | u_soc/u_rx_top/u_huffman_block_decoder/code_local[211][30]_i_1_n_0 |                0 |             31 |           NA |
|  clk_i_IBUF_BUFG | u_soc/u_rx_top/u_huffman_block_decoder/code_local[118][30]_i_2_n_0                                                                     | u_soc/u_rx_top/u_huffman_block_decoder/code_local[118][30]_i_1_n_0 |                0 |             31 |           NA |
|  clk_i_IBUF_BUFG | u_soc/u_rx_top/u_huffman_block_decoder/code_local[93][30]_i_2_n_0                                                                      | u_soc/u_rx_top/u_huffman_block_decoder/code_local[93][30]_i_1_n_0  |                0 |             31 |           NA |
|  clk_i_IBUF_BUFG | u_soc/u_rx_top/u_huffman_block_decoder/code_local[102][30]_i_2_n_0                                                                     | u_soc/u_rx_top/u_huffman_block_decoder/code_local[102][30]_i_1_n_0 |                0 |             31 |           NA |
|  clk_i_IBUF_BUFG | u_soc/u_rx_top/u_huffman_block_decoder/code_local[103][30]_i_2_n_0                                                                     | u_soc/u_rx_top/u_huffman_block_decoder/code_local[103][30]_i_1_n_0 |                0 |             31 |           NA |
|  clk_i_IBUF_BUFG | u_soc/u_rx_top/u_huffman_block_decoder/code_local[106][30]_i_2_n_0                                                                     | u_soc/u_rx_top/u_huffman_block_decoder/code_local[106][30]_i_1_n_0 |                0 |             31 |           NA |
|  clk_i_IBUF_BUFG | u_soc/u_rx_top/u_huffman_block_decoder/code_local[112][30]_i_2_n_0                                                                     | u_soc/u_rx_top/u_huffman_block_decoder/code_local[112][30]_i_1_n_0 |                0 |             31 |           NA |
|  clk_i_IBUF_BUFG | u_soc/u_rx_top/u_huffman_block_decoder/code_local[114][30]_i_2_n_0                                                                     | u_soc/u_rx_top/u_huffman_block_decoder/code_local[114][30]_i_1_n_0 |                0 |             31 |           NA |
|  clk_i_IBUF_BUFG | u_soc/u_rx_top/u_huffman_block_decoder/code_local[68][30]_i_2_n_0                                                                      | u_soc/u_rx_top/u_huffman_block_decoder/code_local[68][30]_i_1_n_0  |                0 |             31 |           NA |
|  clk_i_IBUF_BUFG | u_soc/u_rx_top/u_huffman_block_decoder/code_local[71][30]_i_2_n_0                                                                      | u_soc/u_rx_top/u_huffman_block_decoder/code_local[71][30]_i_1_n_0  |                0 |             31 |           NA |
|  clk_i_IBUF_BUFG | u_soc/u_rx_top/u_huffman_block_decoder/code_local[147][30]_i_2_n_0                                                                     | u_soc/u_rx_top/u_huffman_block_decoder/code_local[147][30]_i_1_n_0 |                0 |             31 |           NA |
|  clk_i_IBUF_BUFG | u_soc/u_rx_top/u_huffman_block_decoder/code_local[251][30]_i_2_n_0                                                                     | u_soc/u_rx_top/u_huffman_block_decoder/code_local[251][30]_i_1_n_0 |                0 |             31 |           NA |
|  clk_i_IBUF_BUFG | u_soc/u_rx_top/u_huffman_block_decoder/code_local[137][30]_i_2_n_0                                                                     | u_soc/u_rx_top/u_huffman_block_decoder/code_local[137][30]_i_1_n_0 |                0 |             31 |           NA |
|  clk_i_IBUF_BUFG | u_soc/u_rx_top/u_huffman_block_decoder/code_local[77][30]_i_2_n_0                                                                      | u_soc/u_rx_top/u_huffman_block_decoder/code_local[77][30]_i_1_n_0  |                0 |             31 |           NA |
|  clk_i_IBUF_BUFG | u_soc/u_rx_top/u_huffman_block_decoder/code_local[81][30]_i_2_n_0                                                                      | u_soc/u_rx_top/u_huffman_block_decoder/code_local[81][30]_i_1_n_0  |                0 |             31 |           NA |
|  clk_i_IBUF_BUFG | u_soc/u_rx_top/u_huffman_block_decoder/code_local[87][30]_i_2_n_0                                                                      | u_soc/u_rx_top/u_huffman_block_decoder/code_local[87][30]_i_1_n_0  |                0 |             31 |           NA |
|  clk_i_IBUF_BUFG | u_soc/u_rx_top/u_huffman_block_decoder/code_local[97][30]_i_2_n_0                                                                      | u_soc/u_rx_top/u_huffman_block_decoder/code_local[97][30]_i_1_n_0  |                0 |             31 |           NA |
|  clk_i_IBUF_BUFG | u_soc/u_rx_top/u_huffman_block_decoder/code_local[90][30]_i_2_n_0                                                                      | u_soc/u_rx_top/u_huffman_block_decoder/code_local[90][30]_i_1_n_0  |                0 |             31 |           NA |
|  clk_i_IBUF_BUFG | u_soc/u_rx_top/u_huffman_block_decoder/code_local[53][30]_i_2_n_0                                                                      | u_soc/u_rx_top/u_huffman_block_decoder/code_local[53][30]_i_1_n_0  |                0 |             31 |           NA |
|  clk_i_IBUF_BUFG | u_soc/u_rx_top/u_huffman_block_decoder/code_local[107][30]_i_2_n_0                                                                     | u_soc/u_rx_top/u_huffman_block_decoder/code_local[107][30]_i_1_n_0 |                0 |             31 |           NA |
|  clk_i_IBUF_BUFG | u_soc/u_rx_top/u_huffman_block_decoder/code_local[66][30]_i_2_n_0                                                                      | u_soc/u_rx_top/u_huffman_block_decoder/code_local[66][30]_i_1_n_0  |                0 |             31 |           NA |
|  clk_i_IBUF_BUFG | u_soc/u_rx_top/u_huffman_block_decoder/code_local[238][30]_i_2_n_0                                                                     | u_soc/u_rx_top/u_huffman_block_decoder/code_local[238][30]_i_1_n_0 |                0 |             31 |           NA |
|  clk_i_IBUF_BUFG | u_soc/u_rx_top/u_huffman_block_decoder/code_local[70][30]_i_2_n_0                                                                      | u_soc/u_rx_top/u_huffman_block_decoder/code_local[70][30]_i_1_n_0  |                0 |             31 |           NA |
|  clk_i_IBUF_BUFG | u_soc/u_rx_top/u_huffman_block_decoder/code_local[40][30]_i_2_n_0                                                                      | u_soc/u_rx_top/u_huffman_block_decoder/code_local[40][30]_i_1_n_0  |                0 |             31 |           NA |
|  clk_i_IBUF_BUFG | u_soc/u_rx_top/u_huffman_block_decoder/code_local[50][30]_i_2_n_0                                                                      | u_soc/u_rx_top/u_huffman_block_decoder/code_local[50][30]_i_1_n_0  |                0 |             31 |           NA |
|  clk_i_IBUF_BUFG | u_soc/u_rx_top/u_huffman_block_decoder/code_local[55][30]_i_2_n_0                                                                      | u_soc/u_rx_top/u_huffman_block_decoder/code_local[55][30]_i_1_n_0  |                0 |             31 |           NA |
|  clk_i_IBUF_BUFG | u_soc/u_rx_top/u_huffman_block_decoder/code_local[65][30]_i_2_n_0                                                                      | u_soc/u_rx_top/u_huffman_block_decoder/code_local[65][30]_i_1_n_0  |                0 |             31 |           NA |
|  clk_i_IBUF_BUFG | u_soc/u_rx_top/u_huffman_block_decoder/code_local[244][30]_i_2_n_0                                                                     | u_soc/u_rx_top/u_huffman_block_decoder/code_local[244][30]_i_1_n_0 |                0 |             31 |           NA |
|  clk_i_IBUF_BUFG | u_soc/u_rx_top/u_huffman_block_decoder/code_local[64][30]_i_2_n_0                                                                      | u_soc/u_rx_top/u_huffman_block_decoder/code_local[64][30]_i_1_n_0  |                0 |             31 |           NA |
|  clk_i_IBUF_BUFG | u_soc/u_rx_top/u_huffman_block_decoder/code_local[113][30]_i_2_n_0                                                                     | u_soc/u_rx_top/u_huffman_block_decoder/code_local[113][30]_i_1_n_0 |                0 |             31 |           NA |
|  clk_i_IBUF_BUFG | u_soc/u_rx_top/u_huffman_block_decoder/code_local[73][30]_i_2_n_0                                                                      | u_soc/u_rx_top/u_huffman_block_decoder/code_local[73][30]_i_1_n_0  |                0 |             31 |           NA |
|  clk_i_IBUF_BUFG | u_soc/u_rx_top/u_huffman_block_decoder/code_local[201][30]_i_2_n_0                                                                     | u_soc/u_rx_top/u_huffman_block_decoder/code_local[201][30]_i_1_n_0 |                0 |             31 |           NA |
|  clk_i_IBUF_BUFG | u_soc/u_rx_top/u_huffman_block_decoder/code_local[180][30]_i_2_n_0                                                                     | u_soc/u_rx_top/u_huffman_block_decoder/code_local[180][30]_i_1_n_0 |                0 |             31 |           NA |
|  clk_i_IBUF_BUFG | u_soc/u_rx_top/u_huffman_block_decoder/code_local[116][30]_i_2_n_0                                                                     | u_soc/u_rx_top/u_huffman_block_decoder/code_local[116][30]_i_1_n_0 |                0 |             31 |           NA |
|  clk_i_IBUF_BUFG | u_soc/u_rx_top/u_huffman_block_decoder/code_local[217][30]_i_2_n_0                                                                     | u_soc/u_rx_top/u_huffman_block_decoder/code_local[217][30]_i_1_n_0 |                0 |             31 |           NA |
|  clk_i_IBUF_BUFG | u_soc/u_rx_top/u_huffman_block_decoder/code_local[127][30]_i_2_n_0                                                                     | u_soc/u_rx_top/u_huffman_block_decoder/code_local[127][30]_i_1_n_0 |                0 |             31 |           NA |
|  clk_i_IBUF_BUFG | u_soc/u_rx_top/u_huffman_block_decoder/code_local[42][30]_i_2_n_0                                                                      | u_soc/u_rx_top/u_huffman_block_decoder/code_local[42][30]_i_1_n_0  |                0 |             31 |           NA |
|  clk_i_IBUF_BUFG | u_soc/u_rx_top/u_huffman_block_decoder/code_local[37][30]_i_2_n_0                                                                      | u_soc/u_rx_top/u_huffman_block_decoder/code_local[37][30]_i_1_n_0  |                0 |             31 |           NA |
|  clk_i_IBUF_BUFG | u_soc/u_rx_top/u_huffman_block_decoder/code_local[18][30]_i_2_n_0                                                                      | u_soc/u_rx_top/u_huffman_block_decoder/code_local[18][30]_i_1_n_0  |                0 |             31 |           NA |
|  clk_i_IBUF_BUFG | u_soc/u_rx_top/u_huffman_block_decoder/code_local[17][30]_i_2_n_0                                                                      | u_soc/u_rx_top/u_huffman_block_decoder/code_local[17][30]_i_1_n_0  |                0 |             31 |           NA |
|  clk_i_IBUF_BUFG | u_soc/u_rx_top/u_huffman_block_decoder/code_local[21][30]_i_2_n_0                                                                      | u_soc/u_rx_top/u_huffman_block_decoder/code_local[21][30]_i_1_n_0  |                0 |             31 |           NA |
|  clk_i_IBUF_BUFG | u_soc/u_rx_top/u_huffman_block_decoder/code_local[23][30]_i_2_n_0                                                                      | u_soc/u_rx_top/u_huffman_block_decoder/code_local[23][30]_i_1_n_0  |                0 |             31 |           NA |
|  clk_i_IBUF_BUFG | u_soc/u_rx_top/u_huffman_block_decoder/code_local[26][30]_i_2_n_0                                                                      | u_soc/u_rx_top/u_huffman_block_decoder/code_local[26][30]_i_1_n_0  |                0 |             31 |           NA |
|  clk_i_IBUF_BUFG | u_soc/u_rx_top/u_huffman_block_decoder/code_local[27][30]_i_2_n_0                                                                      | u_soc/u_rx_top/u_huffman_block_decoder/code_local[27][30]_i_1_n_0  |                0 |             31 |           NA |
|  clk_i_IBUF_BUFG | u_soc/u_rx_top/u_huffman_block_decoder/code_local[28][30]_i_2_n_0                                                                      | u_soc/u_rx_top/u_huffman_block_decoder/code_local[28][30]_i_1_n_0  |                0 |             31 |           NA |
|  clk_i_IBUF_BUFG | u_soc/u_rx_top/u_huffman_block_decoder/code_local[29][30]_i_2_n_0                                                                      | u_soc/u_rx_top/u_huffman_block_decoder/code_local[29][30]_i_1_n_0  |                0 |             31 |           NA |
|  clk_i_IBUF_BUFG | u_soc/u_rx_top/u_huffman_block_decoder/code_local[30][30]_i_2_n_0                                                                      | u_soc/u_rx_top/u_huffman_block_decoder/code_local[30][30]_i_1_n_0  |                0 |             31 |           NA |
|  clk_i_IBUF_BUFG | u_soc/u_rx_top/u_huffman_block_decoder/code_local[33][30]_i_2_n_0                                                                      | u_soc/u_rx_top/u_huffman_block_decoder/code_local[33][30]_i_1_n_0  |                0 |             31 |           NA |
|  clk_i_IBUF_BUFG | u_soc/u_rx_top/u_huffman_block_decoder/code_local[34][30]_i_2_n_0                                                                      | u_soc/u_rx_top/u_huffman_block_decoder/code_local[34][30]_i_1_n_0  |                0 |             31 |           NA |
|  clk_i_IBUF_BUFG | u_soc/u_rx_top/u_huffman_block_decoder/code_local[141][30]_i_2_n_0                                                                     | u_soc/u_rx_top/u_huffman_block_decoder/code_local[141][30]_i_1_n_0 |                0 |             31 |           NA |
|  clk_i_IBUF_BUFG | u_soc/u_rx_top/u_huffman_block_decoder/code_local[142][30]_i_2_n_0                                                                     | u_soc/u_rx_top/u_huffman_block_decoder/code_local[142][30]_i_1_n_0 |                0 |             31 |           NA |
|  clk_i_IBUF_BUFG | u_soc/u_rx_top/u_huffman_block_decoder/code_local[143][30]_i_2_n_0                                                                     | u_soc/u_rx_top/u_huffman_block_decoder/code_local[143][30]_i_1_n_0 |                0 |             31 |           NA |
|  clk_i_IBUF_BUFG | u_soc/u_rx_top/u_huffman_block_decoder/code_local[119][30]_i_2_n_0                                                                     | u_soc/u_rx_top/u_huffman_block_decoder/code_local[119][30]_i_1_n_0 |                0 |             31 |           NA |
|  clk_i_IBUF_BUFG | u_soc/u_rx_top/u_huffman_block_decoder/code_local[122][30]_i_2_n_0                                                                     | u_soc/u_rx_top/u_huffman_block_decoder/code_local[122][30]_i_1_n_0 |                0 |             31 |           NA |
|  clk_i_IBUF_BUFG | u_soc/u_rx_top/u_huffman_block_decoder/code_local[125][30]_i_2_n_0                                                                     | u_soc/u_rx_top/u_huffman_block_decoder/code_local[125][30]_i_1_n_0 |                0 |             31 |           NA |
|  clk_i_IBUF_BUFG | u_soc/u_rx_top/u_huffman_block_decoder/code_local[126][30]_i_2_n_0                                                                     | u_soc/u_rx_top/u_huffman_block_decoder/code_local[126][30]_i_1_n_0 |                0 |             31 |           NA |
|  clk_i_IBUF_BUFG | u_soc/u_rx_top/u_huffman_block_decoder/code_local[129][30]_i_2_n_0                                                                     | u_soc/u_rx_top/u_huffman_block_decoder/code_local[129][30]_i_1_n_0 |                0 |             31 |           NA |
|  clk_i_IBUF_BUFG | u_soc/u_rx_top/u_huffman_block_decoder/code_local[130][30]_i_2_n_0                                                                     | u_soc/u_rx_top/u_huffman_block_decoder/code_local[130][30]_i_1_n_0 |                0 |             31 |           NA |
|  clk_i_IBUF_BUFG | u_soc/u_rx_top/u_huffman_block_decoder/code_local[132][30]_i_2_n_0                                                                     | u_soc/u_rx_top/u_huffman_block_decoder/code_local[132][30]_i_1_n_0 |                0 |             31 |           NA |
|  clk_i_IBUF_BUFG | u_soc/u_rx_top/u_huffman_block_decoder/code_local[134][30]_i_2_n_0                                                                     | u_soc/u_rx_top/u_huffman_block_decoder/code_local[134][30]_i_1_n_0 |                0 |             31 |           NA |
|  clk_i_IBUF_BUFG | u_soc/u_rx_top/u_huffman_block_decoder/code_local[135][30]_i_2_n_0                                                                     | u_soc/u_rx_top/u_huffman_block_decoder/code_local[135][30]_i_1_n_0 |                0 |             31 |           NA |
|  clk_i_IBUF_BUFG | u_soc/u_rx_top/u_huffman_block_decoder/code_local[136][30]_i_2_n_0                                                                     | u_soc/u_rx_top/u_huffman_block_decoder/code_local[136][30]_i_1_n_0 |                0 |             31 |           NA |
|  clk_i_IBUF_BUFG | u_soc/u_rx_top/u_huffman_block_decoder/code_local[138][30]_i_2_n_0                                                                     | u_soc/u_rx_top/u_huffman_block_decoder/code_local[138][30]_i_1_n_0 |                0 |             31 |           NA |
|  clk_i_IBUF_BUFG | u_soc/u_rx_top/u_huffman_block_decoder/code_local[35][30]_i_2_n_0                                                                      | u_soc/u_rx_top/u_huffman_block_decoder/code_local[35][30]_i_1_n_0  |                0 |             31 |           NA |
|  clk_i_IBUF_BUFG | u_soc/u_rx_top/u_huffman_block_decoder/code_local[80][30]_i_2_n_0                                                                      | u_soc/u_rx_top/u_huffman_block_decoder/code_local[80][30]_i_1_n_0  |                0 |             31 |           NA |
|  clk_i_IBUF_BUFG | u_soc/u_rx_top/u_huffman_block_decoder/code_local[69][30]_i_2_n_0                                                                      | u_soc/u_rx_top/u_huffman_block_decoder/code_local[69][30]_i_1_n_0  |                0 |             31 |           NA |
|  clk_i_IBUF_BUFG | u_soc/u_rx_top/u_huffman_block_decoder/code_local[57][30]_i_2_n_0                                                                      | u_soc/u_rx_top/u_huffman_block_decoder/code_local[57][30]_i_1_n_0  |                0 |             31 |           NA |
|  clk_i_IBUF_BUFG | u_soc/u_rx_top/u_huffman_block_decoder/code_local[92][30]_i_2_n_0                                                                      | u_soc/u_rx_top/u_huffman_block_decoder/code_local[92][30]_i_1_n_0  |                0 |             31 |           NA |
|  clk_i_IBUF_BUFG | u_soc/u_rx_top/u_huffman_block_decoder/code_local[108][30]_i_2_n_0                                                                     | u_soc/u_rx_top/u_huffman_block_decoder/code_local[108][30]_i_1_n_0 |                0 |             31 |           NA |
|  clk_i_IBUF_BUFG | u_soc/u_rx_top/u_huffman_block_decoder/code_local[0][30]_i_1_n_0                                                                       |                                                                    |                0 |             31 |           NA |
|  clk_i_IBUF_BUFG | u_soc/u_rx_top/u_huffman_block_decoder/code_local[229][30]_i_2_n_0                                                                     | u_soc/u_rx_top/u_huffman_block_decoder/code_local[229][30]_i_1_n_0 |                0 |             31 |           NA |
|  clk_i_IBUF_BUFG | u_soc/u_rx_top/u_huffman_block_decoder/code_local[249][30]_i_2_n_0                                                                     | u_soc/u_rx_top/u_huffman_block_decoder/code_local[249][30]_i_1_n_0 |                0 |             31 |           NA |
|  clk_i_IBUF_BUFG | u_soc/u_rx_top/u_huffman_block_decoder/code_local[36][30]_i_2_n_0                                                                      | u_soc/u_rx_top/u_huffman_block_decoder/code_local[36][30]_i_1_n_0  |                0 |             31 |           NA |
|  clk_i_IBUF_BUFG | u_soc/u_rx_top/u_huffman_block_decoder/code_local[100][30]_i_2_n_0                                                                     | u_soc/u_rx_top/u_huffman_block_decoder/code_local[100][30]_i_1_n_0 |                0 |             31 |           NA |
|  clk_i_IBUF_BUFG | u_soc/u_rx_top/u_huffman_block_decoder/code_local[163][30]_i_2_n_0                                                                     | u_soc/u_rx_top/u_huffman_block_decoder/code_local[163][30]_i_1_n_0 |                0 |             31 |           NA |
|  clk_i_IBUF_BUFG | u_soc/u_rx_top/u_huffman_block_decoder/code_local[124][30]_i_2_n_0                                                                     | u_soc/u_rx_top/u_huffman_block_decoder/code_local[124][30]_i_1_n_0 |                0 |             31 |           NA |
|  clk_i_IBUF_BUFG | u_soc/u_rx_top/u_huffman_block_decoder/code_local[203][30]_i_2_n_0                                                                     | u_soc/u_rx_top/u_huffman_block_decoder/code_local[203][30]_i_1_n_0 |                0 |             31 |           NA |
|  clk_i_IBUF_BUFG | u_soc/u_cpu/u_mem_stage/memwb_rd_addr_o_reg[3]_21[0]                                                                                   | u_uart_dmem_loader/rst_i                                           |                0 |             32 |           NA |
|  clk_i_IBUF_BUFG | u_soc/u_cpu/u_mem_stage/memwb_rd_addr_o_reg[4]_10[0]                                                                                   | u_uart_dmem_loader/rst_i                                           |                0 |             32 |           NA |
|  clk_i_IBUF_BUFG | u_soc/u_cpu/u_mem_stage/memwb_rd_addr_o_reg[3]_18[0]                                                                                   | u_uart_dmem_loader/rst_i                                           |                0 |             32 |           NA |
|  clk_i_IBUF_BUFG | u_soc/u_cpu/u_mem_stage/memwb_rd_addr_o_reg[4]_7[0]                                                                                    | u_uart_dmem_loader/rst_i                                           |                0 |             32 |           NA |
|  clk_i_IBUF_BUFG | u_soc/u_cpu/u_mem_stage/memwb_rd_addr_o_reg[3]_11[0]                                                                                   | u_uart_dmem_loader/rst_i                                           |                0 |             32 |           NA |
|  clk_i_IBUF_BUFG | u_soc/u_cpu/u_mem_stage/memwb_rd_addr_o_reg[3]_10[0]                                                                                   | u_uart_dmem_loader/rst_i                                           |                0 |             32 |           NA |
|  clk_i_IBUF_BUFG | u_soc/u_cpu/u_mem_stage/memwb_rd_addr_o_reg[3]_8[0]                                                                                    | u_uart_dmem_loader/rst_i                                           |                0 |             32 |           NA |
|  clk_i_IBUF_BUFG | u_soc/u_cpu/u_mem_stage/memwb_rd_addr_o_reg[3]_6[0]                                                                                    | u_uart_dmem_loader/rst_i                                           |                0 |             32 |           NA |
|  clk_i_IBUF_BUFG | u_soc/u_cpu/u_mem_stage/memwb_rd_addr_o_reg[3]_3[0]                                                                                    | u_uart_dmem_loader/rst_i                                           |                0 |             32 |           NA |
|  clk_i_IBUF_BUFG | u_soc/u_cpu/u_mem_stage/memwb_rd_addr_o_reg[4]_4[0]                                                                                    | u_uart_dmem_loader/rst_i                                           |                0 |             32 |           NA |
|  clk_i_IBUF_BUFG | u_soc/u_cpu/u_mem_stage/memwb_rd_addr_o_reg[3]_16[0]                                                                                   | u_uart_dmem_loader/rst_i                                           |                0 |             32 |           NA |
|  clk_i_IBUF_BUFG | u_soc/u_cpu/u_mem_stage/memwb_rd_addr_o_reg[3]_15[0]                                                                                   | u_uart_dmem_loader/rst_i                                           |                0 |             32 |           NA |
|  clk_i_IBUF_BUFG | u_soc/u_cpu/u_mem_stage/memwb_rd_addr_o_reg[3]_9[0]                                                                                    | u_uart_dmem_loader/rst_i                                           |                0 |             32 |           NA |
|  clk_i_IBUF_BUFG | u_soc/u_cpu/u_mem_stage/memwb_rd_addr_o_reg[3]_4[0]                                                                                    | u_uart_dmem_loader/rst_i                                           |                0 |             32 |           NA |
|  clk_i_IBUF_BUFG | u_soc/u_cpu/u_mem_stage/memwb_rd_addr_o_reg[3]_17[0]                                                                                   | u_uart_dmem_loader/rst_i                                           |                0 |             32 |           NA |
|  clk_i_IBUF_BUFG | u_soc/u_cpu/u_mem_stage/memwb_rd_addr_o_reg[4]_6[0]                                                                                    | u_uart_dmem_loader/rst_i                                           |                0 |             32 |           NA |
|  clk_i_IBUF_BUFG | u_soc/u_cpu/u_mem_stage/memwb_rd_addr_o_reg[3]_7[0]                                                                                    | u_uart_dmem_loader/rst_i                                           |                0 |             32 |           NA |
|  clk_i_IBUF_BUFG | u_soc/u_cpu/u_mem_stage/memwb_rd_addr_o_reg[3]_22[0]                                                                                   | u_uart_dmem_loader/rst_i                                           |                0 |             32 |           NA |
|  clk_i_IBUF_BUFG | u_soc/u_cpu/u_mem_stage/memwb_rd_addr_o_reg[3]_2[0]                                                                                    | u_uart_dmem_loader/rst_i                                           |                0 |             32 |           NA |
|  clk_i_IBUF_BUFG | u_soc/u_cpu/u_mem_stage/memwb_rd_addr_o_reg[3]_20[0]                                                                                   | u_uart_dmem_loader/rst_i                                           |                0 |             32 |           NA |
|  clk_i_IBUF_BUFG | u_soc/u_cpu/u_mem_stage/memwb_rd_addr_o_reg[4]_8[0]                                                                                    | u_uart_dmem_loader/rst_i                                           |                0 |             32 |           NA |
|  clk_i_IBUF_BUFG | u_soc/u_cpu/u_mem_stage/memwb_rd_addr_o_reg[3]_12[0]                                                                                   | u_uart_dmem_loader/rst_i                                           |                0 |             32 |           NA |
|  clk_i_IBUF_BUFG | u_soc/u_cpu/u_mem_stage/memwb_rd_addr_o_reg[4]_5[0]                                                                                    | u_uart_dmem_loader/rst_i                                           |                0 |             32 |           NA |
|  clk_i_IBUF_BUFG | u_soc/u_cpu/u_mem_stage/memwb_rd_addr_o_reg[4]_9[0]                                                                                    | u_uart_dmem_loader/rst_i                                           |                0 |             32 |           NA |
|  clk_i_IBUF_BUFG | u_soc/u_cpu/u_mem_stage/memwb_rd_addr_o_reg[3]_13[0]                                                                                   | u_uart_dmem_loader/rst_i                                           |                0 |             32 |           NA |
|  clk_i_IBUF_BUFG | u_soc/u_cpu/u_mem_stage/memwb_rd_addr_o_reg[3]_19[0]                                                                                   | u_uart_dmem_loader/rst_i                                           |                0 |             32 |           NA |
|  clk_i_IBUF_BUFG | u_soc/u_cpu/u_ex_stage/req_wdata_r_reg[1][0]                                                                                           | u_uart_dmem_loader/rst_i                                           |                0 |             32 |           NA |
|  clk_i_IBUF_BUFG | u_soc/u_cpu/u_mem_stage/memwb_rd_addr_o_reg[3]_14[0]                                                                                   | u_uart_dmem_loader/rst_i                                           |                0 |             32 |           NA |
|  clk_i_IBUF_BUFG | u_soc/u_cpu/u_mem_stage/memwb_rd_addr_o_reg[4]_3[0]                                                                                    | u_uart_dmem_loader/rst_i                                           |                0 |             32 |           NA |
|  clk_i_IBUF_BUFG | u_soc/u_cpu/u_mem_stage/memwb_rd_addr_o_reg[3]_5[0]                                                                                    | u_uart_dmem_loader/rst_i                                           |                0 |             32 |           NA |
|  clk_i_IBUF_BUFG | u_soc/u_cpu/u_mem_stage/memwb_rd_addr_o_reg[3]_1[0]                                                                                    | u_uart_dmem_loader/rst_i                                           |                0 |             32 |           NA |
|  clk_i_IBUF_BUFG | u_soc/u_cpu/u_mem_stage/memwb_rd_addr_o_reg[3]_0[0]                                                                                    | u_uart_dmem_loader/rst_i                                           |                0 |             32 |           NA |
|  clk_i_IBUF_BUFG | u_soc/u_dma_rx_engine/ctxt_w2_r[31]_i_1_n_0                                                                                            | u_soc/u_dma_regfile/soft_reset_pulse_o_reg_0                       |                0 |             32 |           NA |
|  clk_i_IBUF_BUFG | u_soc/u_cpu/u_id_stage/exmem_rd_addr_o_reg[0]_0[0]                                                                                     | u_uart_dmem_loader/rst_i                                           |                0 |             32 |           NA |
|  clk_i_IBUF_BUFG | u_soc/u_cpu/u_ex_stage/req_addr_r_reg[4]_3[0]                                                                                          | u_uart_dmem_loader/rst_i                                           |                0 |             32 |           NA |
|  clk_i_IBUF_BUFG | u_soc/u_cpu/u_ex_stage/exmem_rd_addr_o_reg[0]_1[0]                                                                                     | u_soc/u_cpu/u_id_stage/idex_jalr_o_reg_2                           |                0 |             32 |           NA |
|  clk_i_IBUF_BUFG | u_soc/u_dma_rx_engine/ctxt_w0_r[31]_i_1_n_0                                                                                            | u_soc/u_dma_regfile/soft_reset_pulse_o_reg_0                       |                0 |             32 |           NA |
|  clk_i_IBUF_BUFG | u_soc/u_dma_rx_engine/ctxt_w1_r[31]_i_1_n_0                                                                                            | u_soc/u_dma_regfile/soft_reset_pulse_o_reg_0                       |                0 |             32 |           NA |
|  clk_i_IBUF_BUFG | u_soc/u_dma_rx_engine/ctxt_bytes_remaining_r[31]_i_1_n_0                                                                               | u_soc/u_dma_regfile/soft_reset_pulse_o_reg_0                       |                0 |             32 |           NA |
|  clk_i_IBUF_BUFG | u_soc/u_cpu/u_ex_stage/exmem_rd_addr_o_reg[0]_1[0]                                                                                     | u_soc/u_cpu/u_if_stage/ifid_pc_r[31]_i_1_n_0                       |                0 |             32 |           NA |
|  clk_i_IBUF_BUFG | u_soc/u_cpu/u_ex_stage/req_addr_r_reg[4]_2[0]                                                                                          | u_uart_dmem_loader/rst_i                                           |                0 |             32 |           NA |
|  clk_i_IBUF_BUFG | u_soc/u_cpu/u_ex_stage/req_write_r_reg[0]                                                                                              | u_uart_dmem_loader/rst_i                                           |                0 |             32 |           NA |
|  clk_i_IBUF_BUFG | u_soc/u_dma_rx_engine/ctxt_w3_r[31]_i_1_n_0                                                                                            | u_soc/u_dma_regfile/soft_reset_pulse_o_reg_0                       |                0 |             32 |           NA |
|  clk_i_IBUF_BUFG | u_soc/u_rx_top/u_rx_byte_packer_32/word_valid_r_i_2_n_0                                                                                | u_uart_dmem_loader/rst_i                                           |                0 |             32 |           NA |
|  clk_i_IBUF_BUFG | u_soc/u_dma_tx_engine/apb_rdata_r[31]_i_1__0_n_0                                                                                       | u_soc/u_dma_regfile/soft_reset_pulse_o_reg_0                       |                0 |             32 |           NA |
|  clk_i_IBUF_BUFG | u_soc/u_dma_tx_engine/bytes_remaining_r[31]_i_1_n_0                                                                                    | u_soc/u_dma_regfile/soft_reset_pulse_o_reg_0                       |                0 |             32 |           NA |
|  clk_i_IBUF_BUFG | u_soc/u_dma_rx_engine/output_word_r[31]_i_1__0_n_0                                                                                     | u_soc/u_dma_regfile/soft_reset_pulse_o_reg_0                       |                0 |             32 |           NA |
|  clk_i_IBUF_BUFG | u_soc/u_dma_rx_engine/apb_rdata_r[31]_i_1_n_0                                                                                          | u_soc/u_dma_regfile/soft_reset_pulse_o_reg_0                       |                0 |             32 |           NA |
|  clk_i_IBUF_BUFG | u_soc/u_dma_tx_engine/output_word_r[31]_i_1_n_0                                                                                        | u_soc/u_dma_regfile/soft_reset_pulse_o_reg_0                       |                0 |             32 |           NA |
|  clk_i_IBUF_BUFG | u_soc/u_cpu/u_ex_stage/req_addr_r_reg[4]_0[0]                                                                                          | u_uart_dmem_loader/rst_i                                           |                0 |             32 |           NA |
|  clk_i_IBUF_BUFG | u_soc/u_cpu/u_ex_stage/req_addr_r_reg[4]_1[0]                                                                                          | u_uart_dmem_loader/rst_i                                           |                0 |             32 |           NA |
|  clk_i_IBUF_BUFG | u_soc/u_cpu/u_ex_stage/exmem_rd_addr_o_reg[0]_0[0]                                                                                     | u_uart_dmem_loader/rst_i                                           |                0 |             32 |           NA |
|  clk_i_IBUF_BUFG | u_soc/u_cpu/u_ex_stage/req_wdata_r_reg[1]_0[0]                                                                                         | u_uart_dmem_loader/rst_i                                           |                0 |             32 |           NA |
|  clk_i_IBUF_BUFG | u_soc/u_cpu/u_ex_stage/len_bytes_o[31]_i_4_0[0]                                                                                        | u_uart_dmem_loader/rst_i                                           |                0 |             32 |           NA |
|  clk_i_IBUF_BUFG | u_soc/u_dma_tx_engine/current_block_continue_r                                                                                         | u_soc/u_dma_regfile/soft_reset_pulse_o_reg_0                       |                0 |             33 |           NA |
|  clk_i_IBUF_BUFG | u_soc/u_rx_top/u_huffman_block_decoder/table_fill_limit_r                                                                              | u_uart_dmem_loader/rst_i                                           |                0 |             35 |           NA |
|  clk_i_IBUF_BUFG | u_soc/u_rx_top/u_huffman_block_decoder/prev_len_r[4]_i_1_n_0                                                                           | u_uart_dmem_loader/rst_i                                           |                0 |             36 |           NA |
|  clk_i_IBUF_BUFG | u_soc/u_tx_top/u_huffman_aes_tx_top/u_dynamic_huffman_encoder/u_emit_backend/u_header_formatter/chunk_len_r                            | u_uart_dmem_loader/rst_i                                           |                0 |             37 |           NA |
|  clk_i_IBUF_BUFG | u_soc/u_tx_top/u_huffman_aes_tx_top/u_file_huffman_builder/bytes_queued_r                                                              | u_uart_dmem_loader/rst_i                                           |                0 |             38 |           NA |
|  clk_i_IBUF_BUFG | u_soc/u_rx_top/u_bit_depacker_128/stream_len_n                                                                                         | u_uart_dmem_loader/rst_i                                           |                0 |             39 |           NA |
|  clk_i_IBUF_BUFG | u_soc/u_tx_top/u_huffman_aes_tx_top/u_dynamic_huffman_encoder/u_emit_backend/u_header_formatter/post_send_state_r[1]_i_1_n_0           | u_uart_dmem_loader/rst_i                                           |                0 |             40 |           NA |
|  clk_i_IBUF_BUFG | u_soc/u_cpu_mmio_to_apb_bridge/FSM_sequential_state_r_reg_1[0]                                                                         | u_soc/u_cpu/u_ex_stage/SR[0]                                       |                0 |             40 |           NA |
|  clk_i_IBUF_BUFG | u_soc/u_tx_top/u_huffman_aes_tx_top/u_dynamic_huffman_encoder/u_emit_backend/u_header_formatter/transport_word_r_reg[127][0]           | u_uart_dmem_loader/rst_i                                           |                0 |             40 |           NA |
|  clk_i_IBUF_BUFG | u_soc/u_dma_tx_engine/apb_write_r                                                                                                      | u_soc/u_dma_regfile/soft_reset_pulse_o_reg_0                       |                0 |             42 |           NA |
|  clk_i_IBUF_BUFG | u_soc/u_tx_top/u_huffman_aes_tx_top/u_file_huffman_builder/u_code_length_builder/min2_order_r                                          | u_uart_dmem_loader/rst_i                                           |                0 |             43 |           NA |
|  clk_i_IBUF_BUFG | u_soc/u_rx_top/u_huffman_block_decoder/u_main_decode_table/fallback_prefix_seen_r_reg                                                  | u_soc/u_rx_top/u_huffman_block_decoder/state_r[4]_i_1_n_0          |                0 |             44 |           NA |
|  clk_i_IBUF_BUFG | u_soc/u_tx_top/u_huffman_aes_tx_top/u_file_huffman_builder/u_code_length_builder/min1_idx_r[8]_i_1_n_0                                 | u_uart_dmem_loader/rst_i                                           |                0 |             44 |           NA |
|  clk_i_IBUF_BUFG | u_soc/u_dma_tx_engine/dst_ptr_r[14]_i_1_n_0                                                                                            | u_soc/u_dma_regfile/soft_reset_pulse_o_reg_0                       |                0 |             44 |           NA |
|  clk_i_IBUF_BUFG | u_soc/u_dma_tx_engine/p_0_in30_out                                                                                                     |                                                                    |                0 |             44 |           NA |
|  clk_i_IBUF_BUFG | u_soc/u_tx_top/u_apb_huffman_tx_if/out_fifo_last_mem_reg_0_15_0_0_i_2_n_0                                                              |                                                                    |                0 |             46 |           NA |
|  clk_i_IBUF_BUFG | u_soc/u_dma_rx_engine/dst_ptr_r[14]_i_1__0_n_0                                                                                         | u_soc/u_dma_regfile/soft_reset_pulse_o_reg_0                       |                0 |             46 |           NA |
|  clk_i_IBUF_BUFG | u_soc/u_rx_top/u_rx_byte_packer_32/word_valid_r_reg_1                                                                                  |                                                                    |                0 |             52 |           NA |
|  clk_i_IBUF_BUFG | u_uart_dmem_loader/u_uart_rx/FSM_onehot_state_r_reg[10]_0[0]                                                                           | u_uart_dmem_loader/u_uart_rx/SR[0]                                 |                0 |             59 |           NA |
|  clk_i_IBUF_BUFG | u_soc/u_rx_top/u_huffman_block_decoder/fallback_code_reg_64_127_0_2_i_1_n_0                                                            |                                                                    |                0 |             60 |           NA |
|  clk_i_IBUF_BUFG | u_soc/u_rx_top/u_huffman_block_decoder/fallback_code_reg_0_63_0_2_i_4_n_0                                                              |                                                                    |                0 |             60 |           NA |
|  clk_i_IBUF_BUFG | u_soc/u_rx_top/u_huffman_block_decoder/fallback_code_reg_128_191_0_2_i_1_n_0                                                           |                                                                    |                0 |             60 |           NA |
|  clk_i_IBUF_BUFG | u_soc/u_rx_top/u_huffman_block_decoder/fallback_code_reg_192_255_0_2_i_1_n_0                                                           |                                                                    |                0 |             60 |           NA |
|  clk_i_IBUF_BUFG | u_soc/u_cpu/u_if_stage/resp_pc_r                                                                                                       | u_uart_dmem_loader/rst_i                                           |                0 |             64 |           NA |
|  clk_i_IBUF_BUFG | u_soc/u_tx_top/u_huffman_aes_tx_top/u_file_frequency_counter/freq_table_reg_0_127_0_0_i_2_n_0                                          |                                                                    |                0 |             64 |           NA |
|  clk_i_IBUF_BUFG | u_soc/u_tx_top/u_huffman_aes_tx_top/u_file_frequency_counter/freq_table_reg_128_255_0_0_i_1_n_0                                        |                                                                    |                0 |             64 |           NA |
|  clk_i_IBUF_BUFG | u_uart_dmem_loader/u_uart_rx/FSM_onehot_state_r_reg[10]_1[0]                                                                           | u_uart_dmem_loader/u_uart_rx/SR[0]                                 |                0 |             66 |           NA |
|  clk_i_IBUF_BUFG | u_soc/u_cpu/u_ex_stage/FSM_sequential_state_r_reg_0[0]                                                                                 | u_uart_dmem_loader/rst_i                                           |                0 |             67 |           NA |
|  clk_i_IBUF_BUFG | u_soc/u_dma_tx_engine/compress_only_r                                                                                                  | u_soc/u_dma_regfile/soft_reset_pulse_o_reg_0                       |                0 |             68 |           NA |
|  clk_i_IBUF_BUFG | u_soc/u_cpu/u_ex_stage/FSM_sequential_state_r_reg_3[0]                                                                                 | u_uart_dmem_loader/rst_i                                           |                0 |             69 |           NA |
|  clk_i_IBUF_BUFG | u_soc/u_rx_top/u_huffman_block_decoder/table_build_idx_r                                                                               | u_uart_dmem_loader/rst_i                                           |                0 |             77 |           NA |
|  clk_i_IBUF_BUFG | u_soc/u_cpu/u_ex_stage/exmem_mem_we_o_reg_0[0]                                                                                         | u_uart_dmem_loader/rst_i                                           |                0 |             77 |           NA |
|  clk_i_IBUF_BUFG | u_soc/u_cpu_mmio_to_apb_bridge/FSM_sequential_state_r_reg_0[0]                                                                         | u_soc/u_cpu/u_id_stage/exmem_alu_result_o1                         |                0 |             78 |           NA |
|  clk_i_IBUF_BUFG | u_soc/u_rx_top/u_huffman_block_decoder/sort_idx_r__0__0                                                                                | u_uart_dmem_loader/rst_i                                           |                0 |             84 |           NA |
|  clk_i_IBUF_BUFG |                                                                                                                                        | u_uart_dmem_loader/u_uart_rx/SR[0]                                 |                0 |            109 |           NA |
|  clk_i_IBUF_BUFG | u_soc/u_cpu_mmio_to_apb_bridge/FSM_sequential_state_r_reg_0[0]                                                                         | u_soc/u_cpu/u_id_stage/idex_jal_o_i_1_n_0                          |                0 |            119 |           NA |
|  clk_i_IBUF_BUFG | u_soc/u_dma_tx_engine/compress_only_o_reg_rep[0]                                                                                       | u_uart_dmem_loader/rst_i                                           |                0 |            128 |           NA |
|  clk_i_IBUF_BUFG | u_soc/u_dma_rx_engine/state_r_reg[3]_0[0]                                                                                              | u_uart_dmem_loader/rst_i                                           |                0 |            128 |           NA |
|  clk_i_IBUF_BUFG | u_soc/u_tx_top/u_huffman_aes_tx_top/u_bit_packer_128/transport_word_r[127]_i_1_n_0                                                     | u_uart_dmem_loader/rst_i                                           |                0 |            128 |           NA |
|  clk_i_IBUF_BUFG | u_soc/u_tx_top/u_apb_huffman_tx_if/E[0]                                                                                                | u_uart_dmem_loader/rst_i                                           |                0 |            128 |           NA |
|  clk_i_IBUF_BUFG | u_soc/u_tx_top/u_apb_huffman_tx_if/aes_emit_valid_r_reg_0[0]                                                                           | u_uart_dmem_loader/rst_i                                           |                0 |            128 |           NA |
|  clk_i_IBUF_BUFG | u_soc/u_tx_top/u_apb_huffman_tx_if/aes_emit_valid_r_reg_5[0]                                                                           | u_uart_dmem_loader/rst_i                                           |                0 |            128 |           NA |
|  clk_i_IBUF_BUFG | u_soc/u_rx_top/u_AES_top_rx/u_aes128_cipher_core_inv/E[0]                                                                              | u_uart_dmem_loader/rst_i                                           |                0 |            128 |           NA |
|  clk_i_IBUF_BUFG | u_soc/u_rx_top/u_AES_top_rx/u_aes128_cipher_core_inv/E[0]                                                                              | u_soc/u_rx_top/u_rx_byte_packer_32/SR[0]                           |                0 |            129 |           NA |
|  clk_i_IBUF_BUFG | u_soc/u_tx_top/u_huffman_aes_tx_top/u_bit_packer_128/payload_count_n                                                                   | u_uart_dmem_loader/rst_i                                           |                0 |            139 |           NA |
|  clk_i_IBUF_BUFG |                                                                                                                                        | u_soc/u_rx_top/u_huffman_block_parser/entry_code_len_r             |                0 |            166 |           NA |
|  clk_i_IBUF_BUFG | u_soc/u_rx_top/u_huffman_block_parser/E[0]                                                                                             | u_uart_dmem_loader/rst_i                                           |                0 |            256 |           NA |
|  clk_i_IBUF_BUFG | u_soc/u_tx_top/u_huffman_aes_tx_top/u_aes_input_wrapper/cipher_ready_reg[0]                                                            |                                                                    |                0 |            256 |           NA |
|  clk_i_IBUF_BUFG | u_soc/u_rx_top/u_aes_input_wrapper_rx/decipher_en_reg_0[0]                                                                             |                                                                    |                0 |            256 |           NA |
|  clk_i_IBUF_BUFG |                                                                                                                                        | u_uart_dmem_loader/rst_i                                           |                0 |           1269 |           NA |
|  clk_i_IBUF_BUFG | u_soc/u_rx_top/u_huffman_block_decoder/symbol_local                                                                                    |                                                                    |                0 |           2048 |           NA |
+------------------+----------------------------------------------------------------------------------------------------------------------------------------+--------------------------------------------------------------------+------------------+----------------+--------------+


