input_file=input4.txt input_len=5990
idx exp src rx src_match rx_match ascii
0 32 32 32 1 1 2
1 30 30 30 1 1 0
2 32 32 32 1 1 2
3 36 36 36 1 1 6
4 2d 2d 2d 1 1 -
5 30 30 30 1 1 0
6 34 34 34 1 1 4
7 2d 2d 2d 1 1 -
8 30 30 30 1 1 0
9 31 31 31 1 1 1
10 20 20 20 1 1  
11 30 30 30 1 1 0
12 38 38 38 1 1 8
13 3a 3a 3a 1 1 :
14 30 30 30 1 1 0
15 30 30 30 1 1 0
16 3a 3a 3a 1 1 :
17 30 30 30 1 1 0
18 33 33 33 1 1 3
19 20 20 20 1 1  
20 7c 7c 7c 1 1 |
21 20 20 20 1 1  
22 43 43 43 1 1 C
23 54 54 54 1 1 T
24 52 52 52 1 1 R
25 4c 4c 4c 1 1 L
26 2d 2d 2d 1 1 -
27 30 30 30 1 1 0
28 31 31 31 1 1 1
29 20 20 20 1 1  
30 7c 7c 7c 1 1 |
31 20 20 20 1 1  
32 4c 4c 4c 1 1 L
33 4f 4f 4f 1 1 O
34 42 42 42 1 1 B
35 42 42 42 1 1 B
36 59 59 59 1 1 Y
37 20 20 20 1 1  
38 20 20 20 1 1  
39 20 20 20 1 1  
40 20 20 20 1 1  
41 20 20 20 1 1  
42 20 20 20 1 1  
43 20 20 20 1 1  
44 7c 7c 7c 1 1 |
45 20 20 20 1 1  
46 41 41 41 1 1 A
47 43 43 43 1 1 C
48 43 43 43 1 1 C
49 45 45 45 1 1 E
50 53 53 53 1 1 S
51 53 53 53 1 1 S
52 5f 5f 5f 1 1 _
53 44 44 44 1 1 D
54 45 45 45 1 1 E
55 4e 4e 4e 1 1 N
56 49 49 49 1 1 I
57 45 45 45 1 1 E
58 44 44 44 1 1 D
59 20 20 20 1 1  
60 20 20 20 1 1  
61 7c 7c 7c 1 1 |
62 20 20 20 1 1  
63 55 55 55 1 1 U
64 31 31 31 1 1 1
65 30 30 30 1 1 0
66 31 31 31 1 1 1
67 35 35 35 1 1 5
68 20 20 20 1 1  
69 20 20 20 1 1  
70 7c 7c 7c 1 1 |
71 20 20 20 1 1  
72 43 43 43 1 1 C
73 41 41 41 1 1 A
74 52 52 52 1 1 R
75 44 44 44 1 1 D
76 35 35 35 1 1 5
77 30 30 30 1 1 0
78 30 30 30 1 1 0
79 30 30 30 1 1 0
80 31 31 31 1 1 1
81 35 35 35 1 1 5
82 20 20 20 1 1  
83 7c 7c 7c 1 1 |
84 20 20 20 1 1  
85 44 44 44 1 1 D
86 45 45 45 1 1 E
87 4e 4e 4e 1 1 N
88 49 49 49 1 1 I
89 45 45 45 1 1 E
90 44 44 44 1 1 D
91 20 20 20 1 1  
92 20 20 20 1 1  
93 7c 7c 7c 1 1 |
94 20 20 20 1 1  
95 55 55 55 1 1 U
96 53 53 53 1 1 S
97 45 45 45 1 1 E
98 52 52 52 1 1 R
99 5f 5f 5f 1 1 _
100 55 55 55 1 1 U
101 4e 4e 4e 1 1 N
102 41 41 41 1 1 A
103 55 55 55 1 1 U
104 54 54 54 1 1 T
105 48 48 48 1 1 H
106 4f 4f 4f 1 1 O
107 52 52 52 1 1 R
108 49 49 49 1 1 I
109 5a 5a 5a 1 1 Z
110 45 45 45 1 1 E
111 44 44 44 1 1 D
112 20 20 20 1 1  
113 7c 7c 7c 1 1 |
114 20 20 20 1 1  
115 52 52 52 1 1 R
116 45 45 45 1 1 E
117 54 54 54 1 1 T
118 52 52 52 1 1 R
119 59 59 59 1 1 Y
120 3d 3d 3d 1 1 =
121 31 31 31 1 1 1
122 20 20 20 1 1  
123 7c 7c 7c 1 1 |
124 20 20 20 1 1  
125 43 43 43 1 1 C
126 52 52 52 1 1 R
127 43 43 43 1 1 C
128 3d 3d 3d 1 1 =
129 33 33 33 1 1 3
130 34 34 34 1 1 4
131 37 37 37 1 1 7
132 41 41 41 1 1 A
133 0a 0a 0a 1 1 .
134 32 32 32 1 1 2
135 30 30 30 1 1 0
136 32 32 32 1 1 2
137 36 36 36 1 1 6
138 2d 2d 2d 1 1 -
139 30 30 30 1 1 0
140 34 34 34 1 1 4
141 2d 2d 2d 1 1 -
142 30 30 30 1 1 0
143 31 31 31 1 1 1
144 20 20 20 1 1  
145 30 30 30 1 1 0
146 38 38 38 1 1 8
147 3a 3a 3a 1 1 :
148 30 30 30 1 1 0
149 30 30 30 1 1 0
150 3a 3a 3a 1 1 :
151 30 30 30 1 1 0
152 36 36 36 1 1 6
153 20 20 20 1 1  
154 7c 7c 7c 1 1 |
155 20 20 20 1 1  
156 44 44 44 1 1 D
157 4f 4f 4f 1 1 O
158 4f 4f 4f 1 1 O
159 52 52 52 1 1 R
160 2d 2d 2d 1 1 -
161 41 41 41 1 1 A
162 32 32 32 1 1 2
163 20 20 20 1 1  
164 7c 7c 7c 1 1 |
165 20 20 20 1 1  
166 57 57 57 1 1 W
167 41 41 41 1 1 A
168 52 52 52 1 1 R
169 45 45 45 1 1 E
170 48 48 48 1 1 H
171 4f 4f 4f 1 1 O
172 55 55 55 1 1 U
173 53 53 53 1 1 S
174 45 45 45 1 1 E
175 20 20 20 1 1  
176 20 20 20 1 1  
177 20 20 20 1 1  
178 7c 7c 7c 1 1 |
179 20 20 20 1 1  
180 48 48 48 1 1 H
181 45 45 45 1 1 E
182 41 41 41 1 1 A
183 52 52 52 1 1 R
184 54 54 54 1 1 T
185 42 42 42 1 1 B
186 45 45 45 1 1 E
187 41 41 41 1 1 A
188 54 54 54 1 1 T
189 20 20 20 1 1  
190 20 20 20 1 1  
191 20 20 20 1 1  
192 20 20 20 1 1  
193 20 20 20 1 1  
194 20 20 20 1 1  
195 7c 7c 7c 1 1 |
196 20 20 20 1 1  
197 53 53 53 1 1 S
198 59 59 59 1 1 Y
199 53 53 53 1 1 S
200 54 54 54 1 1 T
201 45 45 45 1 1 E
202 4d 4d 4d 1 1 M
203 20 20 20 1 1  
204 7c 7c 7c 1 1 |
205 20 20 20 1 1  
206 4e 4e 4e 1 1 N
207 41 41 41 1 1 A
208 20 20 20 1 1  
209 20 20 20 1 1  
210 20 20 20 1 1  
211 20 20 20 1 1  
212 20 20 20 1 1  
213 20 20 20 1 1  
214 20 20 20 1 1  
215 20 20 20 1 1  
216 20 20 20 1 1  
217 7c 7c 7c 1 1 |
218 20 20 20 1 1  
219 4e 4e 4e 1 1 N
220 4f 4f 4f 1 1 O
221 52 52 52 1 1 R
222 4d 4d 4d 1 1 M
223 41 41 41 1 1 A
224 4c 4c 4c 1 1 L
225 20 20 20 1 1  
226 20 20 20 1 1  
227 7c 7c 7c 1 1 |
228 20 20 20 1 1  
229 50 50 50 1 1 P
230 4f 4f 4f 1 1 O
231 57 57 57 1 1 W
232 45 45 45 1 1 E
233 52 52 52 1 1 R
234 5f 5f 5f 1 1 _
235 4f 4f 4f 1 1 O
236 4b 4b 4b 1 1 K
237 20 20 20 1 1  
238 20 20 20 1 1  
239 20 20 20 1 1  
240 20 20 20 1 1  
241 20 20 20 1 1  
242 20 20 20 1 1  
243 20 20 20 1 1  
244 20 20 20 1 1  
245 20 20 20 1 1  
246 7c 7c 7c 1 1 |
247 20 20 20 1 1  
248 52 52 52 1 1 R
249 45 45 45 1 1 E
250 54 54 54 1 1 T
251 52 52 52 1 1 R
252 59 59 59 1 1 Y
253 3d 3d 3d 1 1 =
254 30 30 30 1 1 0
255 20 20 20 1 1  
256 7c 7c 7c 1 1 |
257 20 20 20 1 1  
258 43 43 43 1 1 C
259 52 52 52 1 1 R
260 43 43 43 1 1 C
261 3d 3d 3d 1 1 =
262 44 44 44 1 1 D
263 38 38 38 1 1 8
264 30 30 30 1 1 0
265 36 36 36 1 1 6
266 0a 0a 0a 1 1 .
267 32 32 32 1 1 2
268 30 30 30 1 1 0
269 32 32 32 1 1 2
270 36 36 36 1 1 6
271 2d 2d 2d 1 1 -
272 30 30 30 1 1 0
273 34 34 34 1 1 4
274 2d 2d 2d 1 1 -
275 30 30 30 1 1 0
276 31 31 31 1 1 1
277 20 20 20 1 1  
278 30 30 30 1 1 0
279 38 38 38 1 1 8
280 3a 3a 3a 1 1 :
281 30 30 30 1 1 0
282 30 30 30 1 1 0
283 3a 3a 3a 1 1 :
284 30 30 30 1 1 0
285 37 37 37 1 1 7
286 20 20 20 1 1  
287 7c 7c 7c 1 1 |
288 20 20 20 1 1  
289 43 43 43 1 1 C
290 54 54 54 1 1 T
291 52 52 52 1 1 R
292 4c 4c 4c 1 1 L
293 2d 2d 2d 1 1 -
294 30 30 30 1 1 0
295 31 31 31 1 1 1
296 20 20 20 1 1  
297 7c 7c 7c 1 1 |
298 20 20 20 1 1  
299 4c 4c 4c 1 1 L
300 4f 4f 4f 1 1 O
301 42 42 42 1 1 B
302 42 42 42 1 1 B
303 59 59 59 1 1 Y
304 20 20 20 1 1  
305 20 20 20 1 1  
306 20 20 20 1 1  
307 20 20 20 1 1  
308 20 20 20 1 1  
309 20 20 20 1 1  
310 20 20 20 1 1  
311 7c 7c 7c 1 1 |
312 20 20 20 1 1  
313 53 53 53 1 1 S
314 54 54 54 1 1 T
315 41 41 41 1 1 A
316 54 54 54 1 1 T
317 55 55 55 1 1 U
318 53 53 53 1 1 S
319 5f 5f 5f 1 1 _
320 55 55 55 1 1 U
321 50 50 50 1 1 P
322 44 44 44 1 1 D
323 41 41 41 1 1 A
324 54 54 54 1 1 T
325 45 45 45 1 1 E
326 20 20 20 1 1  
327 20 20 20 1 1  
328 7c 7c 7c 1 1 |
329 20 20 20 1 1  
330 53 53 53 1 1 S
331 59 59 59 1 1 Y
332 53 53 53 1 1 S
333 54 54 54 1 1 T
334 45 45 45 1 1 E
335 4d 4d 4d 1 1 M
336 20 20 20 1 1  
337 7c 7c 7c 1 1 |
338 20 20 20 1 1  
339 4e 4e 4e 1 1 N
340 41 41 41 1 1 A
341 20 20 20 1 1  
342 20 20 20 1 1  
343 20 20 20 1 1  
344 20 20 20 1 1  
345 20 20 20 1 1  
346 20 20 20 1 1  
347 20 20 20 1 1  
348 20 20 20 1 1  
349 20 20 20 1 1  
350 7c 7c 7c 1 1 |
351 20 20 20 1 1  
352 4e 4e 4e 1 1 N
353 4f 4f 4f 1 1 O
354 52 52 52 1 1 R
355 4d 4d 4d 1 1 M
356 41 41 41 1 1 A
357 4c 4c 4c 1 1 L
358 20 20 20 1 1  
359 20 20 20 1 1  
360 7c 7c 7c 1 1 |
361 20 20 20 1 1  
362 4c 4c 4c 1 1 L
363 4f 4f 4f 1 1 O
364 57 57 57 1 1 W
365 5f 5f 5f 1 1 _
366 42 42 42 1 1 B
367 41 41 41 1 1 A
368 54 54 54 1 1 T
369 54 54 54 1 1 T
370 45 45 45 1 1 E
371 52 52 52 1 1 R
372 59 59 59 1 1 Y
373 20 20 20 1 1  
374 20 20 20 1 1  
375 20 20 20 1 1  
376 20 20 20 1 1  
377 20 20 20 1 1  
378 20 20 20 1 1  
379 7c 7c 7c 1 1 |
380 20 20 20 1 1  
381 52 52 52 1 1 R
382 45 45 45 1 1 E
383 54 54 54 1 1 T
384 52 52 52 1 1 R
385 59 59 59 1 1 Y
386 3d 3d 3d 1 1 =
387 30 30 30 1 1 0
388 20 20 20 1 1  
389 7c 7c 7c 1 1 |
390 20 20 20 1 1  
391 43 43 43 1 1 C
392 52 52 52 1 1 R
393 43 43 43 1 1 C
394 3d 3d 3d 1 1 =
395 30 30 30 1 1 0
396 44 44 44 1 1 D
397 39 39 39 1 1 9
398 36 36 36 1 1 6
399 0a 0a 0a 1 1 .
400 32 32 32 1 1 2
401 30 30 30 1 1 0
402 32 32 32 1 1 2
403 36 36 36 1 1 6
404 2d 2d 2d 1 1 -
405 30 30 30 1 1 0
406 34 34 34 1 1 4
407 2d 2d 2d 1 1 -
408 30 30 30 1 1 0
409 31 31 31 1 1 1
410 20 20 20 1 1  
411 30 30 30 1 1 0
412 38 38 38 1 1 8
413 3a 3a 3a 1 1 :
414 30 30 30 1 1 0
415 30 30 30 1 1 0
416 3a 3a 3a 1 1 :
417 30 30 30 1 1 0
418 39 39 39 1 1 9
419 20 20 20 1 1  
420 7c 7c 7c 1 1 |
421 20 20 20 1 1  
422 43 43 43 1 1 C
423 54 54 54 1 1 T
424 52 52 52 1 1 R
425 4c 4c 4c 1 1 L
426 2d 2d 2d 1 1 -
427 30 30 30 1 1 0
428 32 32 32 1 1 2
429 20 20 20 1 1  
430 7c 7c 7c 1 1 |
431 20 20 20 1 1  
432 4f 4f 4f 1 1 O
433 46 46 46 1 1 F
434 46 46 46 1 1 F
435 49 49 49 1 1 I
436 43 43 43 1 1 C
437 45 45 45 1 1 E
438 5f 5f 5f 1 1 _
439 33 33 33 1 1 3
440 46 46 46 1 1 F
441 20 20 20 1 1  
442 20 20 20 1 1  
443 20 20 20 1 1  
444 7c 7c 7c 1 1 |
445 20 20 20 1 1  
446 41 41 41 1 1 A
447 43 43 43 1 1 C
448 43 43 43 1 1 C
449 45 45 45 1 1 E
450 53 53 53 1 1 S
451 53 53 53 1 1 S
452 5f 5f 5f 1 1 _
453 47 47 47 1 1 G
454 52 52 52 1 1 R
455 41 41 41 1 1 A
456 4e 4e 4e 1 1 N
457 54 54 54 1 1 T
458 45 45 45 1 1 E
459 44 44 44 1 1 D
460 20 20 20 1 1  
461 7c 7c 7c 1 1 |
462 20 20 20 1 1  
463 55 55 55 1 1 U
464 31 31 31 1 1 1
465 30 30 30 1 1 0
466 33 33 33 1 1 3
467 34 34 34 1 1 4
468 20 20 20 1 1  
469 20 20 20 1 1  
470 7c 7c 7c 1 1 |
471 20 20 20 1 1  
472 43 43 43 1 1 C
473 41 41 41 1 1 A
474 52 52 52 1 1 R
475 44 44 44 1 1 D
476 35 35 35 1 1 5
477 30 30 30 1 1 0
478 30 30 30 1 1 0
479 30 30 30 1 1 0
480 33 33 33 1 1 3
481 34 34 34 1 1 4
482 20 20 20 1 1  
483 7c 7c 7c 1 1 |
484 20 20 20 1 1  
485 47 47 47 1 1 G
486 52 52 52 1 1 R
487 41 41 41 1 1 A
488 4e 4e 4e 1 1 N
489 54 54 54 1 1 T
490 45 45 45 1 1 E
491 44 44 44 1 1 D
492 20 20 20 1 1  
493 7c 7c 7c 1 1 |
494 20 20 20 1 1  
495 53 53 53 1 1 S
496 43 43 43 1 1 C
497 48 48 48 1 1 H
498 45 45 45 1 1 E
499 44 44 44 1 1 D
500 55 55 55 1 1 U
501 4c 4c 4c 1 1 L
502 45 45 45 1 1 E
503 5f 5f 5f 1 1 _
504 4f 4f 4f 1 1 O
505 4b 4b 4b 1 1 K
506 20 20 20 1 1  
507 20 20 20 1 1  
508 20 20 20 1 1  
509 20 20 20 1 1  
510 20 20 20 1 1  
511 20 20 20 1 1  
512 7c 7c 7c 1 1 |
513 20 20 20 1 1  
514 52 52 52 1 1 R
515 45 45 45 1 1 E
516 54 54 54 1 1 T
517 52 52 52 1 1 R
518 59 59 59 1 1 Y
519 3d 3d 3d 1 1 =
520 30 30 30 1 1 0
521 20 20 20 1 1  
522 7c 7c 7c 1 1 |
523 20 20 20 1 1  
524 43 43 43 1 1 C
525 52 52 52 1 1 R
526 43 43 43 1 1 C
527 3d 3d 3d 1 1 =
528 45 45 45 1 1 E
529 35 35 35 1 1 5
530 46 46 46 1 1 F
531 45 45 45 1 1 E
532 0a 0a 0a 1 1 .
533 32 32 32 1 1 2
534 30 30 30 1 1 0
535 32 32 32 1 1 2
536 36 36 36 1 1 6
537 2d 2d 2d 1 1 -
538 30 30 30 1 1 0
539 34 34 34 1 1 4
540 2d 2d 2d 1 1 -
541 30 30 30 1 1 0
542 31 31 31 1 1 1
543 20 20 20 1 1  
544 30 30 30 1 1 0
545 38 38 38 1 1 8
546 3a 3a 3a 1 1 :
547 30 30 30 1 1 0
548 30 30 30 1 1 0
549 3a 3a 3a 1 1 :
550 31 31 31 1 1 1
551 31 31 31 1 1 1
552 20 20 20 1 1  
553 7c 7c 7c 1 1 |
554 20 20 20 1 1  
555 47 47 47 1 1 G
556 41 41 41 1 1 A
557 54 54 54 1 1 T
558 45 45 45 1 1 E
559 2d 2d 2d 1 1 -
560 30 30 30 1 1 0
561 31 31 31 1 1 1
562 20 20 20 1 1  
563 7c 7c 7c 1 1 |
564 20 20 20 1 1  
565 50 50 50 1 1 P
566 41 41 41 1 1 A
567 52 52 52 1 1 R
568 4b 4b 4b 1 1 K
569 49 49 49 1 1 I
570 4e 4e 4e 1 1 N
571 47 47 47 1 1 G
572 20 20 20 1 1  
573 20 20 20 1 1  
574 20 20 20 1 1  
575 20 20 20 1 1  
576 20 20 20 1 1  
577 7c 7c 7c 1 1 |
578 20 20 20 1 1  
579 44 44 44 1 1 D
580 4f 4f 4f 1 1 O
581 4f 4f 4f 1 1 O
582 52 52 52 1 1 R
583 5f 5f 5f 1 1 _
584 4f 4f 4f 1 1 O
585 50 50 50 1 1 P
586 45 45 45 1 1 E
587 4e 4e 4e 1 1 N
588 20 20 20 1 1  
589 20 20 20 1 1  
590 20 20 20 1 1  
591 20 20 20 1 1  
592 20 20 20 1 1  
593 20 20 20 1 1  
594 7c 7c 7c 1 1 |
595 20 20 20 1 1  
596 53 53 53 1 1 S
597 59 59 59 1 1 Y
598 53 53 53 1 1 S
599 54 54 54 1 1 T
600 45 45 45 1 1 E
601 4d 4d 4d 1 1 M
602 20 20 20 1 1  
603 7c 7c 7c 1 1 |
604 20 20 20 1 1  
605 4e 4e 4e 1 1 N
606 41 41 41 1 1 A
607 20 20 20 1 1  
608 20 20 20 1 1  
609 20 20 20 1 1  
610 20 20 20 1 1  
611 20 20 20 1 1  
612 20 20 20 1 1  
613 20 20 20 1 1  
614 20 20 20 1 1  
615 20 20 20 1 1  
616 7c 7c 7c 1 1 |
617 20 20 20 1 1  
618 4e 4e 4e 1 1 N
619 4f 4f 4f 1 1 O
620 52 52 52 1 1 R
621 4d 4d 4d 1 1 M
622 41 41 41 1 1 A
623 4c 4c 4c 1 1 L
624 20 20 20 1 1  
625 20 20 20 1 1  
626 7c 7c 7c 1 1 |
627 20 20 20 1 1  
628 50 50 50 1 1 P
629 4f 4f 4f 1 1 O
630 57 57 57 1 1 W
631 45 45 45 1 1 E
632 52 52 52 1 1 R
633 5f 5f 5f 1 1 _
634 4f 4f 4f 1 1 O
635 4b 4b 4b 1 1 K
636 20 20 20 1 1  
637 20 20 20 1 1  
638 20 20 20 1 1  
639 20 20 20 1 1  
640 20 20 20 1 1  
641 20 20 20 1 1  
642 20 20 20 1 1  
643 20 20 20 1 1  
644 20 20 20 1 1  
645 7c 7c 7c 1 1 |
646 20 20 20 1 1  
647 52 52 52 1 1 R
648 45 45 45 1 1 E
649 54 54 54 1 1 T
650 52 52 52 1 1 R
651 59 59 59 1 1 Y
652 3d 3d 3d 1 1 =
653 30 30 30 1 1 0
654 20 20 20 1 1  
655 7c 7c 7c 1 1 |
656 20 20 20 1 1  
657 43 43 43 1 1 C
658 52 52 52 1 1 R
659 43 43 43 1 1 C
660 3d 3d 3d 1 1 =
661 44 44 44 1 1 D
662 38 38 38 1 1 8
663 36 36 36 1 1 6
664 30 30 30 1 1 0
665 0a 0a 0a 1 1 .
666 32 32 32 1 1 2
667 30 30 30 1 1 0
668 32 32 32 1 1 2
669 36 36 36 1 1 6
670 2d 2d 2d 1 1 -
671 30 30 30 1 1 0
672 34 34 34 1 1 4
673 2d 2d 2d 1 1 -
674 30 30 30 1 1 0
675 31 31 31 1 1 1
676 20 20 20 1 1  
677 30 30 30 1 1 0
678 38 38 38 1 1 8
679 3a 3a 3a 1 1 :
680 30 30 30 1 1 0
681 30 30 30 1 1 0
682 3a 3a 3a 1 1 :
683 31 31 31 1 1 1
684 32 32 32 1 1 2
685 20 20 20 1 1  
686 7c 7c 7c 1 1 |
687 20 20 20 1 1  
688 47 47 47 1 1 G
689 41 41 41 1 1 A
690 54 54 54 1 1 T
691 45 45 45 1 1 E
692 2d 2d 2d 1 1 -
693 30 30 30 1 1 0
694 31 31 31 1 1 1
695 20 20 20 1 1  
696 7c 7c 7c 1 1 |
697 20 20 20 1 1  
698 53 53 53 1 1 S
699 45 45 45 1 1 E
700 52 52 52 1 1 R
701 56 56 56 1 1 V
702 45 45 45 1 1 E
703 52 52 52 1 1 R
704 5f 5f 5f 1 1 _
705 52 52 52 1 1 R
706 4f 4f 4f 1 1 O
707 4f 4f 4f 1 1 O
708 4d 4d 4d 1 1 M
709 20 20 20 1 1  
710 7c 7c 7c 1 1 |
711 20 20 20 1 1  
712 53 53 53 1 1 S
713 54 54 54 1 1 T
714 41 41 41 1 1 A
715 54 54 54 1 1 T
716 55 55 55 1 1 U
717 53 53 53 1 1 S
718 5f 5f 5f 1 1 _
719 55 55 55 1 1 U
720 50 50 50 1 1 P
721 44 44 44 1 1 D
722 41 41 41 1 1 A
723 54 54 54 1 1 T
724 45 45 45 1 1 E
725 20 20 20 1 1  
726 20 20 20 1 1  
727 7c 7c 7c 1 1 |
728 20 20 20 1 1  
729 53 53 53 1 1 S
730 59 59 59 1 1 Y
731 53 53 53 1 1 S
732 54 54 54 1 1 T
733 45 45 45 1 1 E
734 4d 4d 4d 1 1 M
735 20 20 20 1 1  
736 7c 7c 7c 1 1 |
737 20 20 20 1 1  
738 4e 4e 4e 1 1 N
739 41 41 41 1 1 A
740 20 20 20 1 1  
741 20 20 20 1 1  
742 20 20 20 1 1  
743 20 20 20 1 1  
744 20 20 20 1 1  
745 20 20 20 1 1  
746 20 20 20 1 1  
747 20 20 20 1 1  
748 20 20 20 1 1  
749 7c 7c 7c 1 1 |
750 20 20 20 1 1  
751 4e 4e 4e 1 1 N
752 4f 4f 4f 1 1 O
753 52 52 52 1 1 R
754 4d 4d 4d 1 1 M
755 41 41 41 1 1 A
756 4c 4c 4c 1 1 L
757 20 20 20 1 1  
758 20 20 20 1 1  
759 7c 7c 7c 1 1 |
760 20 20 20 1 1  
761 4e 4e 4e 1 1 N
762 45 45 45 1 1 E
763 54 54 54 1 1 T
764 57 57 57 1 1 W
765 4f 4f 4f 1 1 O
766 52 52 52 1 1 R
767 4b 4b 4b 1 1 K
768 5f 5f 5f 1 1 _
769 52 52 52 1 1 R
770 45 45 45 1 1 E
771 53 53 53 1 1 S
772 54 54 54 1 1 T
773 4f 4f 4f 1 1 O
774 52 52 52 1 1 R
775 45 45 45 1 1 E
776 44 44 44 1 1 D
777 20 20 20 1 1  
778 7c 7c 7c 1 1 |
779 20 20 20 1 1  
780 52 52 52 1 1 R
781 45 45 45 1 1 E
782 54 54 54 1 1 T
783 52 52 52 1 1 R
784 59 59 59 1 1 Y
785 3d 3d 3d 1 1 =
786 30 30 30 1 1 0
787 20 20 20 1 1  
788 7c 7c 7c 1 1 |
789 20 20 20 1 1  
790 43 43 43 1 1 C
791 52 52 52 1 1 R
792 43 43 43 1 1 C
793 3d 3d 3d 1 1 =
794 33 33 33 1 1 3
795 34 34 34 1 1 4
796 35 35 35 1 1 5
797 34 34 34 1 1 4
798 0a 0a 0a 1 1 .
799 32 32 32 1 1 2
800 30 30 30 1 1 0
801 32 32 32 1 1 2
802 36 36 36 1 1 6
803 2d 2d 2d 1 1 -
804 30 30 30 1 1 0
805 34 34 34 1 1 4
806 2d 2d 2d 1 1 -
807 30 30 30 1 1 0
808 31 31 31 1 1 1
809 20 20 20 1 1  
810 30 30 30 1 1 0
811 38 38 38 1 1 8
812 3a 3a 3a 1 1 :
813 30 30 30 1 1 0
814 30 30 30 1 1 0
815 3a 3a 3a 1 1 :
816 31 31 31 1 1 1
817 33 33 33 1 1 3
818 20 20 20 1 1  
819 7c 7c 7c 1 1 |
820 20 20 20 1 1  
821 47 47 47 1 1 G
822 41 41 41 1 1 A
823 54 54 54 1 1 T
824 45 45 45 1 1 E
825 2d 2d 2d 1 1 -
826 30 30 30 1 1 0
827 32 32 32 1 1 2
828 20 20 20 1 1  
829 7c 7c 7c 1 1 |
830 20 20 20 1 1  
831 4c 4c 4c 1 1 L
832 4f 4f 4f 1 1 O
833 42 42 42 1 1 B
834 42 42 42 1 1 B
835 59 59 59 1 1 Y
836 20 20 20 1 1  
837 20 20 20 1 1  
838 20 20 20 1 1  
839 20 20 20 1 1  
840 20 20 20 1 1  
841 20 20 20 1 1  
842 20 20 20 1 1  
843 7c 7c 7c 1 1 |
844 20 20 20 1 1  
845 53 53 53 1 1 S
846 54 54 54 1 1 T
847 41 41 41 1 1 A
848 54 54 54 1 1 T
849 55 55 55 1 1 U
850 53 53 53 1 1 S
851 5f 5f 5f 1 1 _
852 55 55 55 1 1 U
853 50 50 50 1 1 P
854 44 44 44 1 1 D
855 41 41 41 1 1 A
856 54 54 54 1 1 T
857 45 45 45 1 1 E
858 20 20 20 1 1  
859 20 20 20 1 1  
860 7c 7c 7c 1 1 |
861 20 20 20 1 1  
862 53 53 53 1 1 S
863 59 59 59 1 1 Y
864 53 53 53 1 1 S
865 54 54 54 1 1 T
866 45 45 45 1 1 E
867 4d 4d 4d 1 1 M
868 20 20 20 1 1  
869 7c 7c 7c 1 1 |
870 20 20 20 1 1  
871 4e 4e 4e 1 1 N
872 41 41 41 1 1 A
873 20 20 20 1 1  
874 20 20 20 1 1  
875 20 20 20 1 1  
876 20 20 20 1 1  
877 20 20 20 1 1  
878 20 20 20 1 1  
879 20 20 20 1 1  
880 20 20 20 1 1  
881 20 20 20 1 1  
882 7c 7c 7c 1 1 |
883 20 20 20 1 1  
884 4e 4e 4e 1 1 N
885 4f 4f 4f 1 1 O
886 52 52 52 1 1 R
887 4d 4d 4d 1 1 M
888 41 41 41 1 1 A
889 4c 4c 4c 1 1 L
890 20 20 20 1 1  
891 20 20 20 1 1  
892 7c 7c 7c 1 1 |
893 20 20 20 1 1  
894 4e 4e 4e 1 1 N
895 45 45 45 1 1 E
896 54 54 54 1 1 T
897 57 57 57 1 1 W
898 4f 4f 4f 1 1 O
899 52 52 52 1 1 R
900 4b 4b 4b 1 1 K
901 5f 5f 5f 1 1 _
902 52 52 52 1 1 R
903 45 45 45 1 1 E
904 53 53 53 1 1 S
905 54 54 54 1 1 T
906 4f 4f 4f 1 1 O
907 52 52 52 1 1 R
908 45 45 45 1 1 E
909 44 44 44 1 1 D
910 20 20 20 1 1  
911 7c 7c 7c 1 1 |
912 20 20 20 1 1  
913 52 52 52 1 1 R
914 45 45 45 1 1 E
915 54 54 54 1 1 T
916 52 52 52 1 1 R
917 59 59 59 1 1 Y
918 3d 3d 3d 1 1 =
919 30 30 30 1 1 0
920 20 20 20 1 1  
921 7c 7c 7c 1 1 |
922 20 20 20 1 1  
923 43 43 43 1 1 C
924 52 52 52 1 1 R
925 43 43 43 1 1 C
926 3d 3d 3d 1 1 =
927 38 38 38 1 1 8
928 37 37 37 1 1 7
929 36 36 36 1 1 6
930 46 46 46 1 1 F
931 0a 0a 0a 1 1 .
932 32 32 32 1 1 2
933 30 30 30 1 1 0
934 32 32 32 1 1 2
935 36 36 36 1 1 6
936 2d 2d 2d 1 1 -
937 30 30 30 1 1 0
938 34 34 34 1 1 4
939 2d 2d 2d 1 1 -
940 30 30 30 1 1 0
941 31 31 31 1 1 1
942 20 20 20 1 1  
943 30 30 30 1 1 0
944 38 38 38 1 1 8
945 3a 3a 3a 1 1 :
946 30 30 30 1 1 0
947 30 30 30 1 1 0
948 3a 3a 3a 1 1 :
949 31 31 31 1 1 1
950 38 38 38 1 1 8
951 20 20 20 1 1  
952 7c 7c 7c 1 1 |
953 20 20 20 1 1  
954 43 43 43 1 1 C
955 54 54 54 1 1 T
956 52 52 52 1 1 R
957 4c 4c 4c 1 1 L
958 2d 2d 2d 1 1 -
959 30 30 30 1 1 0
960 31 31 31 1 1 1
961 20 20 20 1 1  
962 7c 7c 7c 1 1 |
963 20 20 20 1 1  
964 4f 4f 4f 1 1 O
965 46 46 46 1 1 F
966 46 46 46 1 1 F
967 49 49 49 1 1 I
968 43 43 43 1 1 C
969 45 45 45 1 1 E
970 5f 5f 5f 1 1 _
971 33 33 33 1 1 3
972 46 46 46 1 1 F
973 20 20 20 1 1  
974 20 20 20 1 1  
975 20 20 20 1 1  
976 7c 7c 7c 1 1 |
977 20 20 20 1 1  
978 41 41 41 1 1 A
979 43 43 43 1 1 C
980 43 43 43 1 1 C
981 45 45 45 1 1 E
982 53 53 53 1 1 S
983 53 53 53 1 1 S
984 5f 5f 5f 1 1 _
985 52 52 52 1 1 R
986 45 45 45 1 1 E
987 51 51 51 1 1 Q
988 55 55 55 1 1 U
989 45 45 45 1 1 E
990 53 53 53 1 1 S
991 54 54 54 1 1 T
992 20 20 20 1 1  
993 7c 7c 7c 1 1 |
994 20 20 20 1 1  
995 55 55 55 1 1 U
996 31 31 31 1 1 1
997 30 30 30 1 1 0
998 30 30 30 1 1 0
999 37 37 37 1 1 7
1000 20 20 20 1 1  
1001 20 20 20 1 1  
1002 7c 7c 7c 1 1 |
1003 20 20 20 1 1  
1004 43 43 43 1 1 C
1005 41 41 41 1 1 A
1006 52 52 52 1 1 R
1007 44 44 44 1 1 D
1008 35 35 35 1 1 5
1009 30 30 30 1 1 0
1010 30 30 30 1 1 0
1011 30 30 30 1 1 0
1012 30 30 30 1 1 0
1013 37 37 37 1 1 7
1014 20 20 20 1 1  
1015 7c 7c 7c 1 1 |
1016 20 20 20 1 1  
1017 4f 4f 4f 1 1 O
1018 4b 4b 4b 1 1 K
1019 20 20 20 1 1  
1020 20 20 20 1 1  
1021 20 20 20 1 1  
1022 20 20 20 1 1  
1023 20 20 20 1 1  
1024 20 20 20 1 1  
1025 7c 7c 7c 1 1 |
1026 20 20 20 1 1  
1027 50 50 50 1 1 P
1028 49 49 49 1 1 I
1029 4e 4e 4e 1 1 N
1030 5f 5f 5f 1 1 _
1031 4f 4f 4f 1 1 O
1032 4b 4b 4b 1 1 K
1033 20 20 20 1 1  
1034 20 20 20 1 1  
1035 20 20 20 1 1  
1036 20 20 20 1 1  
1037 20 20 20 1 1  
1038 20 20 20 1 1  
1039 20 20 20 1 1  
1040 20 20 20 1 1  
1041 20 20 20 1 1  
1042 20 20 20 1 1  
1043 20 20 20 1 1  
1044 7c 7c 7c 1 1 |
1045 20 20 20 1 1  
1046 52 52 52 1 1 R
1047 45 45 45 1 1 E
1048 54 54 54 1 1 T
1049 52 52 52 1 1 R
1050 59 59 59 1 1 Y
1051 3d 3d 3d 1 1 =
1052 30 30 30 1 1 0
1053 20 20 20 1 1  
1054 7c 7c 7c 1 1 |
1055 20 20 20 1 1  
1056 43 43 43 1 1 C
1057 52 52 52 1 1 R
1058 43 43 43 1 1 C
1059 3d 3d 3d 1 1 =
1060 39 39 39 1 1 9
1061 36 36 36 1 1 6
1062 31 31 31 1 1 1
1063 42 42 42 1 1 B
1064 0a 0a 0a 1 1 .
1065 32 32 32 1 1 2
1066 30 30 30 1 1 0
1067 32 32 32 1 1 2
1068 36 36 36 1 1 6
1069 2d 2d 2d 1 1 -
1070 30 30 30 1 1 0
1071 34 34 34 1 1 4
1072 2d 2d 2d 1 1 -
1073 30 30 30 1 1 0
1074 31 31 31 1 1 1
1075 20 20 20 1 1  
1076 30 30 30 1 1 0
1077 38 38 38 1 1 8
1078 3a 3a 3a 1 1 :
1079 30 30 30 1 1 0
1080 30 30 30 1 1 0
1081 3a 3a 3a 1 1 :
1082 32 32 32 1 1 2
1083 33 33 33 1 1 3
1084 20 20 20 1 1  
1085 7c 7c 7c 1 1 |
1086 20 20 20 1 1  
1087 44 44 44 1 1 D
1088 4f 4f 4f 1 1 O
1089 4f 4f 4f 1 1 O
1090 52 52 52 1 1 R
1091 2d 2d 2d 1 1 -
1092 41 41 41 1 1 A
1093 32 32 32 1 1 2
1094 20 20 20 1 1  
1095 7c 7c 7c 1 1 |
1096 20 20 20 1 1  
1097 57 57 57 1 1 W
1098 41 41 41 1 1 A
1099 52 52 52 1 1 R
1100 45 45 45 1 1 E
1101 48 48 48 1 1 H
1102 4f 4f 4f 1 1 O
1103 55 55 55 1 1 U
1104 53 53 53 1 1 S
1105 45 45 45 1 1 E
1106 20 20 20 1 1  
1107 20 20 20 1 1  
1108 20 20 20 1 1  
1109 7c 7c 7c 1 1 |
1110 20 20 20 1 1  
1111 44 44 44 1 1 D
1112 4f 4f 4f 1 1 O
1113 4f 4f 4f 1 1 O
1114 52 52 52 1 1 R
1115 5f 5f 5f 1 1 _
1116 43 43 43 1 1 C
1117 4c 4c 4c 1 1 L
1118 4f 4f 4f 1 1 O
1119 53 53 53 1 1 S
1120 45 45 45 1 1 E
1121 20 20 20 1 1  
1122 20 20 20 1 1  
1123 20 20 20 1 1  
1124 20 20 20 1 1  
1125 20 20 20 1 1  
1126 7c 7c 7c 1 1 |
1127 20 20 20 1 1  
1128 53 53 53 1 1 S
1129 59 59 59 1 1 Y
1130 53 53 53 1 1 S
1131 54 54 54 1 1 T
1132 45 45 45 1 1 E
1133 4d 4d 4d 1 1 M
1134 20 20 20 1 1  
1135 7c 7c 7c 1 1 |
1136 20 20 20 1 1  
1137 4e 4e 4e 1 1 N
1138 41 41 41 1 1 A
1139 20 20 20 1 1  
1140 20 20 20 1 1  
1141 20 20 20 1 1  
1142 20 20 20 1 1  
1143 20 20 20 1 1  
1144 20 20 20 1 1  
1145 20 20 20 1 1  
1146 20 20 20 1 1  
1147 20 20 20 1 1  
1148 7c 7c 7c 1 1 |
1149 20 20 20 1 1  
1150 4e 4e 4e 1 1 N
1151 4f 4f 4f 1 1 O
1152 52 52 52 1 1 R
1153 4d 4d 4d 1 1 M
1154 41 41 41 1 1 A
1155 4c 4c 4c 1 1 L
1156 20 20 20 1 1  
1157 20 20 20 1 1  
1158 7c 7c 7c 1 1 |
1159 20 20 20 1 1  
1160 50 50 50 1 1 P
1161 4f 4f 4f 1 1 O
1162 57 57 57 1 1 W
1163 45 45 45 1 1 E
1164 52 52 52 1 1 R
1165 5f 5f 5f 1 1 _
1166 4f 4f 4f 1 1 O
1167 4b 4b 4b 1 1 K
1168 20 20 20 1 1  
1169 20 20 20 1 1  
1170 20 20 20 1 1  
1171 20 20 20 1 1  
1172 20 20 20 1 1  
1173 20 20 20 1 1  
1174 20 20 20 1 1  
1175 20 20 20 1 1  
1176 20 20 20 1 1  
1177 7c 7c 7c 1 1 |
1178 20 20 20 1 1  
1179 52 52 52 1 1 R
1180 45 45 45 1 1 E
1181 54 54 54 1 1 T
1182 52 52 52 1 1 R
1183 59 59 59 1 1 Y
1184 3d 3d 3d 1 1 =
1185 30 30 30 1 1 0
1186 20 20 20 1 1  
1187 7c 7c 7c 1 1 |
1188 20 20 20 1 1  
1189 43 43 43 1 1 C
1190 52 52 52 1 1 R
1191 43 43 43 1 1 C
1192 3d 3d 3d 1 1 =
1193 36 36 36 1 1 6
1194 32 32 32 1 1 2
1195 37 37 37 1 1 7
1196 33 33 33 1 1 3
1197 0a 0a 0a 1 1 .
1198 32 32 32 1 1 2
1199 30 30 30 1 1 0
1200 32 32 32 1 1 2
1201 36 36 36 1 1 6
1202 2d 2d 2d 1 1 -
1203 30 30 30 1 1 0
1204 34 34 34 1 1 4
1205 2d 2d 2d 1 1 -
1206 30 30 30 1 1 0
1207 31 31 31 1 1 1
1208 20 20 20 1 1  
1209 30 30 30 1 1 0
1210 38 38 38 1 1 8
1211 3a 3a 3a 1 1 :
1212 30 30 30 1 1 0
1213 30 30 30 1 1 0
1214 3a 3a 3a 1 1 :
1215 32 32 32 1 1 2
1216 36 36 36 1 1 6
1217 20 20 20 1 1  
1218 7c 7c 7c 1 1 |
1219 20 20 20 1 1  
1220 43 43 43 1 1 C
1221 54 54 54 1 1 T
1222 52 52 52 1 1 R
1223 4c 4c 4c 1 1 L
1224 2d 2d 2d 1 1 -
1225 30 30 30 1 1 0
1226 31 31 31 1 1 1
1227 20 20 20 1 1  
1228 7c 7c 7c 1 1 |
1229 20 20 20 1 1  
1230 4c 4c 4c 1 1 L
1231 4f 4f 4f 1 1 O
1232 42 42 42 1 1 B
1233 42 42 42 1 1 B
1234 59 59 59 1 1 Y
1235 20 20 20 1 1  
1236 20 20 20 1 1  
1237 20 20 20 1 1  
1238 20 20 20 1 1  
1239 20 20 20 1 1  
1240 20 20 20 1 1  
1241 20 20 20 1 1  
1242 7c 7c 7c 1 1 |
1243 20 20 20 1 1  
1244 41 41 41 1 1 A
1245 43 43 43 1 1 C
1246 43 43 43 1 1 C
1247 45 45 45 1 1 E
1248 53 53 53 1 1 S
1249 53 53 53 1 1 S
1250 5f 5f 5f 1 1 _
1251 47 47 47 1 1 G
1252 52 52 52 1 1 R
1253 41 41 41 1 1 A
1254 4e 4e 4e 1 1 N
1255 54 54 54 1 1 T
1256 45 45 45 1 1 E
1257 44 44 44 1 1 D
1258 20 20 20 1 1  
1259 7c 7c 7c 1 1 |
1260 20 20 20 1 1  
1261 55 55 55 1 1 U
1262 31 31 31 1 1 1
1263 30 30 30 1 1 0
1264 34 34 34 1 1 4
1265 39 39 39 1 1 9
1266 20 20 20 1 1  
1267 20 20 20 1 1  
1268 7c 7c 7c 1 1 |
1269 20 20 20 1 1  
1270 43 43 43 1 1 C
1271 41 41 41 1 1 A
1272 52 52 52 1 1 R
1273 44 44 44 1 1 D
1274 35 35 35 1 1 5
1275 30 30 30 1 1 0
1276 30 30 30 1 1 0
1277 30 30 30 1 1 0
1278 34 34 34 1 1 4
1279 39 39 39 1 1 9
1280 20 20 20 1 1  
1281 7c 7c 7c 1 1 |
1282 20 20 20 1 1  
1283 47 47 47 1 1 G
1284 52 52 52 1 1 R
1285 41 41 41 1 1 A
1286 4e 4e 4e 1 1 N
1287 54 54 54 1 1 T
1288 45 45 45 1 1 E
1289 44 44 44 1 1 D
1290 20 20 20 1 1  
1291 7c 7c 7c 1 1 |
1292 20 20 20 1 1  
1293 53 53 53 1 1 S
1294 43 43 43 1 1 C
1295 48 48 48 1 1 H
1296 45 45 45 1 1 E
1297 44 44 44 1 1 D
1298 55 55 55 1 1 U
1299 4c 4c 4c 1 1 L
1300 45 45 45 1 1 E
1301 5f 5f 5f 1 1 _
1302 4f 4f 4f 1 1 O
1303 4b 4b 4b 1 1 K
1304 20 20 20 1 1  
1305 20 20 20 1 1  
1306 20 20 20 1 1  
1307 20 20 20 1 1  
1308 20 20 20 1 1  
1309 20 20 20 1 1  
1310 7c 7c 7c 1 1 |
1311 20 20 20 1 1  
1312 52 52 52 1 1 R
1313 45 45 45 1 1 E
1314 54 54 54 1 1 T
1315 52 52 52 1 1 R
1316 59 59 59 1 1 Y
1317 3d 3d 3d 1 1 =
1318 30 30 30 1 1 0
1319 20 20 20 1 1  
1320 7c 7c 7c 1 1 |
1321 20 20 20 1 1  
1322 43 43 43 1 1 C
1323 52 52 52 1 1 R
1324 43 43 43 1 1 C
1325 3d 3d 3d 1 1 =
1326 37 37 37 1 1 7
1327 37 37 37 1 1 7
1328 33 33 33 1 1 3
1329 30 30 30 1 1 0
1330 0a 0a 0a 1 1 .
1331 32 32 32 1 1 2
1332 30 30 30 1 1 0
1333 32 32 32 1 1 2
1334 36 36 36 1 1 6
1335 2d 2d 2d 1 1 -
1336 30 30 30 1 1 0
1337 34 34 34 1 1 4
1338 2d 2d 2d 1 1 -
1339 30 30 30 1 1 0
1340 31 31 31 1 1 1
1341 20 20 20 1 1  
1342 30 30 30 1 1 0
1343 38 38 38 1 1 8
1344 3a 3a 3a 1 1 :
1345 30 30 30 1 1 0
1346 30 30 30 1 1 0
1347 3a 3a 3a 1 1 :
1348 33 33 33 1 1 3
1349 31 31 31 1 1 1
1350 20 20 20 1 1  
1351 7c 7c 7c 1 1 |
1352 20 20 20 1 1  
1353 43 43 43 1 1 C
1354 54 54 54 1 1 T
1355 52 52 52 1 1 R
1356 4c 4c 4c 1 1 L
1357 2d 2d 2d 1 1 -
1358 30 30 30 1 1 0
1359 31 31 31 1 1 1
1360 20 20 20 1 1  
1361 7c 7c 7c 1 1 |
1362 20 20 20 1 1  
1363 4c 4c 4c 1 1 L
1364 41 41 41 1 1 A
1365 42 42 42 1 1 B
1366 5f 5f 5f 1 1 _
1367 42 42 42 1 1 B
1368 20 20 20 1 1  
1369 20 20 20 1 1  
1370 20 20 20 1 1  
1371 20 20 20 1 1  
1372 20 20 20 1 1  
1373 20 20 20 1 1  
1374 20 20 20 1 1  
1375 7c 7c 7c 1 1 |
1376 20 20 20 1 1  
1377 53 53 53 1 1 S
1378 54 54 54 1 1 T
1379 41 41 41 1 1 A
1380 54 54 54 1 1 T
1381 55 55 55 1 1 U
1382 53 53 53 1 1 S
1383 5f 5f 5f 1 1 _
1384 55 55 55 1 1 U
1385 50 50 50 1 1 P
1386 44 44 44 1 1 D
1387 41 41 41 1 1 A
1388 54 54 54 1 1 T
1389 45 45 45 1 1 E
1390 20 20 20 1 1  
1391 20 20 20 1 1  
1392 7c 7c 7c 1 1 |
1393 20 20 20 1 1  
1394 53 53 53 1 1 S
1395 59 59 59 1 1 Y
1396 53 53 53 1 1 S
1397 54 54 54 1 1 T
1398 45 45 45 1 1 E
1399 4d 4d 4d 1 1 M
1400 20 20 20 1 1  
1401 7c 7c 7c 1 1 |
1402 20 20 20 1 1  
1403 4e 4e 4e 1 1 N
1404 41 41 41 1 1 A
1405 20 20 20 1 1  
1406 20 20 20 1 1  
1407 20 20 20 1 1  
1408 20 20 20 1 1  
1409 20 20 20 1 1  
1410 20 20 20 1 1  
1411 20 20 20 1 1  
1412 20 20 20 1 1  
1413 20 20 20 1 1  
1414 7c 7c 7c 1 1 |
1415 20 20 20 1 1  
1416 4e 4e 4e 1 1 N
1417 4f 4f 4f 1 1 O
1418 52 52 52 1 1 R
1419 4d 4d 4d 1 1 M
1420 41 41 41 1 1 A
1421 4c 4c 4c 1 1 L
1422 20 20 20 1 1  
1423 20 20 20 1 1  
1424 7c 7c 7c 1 1 |
1425 20 20 20 1 1  
1426 4c 4c 4c 1 1 L
1427 4f 4f 4f 1 1 O
1428 57 57 57 1 1 W
1429 5f 5f 5f 1 1 _
1430 42 42 42 1 1 B
1431 41 41 41 1 1 A
1432 54 54 54 1 1 T
1433 54 54 54 1 1 T
1434 45 45 45 1 1 E
1435 52 52 52 1 1 R
1436 59 59 59 1 1 Y
1437 20 20 20 1 1  
1438 20 20 20 1 1  
1439 20 20 20 1 1  
1440 20 20 20 1 1  
1441 20 20 20 1 1  
1442 20 20 20 1 1  
1443 7c 7c 7c 1 1 |
1444 20 20 20 1 1  
1445 52 52 52 1 1 R
1446 45 45 45 1 1 E
1447 54 54 54 1 1 T
1448 52 52 52 1 1 R
1449 59 59 59 1 1 Y
1450 3d 3d 3d 1 1 =
1451 30 30 30 1 1 0
1452 20 20 20 1 1  
1453 7c 7c 7c 1 1 |
1454 20 20 20 1 1  
1455 43 43 43 1 1 C
1456 52 52 52 1 1 R
1457 43 43 43 1 1 C
1458 3d 3d 3d 1 1 =
1459 42 42 42 1 1 B
1460 41 41 41 1 1 A
1461 43 43 43 1 1 C
1462 42 42 42 1 1 B
1463 0a 0a 0a 1 1 .
1464 32 32 32 1 1 2
1465 30 30 30 1 1 0
1466 32 32 32 1 1 2
1467 36 36 36 1 1 6
1468 2d 2d 2d 1 1 -
1469 30 30 30 1 1 0
1470 34 34 34 1 1 4
1471 2d 2d 2d 1 1 -
1472 30 30 30 1 1 0
1473 31 31 31 1 1 1
1474 20 20 20 1 1  
1475 30 30 30 1 1 0
1476 38 38 38 1 1 8
1477 3a 3a 3a 1 1 :
1478 30 30 30 1 1 0
1479 30 30 30 1 1 0
1480 3a 3a 3a 1 1 :
1481 33 33 33 1 1 3
1482 32 32 32 1 1 2
1483 20 20 20 1 1  
1484 7c 7c 7c 1 1 |
1485 20 20 20 1 1  
1486 47 47 47 1 1 G
1487 41 41 41 1 1 A
1488 54 54 54 1 1 T
1489 45 45 45 1 1 E
1490 2d 2d 2d 1 1 -
1491 30 30 30 1 1 0
1492 31 31 31 1 1 1
1493 20 20 20 1 1  
1494 7c 7c 7c 1 1 |
1495 20 20 20 1 1  
1496 4c 4c 4c 1 1 L
1497 41 41 41 1 1 A
1498 42 42 42 1 1 B
1499 5f 5f 5f 1 1 _
1500 41 41 41 1 1 A
1501 20 20 20 1 1  
1502 20 20 20 1 1  
1503 20 20 20 1 1  
1504 20 20 20 1 1  
1505 20 20 20 1 1  
1506 20 20 20 1 1  
1507 20 20 20 1 1  
1508 7c 7c 7c 1 1 |
1509 20 20 20 1 1  
1510 53 53 53 1 1 S
1511 54 54 54 1 1 T
1512 41 41 41 1 1 A
1513 54 54 54 1 1 T
1514 55 55 55 1 1 U
1515 53 53 53 1 1 S
1516 5f 5f 5f 1 1 _
1517 55 55 55 1 1 U
1518 50 50 50 1 1 P
1519 44 44 44 1 1 D
1520 41 41 41 1 1 A
1521 54 54 54 1 1 T
1522 45 45 45 1 1 E
1523 20 20 20 1 1  
1524 20 20 20 1 1  
1525 7c 7c 7c 1 1 |
1526 20 20 20 1 1  
1527 53 53 53 1 1 S
1528 59 59 59 1 1 Y
1529 53 53 53 1 1 S
1530 54 54 54 1 1 T
1531 45 45 45 1 1 E
1532 4d 4d 4d 1 1 M
1533 20 20 20 1 1  
1534 7c 7c 7c 1 1 |
1535 20 20 20 1 1  
1536 4e 4e 4e 1 1 N
1537 41 41 41 1 1 A
1538 20 20 20 1 1  
1539 20 20 20 1 1  
1540 20 20 20 1 1  
1541 20 20 20 1 1  
1542 20 20 20 1 1  
1543 20 20 20 1 1  
1544 20 20 20 1 1  
1545 20 20 20 1 1  
1546 20 20 20 1 1  
1547 7c 7c 7c 1 1 |
1548 20 20 20 1 1  
1549 4e 4e 4e 1 1 N
1550 4f 4f 4f 1 1 O
1551 52 52 52 1 1 R
1552 4d 4d 4d 1 1 M
1553 41 41 41 1 1 A
1554 4c 4c 4c 1 1 L
1555 20 20 20 1 1  
1556 20 20 20 1 1  
1557 7c 7c 7c 1 1 |
1558 20 20 20 1 1  
1559 4e 4e 4e 1 1 N
1560 45 45 45 1 1 E
1561 54 54 54 1 1 T
1562 57 57 57 1 1 W
1563 4f 4f 4f 1 1 O
1564 52 52 52 1 1 R
1565 4b 4b 4b 1 1 K
1566 5f 5f 5f 1 1 _
1567 52 52 52 1 1 R
1568 45 45 45 1 1 E
1569 53 53 53 1 1 S
1570 54 54 54 1 1 T
1571 4f 4f 4f 1 1 O
1572 52 52 52 1 1 R
1573 45 45 45 1 1 E
1574 44 44 44 1 1 D
1575 20 20 20 1 1  
1576 7c 7c 7c 1 1 |
1577 20 20 20 1 1  
1578 52 52 52 1 1 R
1579 45 45 45 1 1 E
1580 54 54 54 1 1 T
1581 52 52 52 1 1 R
1582 59 59 59 1 1 Y
1583 3d 3d 3d 1 1 =
1584 30 30 30 1 1 0
1585 20 20 20 1 1  
1586 7c 7c 7c 1 1 |
1587 20 20 20 1 1  
1588 43 43 43 1 1 C
1589 52 52 52 1 1 R
1590 43 43 43 1 1 C
1591 3d 3d 3d 1 1 =
1592 32 32 32 1 1 2
1593 34 34 34 1 1 4
1594 38 38 38 1 1 8
1595 45 45 45 1 1 E
1596 0a 0a 0a 1 1 .
1597 32 32 32 1 1 2
1598 30 30 30 1 1 0
1599 32 32 32 1 1 2
1600 36 36 36 1 1 6
1601 2d 2d 2d 1 1 -
1602 30 30 30 1 1 0
1603 34 34 34 1 1 4
1604 2d 2d 2d 1 1 -
1605 30 30 30 1 1 0
1606 31 31 31 1 1 1
1607 20 20 20 1 1  
1608 30 30 30 1 1 0
1609 38 38 38 1 1 8
1610 3a 3a 3a 1 1 :
1611 30 30 30 1 1 0
1612 30 30 30 1 1 0
1613 3a 3a 3a 1 1 :
1614 33 33 33 1 1 3
1615 34 34 34 1 1 4
1616 20 20 20 1 1  
1617 7c 7c 7c 1 1 |
1618 20 20 20 1 1  
1619 44 44 44 1 1 D
1620 4f 4f 4f 1 1 O
1621 4f 4f 4f 1 1 O
1622 52 52 52 1 1 R
1623 2d 2d 2d 1 1 -
1624 41 41 41 1 1 A
1625 32 32 32 1 1 2
1626 20 20 20 1 1  
1627 7c 7c 7c 1 1 |
1628 20 20 20 1 1  
1629 53 53 53 1 1 S
1630 45 45 45 1 1 E
1631 52 52 52 1 1 R
1632 56 56 56 1 1 V
1633 45 45 45 1 1 E
1634 52 52 52 1 1 R
1635 5f 5f 5f 1 1 _
1636 52 52 52 1 1 R
1637 4f 4f 4f 1 1 O
1638 4f 4f 4f 1 1 O
1639 4d 4d 4d 1 1 M
1640 20 20 20 1 1  
1641 7c 7c 7c 1 1 |
1642 20 20 20 1 1  
1643 41 41 41 1 1 A
1644 43 43 43 1 1 C
1645 43 43 43 1 1 C
1646 45 45 45 1 1 E
1647 53 53 53 1 1 S
1648 53 53 53 1 1 S
1649 5f 5f 5f 1 1 _
1650 52 52 52 1 1 R
1651 45 45 45 1 1 E
1652 51 51 51 1 1 Q
1653 55 55 55 1 1 U
1654 45 45 45 1 1 E
1655 53 53 53 1 1 S
1656 54 54 54 1 1 T
1657 20 20 20 1 1  
1658 7c 7c 7c 1 1 |
1659 20 20 20 1 1  
1660 55 55 55 1 1 U
1661 31 31 31 1 1 1
1662 30 30 30 1 1 0
1663 31 31 31 1 1 1
1664 35 35 35 1 1 5
1665 20 20 20 1 1  
1666 20 20 20 1 1  
1667 7c 7c 7c 1 1 |
1668 20 20 20 1 1  
1669 43 43 43 1 1 C
1670 41 41 41 1 1 A
1671 52 52 52 1 1 R
1672 44 44 44 1 1 D
1673 35 35 35 1 1 5
1674 30 30 30 1 1 0
1675 30 30 30 1 1 0
1676 30 30 30 1 1 0
1677 31 31 31 1 1 1
1678 35 35 35 1 1 5
1679 20 20 20 1 1  
1680 7c 7c 7c 1 1 |
1681 20 20 20 1 1  
1682 4f 4f 4f 1 1 O
1683 4b 4b 4b 1 1 K
1684 20 20 20 1 1  
1685 20 20 20 1 1  
1686 20 20 20 1 1  
1687 20 20 20 1 1  
1688 20 20 20 1 1  
1689 20 20 20 1 1  
1690 7c 7c 7c 1 1 |
1691 20 20 20 1 1  
1692 43 43 43 1 1 C
1693 41 41 41 1 1 A
1694 52 52 52 1 1 R
1695 44 44 44 1 1 D
1696 5f 5f 5f 1 1 _
1697 4f 4f 4f 1 1 O
1698 4b 4b 4b 1 1 K
1699 20 20 20 1 1  
1700 20 20 20 1 1  
1701 20 20 20 1 1  
1702 20 20 20 1 1  
1703 20 20 20 1 1  
1704 20 20 20 1 1  
1705 20 20 20 1 1  
1706 20 20 20 1 1  
1707 20 20 20 1 1  
1708 20 20 20 1 1  
1709 7c 7c 7c 1 1 |
1710 20 20 20 1 1  
1711 52 52 52 1 1 R
1712 45 45 45 1 1 E
1713 54 54 54 1 1 T
1714 52 52 52 1 1 R
1715 59 59 59 1 1 Y
1716 3d 3d 3d 1 1 =
1717 31 31 31 1 1 1
1718 20 20 20 1 1  
1719 7c 7c 7c 1 1 |
1720 20 20 20 1 1  
1721 43 43 43 1 1 C
1722 52 52 52 1 1 R
1723 43 43 43 1 1 C
1724 3d 3d 3d 1 1 =
1725 43 43 43 1 1 C
1726 32 32 32 1 1 2
1727 34 34 34 1 1 4
1728 37 37 37 1 1 7
1729 0a 0a 0a 1 1 .
1730 32 32 32 1 1 2
1731 30 30 30 1 1 0
1732 32 32 32 1 1 2
1733 36 36 36 1 1 6
1734 2d 2d 2d 1 1 -
1735 30 30 30 1 1 0
1736 34 34 34 1 1 4
1737 2d 2d 2d 1 1 -
1738 30 30 30 1 1 0
1739 31 31 31 1 1 1
1740 20 20 20 1 1  
1741 30 30 30 1 1 0
1742 38 38 38 1 1 8
1743 3a 3a 3a 1 1 :
1744 30 30 30 1 1 0
1745 30 30 30 1 1 0
1746 3a 3a 3a 1 1 :
1747 33 33 33 1 1 3
1748 35 35 35 1 1 5
1749 20 20 20 1 1  
1750 7c 7c 7c 1 1 |
1751 20 20 20 1 1  
1752 44 44 44 1 1 D
1753 4f 4f 4f 1 1 O
1754 4f 4f 4f 1 1 O
1755 52 52 52 1 1 R
1756 2d 2d 2d 1 1 -
1757 41 41 41 1 1 A
1758 32 32 32 1 1 2
1759 20 20 20 1 1  
1760 7c 7c 7c 1 1 |
1761 20 20 20 1 1  
1762 4f 4f 4f 1 1 O
1763 46 46 46 1 1 F
1764 46 46 46 1 1 F
1765 49 49 49 1 1 I
1766 43 43 43 1 1 C
1767 45 45 45 1 1 E
1768 5f 5f 5f 1 1 _
1769 33 33 33 1 1 3
1770 46 46 46 1 1 F
1771 20 20 20 1 1  
1772 20 20 20 1 1  
1773 20 20 20 1 1  
1774 7c 7c 7c 1 1 |
1775 20 20 20 1 1  
1776 41 41 41 1 1 A
1777 43 43 43 1 1 C
1778 43 43 43 1 1 C
1779 45 45 45 1 1 E
1780 53 53 53 1 1 S
1781 53 53 53 1 1 S
1782 5f 5f 5f 1 1 _
1783 52 52 52 1 1 R
1784 45 45 45 1 1 E
1785 51 51 51 1 1 Q
1786 55 55 55 1 1 U
1787 45 45 45 1 1 E
1788 53 53 53 1 1 S
1789 54 54 54 1 1 T
1790 20 20 20 1 1  
1791 7c 7c 7c 1 1 |
1792 20 20 20 1 1  
1793 55 55 55 1 1 U
1794 31 31 31 1 1 1
1795 30 30 30 1 1 0
1796 34 34 34 1 1 4
1797 33 33 33 1 1 3
1798 20 20 20 1 1  
1799 20 20 20 1 1  
1800 7c 7c 7c 1 1 |
1801 20 20 20 1 1  
1802 43 43 43 1 1 C
1803 41 41 41 1 1 A
1804 52 52 52 1 1 R
1805 44 44 44 1 1 D
1806 35 35 35 1 1 5
1807 30 30 30 1 1 0
1808 30 30 30 1 1 0
1809 30 30 30 1 1 0
1810 34 34 34 1 1 4
1811 33 33 33 1 1 3
1812 20 20 20 1 1  
1813 7c 7c 7c 1 1 |
1814 20 20 20 1 1  
1815 4f 4f 4f 1 1 O
1816 4b 4b 4b 1 1 K
1817 20 20 20 1 1  
1818 20 20 20 1 1  
1819 20 20 20 1 1  
1820 20 20 20 1 1  
1821 20 20 20 1 1  
1822 20 20 20 1 1  
1823 7c 7c 7c 1 1 |
1824 20 20 20 1 1  
1825 50 50 50 1 1 P
1826 49 49 49 1 1 I
1827 4e 4e 4e 1 1 N
1828 5f 5f 5f 1 1 _
1829 4f 4f 4f 1 1 O
1830 4b 4b 4b 1 1 K
1831 20 20 20 1 1  
1832 20 20 20 1 1  
1833 20 20 20 1 1  
1834 20 20 20 1 1  
1835 20 20 20 1 1  
1836 20 20 20 1 1  
1837 20 20 20 1 1  
1838 20 20 20 1 1  
1839 20 20 20 1 1  
1840 20 20 20 1 1  
1841 20 20 20 1 1  
1842 7c 7c 7c 1 1 |
1843 20 20 20 1 1  
1844 52 52 52 1 1 R
1845 45 45 45 1 1 E
1846 54 54 54 1 1 T
1847 52 52 52 1 1 R
1848 59 59 59 1 1 Y
1849 3d 3d 3d 1 1 =
1850 30 30 30 1 1 0
1851 20 20 20 1 1  
1852 7c 7c 7c 1 1 |
1853 20 20 20 1 1  
1854 43 43 43 1 1 C
1855 52 52 52 1 1 R
1856 43 43 43 1 1 C
1857 3d 3d 3d 1 1 =
1858 37 37 37 1 1 7
1859 35 35 35 1 1 5
1860 34 34 34 1 1 4
1861 35 35 35 1 1 5
1862 0a 0a 0a 1 1 .
1863 32 32 32 1 1 2
1864 30 30 30 1 1 0
1865 32 32 32 1 1 2
1866 36 36 36 1 1 6
1867 2d 2d 2d 1 1 -
1868 30 30 30 1 1 0
1869 34 34 34 1 1 4
1870 2d 2d 2d 1 1 -
1871 30 30 30 1 1 0
1872 31 31 31 1 1 1
1873 20 20 20 1 1  
1874 30 30 30 1 1 0
1875 38 38 38 1 1 8
1876 3a 3a 3a 1 1 :
1877 30 30 30 1 1 0
1878 30 30 30 1 1 0
1879 3a 3a 3a 1 1 :
1880 34 34 34 1 1 4
1881 30 30 30 1 1 0
1882 20 20 20 1 1  
1883 7c 7c 7c 1 1 |
1884 20 20 20 1 1  
1885 43 43 43 1 1 C
1886 54 54 54 1 1 T
1887 52 52 52 1 1 R
1888 4c 4c 4c 1 1 L
1889 2d 2d 2d 1 1 -
1890 30 30 30 1 1 0
1891 31 31 31 1 1 1
1892 20 20 20 1 1  
1893 7c 7c 7c 1 1 |
1894 20 20 20 1 1  
1895 50 50 50 1 1 P
1896 41 41 41 1 1 A
1897 52 52 52 1 1 R
1898 4b 4b 4b 1 1 K
1899 49 49 49 1 1 I
1900 4e 4e 4e 1 1 N
1901 47 47 47 1 1 G
1902 20 20 20 1 1  
1903 20 20 20 1 1  
1904 20 20 20 1 1  
1905 20 20 20 1 1  
1906 20 20 20 1 1  
1907 7c 7c 7c 1 1 |
1908 20 20 20 1 1  
1909 53 53 53 1 1 S
1910 54 54 54 1 1 T
1911 41 41 41 1 1 A
1912 54 54 54 1 1 T
1913 55 55 55 1 1 U
1914 53 53 53 1 1 S
1915 5f 5f 5f 1 1 _
1916 55 55 55 1 1 U
1917 50 50 50 1 1 P
1918 44 44 44 1 1 D
1919 41 41 41 1 1 A
1920 54 54 54 1 1 T
1921 45 45 45 1 1 E
1922 20 20 20 1 1  
1923 20 20 20 1 1  
1924 7c 7c 7c 1 1 |
1925 20 20 20 1 1  
1926 53 53 53 1 1 S
1927 59 59 59 1 1 Y
1928 53 53 53 1 1 S
1929 54 54 54 1 1 T
1930 45 45 45 1 1 E
1931 4d 4d 4d 1 1 M
1932 20 20 20 1 1  
1933 7c 7c 7c 1 1 |
1934 20 20 20 1 1  
1935 4e 4e 4e 1 1 N
1936 41 41 41 1 1 A
1937 20 20 20 1 1  
1938 20 20 20 1 1  
1939 20 20 20 1 1  
1940 20 20 20 1 1  
1941 20 20 20 1 1  
1942 20 20 20 1 1  
1943 20 20 20 1 1  
1944 20 20 20 1 1  
1945 20 20 20 1 1  
1946 7c 7c 7c 1 1 |
1947 20 20 20 1 1  
1948 4e 4e 4e 1 1 N
1949 4f 4f 4f 1 1 O
1950 52 52 52 1 1 R
1951 4d 4d 4d 1 1 M
1952 41 41 41 1 1 A
1953 4c 4c 4c 1 1 L
1954 20 20 20 1 1  
1955 20 20 20 1 1  
1956 7c 7c 7c 1 1 |
1957 20 20 20 1 1  
1958 4e 4e 4e 1 1 N
1959 45 45 45 1 1 E
1960 54 54 54 1 1 T
1961 57 57 57 1 1 W
1962 4f 4f 4f 1 1 O
1963 52 52 52 1 1 R
1964 4b 4b 4b 1 1 K
1965 5f 5f 5f 1 1 _
1966 52 52 52 1 1 R
1967 45 45 45 1 1 E
1968 53 53 53 1 1 S
1969 54 54 54 1 1 T
1970 4f 4f 4f 1 1 O
1971 52 52 52 1 1 R
1972 45 45 45 1 1 E
1973 44 44 44 1 1 D
1974 20 20 20 1 1  
1975 7c 7c 7c 1 1 |
1976 20 20 20 1 1  
1977 52 52 52 1 1 R
1978 45 45 45 1 1 E
1979 54 54 54 1 1 T
1980 52 52 52 1 1 R
1981 59 59 59 1 1 Y
1982 3d 3d 3d 1 1 =
1983 30 30 30 1 1 0
1984 20 20 20 1 1  
1985 7c 7c 7c 1 1 |
1986 20 20 20 1 1  
1987 43 43 43 1 1 C
1988 52 52 52 1 1 R
1989 43 43 43 1 1 C
1990 3d 3d 3d 1 1 =
1991 32 32 32 1 1 2
1992 31 31 31 1 1 1
1993 45 45 45 1 1 E
1994 33 33 33 1 1 3
1995 0a 0a 0a 1 1 .
1996 32 32 32 1 1 2
1997 30 30 30 1 1 0
1998 32 32 32 1 1 2
1999 36 36 36 1 1 6
2000 2d 2d 2d 1 1 -
2001 30 30 30 1 1 0
2002 34 34 34 1 1 4
2003 2d 2d 2d 1 1 -
2004 30 30 30 1 1 0
2005 31 31 31 1 1 1
2006 20 20 20 1 1  
2007 30 30 30 1 1 0
2008 38 38 38 1 1 8
2009 3a 3a 3a 1 1 :
2010 30 30 30 1 1 0
2011 30 30 30 1 1 0
2012 3a 3a 3a 1 1 :
2013 34 34 34 1 1 4
2014 31 31 31 1 1 1
2015 20 20 20 1 1  
2016 7c 7c 7c 1 1 |
2017 20 20 20 1 1  
2018 44 44 44 1 1 D
2019 4f 4f 4f 1 1 O
2020 4f 4f 4f 1 1 O
2021 52 52 52 1 1 R
2022 2d 2d 2d 1 1 -
2023 41 41 41 1 1 A
2024 31 31 31 1 1 1
2025 20 20 20 1 1  
2026 7c 7c 7c 1 1 |
2027 20 20 20 1 1  
2028 4f 4f 4f 1 1 O
2029 46 46 46 1 1 F
2030 46 46 46 1 1 F
2031 49 49 49 1 1 I
2032 43 43 43 1 1 C
2033 45 45 45 1 1 E
2034 5f 5f 5f 1 1 _
2035 33 33 33 1 1 3
2036 46 46 46 1 1 F
2037 20 20 20 1 1  
2038 20 20 20 1 1  
2039 20 20 20 1 1  
2040 7c 7c 7c 1 1 |
2041 20 20 20 1 1  
2042 53 53 53 1 1 S
2043 54 54 54 1 1 T
2044 41 41 41 1 1 A
2045 54 54 54 1 1 T
2046 55 55 55 1 1 U
2047 53 53 53 1 1 S
2048 5f 5f 5f 1 1 _
2049 55 55 55 1 1 U
2050 50 50 50 1 1 P
2051 44 44 44 1 1 D
2052 41 41 41 1 1 A
2053 54 54 54 1 1 T
2054 45 45 45 1 1 E
2055 20 20 20 1 1  
2056 20 20 20 1 1  
2057 7c 7c 7c 1 1 |
2058 20 20 20 1 1  
2059 53 53 53 1 1 S
2060 59 59 59 1 1 Y
2061 53 53 53 1 1 S
2062 54 54 54 1 1 T
2063 45 45 45 1 1 E
2064 4d 4d 4d 1 1 M
2065 20 20 20 1 1  
2066 7c 7c 7c 1 1 |
2067 20 20 20 1 1  
2068 4e 4e 4e 1 1 N
2069 41 41 41 1 1 A
2070 20 20 20 1 1  
2071 20 20 20 1 1  
2072 20 20 20 1 1  
2073 20 20 20 1 1  
2074 20 20 20 1 1  
2075 20 20 20 1 1  
2076 20 20 20 1 1  
2077 20 20 20 1 1  
2078 20 20 20 1 1  
2079 7c 7c 7c 1 1 |
2080 20 20 20 1 1  
2081 4e 4e 4e 1 1 N
2082 4f 4f 4f 1 1 O
2083 52 52 52 1 1 R
2084 4d 4d 4d 1 1 M
2085 41 41 41 1 1 A
2086 4c 4c 4c 1 1 L
2087 20 20 20 1 1  
2088 20 20 20 1 1  
2089 7c 7c 7c 1 1 |
2090 20 20 20 1 1  
2091 4c 4c 4c 1 1 L
2092 4f 4f 4f 1 1 O
2093 57 57 57 1 1 W
2094 5f 5f 5f 1 1 _
2095 42 42 42 1 1 B
2096 41 41 41 1 1 A
2097 54 54 54 1 1 T
2098 54 54 54 1 1 T
2099 45 45 45 1 1 E
2100 52 52 52 1 1 R
2101 59 59 59 1 1 Y
2102 20 20 20 1 1  
2103 20 20 20 1 1  
2104 20 20 20 1 1  
2105 20 20 20 1 1  
2106 20 20 20 1 1  
2107 20 20 20 1 1  
2108 7c 7c 7c 1 1 |
2109 20 20 20 1 1  
2110 52 52 52 1 1 R
2111 45 45 45 1 1 E
2112 54 54 54 1 1 T
2113 52 52 52 1 1 R
2114 59 59 59 1 1 Y
2115 3d 3d 3d 1 1 =
2116 30 30 30 1 1 0
2117 20 20 20 1 1  
2118 7c 7c 7c 1 1 |
2119 20 20 20 1 1  
2120 43 43 43 1 1 C
2121 52 52 52 1 1 R
2122 43 43 43 1 1 C
2123 3d 3d 3d 1 1 =
2124 46 46 46 1 1 F
2125 46 46 46 1 1 F
2126 39 39 39 1 1 9
2127 42 42 42 1 1 B
2128 0a 0a 0a 1 1 .
2129 32 32 32 1 1 2
2130 30 30 30 1 1 0
2131 32 32 32 1 1 2
2132 36 36 36 1 1 6
2133 2d 2d 2d 1 1 -
2134 30 30 30 1 1 0
2135 34 34 34 1 1 4
2136 2d 2d 2d 1 1 -
2137 30 30 30 1 1 0
2138 31 31 31 1 1 1
2139 20 20 20 1 1  
2140 30 30 30 1 1 0
2141 38 38 38 1 1 8
2142 3a 3a 3a 1 1 :
2143 30 30 30 1 1 0
2144 30 30 30 1 1 0
2145 3a 3a 3a 1 1 :
2146 34 34 34 1 1 4
2147 33 33 33 1 1 3
2148 20 20 20 1 1  
2149 7c 7c 7c 1 1 |
2150 20 20 20 1 1  
2151 44 44 44 1 1 D
2152 4f 4f 4f 1 1 O
2153 4f 4f 4f 1 1 O
2154 52 52 52 1 1 R
2155 2d 2d 2d 1 1 -
2156 41 41 41 1 1 A
2157 32 32 32 1 1 2
2158 20 20 20 1 1  
2159 7c 7c 7c 1 1 |
2160 20 20 20 1 1  
2161 4c 4c 4c 1 1 L
2162 41 41 41 1 1 A
2163 42 42 42 1 1 B
2164 5f 5f 5f 1 1 _
2165 42 42 42 1 1 B
2166 20 20 20 1 1  
2167 20 20 20 1 1  
2168 20 20 20 1 1  
2169 20 20 20 1 1  
2170 20 20 20 1 1  
2171 20 20 20 1 1  
2172 20 20 20 1 1  
2173 7c 7c 7c 1 1 |
2174 20 20 20 1 1  
2175 48 48 48 1 1 H
2176 45 45 45 1 1 E
2177 41 41 41 1 1 A
2178 52 52 52 1 1 R
2179 54 54 54 1 1 T
2180 42 42 42 1 1 B
2181 45 45 45 1 1 E
2182 41 41 41 1 1 A
2183 54 54 54 1 1 T
2184 20 20 20 1 1  
2185 20 20 20 1 1  
2186 20 20 20 1 1  
2187 20 20 20 1 1  
2188 20 20 20 1 1  
2189 20 20 20 1 1  
2190 7c 7c 7c 1 1 |
2191 20 20 20 1 1  
2192 53 53 53 1 1 S
2193 59 59 59 1 1 Y
2194 53 53 53 1 1 S
2195 54 54 54 1 1 T
2196 45 45 45 1 1 E
2197 4d 4d 4d 1 1 M
2198 20 20 20 1 1  
2199 7c 7c 7c 1 1 |
2200 20 20 20 1 1  
2201 4e 4e 4e 1 1 N
2202 41 41 41 1 1 A
2203 20 20 20 1 1  
2204 20 20 20 1 1  
2205 20 20 20 1 1  
2206 20 20 20 1 1  
2207 20 20 20 1 1  
2208 20 20 20 1 1  
2209 20 20 20 1 1  
2210 20 20 20 1 1  
2211 20 20 20 1 1  
2212 7c 7c 7c 1 1 |
2213 20 20 20 1 1  
2214 4e 4e 4e 1 1 N
2215 4f 4f 4f 1 1 O
2216 52 52 52 1 1 R
2217 4d 4d 4d 1 1 M
2218 41 41 41 1 1 A
2219 4c 4c 4c 1 1 L
2220 20 20 20 1 1  
2221 20 20 20 1 1  
2222 7c 7c 7c 1 1 |
2223 20 20 20 1 1  
2224 50 50 50 1 1 P
2225 4f 4f 4f 1 1 O
2226 57 57 57 1 1 W
2227 45 45 45 1 1 E
2228 52 52 52 1 1 R
2229 5f 5f 5f 1 1 _
2230 4f 4f 4f 1 1 O
2231 4b 4b 4b 1 1 K
2232 20 20 20 1 1  
2233 20 20 20 1 1  
2234 20 20 20 1 1  
2235 20 20 20 1 1  
2236 20 20 20 1 1  
2237 20 20 20 1 1  
2238 20 20 20 1 1  
2239 20 20 20 1 1  
2240 20 20 20 1 1  
2241 7c 7c 7c 1 1 |
2242 20 20 20 1 1  
2243 52 52 52 1 1 R
2244 45 45 45 1 1 E
2245 54 54 54 1 1 T
2246 52 52 52 1 1 R
2247 59 59 59 1 1 Y
2248 3d 3d 3d 1 1 =
2249 30 30 30 1 1 0
2250 20 20 20 1 1  
2251 7c 7c 7c 1 1 |
2252 20 20 20 1 1  
2253 43 43 43 1 1 C
2254 52 52 52 1 1 R
2255 43 43 43 1 1 C
2256 3d 3d 3d 1 1 =
2257 34 34 34 1 1 4
2258 37 37 37 1 1 7
2259 37 37 37 1 1 7
2260 44 44 44 1 1 D
2261 0a 0a 0a 1 1 .
2262 32 32 32 1 1 2
2263 30 30 30 1 1 0
2264 32 32 32 1 1 2
2265 36 36 36 1 1 6
2266 2d 2d 2d 1 1 -
2267 30 30 30 1 1 0
2268 34 34 34 1 1 4
2269 2d 2d 2d 1 1 -
2270 30 30 30 1 1 0
2271 31 31 31 1 1 1
2272 20 20 20 1 1  
2273 30 30 30 1 1 0
2274 38 38 38 1 1 8
2275 3a 3a 3a 1 1 :
2276 30 30 30 1 1 0
2277 30 30 30 1 1 0
2278 3a 3a 3a 1 1 :
2279 34 34 34 1 1 4
2280 34 34 34 1 1 4
2281 20 20 20 1 1  
2282 7c 7c 7c 1 1 |
2283 20 20 20 1 1  
2284 44 44 44 1 1 D
2285 4f 4f 4f 1 1 O
2286 4f 4f 4f 1 1 O
2287 52 52 52 1 1 R
2288 2d 2d 2d 1 1 -
2289 41 41 41 1 1 A
2290 32 32 32 1 1 2
2291 20 20 20 1 1  
2292 7c 7c 7c 1 1 |
2293 20 20 20 1 1  
2294 57 57 57 1 1 W
2295 41 41 41 1 1 A
2296 52 52 52 1 1 R
2297 45 45 45 1 1 E
2298 48 48 48 1 1 H
2299 4f 4f 4f 1 1 O
2300 55 55 55 1 1 U
2301 53 53 53 1 1 S
2302 45 45 45 1 1 E
2303 20 20 20 1 1  
2304 20 20 20 1 1  
2305 20 20 20 1 1  
2306 7c 7c 7c 1 1 |
2307 20 20 20 1 1  
2308 41 41 41 1 1 A
2309 43 43 43 1 1 C
2310 43 43 43 1 1 C
2311 45 45 45 1 1 E
2312 53 53 53 1 1 S
2313 53 53 53 1 1 S
2314 5f 5f 5f 1 1 _
2315 52 52 52 1 1 R
2316 45 45 45 1 1 E
2317 51 51 51 1 1 Q
2318 55 55 55 1 1 U
2319 45 45 45 1 1 E
2320 53 53 53 1 1 S
2321 54 54 54 1 1 T
2322 20 20 20 1 1  
2323 7c 7c 7c 1 1 |
2324 20 20 20 1 1  
2325 55 55 55 1 1 U
2326 31 31 31 1 1 1
2327 30 30 30 1 1 0
2328 34 34 34 1 1 4
2329 37 37 37 1 1 7
2330 20 20 20 1 1  
2331 20 20 20 1 1  
2332 7c 7c 7c 1 1 |
2333 20 20 20 1 1  
2334 43 43 43 1 1 C
2335 41 41 41 1 1 A
2336 52 52 52 1 1 R
2337 44 44 44 1 1 D
2338 35 35 35 1 1 5
2339 30 30 30 1 1 0
2340 30 30 30 1 1 0
2341 30 30 30 1 1 0
2342 34 34 34 1 1 4
2343 37 37 37 1 1 7
2344 20 20 20 1 1  
2345 7c 7c 7c 1 1 |
2346 20 20 20 1 1  
2347 4f 4f 4f 1 1 O
2348 4b 4b 4b 1 1 K
2349 20 20 20 1 1  
2350 20 20 20 1 1  
2351 20 20 20 1 1  
2352 20 20 20 1 1  
2353 20 20 20 1 1  
2354 20 20 20 1 1  
2355 7c 7c 7c 1 1 |
2356 20 20 20 1 1  
2357 50 50 50 1 1 P
2358 49 49 49 1 1 I
2359 4e 4e 4e 1 1 N
2360 5f 5f 5f 1 1 _
2361 4f 4f 4f 1 1 O
2362 4b 4b 4b 1 1 K
2363 20 20 20 1 1  
2364 20 20 20 1 1  
2365 20 20 20 1 1  
2366 20 20 20 1 1  
2367 20 20 20 1 1  
2368 20 20 20 1 1  
2369 20 20 20 1 1  
2370 20 20 20 1 1  
2371 20 20 20 1 1  
2372 20 20 20 1 1  
2373 20 20 20 1 1  
2374 7c 7c 7c 1 1 |
2375 20 20 20 1 1  
2376 52 52 52 1 1 R
2377 45 45 45 1 1 E
2378 54 54 54 1 1 T
2379 52 52 52 1 1 R
2380 59 59 59 1 1 Y
2381 3d 3d 3d 1 1 =
2382 31 31 31 1 1 1
2383 20 20 20 1 1  
2384 7c 7c 7c 1 1 |
2385 20 20 20 1 1  
2386 43 43 43 1 1 C
2387 52 52 52 1 1 R
2388 43 43 43 1 1 C
2389 3d 3d 3d 1 1 =
2390 42 42 42 1 1 B
2391 39 39 39 1 1 9
2392 35 35 35 1 1 5
2393 37 37 37 1 1 7
2394 0a 0a 0a 1 1 .
2395 32 32 32 1 1 2
2396 30 30 30 1 1 0
2397 32 32 32 1 1 2
2398 36 36 36 1 1 6
2399 2d 2d 2d 1 1 -
2400 30 30 30 1 1 0
2401 34 34 34 1 1 4
2402 2d 2d 2d 1 1 -
2403 30 30 30 1 1 0
2404 31 31 31 1 1 1
2405 20 20 20 1 1  
2406 30 30 30 1 1 0
2407 38 38 38 1 1 8
2408 3a 3a 3a 1 1 :
2409 30 30 30 1 1 0
2410 30 30 30 1 1 0
2411 3a 3a 3a 1 1 :
2412 34 34 34 1 1 4
2413 35 35 35 1 1 5
2414 20 20 20 1 1  
2415 7c 7c 7c 1 1 |
2416 20 20 20 1 1  
2417 43 43 43 1 1 C
2418 54 54 54 1 1 T
2419 52 52 52 1 1 R
2420 4c 4c 4c 1 1 L
2421 2d 2d 2d 1 1 -
2422 30 30 30 1 1 0
2423 32 32 32 1 1 2
2424 20 20 20 1 1  
2425 7c 7c 7c 1 1 |
2426 20 20 20 1 1  
2427 57 57 57 1 1 W
2428 41 41 41 1 1 A
2429 52 52 52 1 1 R
2430 45 45 45 1 1 E
2431 48 48 48 1 1 H
2432 4f 4f 4f 1 1 O
2433 55 55 55 1 1 U
2434 53 53 53 1 1 S
2435 45 45 45 1 1 E
2436 20 20 20 1 1  
2437 20 20 20 1 1  
2438 20 20 20 1 1  
2439 7c 7c 7c 1 1 |
2440 20 20 20 1 1  
2441 41 41 41 1 1 A
2442 43 43 43 1 1 C
2443 43 43 43 1 1 C
2444 45 45 45 1 1 E
2445 53 53 53 1 1 S
2446 53 53 53 1 1 S
2447 5f 5f 5f 1 1 _
2448 52 52 52 1 1 R
2449 45 45 45 1 1 E
2450 51 51 51 1 1 Q
2451 55 55 55 1 1 U
2452 45 45 45 1 1 E
2453 53 53 53 1 1 S
2454 54 54 54 1 1 T
2455 20 20 20 1 1  
2456 7c 7c 7c 1 1 |
2457 20 20 20 1 1  
2458 55 55 55 1 1 U
2459 31 31 31 1 1 1
2460 30 30 30 1 1 0
2461 34 34 34 1 1 4
2462 38 38 38 1 1 8
2463 20 20 20 1 1  
2464 20 20 20 1 1  
2465 7c 7c 7c 1 1 |
2466 20 20 20 1 1  
2467 43 43 43 1 1 C
2468 41 41 41 1 1 A
2469 52 52 52 1 1 R
2470 44 44 44 1 1 D
2471 35 35 35 1 1 5
2472 30 30 30 1 1 0
2473 30 30 30 1 1 0
2474 30 30 30 1 1 0
2475 34 34 34 1 1 4
2476 38 38 38 1 1 8
2477 20 20 20 1 1  
2478 7c 7c 7c 1 1 |
2479 20 20 20 1 1  
2480 4f 4f 4f 1 1 O
2481 4b 4b 4b 1 1 K
2482 20 20 20 1 1  
2483 20 20 20 1 1  
2484 20 20 20 1 1  
2485 20 20 20 1 1  
2486 20 20 20 1 1  
2487 20 20 20 1 1  
2488 7c 7c 7c 1 1 |
2489 20 20 20 1 1  
2490 43 43 43 1 1 C
2491 41 41 41 1 1 A
2492 52 52 52 1 1 R
2493 44 44 44 1 1 D
2494 5f 5f 5f 1 1 _
2495 4f 4f 4f 1 1 O
2496 4b 4b 4b 1 1 K
2497 20 20 20 1 1  
2498 20 20 20 1 1  
2499 20 20 20 1 1  
2500 20 20 20 1 1  
2501 20 20 20 1 1  
2502 20 20 20 1 1  
2503 20 20 20 1 1  
2504 20 20 20 1 1  
2505 20 20 20 1 1  
2506 20 20 20 1 1  
2507 7c 7c 7c 1 1 |
2508 20 20 20 1 1  
2509 52 52 52 1 1 R
2510 45 45 45 1 1 E
2511 54 54 54 1 1 T
2512 52 52 52 1 1 R
2513 59 59 59 1 1 Y
2514 3d 3d 3d 1 1 =
2515 30 30 30 1 1 0
2516 20 20 20 1 1  
2517 7c 7c 7c 1 1 |
2518 20 20 20 1 1  
2519 43 43 43 1 1 C
2520 52 52 52 1 1 R
2521 43 43 43 1 1 C
2522 3d 3d 3d 1 1 =
2523 34 34 34 1 1 4
2524 45 45 45 1 1 E
2525 34 34 34 1 1 4
2526 31 31 31 1 1 1
2527 0a 0a 0a 1 1 .
2528 32 32 32 1 1 2
2529 30 30 30 1 1 0
2530 32 32 32 1 1 2
2531 36 36 36 1 1 6
2532 2d 2d 2d 1 1 -
2533 30 30 30 1 1 0
2534 34 34 34 1 1 4
2535 2d 2d 2d 1 1 -
2536 30 30 30 1 1 0
2537 31 31 31 1 1 1
2538 20 20 20 1 1  
2539 30 30 30 1 1 0
2540 38 38 38 1 1 8
2541 3a 3a 3a 1 1 :
2542 30 30 30 1 1 0
2543 30 30 30 1 1 0
2544 3a 3a 3a 1 1 :
2545 34 34 34 1 1 4
2546 38 38 38 1 1 8
2547 20 20 20 1 1  
2548 7c 7c 7c 1 1 |
2549 20 20 20 1 1  
2550 43 43 43 1 1 C
2551 54 54 54 1 1 T
2552 52 52 52 1 1 R
2553 4c 4c 4c 1 1 L
2554 2d 2d 2d 1 1 -
2555 30 30 30 1 1 0
2556 32 32 32 1 1 2
2557 20 20 20 1 1  
2558 7c 7c 7c 1 1 |
2559 20 20 20 1 1  
2560 50 50 50 1 1 P
2561 41 41 41 1 1 A
2562 52 52 52 1 1 R
2563 4b 4b 4b 1 1 K
2564 49 49 49 1 1 I
2565 4e 4e 4e 1 1 N
2566 47 47 47 1 1 G
2567 20 20 20 1 1  
2568 20 20 20 1 1  
2569 20 20 20 1 1  
2570 20 20 20 1 1  
2571 20 20 20 1 1  
2572 7c 7c 7c 1 1 |
2573 20 20 20 1 1  
2574 41 41 41 1 1 A
2575 43 43 43 1 1 C
2576 43 43 43 1 1 C
2577 45 45 45 1 1 E
2578 53 53 53 1 1 S
2579 53 53 53 1 1 S
2580 5f 5f 5f 1 1 _
2581 47 47 47 1 1 G
2582 52 52 52 1 1 R
2583 41 41 41 1 1 A
2584 4e 4e 4e 1 1 N
2585 54 54 54 1 1 T
2586 45 45 45 1 1 E
2587 44 44 44 1 1 D
2588 20 20 20 1 1  
2589 7c 7c 7c 1 1 |
2590 20 20 20 1 1  
2591 55 55 55 1 1 U
2592 31 31 31 1 1 1
2593 30 30 30 1 1 0
2594 33 33 33 1 1 3
2595 38 38 38 1 1 8
2596 20 20 20 1 1  
2597 20 20 20 1 1  
2598 7c 7c 7c 1 1 |
2599 20 20 20 1 1  
2600 43 43 43 1 1 C
2601 41 41 41 1 1 A
2602 52 52 52 1 1 R
2603 44 44 44 1 1 D
2604 35 35 35 1 1 5
2605 30 30 30 1 1 0
2606 30 30 30 1 1 0
2607 30 30 30 1 1 0
2608 33 33 33 1 1 3
2609 38 38 38 1 1 8
2610 20 20 20 1 1  
2611 7c 7c 7c 1 1 |
2612 20 20 20 1 1  
2613 47 47 47 1 1 G
2614 52 52 52 1 1 R
2615 41 41 41 1 1 A
2616 4e 4e 4e 1 1 N
2617 54 54 54 1 1 T
2618 45 45 45 1 1 E
2619 44 44 44 1 1 D
2620 20 20 20 1 1  
2621 7c 7c 7c 1 1 |
2622 20 20 20 1 1  
2623 55 55 55 1 1 U
2624 53 53 53 1 1 S
2625 45 45 45 1 1 E
2626 52 52 52 1 1 R
2627 5f 5f 5f 1 1 _
2628 41 41 41 1 1 A
2629 55 55 55 1 1 U
2630 54 54 54 1 1 T
2631 48 48 48 1 1 H
2632 4f 4f 4f 1 1 O
2633 52 52 52 1 1 R
2634 49 49 49 1 1 I
2635 5a 5a 5a 1 1 Z
2636 45 45 45 1 1 E
2637 44 44 44 1 1 D
2638 20 20 20 1 1  
2639 20 20 20 1 1  
2640 7c 7c 7c 1 1 |
2641 20 20 20 1 1  
2642 52 52 52 1 1 R
2643 45 45 45 1 1 E
2644 54 54 54 1 1 T
2645 52 52 52 1 1 R
2646 59 59 59 1 1 Y
2647 3d 3d 3d 1 1 =
2648 31 31 31 1 1 1
2649 20 20 20 1 1  
2650 7c 7c 7c 1 1 |
2651 20 20 20 1 1  
2652 43 43 43 1 1 C
2653 52 52 52 1 1 R
2654 43 43 43 1 1 C
2655 3d 3d 3d 1 1 =
2656 43 43 43 1 1 C
2657 33 33 33 1 1 3
2658 36 36 36 1 1 6
2659 33 33 33 1 1 3
2660 0a 0a 0a 1 1 .
2661 32 32 32 1 1 2
2662 30 30 30 1 1 0
2663 32 32 32 1 1 2
2664 36 36 36 1 1 6
2665 2d 2d 2d 1 1 -
2666 30 30 30 1 1 0
2667 34 34 34 1 1 4
2668 2d 2d 2d 1 1 -
2669 30 30 30 1 1 0
2670 31 31 31 1 1 1
2671 20 20 20 1 1  
2672 30 30 30 1 1 0
2673 38 38 38 1 1 8
2674 3a 3a 3a 1 1 :
2675 30 30 30 1 1 0
2676 30 30 30 1 1 0
2677 3a 3a 3a 1 1 :
2678 35 35 35 1 1 5
2679 30 30 30 1 1 0
2680 20 20 20 1 1  
2681 7c 7c 7c 1 1 |
2682 20 20 20 1 1  
2683 47 47 47 1 1 G
2684 41 41 41 1 1 A
2685 54 54 54 1 1 T
2686 45 45 45 1 1 E
2687 2d 2d 2d 1 1 -
2688 30 30 30 1 1 0
2689 32 32 32 1 1 2
2690 20 20 20 1 1  
2691 7c 7c 7c 1 1 |
2692 20 20 20 1 1  
2693 57 57 57 1 1 W
2694 41 41 41 1 1 A
2695 52 52 52 1 1 R
2696 45 45 45 1 1 E
2697 48 48 48 1 1 H
2698 4f 4f 4f 1 1 O
2699 55 55 55 1 1 U
2700 53 53 53 1 1 S
2701 45 45 45 1 1 E
2702 20 20 20 1 1  
2703 20 20 20 1 1  
2704 20 20 20 1 1  
2705 7c 7c 7c 1 1 |
2706 20 20 20 1 1  
2707 53 53 53 1 1 S
2708 54 54 54 1 1 T
2709 41 41 41 1 1 A
2710 54 54 54 1 1 T
2711 55 55 55 1 1 U
2712 53 53 53 1 1 S
2713 5f 5f 5f 1 1 _
2714 55 55 55 1 1 U
2715 50 50 50 1 1 P
2716 44 44 44 1 1 D
2717 41 41 41 1 1 A
2718 54 54 54 1 1 T
2719 45 45 45 1 1 E
2720 20 20 20 1 1  
2721 20 20 20 1 1  
2722 7c 7c 7c 1 1 |
2723 20 20 20 1 1  
2724 53 53 53 1 1 S
2725 59 59 59 1 1 Y
2726 53 53 53 1 1 S
2727 54 54 54 1 1 T
2728 45 45 45 1 1 E
2729 4d 4d 4d 1 1 M
2730 20 20 20 1 1  
2731 7c 7c 7c 1 1 |
2732 20 20 20 1 1  
2733 4e 4e 4e 1 1 N
2734 41 41 41 1 1 A
2735 20 20 20 1 1  
2736 20 20 20 1 1  
2737 20 20 20 1 1  
2738 20 20 20 1 1  
2739 20 20 20 1 1  
2740 20 20 20 1 1  
2741 20 20 20 1 1  
2742 20 20 20 1 1  
2743 20 20 20 1 1  
2744 7c 7c 7c 1 1 |
2745 20 20 20 1 1  
2746 4e 4e 4e 1 1 N
2747 4f 4f 4f 1 1 O
2748 52 52 52 1 1 R
2749 4d 4d 4d 1 1 M
2750 41 41 41 1 1 A
2751 4c 4c 4c 1 1 L
2752 20 20 20 1 1  
2753 20 20 20 1 1  
2754 7c 7c 7c 1 1 |
2755 20 20 20 1 1  
2756 4c 4c 4c 1 1 L
2757 4f 4f 4f 1 1 O
2758 57 57 57 1 1 W
2759 5f 5f 5f 1 1 _
2760 42 42 42 1 1 B
2761 41 41 41 1 1 A
2762 54 54 54 1 1 T
2763 54 54 54 1 1 T
2764 45 45 45 1 1 E
2765 52 52 52 1 1 R
2766 59 59 59 1 1 Y
2767 20 20 20 1 1  
2768 20 20 20 1 1  
2769 20 20 20 1 1  
2770 20 20 20 1 1  
2771 20 20 20 1 1  
2772 20 20 20 1 1  
2773 7c 7c 7c 1 1 |
2774 20 20 20 1 1  
2775 52 52 52 1 1 R
2776 45 45 45 1 1 E
2777 54 54 54 1 1 T
2778 52 52 52 1 1 R
2779 59 59 59 1 1 Y
2780 3d 3d 3d 1 1 =
2781 30 30 30 1 1 0
2782 20 20 20 1 1  
2783 7c 7c 7c 1 1 |
2784 20 20 20 1 1  
2785 43 43 43 1 1 C
2786 52 52 52 1 1 R
2787 43 43 43 1 1 C
2788 3d 3d 3d 1 1 =
2789 30 30 30 1 1 0
2790 35 35 35 1 1 5
2791 45 45 45 1 1 E
2792 30 30 30 1 1 0
2793 0a 0a 0a 1 1 .
2794 32 32 32 1 1 2
2795 30 30 30 1 1 0
2796 32 32 32 1 1 2
2797 36 36 36 1 1 6
2798 2d 2d 2d 1 1 -
2799 30 30 30 1 1 0
2800 34 34 34 1 1 4
2801 2d 2d 2d 1 1 -
2802 30 30 30 1 1 0
2803 31 31 31 1 1 1
2804 20 20 20 1 1  
2805 30 30 30 1 1 0
2806 38 38 38 1 1 8
2807 3a 3a 3a 1 1 :
2808 30 30 30 1 1 0
2809 30 30 30 1 1 0
2810 3a 3a 3a 1 1 :
2811 35 35 35 1 1 5
2812 33 33 33 1 1 3
2813 20 20 20 1 1  
2814 7c 7c 7c 1 1 |
2815 20 20 20 1 1  
2816 44 44 44 1 1 D
2817 4f 4f 4f 1 1 O
2818 4f 4f 4f 1 1 O
2819 52 52 52 1 1 R
2820 2d 2d 2d 1 1 -
2821 41 41 41 1 1 A
2822 32 32 32 1 1 2
2823 20 20 20 1 1  
2824 7c 7c 7c 1 1 |
2825 20 20 20 1 1  
2826 4c 4c 4c 1 1 L
2827 4f 4f 4f 1 1 O
2828 42 42 42 1 1 B
2829 42 42 42 1 1 B
2830 59 59 59 1 1 Y
2831 20 20 20 1 1  
2832 20 20 20 1 1  
2833 20 20 20 1 1  
2834 20 20 20 1 1  
2835 20 20 20 1 1  
2836 20 20 20 1 1  
2837 20 20 20 1 1  
2838 7c 7c 7c 1 1 |
2839 20 20 20 1 1  
2840 41 41 41 1 1 A
2841 43 43 43 1 1 C
2842 43 43 43 1 1 C
2843 45 45 45 1 1 E
2844 53 53 53 1 1 S
2845 53 53 53 1 1 S
2846 5f 5f 5f 1 1 _
2847 47 47 47 1 1 G
2848 52 52 52 1 1 R
2849 41 41 41 1 1 A
2850 4e 4e 4e 1 1 N
2851 54 54 54 1 1 T
2852 45 45 45 1 1 E
2853 44 44 44 1 1 D
2854 20 20 20 1 1  
2855 7c 7c 7c 1 1 |
2856 20 20 20 1 1  
2857 55 55 55 1 1 U
2858 31 31 31 1 1 1
2859 30 30 30 1 1 0
2860 33 33 33 1 1 3
2861 34 34 34 1 1 4
2862 20 20 20 1 1  
2863 20 20 20 1 1  
2864 7c 7c 7c 1 1 |
2865 20 20 20 1 1  
2866 43 43 43 1 1 C
2867 41 41 41 1 1 A
2868 52 52 52 1 1 R
2869 44 44 44 1 1 D
2870 35 35 35 1 1 5
2871 30 30 30 1 1 0
2872 30 30 30 1 1 0
2873 30 30 30 1 1 0
2874 33 33 33 1 1 3
2875 34 34 34 1 1 4
2876 20 20 20 1 1  
2877 7c 7c 7c 1 1 |
2878 20 20 20 1 1  
2879 47 47 47 1 1 G
2880 52 52 52 1 1 R
2881 41 41 41 1 1 A
2882 4e 4e 4e 1 1 N
2883 54 54 54 1 1 T
2884 45 45 45 1 1 E
2885 44 44 44 1 1 D
2886 20 20 20 1 1  
2887 7c 7c 7c 1 1 |
2888 20 20 20 1 1  
2889 53 53 53 1 1 S
2890 43 43 43 1 1 C
2891 48 48 48 1 1 H
2892 45 45 45 1 1 E
2893 44 44 44 1 1 D
2894 55 55 55 1 1 U
2895 4c 4c 4c 1 1 L
2896 45 45 45 1 1 E
2897 5f 5f 5f 1 1 _
2898 4f 4f 4f 1 1 O
2899 4b 4b 4b 1 1 K
2900 20 20 20 1 1  
2901 20 20 20 1 1  
2902 20 20 20 1 1  
2903 20 20 20 1 1  
2904 20 20 20 1 1  
2905 20 20 20 1 1  
2906 7c 7c 7c 1 1 |
2907 20 20 20 1 1  
2908 52 52 52 1 1 R
2909 45 45 45 1 1 E
2910 54 54 54 1 1 T
2911 52 52 52 1 1 R
2912 59 59 59 1 1 Y
2913 3d 3d 3d 1 1 =
2914 30 30 30 1 1 0
2915 20 20 20 1 1  
2916 7c 7c 7c 1 1 |
2917 20 20 20 1 1  
2918 43 43 43 1 1 C
2919 52 52 52 1 1 R
2920 43 43 43 1 1 C
2921 3d 3d 3d 1 1 =
2922 33 33 33 1 1 3
2923 39 39 39 1 1 9
2924 31 31 31 1 1 1
2925 44 44 44 1 1 D
2926 0a 0a 0a 1 1 .
2927 32 32 32 1 1 2
2928 30 30 30 1 1 0
2929 32 32 32 1 1 2
2930 36 36 36 1 1 6
2931 2d 2d 2d 1 1 -
2932 30 30 30 1 1 0
2933 34 34 34 1 1 4
2934 2d 2d 2d 1 1 -
2935 30 30 30 1 1 0
2936 31 31 31 1 1 1
2937 20 20 20 1 1  
2938 30 30 30 1 1 0
2939 38 38 38 1 1 8
2940 3a 3a 3a 1 1 :
2941 30 30 30 1 1 0
2942 30 30 30 1 1 0
2943 3a 3a 3a 1 1 :
2944 35 35 35 1 1 5
2945 34 34 34 1 1 4
2946 20 20 20 1 1  
2947 7c 7c 7c 1 1 |
2948 20 20 20 1 1  
2949 47 47 47 1 1 G
2950 41 41 41 1 1 A
2951 54 54 54 1 1 T
2952 45 45 45 1 1 E
2953 2d 2d 2d 1 1 -
2954 30 30 30 1 1 0
2955 32 32 32 1 1 2
2956 20 20 20 1 1  
2957 7c 7c 7c 1 1 |
2958 20 20 20 1 1  
2959 53 53 53 1 1 S
2960 45 45 45 1 1 E
2961 52 52 52 1 1 R
2962 56 56 56 1 1 V
2963 45 45 45 1 1 E
2964 52 52 52 1 1 R
2965 5f 5f 5f 1 1 _
2966 52 52 52 1 1 R
2967 4f 4f 4f 1 1 O
2968 4f 4f 4f 1 1 O
2969 4d 4d 4d 1 1 M
2970 20 20 20 1 1  
2971 7c 7c 7c 1 1 |
2972 20 20 20 1 1  
2973 41 41 41 1 1 A
2974 43 43 43 1 1 C
2975 43 43 43 1 1 C
2976 45 45 45 1 1 E
2977 53 53 53 1 1 S
2978 53 53 53 1 1 S
2979 5f 5f 5f 1 1 _
2980 52 52 52 1 1 R
2981 45 45 45 1 1 E
2982 51 51 51 1 1 Q
2983 55 55 55 1 1 U
2984 45 45 45 1 1 E
2985 53 53 53 1 1 S
2986 54 54 54 1 1 T
2987 20 20 20 1 1  
2988 7c 7c 7c 1 1 |
2989 20 20 20 1 1  
2990 55 55 55 1 1 U
2991 31 31 31 1 1 1
2992 30 30 30 1 1 0
2993 34 34 34 1 1 4
2994 36 36 36 1 1 6
2995 20 20 20 1 1  
2996 20 20 20 1 1  
2997 7c 7c 7c 1 1 |
2998 20 20 20 1 1  
2999 43 43 43 1 1 C
3000 41 41 41 1 1 A
3001 52 52 52 1 1 R
3002 44 44 44 1 1 D
3003 35 35 35 1 1 5
3004 30 30 30 1 1 0
3005 30 30 30 1 1 0
3006 30 30 30 1 1 0
3007 34 34 34 1 1 4
3008 36 36 36 1 1 6
3009 20 20 20 1 1  
3010 7c 7c 7c 1 1 |
3011 20 20 20 1 1  
3012 4f 4f 4f 1 1 O
3013 4b 4b 4b 1 1 K
3014 20 20 20 1 1  
3015 20 20 20 1 1  
3016 20 20 20 1 1  
3017 20 20 20 1 1  
3018 20 20 20 1 1  
3019 20 20 20 1 1  
3020 7c 7c 7c 1 1 |
3021 20 20 20 1 1  
3022 50 50 50 1 1 P
3023 49 49 49 1 1 I
3024 4e 4e 4e 1 1 N
3025 5f 5f 5f 1 1 _
3026 4f 4f 4f 1 1 O
3027 4b 4b 4b 1 1 K
3028 20 20 20 1 1  
3029 20 20 20 1 1  
3030 20 20 20 1 1  
3031 20 20 20 1 1  
3032 20 20 20 1 1  
3033 20 20 20 1 1  
3034 20 20 20 1 1  
3035 20 20 20 1 1  
3036 20 20 20 1 1  
3037 20 20 20 1 1  
3038 20 20 20 1 1  
3039 7c 7c 7c 1 1 |
3040 20 20 20 1 1  
3041 52 52 52 1 1 R
3042 45 45 45 1 1 E
3043 54 54 54 1 1 T
3044 52 52 52 1 1 R
3045 59 59 59 1 1 Y
3046 3d 3d 3d 1 1 =
3047 30 30 30 1 1 0
3048 20 20 20 1 1  
3049 7c 7c 7c 1 1 |
3050 20 20 20 1 1  
3051 43 43 43 1 1 C
3052 52 52 52 1 1 R
3053 43 43 43 1 1 C
3054 3d 3d 3d 1 1 =
3055 33 33 33 1 1 3
3056 36 36 36 1 1 6
3057 37 37 37 1 1 7
3058 42 42 42 1 1 B
3059 0a 0a 0a 1 1 .
3060 32 32 32 1 1 2
3061 30 30 30 1 1 0
3062 32 32 32 1 1 2
3063 36 36 36 1 1 6
3064 2d 2d 2d 1 1 -
3065 30 30 30 1 1 0
3066 34 34 34 1 1 4
3067 2d 2d 2d 1 1 -
3068 30 30 30 1 1 0
3069 31 31 31 1 1 1
3070 20 20 20 1 1  
3071 30 30 30 1 1 0
3072 38 38 38 1 1 8
3073 3a 3a 3a 1 1 :
3074 30 30 30 1 1 0
3075 30 30 30 1 1 0
3076 3a 3a 3a 1 1 :
3077 35 35 35 1 1 5
3078 39 39 39 1 1 9
3079 20 20 20 1 1  
3080 7c 7c 7c 1 1 |
3081 20 20 20 1 1  
3082 44 44 44 1 1 D
3083 4f 4f 4f 1 1 O
3084 4f 4f 4f 1 1 O
3085 52 52 52 1 1 R
3086 2d 2d 2d 1 1 -
3087 41 41 41 1 1 A
3088 32 32 32 1 1 2
3089 20 20 20 1 1  
3090 7c 7c 7c 1 1 |
3091 20 20 20 1 1  
3092 4c 4c 4c 1 1 L
3093 41 41 41 1 1 A
3094 42 42 42 1 1 B
3095 5f 5f 5f 1 1 _
3096 41 41 41 1 1 A
3097 20 20 20 1 1  
3098 20 20 20 1 1  
3099 20 20 20 1 1  
3100 20 20 20 1 1  
3101 20 20 20 1 1  
3102 20 20 20 1 1  
3103 20 20 20 1 1  
3104 7c 7c 7c 1 1 |
3105 20 20 20 1 1  
3106 44 44 44 1 1 D
3107 4f 4f 4f 1 1 O
3108 4f 4f 4f 1 1 O
3109 52 52 52 1 1 R
3110 5f 5f 5f 1 1 _
3111 4f 4f 4f 1 1 O
3112 50 50 50 1 1 P
3113 45 45 45 1 1 E
3114 4e 4e 4e 1 1 N
3115 20 20 20 1 1  
3116 20 20 20 1 1  
3117 20 20 20 1 1  
3118 20 20 20 1 1  
3119 20 20 20 1 1  
3120 20 20 20 1 1  
3121 7c 7c 7c 1 1 |
3122 20 20 20 1 1  
3123 53 53 53 1 1 S
3124 59 59 59 1 1 Y
3125 53 53 53 1 1 S
3126 54 54 54 1 1 T
3127 45 45 45 1 1 E
3128 4d 4d 4d 1 1 M
3129 20 20 20 1 1  
3130 7c 7c 7c 1 1 |
3131 20 20 20 1 1  
3132 4e 4e 4e 1 1 N
3133 41 41 41 1 1 A
3134 20 20 20 1 1  
3135 20 20 20 1 1  
3136 20 20 20 1 1  
3137 20 20 20 1 1  
3138 20 20 20 1 1  
3139 20 20 20 1 1  
3140 20 20 20 1 1  
3141 20 20 20 1 1  
3142 20 20 20 1 1  
3143 7c 7c 7c 1 1 |
3144 20 20 20 1 1  
3145 4e 4e 4e 1 1 N
3146 4f 4f 4f 1 1 O
3147 52 52 52 1 1 R
3148 4d 4d 4d 1 1 M
3149 41 41 41 1 1 A
3150 4c 4c 4c 1 1 L
3151 20 20 20 1 1  
3152 20 20 20 1 1  
3153 7c 7c 7c 1 1 |
3154 20 20 20 1 1  
3155 53 53 53 1 1 S
3156 43 43 43 1 1 C
3157 48 48 48 1 1 H
3158 45 45 45 1 1 E
3159 44 44 44 1 1 D
3160 55 55 55 1 1 U
3161 4c 4c 4c 1 1 L
3162 45 45 45 1 1 E
3163 5f 5f 5f 1 1 _
3164 4f 4f 4f 1 1 O
3165 4b 4b 4b 1 1 K
3166 20 20 20 1 1  
3167 20 20 20 1 1  
3168 20 20 20 1 1  
3169 20 20 20 1 1  
3170 20 20 20 1 1  
3171 20 20 20 1 1  
3172 7c 7c 7c 1 1 |
3173 20 20 20 1 1  
3174 52 52 52 1 1 R
3175 45 45 45 1 1 E
3176 54 54 54 1 1 T
3177 52 52 52 1 1 R
3178 59 59 59 1 1 Y
3179 3d 3d 3d 1 1 =
3180 30 30 30 1 1 0
3181 20 20 20 1 1  
3182 7c 7c 7c 1 1 |
3183 20 20 20 1 1  
3184 43 43 43 1 1 C
3185 52 52 52 1 1 R
3186 43 43 43 1 1 C
3187 3d 3d 3d 1 1 =
3188 42 42 42 1 1 B
3189 46 46 46 1 1 F
3190 37 37 37 1 1 7
3191 31 31 31 1 1 1
3192 0a 0a 0a 1 1 .
3193 32 32 32 1 1 2
3194 30 30 30 1 1 0
3195 32 32 32 1 1 2
3196 36 36 36 1 1 6
3197 2d 2d 2d 1 1 -
3198 30 30 30 1 1 0
3199 34 34 34 1 1 4
3200 2d 2d 2d 1 1 -
3201 30 30 30 1 1 0
3202 31 31 31 1 1 1
3203 20 20 20 1 1  
3204 30 30 30 1 1 0
3205 38 38 38 1 1 8
3206 3a 3a 3a 1 1 :
3207 30 30 30 1 1 0
3208 31 31 31 1 1 1
3209 3a 3a 3a 1 1 :
3210 30 30 30 1 1 0
3211 34 34 34 1 1 4
3212 20 20 20 1 1  
3213 7c 7c 7c 1 1 |
3214 20 20 20 1 1  
3215 43 43 43 1 1 C
3216 54 54 54 1 1 T
3217 52 52 52 1 1 R
3218 4c 4c 4c 1 1 L
3219 2d 2d 2d 1 1 -
3220 30 30 30 1 1 0
3221 32 32 32 1 1 2
3222 20 20 20 1 1  
3223 7c 7c 7c 1 1 |
3224 20 20 20 1 1  
3225 57 57 57 1 1 W
3226 41 41 41 1 1 A
3227 52 52 52 1 1 R
3228 45 45 45 1 1 E
3229 48 48 48 1 1 H
3230 4f 4f 4f 1 1 O
3231 55 55 55 1 1 U
3232 53 53 53 1 1 S
3233 45 45 45 1 1 E
3234 20 20 20 1 1  
3235 20 20 20 1 1  
3236 20 20 20 1 1  
3237 7c 7c 7c 1 1 |
3238 20 20 20 1 1  
3239 4d 4d 4d 1 1 M
3240 4f 4f 4f 1 1 O
3241 54 54 54 1 1 T
3242 49 49 49 1 1 I
3243 4f 4f 4f 1 1 O
3244 4e 4e 4e 1 1 N
3245 5f 5f 5f 1 1 _
3246 44 44 44 1 1 D
3247 45 45 45 1 1 E
3248 54 54 54 1 1 T
3249 45 45 45 1 1 E
3250 43 43 43 1 1 C
3251 54 54 54 1 1 T
3252 45 45 45 1 1 E
3253 44 44 44 1 1 D
3254 20 20 20 1 1  
3255 7c 7c 7c 1 1 |
3256 20 20 20 1 1  
3257 53 53 53 1 1 S
3258 59 59 59 1 1 Y
3259 53 53 53 1 1 S
3260 54 54 54 1 1 T
3261 45 45 45 1 1 E
3262 4d 4d 4d 1 1 M
3263 20 20 20 1 1  
3264 7c 7c 7c 1 1 |
3265 20 20 20 1 1  
3266 4e 4e 4e 1 1 N
3267 41 41 41 1 1 A
3268 20 20 20 1 1  
3269 20 20 20 1 1  
3270 20 20 20 1 1  
3271 20 20 20 1 1  
3272 20 20 20 1 1  
3273 20 20 20 1 1  
3274 20 20 20 1 1  
3275 20 20 20 1 1  
3276 20 20 20 1 1  
3277 7c 7c 7c 1 1 |
3278 20 20 20 1 1  
3279 4e 4e 4e 1 1 N
3280 4f 4f 4f 1 1 O
3281 52 52 52 1 1 R
3282 4d 4d 4d 1 1 M
3283 41 41 41 1 1 A
3284 4c 4c 4c 1 1 L
3285 20 20 20 1 1  
3286 20 20 20 1 1  
3287 7c 7c 7c 1 1 |
3288 20 20 20 1 1  
3289 4e 4e 4e 1 1 N
3290 45 45 45 1 1 E
3291 54 54 54 1 1 T
3292 57 57 57 1 1 W
3293 4f 4f 4f 1 1 O
3294 52 52 52 1 1 R
3295 4b 4b 4b 1 1 K
3296 5f 5f 5f 1 1 _
3297 4c 4c 4c 1 1 L
3298 4f 4f 4f 1 1 O
3299 53 53 53 1 1 S
3300 54 54 54 1 1 T
3301 20 20 20 1 1  
3302 20 20 20 1 1  
3303 20 20 20 1 1  
3304 20 20 20 1 1  
3305 20 20 20 1 1  
3306 7c 7c 7c 1 1 |
3307 20 20 20 1 1  
3308 52 52 52 1 1 R
3309 45 45 45 1 1 E
3310 54 54 54 1 1 T
3311 52 52 52 1 1 R
3312 59 59 59 1 1 Y
3313 3d 3d 3d 1 1 =
3314 30 30 30 1 1 0
3315 20 20 20 1 1  
3316 7c 7c 7c 1 1 |
3317 20 20 20 1 1  
3318 43 43 43 1 1 C
3319 52 52 52 1 1 R
3320 43 43 43 1 1 C
3321 3d 3d 3d 1 1 =
3322 46 46 46 1 1 F
3323 41 41 41 1 1 A
3324 32 32 32 1 1 2
3325 41 41 41 1 1 A
3326 0a 0a 0a 1 1 .
3327 32 32 32 1 1 2
3328 30 30 30 1 1 0
3329 32 32 32 1 1 2
3330 36 36 36 1 1 6
3331 2d 2d 2d 1 1 -
3332 30 30 30 1 1 0
3333 34 34 34 1 1 4
3334 2d 2d 2d 1 1 -
3335 30 30 30 1 1 0
3336 31 31 31 1 1 1
3337 20 20 20 1 1  
3338 30 30 30 1 1 0
3339 38 38 38 1 1 8
3340 3a 3a 3a 1 1 :
3341 30 30 30 1 1 0
3342 31 31 31 1 1 1
3343 3a 3a 3a 1 1 :
3344 30 30 30 1 1 0
3345 35 35 35 1 1 5
3346 20 20 20 1 1  
3347 7c 7c 7c 1 1 |
3348 20 20 20 1 1  
3349 43 43 43 1 1 C
3350 54 54 54 1 1 T
3351 52 52 52 1 1 R
3352 4c 4c 4c 1 1 L
3353 2d 2d 2d 1 1 -
3354 30 30 30 1 1 0
3355 31 31 31 1 1 1
3356 20 20 20 1 1  
3357 7c 7c 7c 1 1 |
3358 20 20 20 1 1  
3359 4c 4c 4c 1 1 L
3360 41 41 41 1 1 A
3361 42 42 42 1 1 B
3362 5f 5f 5f 1 1 _
3363 41 41 41 1 1 A
3364 20 20 20 1 1  
3365 20 20 20 1 1  
3366 20 20 20 1 1  
3367 20 20 20 1 1  
3368 20 20 20 1 1  
3369 20 20 20 1 1  
3370 20 20 20 1 1  
3371 7c 7c 7c 1 1 |
3372 20 20 20 1 1  
3373 44 44 44 1 1 D
3374 4f 4f 4f 1 1 O
3375 4f 4f 4f 1 1 O
3376 52 52 52 1 1 R
3377 5f 5f 5f 1 1 _
3378 43 43 43 1 1 C
3379 4c 4c 4c 1 1 L
3380 4f 4f 4f 1 1 O
3381 53 53 53 1 1 S
3382 45 45 45 1 1 E
3383 20 20 20 1 1  
3384 20 20 20 1 1  
3385 20 20 20 1 1  
3386 20 20 20 1 1  
3387 20 20 20 1 1  
3388 7c 7c 7c 1 1 |
3389 20 20 20 1 1  
3390 53 53 53 1 1 S
3391 59 59 59 1 1 Y
3392 53 53 53 1 1 S
3393 54 54 54 1 1 T
3394 45 45 45 1 1 E
3395 4d 4d 4d 1 1 M
3396 20 20 20 1 1  
3397 7c 7c 7c 1 1 |
3398 20 20 20 1 1  
3399 4e 4e 4e 1 1 N
3400 41 41 41 1 1 A
3401 20 20 20 1 1  
3402 20 20 20 1 1  
3403 20 20 20 1 1  
3404 20 20 20 1 1  
3405 20 20 20 1 1  
3406 20 20 20 1 1  
3407 20 20 20 1 1  
3408 20 20 20 1 1  
3409 20 20 20 1 1  
3410 7c 7c 7c 1 1 |
3411 20 20 20 1 1  
3412 4e 4e 4e 1 1 N
3413 4f 4f 4f 1 1 O
3414 52 52 52 1 1 R
3415 4d 4d 4d 1 1 M
3416 41 41 41 1 1 A
3417 4c 4c 4c 1 1 L
3418 20 20 20 1 1  
3419 20 20 20 1 1  
3420 7c 7c 7c 1 1 |
3421 20 20 20 1 1  
3422 53 53 53 1 1 S
3423 43 43 43 1 1 C
3424 48 48 48 1 1 H
3425 45 45 45 1 1 E
3426 44 44 44 1 1 D
3427 55 55 55 1 1 U
3428 4c 4c 4c 1 1 L
3429 45 45 45 1 1 E
3430 5f 5f 5f 1 1 _
3431 4f 4f 4f 1 1 O
3432 4b 4b 4b 1 1 K
3433 20 20 20 1 1  
3434 20 20 20 1 1  
3435 20 20 20 1 1  
3436 20 20 20 1 1  
3437 20 20 20 1 1  
3438 20 20 20 1 1  
3439 7c 7c 7c 1 1 |
3440 20 20 20 1 1  
3441 52 52 52 1 1 R
3442 45 45 45 1 1 E
3443 54 54 54 1 1 T
3444 52 52 52 1 1 R
3445 59 59 59 1 1 Y
3446 3d 3d 3d 1 1 =
3447 30 30 30 1 1 0
3448 20 20 20 1 1  
3449 7c 7c 7c 1 1 |
3450 20 20 20 1 1  
3451 43 43 43 1 1 C
3452 52 52 52 1 1 R
3453 43 43 43 1 1 C
3454 3d 3d 3d 1 1 =
3455 31 31 31 1 1 1
3456 44 44 44 1 1 D
3457 41 41 41 1 1 A
3458 38 38 38 1 1 8
3459 0a 0a 0a 1 1 .
3460 32 32 32 1 1 2
3461 30 30 30 1 1 0
3462 32 32 32 1 1 2
3463 36 36 36 1 1 6
3464 2d 2d 2d 1 1 -
3465 30 30 30 1 1 0
3466 34 34 34 1 1 4
3467 2d 2d 2d 1 1 -
3468 30 30 30 1 1 0
3469 31 31 31 1 1 1
3470 20 20 20 1 1  
3471 30 30 30 1 1 0
3472 38 38 38 1 1 8
3473 3a 3a 3a 1 1 :
3474 30 30 30 1 1 0
3475 31 31 31 1 1 1
3476 3a 3a 3a 1 1 :
3477 30 30 30 1 1 0
3478 36 36 36 1 1 6
3479 20 20 20 1 1  
3480 7c 7c 7c 1 1 |
3481 20 20 20 1 1  
3482 44 44 44 1 1 D
3483 4f 4f 4f 1 1 O
3484 4f 4f 4f 1 1 O
3485 52 52 52 1 1 R
3486 2d 2d 2d 1 1 -
3487 41 41 41 1 1 A
3488 31 31 31 1 1 1
3489 20 20 20 1 1  
3490 7c 7c 7c 1 1 |
3491 20 20 20 1 1  
3492 4c 4c 4c 1 1 L
3493 4f 4f 4f 1 1 O
3494 42 42 42 1 1 B
3495 42 42 42 1 1 B
3496 59 59 59 1 1 Y
3497 20 20 20 1 1  
3498 20 20 20 1 1  
3499 20 20 20 1 1  
3500 20 20 20 1 1  
3501 20 20 20 1 1  
3502 20 20 20 1 1  
3503 20 20 20 1 1  
3504 7c 7c 7c 1 1 |
3505 20 20 20 1 1  
3506 48 48 48 1 1 H
3507 45 45 45 1 1 E
3508 41 41 41 1 1 A
3509 52 52 52 1 1 R
3510 54 54 54 1 1 T
3511 42 42 42 1 1 B
3512 45 45 45 1 1 E
3513 41 41 41 1 1 A
3514 54 54 54 1 1 T
3515 20 20 20 1 1  
3516 20 20 20 1 1  
3517 20 20 20 1 1  
3518 20 20 20 1 1  
3519 20 20 20 1 1  
3520 20 20 20 1 1  
3521 7c 7c 7c 1 1 |
3522 20 20 20 1 1  
3523 53 53 53 1 1 S
3524 59 59 59 1 1 Y
3525 53 53 53 1 1 S
3526 54 54 54 1 1 T
3527 45 45 45 1 1 E
3528 4d 4d 4d 1 1 M
3529 20 20 20 1 1  
3530 7c 7c 7c 1 1 |
3531 20 20 20 1 1  
3532 4e 4e 4e 1 1 N
3533 41 41 41 1 1 A
3534 20 20 20 1 1  
3535 20 20 20 1 1  
3536 20 20 20 1 1  
3537 20 20 20 1 1  
3538 20 20 20 1 1  
3539 20 20 20 1 1  
3540 20 20 20 1 1  
3541 20 20 20 1 1  
3542 20 20 20 1 1  
3543 7c 7c 7c 1 1 |
3544 20 20 20 1 1  
3545 4e 4e 4e 1 1 N
3546 4f 4f 4f 1 1 O
3547 52 52 52 1 1 R
3548 4d 4d 4d 1 1 M
3549 41 41 41 1 1 A
3550 4c 4c 4c 1 1 L
3551 20 20 20 1 1  
3552 20 20 20 1 1  
3553 7c 7c 7c 1 1 |
3554 20 20 20 1 1  
3555 50 50 50 1 1 P
3556 4f 4f 4f 1 1 O
3557 57 57 57 1 1 W
3558 45 45 45 1 1 E
3559 52 52 52 1 1 R
3560 5f 5f 5f 1 1 _
3561 4f 4f 4f 1 1 O
3562 4b 4b 4b 1 1 K
3563 20 20 20 1 1  
3564 20 20 20 1 1  
3565 20 20 20 1 1  
3566 20 20 20 1 1  
3567 20 20 20 1 1  
3568 20 20 20 1 1  
3569 20 20 20 1 1  
3570 20 20 20 1 1  
3571 20 20 20 1 1  
3572 7c 7c 7c 1 1 |
3573 20 20 20 1 1  
3574 52 52 52 1 1 R
3575 45 45 45 1 1 E
3576 54 54 54 1 1 T
3577 52 52 52 1 1 R
3578 59 59 59 1 1 Y
3579 3d 3d 3d 1 1 =
3580 30 30 30 1 1 0
3581 20 20 20 1 1  
3582 7c 7c 7c 1 1 |
3583 20 20 20 1 1  
3584 43 43 43 1 1 C
3585 52 52 52 1 1 R
3586 43 43 43 1 1 C
3587 3d 3d 3d 1 1 =
3588 46 46 46 1 1 F
3589 38 38 38 1 1 8
3590 44 44 44 1 1 D
3591 33 33 33 1 1 3
3592 0a 0a 0a 1 1 .
3593 32 32 32 1 1 2
3594 30 30 30 1 1 0
3595 32 32 32 1 1 2
3596 36 36 36 1 1 6
3597 2d 2d 2d 1 1 -
3598 30 30 30 1 1 0
3599 34 34 34 1 1 4
3600 2d 2d 2d 1 1 -
3601 30 30 30 1 1 0
3602 31 31 31 1 1 1
3603 20 20 20 1 1  
3604 30 30 30 1 1 0
3605 38 38 38 1 1 8
3606 3a 3a 3a 1 1 :
3607 30 30 30 1 1 0
3608 31 31 31 1 1 1
3609 3a 3a 3a 1 1 :
3610 31 31 31 1 1 1
3611 31 31 31 1 1 1
3612 20 20 20 1 1  
3613 7c 7c 7c 1 1 |
3614 20 20 20 1 1  
3615 43 43 43 1 1 C
3616 54 54 54 1 1 T
3617 52 52 52 1 1 R
3618 4c 4c 4c 1 1 L
3619 2d 2d 2d 1 1 -
3620 30 30 30 1 1 0
3621 31 31 31 1 1 1
3622 20 20 20 1 1  
3623 7c 7c 7c 1 1 |
3624 20 20 20 1 1  
3625 50 50 50 1 1 P
3626 41 41 41 1 1 A
3627 52 52 52 1 1 R
3628 4b 4b 4b 1 1 K
3629 49 49 49 1 1 I
3630 4e 4e 4e 1 1 N
3631 47 47 47 1 1 G
3632 20 20 20 1 1  
3633 20 20 20 1 1  
3634 20 20 20 1 1  
3635 20 20 20 1 1  
3636 20 20 20 1 1  
3637 7c 7c 7c 1 1 |
3638 20 20 20 1 1  
3639 41 41 41 1 1 A
3640 43 43 43 1 1 C
3641 43 43 43 1 1 C
3642 45 45 45 1 1 E
3643 53 53 53 1 1 S
3644 53 53 53 1 1 S
3645 5f 5f 5f 1 1 _
3646 52 52 52 1 1 R
3647 45 45 45 1 1 E
3648 51 51 51 1 1 Q
3649 55 55 55 1 1 U
3650 45 45 45 1 1 E
3651 53 53 53 1 1 S
3652 54 54 54 1 1 T
3653 20 20 20 1 1  
3654 7c 7c 7c 1 1 |
3655 20 20 20 1 1  
3656 55 55 55 1 1 U
3657 31 31 31 1 1 1
3658 30 30 30 1 1 0
3659 30 30 30 1 1 0
3660 38 38 38 1 1 8
3661 20 20 20 1 1  
3662 20 20 20 1 1  
3663 7c 7c 7c 1 1 |
3664 20 20 20 1 1  
3665 43 43 43 1 1 C
3666 41 41 41 1 1 A
3667 52 52 52 1 1 R
3668 44 44 44 1 1 D
3669 35 35 35 1 1 5
3670 30 30 30 1 1 0
3671 30 30 30 1 1 0
3672 30 30 30 1 1 0
3673 30 30 30 1 1 0
3674 38 38 38 1 1 8
3675 20 20 20 1 1  
3676 7c 7c 7c 1 1 |
3677 20 20 20 1 1  
3678 4f 4f 4f 1 1 O
3679 4b 4b 4b 1 1 K
3680 20 20 20 1 1  
3681 20 20 20 1 1  
3682 20 20 20 1 1  
3683 20 20 20 1 1  
3684 20 20 20 1 1  
3685 20 20 20 1 1  
3686 7c 7c 7c 1 1 |
3687 20 20 20 1 1  
3688 43 43 43 1 1 C
3689 41 41 41 1 1 A
3690 52 52 52 1 1 R
3691 44 44 44 1 1 D
3692 5f 5f 5f 1 1 _
3693 4f 4f 4f 1 1 O
3694 4b 4b 4b 1 1 K
3695 20 20 20 1 1  
3696 20 20 20 1 1  
3697 20 20 20 1 1  
3698 20 20 20 1 1  
3699 20 20 20 1 1  
3700 20 20 20 1 1  
3701 20 20 20 1 1  
3702 20 20 20 1 1  
3703 20 20 20 1 1  
3704 20 20 20 1 1  
3705 7c 7c 7c 1 1 |
3706 20 20 20 1 1  
3707 52 52 52 1 1 R
3708 45 45 45 1 1 E
3709 54 54 54 1 1 T
3710 52 52 52 1 1 R
3711 59 59 59 1 1 Y
3712 3d 3d 3d 1 1 =
3713 31 31 31 1 1 1
3714 20 20 20 1 1  
3715 7c 7c 7c 1 1 |
3716 20 20 20 1 1  
3717 43 43 43 1 1 C
3718 52 52 52 1 1 R
3719 43 43 43 1 1 C
3720 3d 3d 3d 1 1 =
3721 35 35 35 1 1 5
3722 34 34 34 1 1 4
3723 38 38 38 1 1 8
3724 42 42 42 1 1 B
3725 0a 0a 0a 1 1 .
3726 32 32 32 1 1 2
3727 30 30 30 1 1 0
3728 32 32 32 1 1 2
3729 36 36 36 1 1 6
3730 2d 2d 2d 1 1 -
3731 30 30 30 1 1 0
3732 34 34 34 1 1 4
3733 2d 2d 2d 1 1 -
3734 30 30 30 1 1 0
3735 31 31 31 1 1 1
3736 20 20 20 1 1  
3737 30 30 30 1 1 0
3738 38 38 38 1 1 8
3739 3a 3a 3a 1 1 :
3740 30 30 30 1 1 0
3741 31 31 31 1 1 1
3742 3a 3a 3a 1 1 :
3743 31 31 31 1 1 1
3744 32 32 32 1 1 2
3745 20 20 20 1 1  
3746 7c 7c 7c 1 1 |
3747 20 20 20 1 1  
3748 44 44 44 1 1 D
3749 4f 4f 4f 1 1 O
3750 4f 4f 4f 1 1 O
3751 52 52 52 1 1 R
3752 2d 2d 2d 1 1 -
3753 41 41 41 1 1 A
3754 31 31 31 1 1 1
3755 20 20 20 1 1  
3756 7c 7c 7c 1 1 |
3757 20 20 20 1 1  
3758 50 50 50 1 1 P
3759 41 41 41 1 1 A
3760 52 52 52 1 1 R
3761 4b 4b 4b 1 1 K
3762 49 49 49 1 1 I
3763 4e 4e 4e 1 1 N
3764 47 47 47 1 1 G
3765 20 20 20 1 1  
3766 20 20 20 1 1  
3767 20 20 20 1 1  
3768 20 20 20 1 1  
3769 20 20 20 1 1  
3770 7c 7c 7c 1 1 |
3771 20 20 20 1 1  
3772 41 41 41 1 1 A
3773 43 43 43 1 1 C
3774 43 43 43 1 1 C
3775 45 45 45 1 1 E
3776 53 53 53 1 1 S
3777 53 53 53 1 1 S
3778 5f 5f 5f 1 1 _
3779 47 47 47 1 1 G
3780 52 52 52 1 1 R
3781 41 41 41 1 1 A
3782 4e 4e 4e 1 1 N
3783 54 54 54 1 1 T
3784 45 45 45 1 1 E
3785 44 44 44 1 1 D
3786 20 20 20 1 1  
3787 7c 7c 7c 1 1 |
3788 20 20 20 1 1  
3789 55 55 55 1 1 U
3790 31 31 31 1 1 1
3791 30 30 30 1 1 0
3792 31 31 31 1 1 1
3793 33 33 33 1 1 3
3794 20 20 20 1 1  
3795 20 20 20 1 1  
3796 7c 7c 7c 1 1 |
3797 20 20 20 1 1  
3798 43 43 43 1 1 C
3799 41 41 41 1 1 A
3800 52 52 52 1 1 R
3801 44 44 44 1 1 D
3802 35 35 35 1 1 5
3803 30 30 30 1 1 0
3804 30 30 30 1 1 0
3805 30 30 30 1 1 0
3806 31 31 31 1 1 1
3807 33 33 33 1 1 3
3808 20 20 20 1 1  
3809 7c 7c 7c 1 1 |
3810 20 20 20 1 1  
3811 47 47 47 1 1 G
3812 52 52 52 1 1 R
3813 41 41 41 1 1 A
3814 4e 4e 4e 1 1 N
3815 54 54 54 1 1 T
3816 45 45 45 1 1 E
3817 44 44 44 1 1 D
3818 20 20 20 1 1  
3819 7c 7c 7c 1 1 |
3820 20 20 20 1 1  
3821 55 55 55 1 1 U
3822 53 53 53 1 1 S
3823 45 45 45 1 1 E
3824 52 52 52 1 1 R
3825 5f 5f 5f 1 1 _
3826 41 41 41 1 1 A
3827 55 55 55 1 1 U
3828 54 54 54 1 1 T
3829 48 48 48 1 1 H
3830 4f 4f 4f 1 1 O
3831 52 52 52 1 1 R
3832 49 49 49 1 1 I
3833 5a 5a 5a 1 1 Z
3834 45 45 45 1 1 E
3835 44 44 44 1 1 D
3836 20 20 20 1 1  
3837 20 20 20 1 1  
3838 7c 7c 7c 1 1 |
3839 20 20 20 1 1  
3840 52 52 52 1 1 R
3841 45 45 45 1 1 E
3842 54 54 54 1 1 T
3843 52 52 52 1 1 R
3844 59 59 59 1 1 Y
3845 3d 3d 3d 1 1 =
3846 30 30 30 1 1 0
3847 20 20 20 1 1  
3848 7c 7c 7c 1 1 |
3849 20 20 20 1 1  
3850 43 43 43 1 1 C
3851 52 52 52 1 1 R
3852 43 43 43 1 1 C
3853 3d 3d 3d 1 1 =
3854 43 43 43 1 1 C
3855 43 43 43 1 1 C
3856 34 34 34 1 1 4
3857 38 38 38 1 1 8
3858 0a 0a 0a 1 1 .
3859 32 32 32 1 1 2
3860 30 30 30 1 1 0
3861 32 32 32 1 1 2
3862 36 36 36 1 1 6
3863 2d 2d 2d 1 1 -
3864 30 30 30 1 1 0
3865 34 34 34 1 1 4
3866 2d 2d 2d 1 1 -
3867 30 30 30 1 1 0
3868 31 31 31 1 1 1
3869 20 20 20 1 1  
3870 30 30 30 1 1 0
3871 38 38 38 1 1 8
3872 3a 3a 3a 1 1 :
3873 30 30 30 1 1 0
3874 31 31 31 1 1 1
3875 3a 3a 3a 1 1 :
3876 31 31 31 1 1 1
3877 35 35 35 1 1 5
3878 20 20 20 1 1  
3879 7c 7c 7c 1 1 |
3880 20 20 20 1 1  
3881 44 44 44 1 1 D
3882 4f 4f 4f 1 1 O
3883 4f 4f 4f 1 1 O
3884 52 52 52 1 1 R
3885 2d 2d 2d 1 1 -
3886 41 41 41 1 1 A
3887 32 32 32 1 1 2
3888 20 20 20 1 1  
3889 7c 7c 7c 1 1 |
3890 20 20 20 1 1  
3891 4c 4c 4c 1 1 L
3892 41 41 41 1 1 A
3893 42 42 42 1 1 B
3894 5f 5f 5f 1 1 _
3895 41 41 41 1 1 A
3896 20 20 20 1 1  
3897 20 20 20 1 1  
3898 20 20 20 1 1  
3899 20 20 20 1 1  
3900 20 20 20 1 1  
3901 20 20 20 1 1  
3902 20 20 20 1 1  
3903 7c 7c 7c 1 1 |
3904 20 20 20 1 1  
3905 41 41 41 1 1 A
3906 43 43 43 1 1 C
3907 43 43 43 1 1 C
3908 45 45 45 1 1 E
3909 53 53 53 1 1 S
3910 53 53 53 1 1 S
3911 5f 5f 5f 1 1 _
3912 52 52 52 1 1 R
3913 45 45 45 1 1 E
3914 51 51 51 1 1 Q
3915 55 55 55 1 1 U
3916 45 45 45 1 1 E
3917 53 53 53 1 1 S
3918 54 54 54 1 1 T
3919 20 20 20 1 1  
3920 7c 7c 7c 1 1 |
3921 20 20 20 1 1  
3922 55 55 55 1 1 U
3923 31 31 31 1 1 1
3924 30 30 30 1 1 0
3925 33 33 33 1 1 3
3926 33 33 33 1 1 3
3927 20 20 20 1 1  
3928 20 20 20 1 1  
3929 7c 7c 7c 1 1 |
3930 20 20 20 1 1  
3931 43 43 43 1 1 C
3932 41 41 41 1 1 A
3933 52 52 52 1 1 R
3934 44 44 44 1 1 D
3935 35 35 35 1 1 5
3936 30 30 30 1 1 0
3937 30 30 30 1 1 0
3938 30 30 30 1 1 0
3939 33 33 33 1 1 3
3940 33 33 33 1 1 3
3941 20 20 20 1 1  
3942 7c 7c 7c 1 1 |
3943 20 20 20 1 1  
3944 4f 4f 4f 1 1 O
3945 4b 4b 4b 1 1 K
3946 20 20 20 1 1  
3947 20 20 20 1 1  
3948 20 20 20 1 1  
3949 20 20 20 1 1  
3950 20 20 20 1 1  
3951 20 20 20 1 1  
3952 7c 7c 7c 1 1 |
3953 20 20 20 1 1  
3954 50 50 50 1 1 P
3955 49 49 49 1 1 I
3956 4e 4e 4e 1 1 N
3957 5f 5f 5f 1 1 _
3958 4f 4f 4f 1 1 O
3959 4b 4b 4b 1 1 K
3960 20 20 20 1 1  
3961 20 20 20 1 1  
3962 20 20 20 1 1  
3963 20 20 20 1 1  
3964 20 20 20 1 1  
3965 20 20 20 1 1  
3966 20 20 20 1 1  
3967 20 20 20 1 1  
3968 20 20 20 1 1  
3969 20 20 20 1 1  
3970 20 20 20 1 1  
3971 7c 7c 7c 1 1 |
3972 20 20 20 1 1  
3973 52 52 52 1 1 R
3974 45 45 45 1 1 E
3975 54 54 54 1 1 T
3976 52 52 52 1 1 R
3977 59 59 59 1 1 Y
3978 3d 3d 3d 1 1 =
3979 30 30 30 1 1 0
3980 20 20 20 1 1  
3981 7c 7c 7c 1 1 |
3982 20 20 20 1 1  
3983 43 43 43 1 1 C
3984 52 52 52 1 1 R
3985 43 43 43 1 1 C
3986 3d 3d 3d 1 1 =
3987 37 37 37 1 1 7
3988 45 45 45 1 1 E
3989 45 45 45 1 1 E
3990 44 44 44 1 1 D
3991 0a 0a 0a 1 1 .
3992 32 32 32 1 1 2
3993 30 30 30 1 1 0
3994 32 32 32 1 1 2
3995 36 36 36 1 1 6
3996 2d 2d 2d 1 1 -
3997 30 30 30 1 1 0
3998 34 34 34 1 1 4
3999 2d 2d 2d 1 1 -
4000 30 30 30 1 1 0
4001 31 31 31 1 1 1
4002 20 20 20 1 1  
4003 30 30 30 1 1 0
4004 38 38 38 1 1 8
4005 3a 3a 3a 1 1 :
4006 30 30 30 1 1 0
4007 31 31 31 1 1 1
4008 3a 3a 3a 1 1 :
4009 31 31 31 1 1 1
4010 36 36 36 1 1 6
4011 20 20 20 1 1  
4012 7c 7c 7c 1 1 |
4013 20 20 20 1 1  
4014 43 43 43 1 1 C
4015 54 54 54 1 1 T
4016 52 52 52 1 1 R
4017 4c 4c 4c 1 1 L
4018 2d 2d 2d 1 1 -
4019 30 30 30 1 1 0
4020 31 31 31 1 1 1
4021 20 20 20 1 1  
4022 7c 7c 7c 1 1 |
4023 20 20 20 1 1  
4024 4c 4c 4c 1 1 L
4025 41 41 41 1 1 A
4026 42 42 42 1 1 B
4027 5f 5f 5f 1 1 _
4028 41 41 41 1 1 A
4029 20 20 20 1 1  
4030 20 20 20 1 1  
4031 20 20 20 1 1  
4032 20 20 20 1 1  
4033 20 20 20 1 1  
4034 20 20 20 1 1  
4035 20 20 20 1 1  
4036 7c 7c 7c 1 1 |
4037 20 20 20 1 1  
4038 48 48 48 1 1 H
4039 45 45 45 1 1 E
4040 41 41 41 1 1 A
4041 52 52 52 1 1 R
4042 54 54 54 1 1 T
4043 42 42 42 1 1 B
4044 45 45 45 1 1 E
4045 41 41 41 1 1 A
4046 54 54 54 1 1 T
4047 20 20 20 1 1  
4048 20 20 20 1 1  
4049 20 20 20 1 1  
4050 20 20 20 1 1  
4051 20 20 20 1 1  
4052 20 20 20 1 1  
4053 7c 7c 7c 1 1 |
4054 20 20 20 1 1  
4055 53 53 53 1 1 S
4056 59 59 59 1 1 Y
4057 53 53 53 1 1 S
4058 54 54 54 1 1 T
4059 45 45 45 1 1 E
4060 4d 4d 4d 1 1 M
4061 20 20 20 1 1  
4062 7c 7c 7c 1 1 |
4063 20 20 20 1 1  
4064 4e 4e 4e 1 1 N
4065 41 41 41 1 1 A
4066 20 20 20 1 1  
4067 20 20 20 1 1  
4068 20 20 20 1 1  
4069 20 20 20 1 1  
4070 20 20 20 1 1  
4071 20 20 20 1 1  
4072 20 20 20 1 1  
4073 20 20 20 1 1  
4074 20 20 20 1 1  
4075 7c 7c 7c 1 1 |
4076 20 20 20 1 1  
4077 4e 4e 4e 1 1 N
4078 4f 4f 4f 1 1 O
4079 52 52 52 1 1 R
4080 4d 4d 4d 1 1 M
4081 41 41 41 1 1 A
4082 4c 4c 4c 1 1 L
4083 20 20 20 1 1  
4084 20 20 20 1 1  
4085 7c 7c 7c 1 1 |
4086 20 20 20 1 1  
4087 50 50 50 1 1 P
4088 4f 4f 4f 1 1 O
4089 57 57 57 1 1 W
4090 45 45 45 1 1 E
4091 52 52 52 1 1 R
4092 5f 5f 5f 1 1 _
4093 4f 4f 4f 1 1 O
4094 4b 4b 4b 1 1 K
4095 20 20 20 1 1  
4096 20 20 20 1 1  
4097 20 20 20 1 1  
4098 20 20 20 1 1  
4099 20 20 20 1 1  
4100 20 20 20 1 1  
4101 20 20 20 1 1  
4102 20 20 20 1 1  
4103 20 20 20 1 1  
4104 7c 7c 7c 1 1 |
4105 20 20 20 1 1  
4106 52 52 52 1 1 R
4107 45 45 45 1 1 E
4108 54 54 54 1 1 T
4109 52 52 52 1 1 R
4110 59 59 59 1 1 Y
4111 3d 3d 3d 1 1 =
4112 30 30 30 1 1 0
4113 20 20 20 1 1  
4114 7c 7c 7c 1 1 |
4115 20 20 20 1 1  
4116 43 43 43 1 1 C
4117 52 52 52 1 1 R
4118 43 43 43 1 1 C
4119 3d 3d 3d 1 1 =
4120 37 37 37 1 1 7
4121 35 35 35 1 1 5
4122 44 44 44 1 1 D
4123 31 31 31 1 1 1
4124 0a 0a 0a 1 1 .
4125 32 32 32 1 1 2
4126 30 30 30 1 1 0
4127 32 32 32 1 1 2
4128 36 36 36 1 1 6
4129 2d 2d 2d 1 1 -
4130 30 30 30 1 1 0
4131 34 34 34 1 1 4
4132 2d 2d 2d 1 1 -
4133 30 30 30 1 1 0
4134 31 31 31 1 1 1
4135 20 20 20 1 1  
4136 30 30 30 1 1 0
4137 38 38 38 1 1 8
4138 3a 3a 3a 1 1 :
4139 30 30 30 1 1 0
4140 31 31 31 1 1 1
4141 3a 3a 3a 1 1 :
4142 31 31 31 1 1 1
4143 38 38 38 1 1 8
4144 20 20 20 1 1  
4145 7c 7c 7c 1 1 |
4146 20 20 20 1 1  
4147 43 43 43 1 1 C
4148 54 54 54 1 1 T
4149 52 52 52 1 1 R
4150 4c 4c 4c 1 1 L
4151 2d 2d 2d 1 1 -
4152 30 30 30 1 1 0
4153 32 32 32 1 1 2
4154 20 20 20 1 1  
4155 7c 7c 7c 1 1 |
4156 20 20 20 1 1  
4157 4c 4c 4c 1 1 L
4158 4f 4f 4f 1 1 O
4159 42 42 42 1 1 B
4160 42 42 42 1 1 B
4161 59 59 59 1 1 Y
4162 20 20 20 1 1  
4163 20 20 20 1 1  
4164 20 20 20 1 1  
4165 20 20 20 1 1  
4166 20 20 20 1 1  
4167 20 20 20 1 1  
4168 20 20 20 1 1  
4169 7c 7c 7c 1 1 |
4170 20 20 20 1 1  
4171 48 48 48 1 1 H
4172 45 45 45 1 1 E
4173 41 41 41 1 1 A
4174 52 52 52 1 1 R
4175 54 54 54 1 1 T
4176 42 42 42 1 1 B
4177 45 45 45 1 1 E
4178 41 41 41 1 1 A
4179 54 54 54 1 1 T
4180 20 20 20 1 1  
4181 20 20 20 1 1  
4182 20 20 20 1 1  
4183 20 20 20 1 1  
4184 20 20 20 1 1  
4185 20 20 20 1 1  
4186 7c 7c 7c 1 1 |
4187 20 20 20 1 1  
4188 53 53 53 1 1 S
4189 59 59 59 1 1 Y
4190 53 53 53 1 1 S
4191 54 54 54 1 1 T
4192 45 45 45 1 1 E
4193 4d 4d 4d 1 1 M
4194 20 20 20 1 1  
4195 7c 7c 7c 1 1 |
4196 20 20 20 1 1  
4197 4e 4e 4e 1 1 N
4198 41 41 41 1 1 A
4199 20 20 20 1 1  
4200 20 20 20 1 1  
4201 20 20 20 1 1  
4202 20 20 20 1 1  
4203 20 20 20 1 1  
4204 20 20 20 1 1  
4205 20 20 20 1 1  
4206 20 20 20 1 1  
4207 20 20 20 1 1  
4208 7c 7c 7c 1 1 |
4209 20 20 20 1 1  
4210 4e 4e 4e 1 1 N
4211 4f 4f 4f 1 1 O
4212 52 52 52 1 1 R
4213 4d 4d 4d 1 1 M
4214 41 41 41 1 1 A
4215 4c 4c 4c 1 1 L
4216 20 20 20 1 1  
4217 20 20 20 1 1  
4218 7c 7c 7c 1 1 |
4219 20 20 20 1 1  
4220 50 50 50 1 1 P
4221 4f 4f 4f 1 1 O
4222 57 57 57 1 1 W
4223 45 45 45 1 1 E
4224 52 52 52 1 1 R
4225 5f 5f 5f 1 1 _
4226 4f 4f 4f 1 1 O
4227 4b 4b 4b 1 1 K
4228 20 20 20 1 1  
4229 20 20 20 1 1  
4230 20 20 20 1 1  
4231 20 20 20 1 1  
4232 20 20 20 1 1  
4233 20 20 20 1 1  
4234 20 20 20 1 1  
4235 20 20 20 1 1  
4236 20 20 20 1 1  
4237 7c 7c 7c 1 1 |
4238 20 20 20 1 1  
4239 52 52 52 1 1 R
4240 45 45 45 1 1 E
4241 54 54 54 1 1 T
4242 52 52 52 1 1 R
4243 59 59 59 1 1 Y
4244 3d 3d 3d 1 1 =
4245 30 30 30 1 1 0
4246 20 20 20 1 1  
4247 7c 7c 7c 1 1 |
4248 20 20 20 1 1  
4249 43 43 43 1 1 C
4250 52 52 52 1 1 R
4251 43 43 43 1 1 C
4252 3d 3d 3d 1 1 =
4253 31 31 31 1 1 1
4254 45 45 45 1 1 E
4255 32 32 32 1 1 2
4256 34 34 34 1 1 4
4257 0a 0a 0a 1 1 .
4258 32 32 32 1 1 2
4259 30 30 30 1 1 0
4260 32 32 32 1 1 2
4261 36 36 36 1 1 6
4262 2d 2d 2d 1 1 -
4263 30 30 30 1 1 0
4264 34 34 34 1 1 4
4265 2d 2d 2d 1 1 -
4266 30 30 30 1 1 0
4267 31 31 31 1 1 1
4268 20 20 20 1 1  
4269 30 30 30 1 1 0
4270 38 38 38 1 1 8
4271 3a 3a 3a 1 1 :
4272 30 30 30 1 1 0
4273 31 31 31 1 1 1
4274 3a 3a 3a 1 1 :
4275 31 31 31 1 1 1
4276 39 39 39 1 1 9
4277 20 20 20 1 1  
4278 7c 7c 7c 1 1 |
4279 20 20 20 1 1  
4280 43 43 43 1 1 C
4281 54 54 54 1 1 T
4282 52 52 52 1 1 R
4283 4c 4c 4c 1 1 L
4284 2d 2d 2d 1 1 -
4285 30 30 30 1 1 0
4286 31 31 31 1 1 1
4287 20 20 20 1 1  
4288 7c 7c 7c 1 1 |
4289 20 20 20 1 1  
4290 4c 4c 4c 1 1 L
4291 4f 4f 4f 1 1 O
4292 42 42 42 1 1 B
4293 42 42 42 1 1 B
4294 59 59 59 1 1 Y
4295 20 20 20 1 1  
4296 20 20 20 1 1  
4297 20 20 20 1 1  
4298 20 20 20 1 1  
4299 20 20 20 1 1  
4300 20 20 20 1 1  
4301 20 20 20 1 1  
4302 7c 7c 7c 1 1 |
4303 20 20 20 1 1  
4304 44 44 44 1 1 D
4305 4f 4f 4f 1 1 O
4306 4f 4f 4f 1 1 O
4307 52 52 52 1 1 R
4308 5f 5f 5f 1 1 _
4309 4f 4f 4f 1 1 O
4310 50 50 50 1 1 P
4311 45 45 45 1 1 E
4312 4e 4e 4e 1 1 N
4313 20 20 20 1 1  
4314 20 20 20 1 1  
4315 20 20 20 1 1  
4316 20 20 20 1 1  
4317 20 20 20 1 1  
4318 20 20 20 1 1  
4319 7c 7c 7c 1 1 |
4320 20 20 20 1 1  
4321 53 53 53 1 1 S
4322 59 59 59 1 1 Y
4323 53 53 53 1 1 S
4324 54 54 54 1 1 T
4325 45 45 45 1 1 E
4326 4d 4d 4d 1 1 M
4327 20 20 20 1 1  
4328 7c 7c 7c 1 1 |
4329 20 20 20 1 1  
4330 4e 4e 4e 1 1 N
4331 41 41 41 1 1 A
4332 20 20 20 1 1  
4333 20 20 20 1 1  
4334 20 20 20 1 1  
4335 20 20 20 1 1  
4336 20 20 20 1 1  
4337 20 20 20 1 1  
4338 20 20 20 1 1  
4339 20 20 20 1 1  
4340 20 20 20 1 1  
4341 7c 7c 7c 1 1 |
4342 20 20 20 1 1  
4343 4e 4e 4e 1 1 N
4344 4f 4f 4f 1 1 O
4345 52 52 52 1 1 R
4346 4d 4d 4d 1 1 M
4347 41 41 41 1 1 A
4348 4c 4c 4c 1 1 L
4349 20 20 20 1 1  
4350 20 20 20 1 1  
4351 7c 7c 7c 1 1 |
4352 20 20 20 1 1  
4353 50 50 50 1 1 P
4354 4f 4f 4f 1 1 O
4355 57 57 57 1 1 W
4356 45 45 45 1 1 E
4357 52 52 52 1 1 R
4358 5f 5f 5f 1 1 _
4359 4f 4f 4f 1 1 O
4360 4b 4b 4b 1 1 K
4361 20 20 20 1 1  
4362 20 20 20 1 1  
4363 20 20 20 1 1  
4364 20 20 20 1 1  
4365 20 20 20 1 1  
4366 20 20 20 1 1  
4367 20 20 20 1 1  
4368 20 20 20 1 1  
4369 20 20 20 1 1  
4370 7c 7c 7c 1 1 |
4371 20 20 20 1 1  
4372 52 52 52 1 1 R
4373 45 45 45 1 1 E
4374 54 54 54 1 1 T
4375 52 52 52 1 1 R
4376 59 59 59 1 1 Y
4377 3d 3d 3d 1 1 =
4378 30 30 30 1 1 0
4379 20 20 20 1 1  
4380 7c 7c 7c 1 1 |
4381 20 20 20 1 1  
4382 43 43 43 1 1 C
4383 52 52 52 1 1 R
4384 43 43 43 1 1 C
4385 3d 3d 3d 1 1 =
4386 37 37 37 1 1 7
4387 39 39 39 1 1 9
4388 44 44 44 1 1 D
4389 42 42 42 1 1 B
4390 0a 0a 0a 1 1 .
4391 32 32 32 1 1 2
4392 30 30 30 1 1 0
4393 32 32 32 1 1 2
4394 36 36 36 1 1 6
4395 2d 2d 2d 1 1 -
4396 30 30 30 1 1 0
4397 34 34 34 1 1 4
4398 2d 2d 2d 1 1 -
4399 30 30 30 1 1 0
4400 31 31 31 1 1 1
4401 20 20 20 1 1  
4402 30 30 30 1 1 0
4403 38 38 38 1 1 8
4404 3a 3a 3a 1 1 :
4405 30 30 30 1 1 0
4406 31 31 31 1 1 1
4407 3a 3a 3a 1 1 :
4408 32 32 32 1 1 2
4409 30 30 30 1 1 0
4410 20 20 20 1 1  
4411 7c 7c 7c 1 1 |
4412 20 20 20 1 1  
4413 44 44 44 1 1 D
4414 4f 4f 4f 1 1 O
4415 4f 4f 4f 1 1 O
4416 52 52 52 1 1 R
4417 2d 2d 2d 1 1 -
4418 41 41 41 1 1 A
4419 32 32 32 1 1 2
4420 20 20 20 1 1  
4421 7c 7c 7c 1 1 |
4422 20 20 20 1 1  
4423 4c 4c 4c 1 1 L
4424 41 41 41 1 1 A
4425 42 42 42 1 1 B
4426 5f 5f 5f 1 1 _
4427 42 42 42 1 1 B
4428 20 20 20 1 1  
4429 20 20 20 1 1  
4430 20 20 20 1 1  
4431 20 20 20 1 1  
4432 20 20 20 1 1  
4433 20 20 20 1 1  
4434 20 20 20 1 1  
4435 7c 7c 7c 1 1 |
4436 20 20 20 1 1  
4437 53 53 53 1 1 S
4438 54 54 54 1 1 T
4439 41 41 41 1 1 A
4440 54 54 54 1 1 T
4441 55 55 55 1 1 U
4442 53 53 53 1 1 S
4443 5f 5f 5f 1 1 _
4444 55 55 55 1 1 U
4445 50 50 50 1 1 P
4446 44 44 44 1 1 D
4447 41 41 41 1 1 A
4448 54 54 54 1 1 T
4449 45 45 45 1 1 E
4450 20 20 20 1 1  
4451 20 20 20 1 1  
4452 7c 7c 7c 1 1 |
4453 20 20 20 1 1  
4454 53 53 53 1 1 S
4455 59 59 59 1 1 Y
4456 53 53 53 1 1 S
4457 54 54 54 1 1 T
4458 45 45 45 1 1 E
4459 4d 4d 4d 1 1 M
4460 20 20 20 1 1  
4461 7c 7c 7c 1 1 |
4462 20 20 20 1 1  
4463 4e 4e 4e 1 1 N
4464 41 41 41 1 1 A
4465 20 20 20 1 1  
4466 20 20 20 1 1  
4467 20 20 20 1 1  
4468 20 20 20 1 1  
4469 20 20 20 1 1  
4470 20 20 20 1 1  
4471 20 20 20 1 1  
4472 20 20 20 1 1  
4473 20 20 20 1 1  
4474 7c 7c 7c 1 1 |
4475 20 20 20 1 1  
4476 4e 4e 4e 1 1 N
4477 4f 4f 4f 1 1 O
4478 52 52 52 1 1 R
4479 4d 4d 4d 1 1 M
4480 41 41 41 1 1 A
4481 4c 4c 4c 1 1 L
4482 20 20 20 1 1  
4483 20 20 20 1 1  
4484 7c 7c 7c 1 1 |
4485 20 20 20 1 1  
4486 50 50 50 1 1 P
4487 4f 4f 4f 1 1 O
4488 57 57 57 1 1 W
4489 45 45 45 1 1 E
4490 52 52 52 1 1 R
4491 5f 5f 5f 1 1 _
4492 4f 4f 4f 1 1 O
4493 4b 4b 4b 1 1 K
4494 20 20 20 1 1  
4495 20 20 20 1 1  
4496 20 20 20 1 1  
4497 20 20 20 1 1  
4498 20 20 20 1 1  
4499 20 20 20 1 1  
4500 20 20 20 1 1  
4501 20 20 20 1 1  
4502 20 20 20 1 1  
4503 7c 7c 7c 1 1 |
4504 20 20 20 1 1  
4505 52 52 52 1 1 R
4506 45 45 45 1 1 E
4507 54 54 54 1 1 T
4508 52 52 52 1 1 R
4509 59 59 59 1 1 Y
4510 3d 3d 3d 1 1 =
4511 30 30 30 1 1 0
4512 20 20 20 1 1  
4513 7c 7c 7c 1 1 |
4514 20 20 20 1 1  
4515 43 43 43 1 1 C
4516 52 52 52 1 1 R
4517 43 43 43 1 1 C
4518 3d 3d 3d 1 1 =
4519 46 46 46 1 1 F
4520 32 32 32 1 1 2
4521 30 30 30 1 1 0
4522 31 31 31 1 1 1
4523 0a 0a 0a 1 1 .
4524 32 32 32 1 1 2
4525 30 30 30 1 1 0
4526 32 32 32 1 1 2
4527 36 36 36 1 1 6
4528 2d 2d 2d 1 1 -
4529 30 30 30 1 1 0
4530 34 34 34 1 1 4
4531 2d 2d 2d 1 1 -
4532 30 30 30 1 1 0
4533 31 31 31 1 1 1
4534 20 20 20 1 1  
4535 30 30 30 1 1 0
4536 38 38 38 1 1 8
4537 3a 3a 3a 1 1 :
4538 30 30 30 1 1 0
4539 31 31 31 1 1 1
4540 3a 3a 3a 1 1 :
4541 32 32 32 1 1 2
4542 31 31 31 1 1 1
4543 20 20 20 1 1  
4544 7c 7c 7c 1 1 |
4545 20 20 20 1 1  
4546 44 44 44 1 1 D
4547 4f 4f 4f 1 1 O
4548 4f 4f 4f 1 1 O
4549 52 52 52 1 1 R
4550 2d 2d 2d 1 1 -
4551 42 42 42 1 1 B
4552 31 31 31 1 1 1
4553 20 20 20 1 1  
4554 7c 7c 7c 1 1 |
4555 20 20 20 1 1  
4556 4c 4c 4c 1 1 L
4557 41 41 41 1 1 A
4558 42 42 42 1 1 B
4559 5f 5f 5f 1 1 _
4560 42 42 42 1 1 B
4561 20 20 20 1 1  
4562 20 20 20 1 1  
4563 20 20 20 1 1  
4564 20 20 20 1 1  
4565 20 20 20 1 1  
4566 20 20 20 1 1  
4567 20 20 20 1 1  
4568 7c 7c 7c 1 1 |
4569 20 20 20 1 1  
4570 41 41 41 1 1 A
4571 43 43 43 1 1 C
4572 43 43 43 1 1 C
4573 45 45 45 1 1 E
4574 53 53 53 1 1 S
4575 53 53 53 1 1 S
4576 5f 5f 5f 1 1 _
4577 44 44 44 1 1 D
4578 45 45 45 1 1 E
4579 4e 4e 4e 1 1 N
4580 49 49 49 1 1 I
4581 45 45 45 1 1 E
4582 44 44 44 1 1 D
4583 20 20 20 1 1  
4584 20 20 20 1 1  
4585 7c 7c 7c 1 1 |
4586 20 20 20 1 1  
4587 55 55 55 1 1 U
4588 31 31 31 1 1 1
4589 30 30 30 1 1 0
4590 31 31 31 1 1 1
4591 32 32 32 1 1 2
4592 20 20 20 1 1  
4593 20 20 20 1 1  
4594 7c 7c 7c 1 1 |
4595 20 20 20 1 1  
4596 43 43 43 1 1 C
4597 41 41 41 1 1 A
4598 52 52 52 1 1 R
4599 44 44 44 1 1 D
4600 35 35 35 1 1 5
4601 30 30 30 1 1 0
4602 30 30 30 1 1 0
4603 30 30 30 1 1 0
4604 31 31 31 1 1 1
4605 32 32 32 1 1 2
4606 20 20 20 1 1  
4607 7c 7c 7c 1 1 |
4608 20 20 20 1 1  
4609 44 44 44 1 1 D
4610 45 45 45 1 1 E
4611 4e 4e 4e 1 1 N
4612 49 49 49 1 1 I
4613 45 45 45 1 1 E
4614 44 44 44 1 1 D
4615 20 20 20 1 1  
4616 20 20 20 1 1  
4617 7c 7c 7c 1 1 |
4618 20 20 20 1 1  
4619 55 55 55 1 1 U
4620 53 53 53 1 1 S
4621 45 45 45 1 1 E
4622 52 52 52 1 1 R
4623 5f 5f 5f 1 1 _
4624 55 55 55 1 1 U
4625 4e 4e 4e 1 1 N
4626 41 41 41 1 1 A
4627 55 55 55 1 1 U
4628 54 54 54 1 1 T
4629 48 48 48 1 1 H
4630 4f 4f 4f 1 1 O
4631 52 52 52 1 1 R
4632 49 49 49 1 1 I
4633 5a 5a 5a 1 1 Z
4634 45 45 45 1 1 E
4635 44 44 44 1 1 D
4636 20 20 20 1 1  
4637 7c 7c 7c 1 1 |
4638 20 20 20 1 1  
4639 52 52 52 1 1 R
4640 45 45 45 1 1 E
4641 54 54 54 1 1 T
4642 52 52 52 1 1 R
4643 59 59 59 1 1 Y
4644 3d 3d 3d 1 1 =
4645 30 30 30 1 1 0
4646 20 20 20 1 1  
4647 7c 7c 7c 1 1 |
4648 20 20 20 1 1  
4649 43 43 43 1 1 C
4650 52 52 52 1 1 R
4651 43 43 43 1 1 C
4652 3d 3d 3d 1 1 =
4653 44 44 44 1 1 D
4654 43 43 43 1 1 C
4655 42 42 42 1 1 B
4656 32 32 32 1 1 2
4657 0a 0a 0a 1 1 .
4658 32 32 32 1 1 2
4659 30 30 30 1 1 0
4660 32 32 32 1 1 2
4661 36 36 36 1 1 6
4662 2d 2d 2d 1 1 -
4663 30 30 30 1 1 0
4664 34 34 34 1 1 4
4665 2d 2d 2d 1 1 -
4666 30 30 30 1 1 0
4667 31 31 31 1 1 1
4668 20 20 20 1 1  
4669 30 30 30 1 1 0
4670 38 38 38 1 1 8
4671 3a 3a 3a 1 1 :
4672 30 30 30 1 1 0
4673 31 31 31 1 1 1
4674 3a 3a 3a 1 1 :
4675 32 32 32 1 1 2
4676 32 32 32 1 1 2
4677 20 20 20 1 1  
4678 7c 7c 7c 1 1 |
4679 20 20 20 1 1  
4680 47 47 47 1 1 G
4681 41 41 41 1 1 A
4682 54 54 54 1 1 T
4683 45 45 45 1 1 E
4684 2d 2d 2d 1 1 -
4685 30 30 30 1 1 0
4686 32 32 32 1 1 2
4687 20 20 20 1 1  
4688 7c 7c 7c 1 1 |
4689 20 20 20 1 1  
4690 4c 4c 4c 1 1 L
4691 41 41 41 1 1 A
4692 42 42 42 1 1 B
4693 5f 5f 5f 1 1 _
4694 42 42 42 1 1 B
4695 20 20 20 1 1  
4696 20 20 20 1 1  
4697 20 20 20 1 1  
4698 20 20 20 1 1  
4699 20 20 20 1 1  
4700 20 20 20 1 1  
4701 20 20 20 1 1  
4702 7c 7c 7c 1 1 |
4703 20 20 20 1 1  
4704 41 41 41 1 1 A
4705 43 43 43 1 1 C
4706 43 43 43 1 1 C
4707 45 45 45 1 1 E
4708 53 53 53 1 1 S
4709 53 53 53 1 1 S
4710 5f 5f 5f 1 1 _
4711 52 52 52 1 1 R
4712 45 45 45 1 1 E
4713 51 51 51 1 1 Q
4714 55 55 55 1 1 U
4715 45 45 45 1 1 E
4716 53 53 53 1 1 S
4717 54 54 54 1 1 T
4718 20 20 20 1 1  
4719 7c 7c 7c 1 1 |
4720 20 20 20 1 1  
4721 55 55 55 1 1 U
4722 31 31 31 1 1 1
4723 30 30 30 1 1 0
4724 34 34 34 1 1 4
4725 36 36 36 1 1 6
4726 20 20 20 1 1  
4727 20 20 20 1 1  
4728 7c 7c 7c 1 1 |
4729 20 20 20 1 1  
4730 43 43 43 1 1 C
4731 41 41 41 1 1 A
4732 52 52 52 1 1 R
4733 44 44 44 1 1 D
4734 35 35 35 1 1 5
4735 30 30 30 1 1 0
4736 30 30 30 1 1 0
4737 30 30 30 1 1 0
4738 34 34 34 1 1 4
4739 36 36 36 1 1 6
4740 20 20 20 1 1  
4741 7c 7c 7c 1 1 |
4742 20 20 20 1 1  
4743 4f 4f 4f 1 1 O
4744 4b 4b 4b 1 1 K
4745 20 20 20 1 1  
4746 20 20 20 1 1  
4747 20 20 20 1 1  
4748 20 20 20 1 1  
4749 20 20 20 1 1  
4750 20 20 20 1 1  
4751 7c 7c 7c 1 1 |
4752 20 20 20 1 1  
4753 43 43 43 1 1 C
4754 41 41 41 1 1 A
4755 52 52 52 1 1 R
4756 44 44 44 1 1 D
4757 5f 5f 5f 1 1 _
4758 4f 4f 4f 1 1 O
4759 4b 4b 4b 1 1 K
4760 20 20 20 1 1  
4761 20 20 20 1 1  
4762 20 20 20 1 1  
4763 20 20 20 1 1  
4764 20 20 20 1 1  
4765 20 20 20 1 1  
4766 20 20 20 1 1  
4767 20 20 20 1 1  
4768 20 20 20 1 1  
4769 20 20 20 1 1  
4770 7c 7c 7c 1 1 |
4771 20 20 20 1 1  
4772 52 52 52 1 1 R
4773 45 45 45 1 1 E
4774 54 54 54 1 1 T
4775 52 52 52 1 1 R
4776 59 59 59 1 1 Y
4777 3d 3d 3d 1 1 =
4778 30 30 30 1 1 0
4779 20 20 20 1 1  
4780 7c 7c 7c 1 1 |
4781 20 20 20 1 1  
4782 43 43 43 1 1 C
4783 52 52 52 1 1 R
4784 43 43 43 1 1 C
4785 3d 3d 3d 1 1 =
4786 31 31 31 1 1 1
4787 46 46 46 1 1 F
4788 30 30 30 1 1 0
4789 38 38 38 1 1 8
4790 0a 0a 0a 1 1 .
4791 32 32 32 1 1 2
4792 30 30 30 1 1 0
4793 32 32 32 1 1 2
4794 36 36 36 1 1 6
4795 2d 2d 2d 1 1 -
4796 30 30 30 1 1 0
4797 34 34 34 1 1 4
4798 2d 2d 2d 1 1 -
4799 30 30 30 1 1 0
4800 31 31 31 1 1 1
4801 20 20 20 1 1  
4802 30 30 30 1 1 0
4803 38 38 38 1 1 8
4804 3a 3a 3a 1 1 :
4805 30 30 30 1 1 0
4806 31 31 31 1 1 1
4807 3a 3a 3a 1 1 :
4808 32 32 32 1 1 2
4809 34 34 34 1 1 4
4810 20 20 20 1 1  
4811 7c 7c 7c 1 1 |
4812 20 20 20 1 1  
4813 44 44 44 1 1 D
4814 4f 4f 4f 1 1 O
4815 4f 4f 4f 1 1 O
4816 52 52 52 1 1 R
4817 2d 2d 2d 1 1 -
4818 41 41 41 1 1 A
4819 32 32 32 1 1 2
4820 20 20 20 1 1  
4821 7c 7c 7c 1 1 |
4822 20 20 20 1 1  
4823 4c 4c 4c 1 1 L
4824 41 41 41 1 1 A
4825 42 42 42 1 1 B
4826 5f 5f 5f 1 1 _
4827 41 41 41 1 1 A
4828 20 20 20 1 1  
4829 20 20 20 1 1  
4830 20 20 20 1 1  
4831 20 20 20 1 1  
4832 20 20 20 1 1  
4833 20 20 20 1 1  
4834 20 20 20 1 1  
4835 7c 7c 7c 1 1 |
4836 20 20 20 1 1  
4837 41 41 41 1 1 A
4838 43 43 43 1 1 C
4839 43 43 43 1 1 C
4840 45 45 45 1 1 E
4841 53 53 53 1 1 S
4842 53 53 53 1 1 S
4843 5f 5f 5f 1 1 _
4844 44 44 44 1 1 D
4845 45 45 45 1 1 E
4846 4e 4e 4e 1 1 N
4847 49 49 49 1 1 I
4848 45 45 45 1 1 E
4849 44 44 44 1 1 D
4850 20 20 20 1 1  
4851 20 20 20 1 1  
4852 7c 7c 7c 1 1 |
4853 20 20 20 1 1  
4854 55 55 55 1 1 U
4855 31 31 31 1 1 1
4856 30 30 30 1 1 0
4857 30 30 30 1 1 0
4858 36 36 36 1 1 6
4859 20 20 20 1 1  
4860 20 20 20 1 1  
4861 7c 7c 7c 1 1 |
4862 20 20 20 1 1  
4863 43 43 43 1 1 C
4864 41 41 41 1 1 A
4865 52 52 52 1 1 R
4866 44 44 44 1 1 D
4867 35 35 35 1 1 5
4868 30 30 30 1 1 0
4869 30 30 30 1 1 0
4870 30 30 30 1 1 0
4871 30 30 30 1 1 0
4872 36 36 36 1 1 6
4873 20 20 20 1 1  
4874 7c 7c 7c 1 1 |
4875 20 20 20 1 1  
4876 44 44 44 1 1 D
4877 45 45 45 1 1 E
4878 4e 4e 4e 1 1 N
4879 49 49 49 1 1 I
4880 45 45 45 1 1 E
4881 44 44 44 1 1 D
4882 20 20 20 1 1  
4883 20 20 20 1 1  
4884 7c 7c 7c 1 1 |
4885 20 20 20 1 1  
4886 55 55 55 1 1 U
4887 53 53 53 1 1 S
4888 45 45 45 1 1 E
4889 52 52 52 1 1 R
4890 5f 5f 5f 1 1 _
4891 55 55 55 1 1 U
4892 4e 4e 4e 1 1 N
4893 41 41 41 1 1 A
4894 55 55 55 1 1 U
4895 54 54 54 1 1 T
4896 48 48 48 1 1 H
4897 4f 4f 4f 1 1 O
4898 52 52 52 1 1 R
4899 49 49 49 1 1 I
4900 5a 5a 5a 1 1 Z
4901 45 45 45 1 1 E
4902 44 44 44 1 1 D
4903 20 20 20 1 1  
4904 7c 7c 7c 1 1 |
4905 20 20 20 1 1  
4906 52 52 52 1 1 R
4907 45 45 45 1 1 E
4908 54 54 54 1 1 T
4909 52 52 52 1 1 R
4910 59 59 59 1 1 Y
4911 3d 3d 3d 1 1 =
4912 31 31 31 1 1 1
4913 20 20 20 1 1  
4914 7c 7c 7c 1 1 |
4915 20 20 20 1 1  
4916 43 43 43 1 1 C
4917 52 52 52 1 1 R
4918 43 43 43 1 1 C
4919 3d 3d 3d 1 1 =
4920 36 36 36 1 1 6
4921 31 31 31 1 1 1
4922 36 36 36 1 1 6
4923 33 33 33 1 1 3
4924 0a 0a 0a 1 1 .
4925 32 32 32 1 1 2
4926 30 30 30 1 1 0
4927 32 32 32 1 1 2
4928 36 36 36 1 1 6
4929 2d 2d 2d 1 1 -
4930 30 30 30 1 1 0
4931 34 34 34 1 1 4
4932 2d 2d 2d 1 1 -
4933 30 30 30 1 1 0
4934 31 31 31 1 1 1
4935 20 20 20 1 1  
4936 30 30 30 1 1 0
4937 38 38 38 1 1 8
4938 3a 3a 3a 1 1 :
4939 30 30 30 1 1 0
4940 31 31 31 1 1 1
4941 3a 3a 3a 1 1 :
4942 32 32 32 1 1 2
4943 36 36 36 1 1 6
4944 20 20 20 1 1  
4945 7c 7c 7c 1 1 |
4946 20 20 20 1 1  
4947 47 47 47 1 1 G
4948 41 41 41 1 1 A
4949 54 54 54 1 1 T
4950 45 45 45 1 1 E
4951 2d 2d 2d 1 1 -
4952 30 30 30 1 1 0
4953 32 32 32 1 1 2
4954 20 20 20 1 1  
4955 7c 7c 7c 1 1 |
4956 20 20 20 1 1  
4957 53 53 53 1 1 S
4958 45 45 45 1 1 E
4959 52 52 52 1 1 R
4960 56 56 56 1 1 V
4961 45 45 45 1 1 E
4962 52 52 52 1 1 R
4963 5f 5f 5f 1 1 _
4964 52 52 52 1 1 R
4965 4f 4f 4f 1 1 O
4966 4f 4f 4f 1 1 O
4967 4d 4d 4d 1 1 M
4968 20 20 20 1 1  
4969 7c 7c 7c 1 1 |
4970 20 20 20 1 1  
4971 41 41 41 1 1 A
4972 43 43 43 1 1 C
4973 43 43 43 1 1 C
4974 45 45 45 1 1 E
4975 53 53 53 1 1 S
4976 53 53 53 1 1 S
4977 5f 5f 5f 1 1 _
4978 52 52 52 1 1 R
4979 45 45 45 1 1 E
4980 51 51 51 1 1 Q
4981 55 55 55 1 1 U
4982 45 45 45 1 1 E
4983 53 53 53 1 1 S
4984 54 54 54 1 1 T
4985 20 20 20 1 1  
4986 7c 7c 7c 1 1 |
4987 20 20 20 1 1  
4988 55 55 55 1 1 U
4989 31 31 31 1 1 1
4990 30 30 30 1 1 0
4991 31 31 31 1 1 1
4992 37 37 37 1 1 7
4993 20 20 20 1 1  
4994 20 20 20 1 1  
4995 7c 7c 7c 1 1 |
4996 20 20 20 1 1  
4997 43 43 43 1 1 C
4998 41 41 41 1 1 A
4999 52 52 52 1 1 R
5000 44 44 44 1 1 D
5001 35 35 35 1 1 5
5002 30 30 30 1 1 0
5003 30 30 30 1 1 0
5004 30 30 30 1 1 0
5005 31 31 31 1 1 1
5006 37 37 37 1 1 7
5007 20 20 20 1 1  
5008 7c 7c 7c 1 1 |
5009 20 20 20 1 1  
5010 4f 4f 4f 1 1 O
5011 4b 4b 4b 1 1 K
5012 20 20 20 1 1  
5013 20 20 20 1 1  
5014 20 20 20 1 1  
5015 20 20 20 1 1  
5016 20 20 20 1 1  
5017 20 20 20 1 1  
5018 7c 7c 7c 1 1 |
5019 20 20 20 1 1  
5020 50 50 50 1 1 P
5021 49 49 49 1 1 I
5022 4e 4e 4e 1 1 N
5023 5f 5f 5f 1 1 _
5024 4f 4f 4f 1 1 O
5025 4b 4b 4b 1 1 K
5026 20 20 20 1 1  
5027 20 20 20 1 1  
5028 20 20 20 1 1  
5029 20 20 20 1 1  
5030 20 20 20 1 1  
5031 20 20 20 1 1  
5032 20 20 20 1 1  
5033 20 20 20 1 1  
5034 20 20 20 1 1  
5035 20 20 20 1 1  
5036 20 20 20 1 1  
5037 7c 7c 7c 1 1 |
5038 20 20 20 1 1  
5039 52 52 52 1 1 R
5040 45 45 45 1 1 E
5041 54 54 54 1 1 T
5042 52 52 52 1 1 R
5043 59 59 59 1 1 Y
5044 3d 3d 3d 1 1 =
5045 30 30 30 1 1 0
5046 20 20 20 1 1  
5047 7c 7c 7c 1 1 |
5048 20 20 20 1 1  
5049 43 43 43 1 1 C
5050 52 52 52 1 1 R
5051 43 43 43 1 1 C
5052 3d 3d 3d 1 1 =
5053 32 32 32 1 1 2
5054 36 36 36 1 1 6
5055 39 39 39 1 1 9
5056 38 38 38 1 1 8
5057 0a 0a 0a 1 1 .
5058 32 32 32 1 1 2
5059 30 30 30 1 1 0
5060 32 32 32 1 1 2
5061 36 36 36 1 1 6
5062 2d 2d 2d 1 1 -
5063 30 30 30 1 1 0
5064 34 34 34 1 1 4
5065 2d 2d 2d 1 1 -
5066 30 30 30 1 1 0
5067 31 31 31 1 1 1
5068 20 20 20 1 1  
5069 30 30 30 1 1 0
5070 38 38 38 1 1 8
5071 3a 3a 3a 1 1 :
5072 30 30 30 1 1 0
5073 31 31 31 1 1 1
5074 3a 3a 3a 1 1 :
5075 32 32 32 1 1 2
5076 38 38 38 1 1 8
5077 20 20 20 1 1  
5078 7c 7c 7c 1 1 |
5079 20 20 20 1 1  
5080 44 44 44 1 1 D
5081 4f 4f 4f 1 1 O
5082 4f 4f 4f 1 1 O
5083 52 52 52 1 1 R
5084 2d 2d 2d 1 1 -
5085 42 42 42 1 1 B
5086 31 31 31 1 1 1
5087 20 20 20 1 1  
5088 7c 7c 7c 1 1 |
5089 20 20 20 1 1  
5090 50 50 50 1 1 P
5091 41 41 41 1 1 A
5092 52 52 52 1 1 R
5093 4b 4b 4b 1 1 K
5094 49 49 49 1 1 I
5095 4e 4e 4e 1 1 N
5096 47 47 47 1 1 G
5097 20 20 20 1 1  
5098 20 20 20 1 1  
5099 20 20 20 1 1  
5100 20 20 20 1 1  
5101 20 20 20 1 1  
5102 7c 7c 7c 1 1 |
5103 20 20 20 1 1  
5104 44 44 44 1 1 D
5105 4f 4f 4f 1 1 O
5106 4f 4f 4f 1 1 O
5107 52 52 52 1 1 R
5108 5f 5f 5f 1 1 _
5109 4f 4f 4f 1 1 O
5110 50 50 50 1 1 P
5111 45 45 45 1 1 E
5112 4e 4e 4e 1 1 N
5113 20 20 20 1 1  
5114 20 20 20 1 1  
5115 20 20 20 1 1  
5116 20 20 20 1 1  
5117 20 20 20 1 1  
5118 20 20 20 1 1  
5119 7c 7c 7c 1 1 |
5120 20 20 20 1 1  
5121 53 53 53 1 1 S
5122 59 59 59 1 1 Y
5123 53 53 53 1 1 S
5124 54 54 54 1 1 T
5125 45 45 45 1 1 E
5126 4d 4d 4d 1 1 M
5127 20 20 20 1 1  
5128 7c 7c 7c 1 1 |
5129 20 20 20 1 1  
5130 4e 4e 4e 1 1 N
5131 41 41 41 1 1 A
5132 20 20 20 1 1  
5133 20 20 20 1 1  
5134 20 20 20 1 1  
5135 20 20 20 1 1  
5136 20 20 20 1 1  
5137 20 20 20 1 1  
5138 20 20 20 1 1  
5139 20 20 20 1 1  
5140 20 20 20 1 1  
5141 7c 7c 7c 1 1 |
5142 20 20 20 1 1  
5143 4e 4e 4e 1 1 N
5144 4f 4f 4f 1 1 O
5145 52 52 52 1 1 R
5146 4d 4d 4d 1 1 M
5147 41 41 41 1 1 A
5148 4c 4c 4c 1 1 L
5149 20 20 20 1 1  
5150 20 20 20 1 1  
5151 7c 7c 7c 1 1 |
5152 20 20 20 1 1  
5153 53 53 53 1 1 S
5154 43 43 43 1 1 C
5155 48 48 48 1 1 H
5156 45 45 45 1 1 E
5157 44 44 44 1 1 D
5158 55 55 55 1 1 U
5159 4c 4c 4c 1 1 L
5160 45 45 45 1 1 E
5161 5f 5f 5f 1 1 _
5162 4f 4f 4f 1 1 O
5163 4b 4b 4b 1 1 K
5164 20 20 20 1 1  
5165 20 20 20 1 1  
5166 20 20 20 1 1  
5167 20 20 20 1 1  
5168 20 20 20 1 1  
5169 20 20 20 1 1  
5170 7c 7c 7c 1 1 |
5171 20 20 20 1 1  
5172 52 52 52 1 1 R
5173 45 45 45 1 1 E
5174 54 54 54 1 1 T
5175 52 52 52 1 1 R
5176 59 59 59 1 1 Y
5177 3d 3d 3d 1 1 =
5178 30 30 30 1 1 0
5179 20 20 20 1 1  
5180 7c 7c 7c 1 1 |
5181 20 20 20 1 1  
5182 43 43 43 1 1 C
5183 52 52 52 1 1 R
5184 43 43 43 1 1 C
5185 3d 3d 3d 1 1 =
5186 30 30 30 1 1 0
5187 37 37 37 1 1 7
5188 38 38 38 1 1 8
5189 45 45 45 1 1 E
5190 0a 0a 0a 1 1 .
5191 32 32 32 1 1 2
5192 30 30 30 1 1 0
5193 32 32 32 1 1 2
5194 36 36 36 1 1 6
5195 2d 2d 2d 1 1 -
5196 30 30 30 1 1 0
5197 34 34 34 1 1 4
5198 2d 2d 2d 1 1 -
5199 30 30 30 1 1 0
5200 31 31 31 1 1 1
5201 20 20 20 1 1  
5202 30 30 30 1 1 0
5203 38 38 38 1 1 8
5204 3a 3a 3a 1 1 :
5205 30 30 30 1 1 0
5206 31 31 31 1 1 1
5207 3a 3a 3a 1 1 :
5208 32 32 32 1 1 2
5209 39 39 39 1 1 9
5210 20 20 20 1 1  
5211 7c 7c 7c 1 1 |
5212 20 20 20 1 1  
5213 44 44 44 1 1 D
5214 4f 4f 4f 1 1 O
5215 4f 4f 4f 1 1 O
5216 52 52 52 1 1 R
5217 2d 2d 2d 1 1 -
5218 42 42 42 1 1 B
5219 31 31 31 1 1 1
5220 20 20 20 1 1  
5221 7c 7c 7c 1 1 |
5222 20 20 20 1 1  
5223 50 50 50 1 1 P
5224 41 41 41 1 1 A
5225 52 52 52 1 1 R
5226 4b 4b 4b 1 1 K
5227 49 49 49 1 1 I
5228 4e 4e 4e 1 1 N
5229 47 47 47 1 1 G
5230 20 20 20 1 1  
5231 20 20 20 1 1  
5232 20 20 20 1 1  
5233 20 20 20 1 1  
5234 20 20 20 1 1  
5235 7c 7c 7c 1 1 |
5236 20 20 20 1 1  
5237 53 53 53 1 1 S
5238 54 54 54 1 1 T
5239 41 41 41 1 1 A
5240 54 54 54 1 1 T
5241 55 55 55 1 1 U
5242 53 53 53 1 1 S
5243 5f 5f 5f 1 1 _
5244 55 55 55 1 1 U
5245 50 50 50 1 1 P
5246 44 44 44 1 1 D
5247 41 41 41 1 1 A
5248 54 54 54 1 1 T
5249 45 45 45 1 1 E
5250 20 20 20 1 1  
5251 20 20 20 1 1  
5252 7c 7c 7c 1 1 |
5253 20 20 20 1 1  
5254 53 53 53 1 1 S
5255 59 59 59 1 1 Y
5256 53 53 53 1 1 S
5257 54 54 54 1 1 T
5258 45 45 45 1 1 E
5259 4d 4d 4d 1 1 M
5260 20 20 20 1 1  
5261 7c 7c 7c 1 1 |
5262 20 20 20 1 1  
5263 4e 4e 4e 1 1 N
5264 41 41 41 1 1 A
5265 20 20 20 1 1  
5266 20 20 20 1 1  
5267 20 20 20 1 1  
5268 20 20 20 1 1  
5269 20 20 20 1 1  
5270 20 20 20 1 1  
5271 20 20 20 1 1  
5272 20 20 20 1 1  
5273 20 20 20 1 1  
5274 7c 7c 7c 1 1 |
5275 20 20 20 1 1  
5276 4e 4e 4e 1 1 N
5277 4f 4f 4f 1 1 O
5278 52 52 52 1 1 R
5279 4d 4d 4d 1 1 M
5280 41 41 41 1 1 A
5281 4c 4c 4c 1 1 L
5282 20 20 20 1 1  
5283 20 20 20 1 1  
5284 7c 7c 7c 1 1 |
5285 20 20 20 1 1  
5286 4e 4e 4e 1 1 N
5287 45 45 45 1 1 E
5288 54 54 54 1 1 T
5289 57 57 57 1 1 W
5290 4f 4f 4f 1 1 O
5291 52 52 52 1 1 R
5292 4b 4b 4b 1 1 K
5293 5f 5f 5f 1 1 _
5294 52 52 52 1 1 R
5295 45 45 45 1 1 E
5296 53 53 53 1 1 S
5297 54 54 54 1 1 T
5298 4f 4f 4f 1 1 O
5299 52 52 52 1 1 R
5300 45 45 45 1 1 E
5301 44 44 44 1 1 D
5302 20 20 20 1 1  
5303 7c 7c 7c 1 1 |
5304 20 20 20 1 1  
5305 52 52 52 1 1 R
5306 45 45 45 1 1 E
5307 54 54 54 1 1 T
5308 52 52 52 1 1 R
5309 59 59 59 1 1 Y
5310 3d 3d 3d 1 1 =
5311 30 30 30 1 1 0
5312 20 20 20 1 1  
5313 7c 7c 7c 1 1 |
5314 20 20 20 1 1  
5315 43 43 43 1 1 C
5316 52 52 52 1 1 R
5317 43 43 43 1 1 C
5318 3d 3d 3d 1 1 =
5319 46 46 46 1 1 F
5320 38 38 38 1 1 8
5321 41 41 41 1 1 A
5322 35 35 35 1 1 5
5323 0a 0a 0a 1 1 .
5324 32 32 32 1 1 2
5325 30 30 30 1 1 0
5326 32 32 32 1 1 2
5327 36 36 36 1 1 6
5328 2d 2d 2d 1 1 -
5329 30 30 30 1 1 0
5330 34 34 34 1 1 4
5331 2d 2d 2d 1 1 -
5332 30 30 30 1 1 0
5333 31 31 31 1 1 1
5334 20 20 20 1 1  
5335 30 30 30 1 1 0
5336 38 38 38 1 1 8
5337 3a 3a 3a 1 1 :
5338 30 30 30 1 1 0
5339 31 31 31 1 1 1
5340 3a 3a 3a 1 1 :
5341 33 33 33 1 1 3
5342 31 31 31 1 1 1
5343 20 20 20 1 1  
5344 7c 7c 7c 1 1 |
5345 20 20 20 1 1  
5346 43 43 43 1 1 C
5347 54 54 54 1 1 T
5348 52 52 52 1 1 R
5349 4c 4c 4c 1 1 L
5350 2d 2d 2d 1 1 -
5351 30 30 30 1 1 0
5352 32 32 32 1 1 2
5353 20 20 20 1 1  
5354 7c 7c 7c 1 1 |
5355 20 20 20 1 1  
5356 50 50 50 1 1 P
5357 41 41 41 1 1 A
5358 52 52 52 1 1 R
5359 4b 4b 4b 1 1 K
5360 49 49 49 1 1 I
5361 4e 4e 4e 1 1 N
5362 47 47 47 1 1 G
5363 20 20 20 1 1  
5364 20 20 20 1 1  
5365 20 20 20 1 1  
5366 20 20 20 1 1  
5367 20 20 20 1 1  
5368 7c 7c 7c 1 1 |
5369 20 20 20 1 1  
5370 41 41 41 1 1 A
5371 43 43 43 1 1 C
5372 43 43 43 1 1 C
5373 45 45 45 1 1 E
5374 53 53 53 1 1 S
5375 53 53 53 1 1 S
5376 5f 5f 5f 1 1 _
5377 52 52 52 1 1 R
5378 45 45 45 1 1 E
5379 51 51 51 1 1 Q
5380 55 55 55 1 1 U
5381 45 45 45 1 1 E
5382 53 53 53 1 1 S
5383 54 54 54 1 1 T
5384 20 20 20 1 1  
5385 7c 7c 7c 1 1 |
5386 20 20 20 1 1  
5387 55 55 55 1 1 U
5388 31 31 31 1 1 1
5389 30 30 30 1 1 0
5390 30 30 30 1 1 0
5391 33 33 33 1 1 3
5392 20 20 20 1 1  
5393 20 20 20 1 1  
5394 7c 7c 7c 1 1 |
5395 20 20 20 1 1  
5396 43 43 43 1 1 C
5397 41 41 41 1 1 A
5398 52 52 52 1 1 R
5399 44 44 44 1 1 D
5400 35 35 35 1 1 5
5401 30 30 30 1 1 0
5402 30 30 30 1 1 0
5403 30 30 30 1 1 0
5404 30 30 30 1 1 0
5405 33 33 33 1 1 3
5406 20 20 20 1 1  
5407 7c 7c 7c 1 1 |
5408 20 20 20 1 1  
5409 4f 4f 4f 1 1 O
5410 4b 4b 4b 1 1 K
5411 20 20 20 1 1  
5412 20 20 20 1 1  
5413 20 20 20 1 1  
5414 20 20 20 1 1  
5415 20 20 20 1 1  
5416 20 20 20 1 1  
5417 7c 7c 7c 1 1 |
5418 20 20 20 1 1  
5419 43 43 43 1 1 C
5420 41 41 41 1 1 A
5421 52 52 52 1 1 R
5422 44 44 44 1 1 D
5423 5f 5f 5f 1 1 _
5424 4f 4f 4f 1 1 O
5425 4b 4b 4b 1 1 K
5426 20 20 20 1 1  
5427 20 20 20 1 1  
5428 20 20 20 1 1  
5429 20 20 20 1 1  
5430 20 20 20 1 1  
5431 20 20 20 1 1  
5432 20 20 20 1 1  
5433 20 20 20 1 1  
5434 20 20 20 1 1  
5435 20 20 20 1 1  
5436 7c 7c 7c 1 1 |
5437 20 20 20 1 1  
5438 52 52 52 1 1 R
5439 45 45 45 1 1 E
5440 54 54 54 1 1 T
5441 52 52 52 1 1 R
5442 59 59 59 1 1 Y
5443 3d 3d 3d 1 1 =
5444 31 31 31 1 1 1
5445 20 20 20 1 1  
5446 7c 7c 7c 1 1 |
5447 20 20 20 1 1  
5448 43 43 43 1 1 C
5449 52 52 52 1 1 R
5450 43 43 43 1 1 C
5451 3d 3d 3d 1 1 =
5452 30 30 30 1 1 0
5453 31 31 31 1 1 1
5454 31 31 31 1 1 1
5455 41 41 41 1 1 A
5456 0a 0a 0a 1 1 .
5457 32 32 32 1 1 2
5458 30 30 30 1 1 0
5459 32 32 32 1 1 2
5460 36 36 36 1 1 6
5461 2d 2d 2d 1 1 -
5462 30 30 30 1 1 0
5463 34 34 34 1 1 4
5464 2d 2d 2d 1 1 -
5465 30 30 30 1 1 0
5466 31 31 31 1 1 1
5467 20 20 20 1 1  
5468 30 30 30 1 1 0
5469 38 38 38 1 1 8
5470 3a 3a 3a 1 1 :
5471 30 30 30 1 1 0
5472 31 31 31 1 1 1
5473 3a 3a 3a 1 1 :
5474 33 33 33 1 1 3
5475 33 33 33 1 1 3
5476 20 20 20 1 1  
5477 7c 7c 7c 1 1 |
5478 20 20 20 1 1  
5479 47 47 47 1 1 G
5480 41 41 41 1 1 A
5481 54 54 54 1 1 T
5482 45 45 45 1 1 E
5483 2d 2d 2d 1 1 -
5484 30 30 30 1 1 0
5485 31 31 31 1 1 1
5486 20 20 20 1 1  
5487 7c 7c 7c 1 1 |
5488 20 20 20 1 1  
5489 50 50 50 1 1 P
5490 41 41 41 1 1 A
5491 52 52 52 1 1 R
5492 4b 4b 4b 1 1 K
5493 49 49 49 1 1 I
5494 4e 4e 4e 1 1 N
5495 47 47 47 1 1 G
5496 20 20 20 1 1  
5497 20 20 20 1 1  
5498 20 20 20 1 1  
5499 20 20 20 1 1  
5500 20 20 20 1 1  
5501 7c 7c 7c 1 1 |
5502 20 20 20 1 1  
5503 41 41 41 1 1 A
5504 43 43 43 1 1 C
5505 43 43 43 1 1 C
5506 45 45 45 1 1 E
5507 53 53 53 1 1 S
5508 53 53 53 1 1 S
5509 5f 5f 5f 1 1 _
5510 44 44 44 1 1 D
5511 45 45 45 1 1 E
5512 4e 4e 4e 1 1 N
5513 49 49 49 1 1 I
5514 45 45 45 1 1 E
5515 44 44 44 1 1 D
5516 20 20 20 1 1  
5517 20 20 20 1 1  
5518 7c 7c 7c 1 1 |
5519 20 20 20 1 1  
5520 55 55 55 1 1 U
5521 31 31 31 1 1 1
5522 30 30 30 1 1 0
5523 31 31 31 1 1 1
5524 38 38 38 1 1 8
5525 20 20 20 1 1  
5526 20 20 20 1 1  
5527 7c 7c 7c 1 1 |
5528 20 20 20 1 1  
5529 43 43 43 1 1 C
5530 41 41 41 1 1 A
5531 52 52 52 1 1 R
5532 44 44 44 1 1 D
5533 35 35 35 1 1 5
5534 30 30 30 1 1 0
5535 30 30 30 1 1 0
5536 30 30 30 1 1 0
5537 31 31 31 1 1 1
5538 38 38 38 1 1 8
5539 20 20 20 1 1  
5540 7c 7c 7c 1 1 |
5541 20 20 20 1 1  
5542 44 44 44 1 1 D
5543 45 45 45 1 1 E
5544 4e 4e 4e 1 1 N
5545 49 49 49 1 1 I
5546 45 45 45 1 1 E
5547 44 44 44 1 1 D
5548 20 20 20 1 1  
5549 20 20 20 1 1  
5550 7c 7c 7c 1 1 |
5551 20 20 20 1 1  
5552 43 43 43 1 1 C
5553 41 41 41 1 1 A
5554 52 52 52 1 1 R
5555 44 44 44 1 1 D
5556 5f 5f 5f 1 1 _
5557 45 45 45 1 1 E
5558 58 58 58 1 1 X
5559 50 50 50 1 1 P
5560 49 49 49 1 1 I
5561 52 52 52 1 1 R
5562 45 45 45 1 1 E
5563 44 44 44 1 1 D
5564 20 20 20 1 1  
5565 20 20 20 1 1  
5566 20 20 20 1 1  
5567 20 20 20 1 1  
5568 20 20 20 1 1  
5569 7c 7c 7c 1 1 |
5570 20 20 20 1 1  
5571 52 52 52 1 1 R
5572 45 45 45 1 1 E
5573 54 54 54 1 1 T
5574 52 52 52 1 1 R
5575 59 59 59 1 1 Y
5576 3d 3d 3d 1 1 =
5577 32 32 32 1 1 2
5578 20 20 20 1 1  
5579 7c 7c 7c 1 1 |
5580 20 20 20 1 1  
5581 43 43 43 1 1 C
5582 52 52 52 1 1 R
5583 43 43 43 1 1 C
5584 3d 3d 3d 1 1 =
5585 34 34 34 1 1 4
5586 46 46 46 1 1 F
5587 34 34 34 1 1 4
5588 31 31 31 1 1 1
5589 0a 0a 0a 1 1 .
5590 32 32 32 1 1 2
5591 30 30 30 1 1 0
5592 32 32 32 1 1 2
5593 36 36 36 1 1 6
5594 2d 2d 2d 1 1 -
5595 30 30 30 1 1 0
5596 34 34 34 1 1 4
5597 2d 2d 2d 1 1 -
5598 30 30 30 1 1 0
5599 31 31 31 1 1 1
5600 20 20 20 1 1  
5601 30 30 30 1 1 0
5602 38 38 38 1 1 8
5603 3a 3a 3a 1 1 :
5604 30 30 30 1 1 0
5605 31 31 31 1 1 1
5606 3a 3a 3a 1 1 :
5607 33 33 33 1 1 3
5608 34 34 34 1 1 4
5609 20 20 20 1 1  
5610 7c 7c 7c 1 1 |
5611 20 20 20 1 1  
5612 47 47 47 1 1 G
5613 41 41 41 1 1 A
5614 54 54 54 1 1 T
5615 45 45 45 1 1 E
5616 2d 2d 2d 1 1 -
5617 30 30 30 1 1 0
5618 31 31 31 1 1 1
5619 20 20 20 1 1  
5620 7c 7c 7c 1 1 |
5621 20 20 20 1 1  
5622 53 53 53 1 1 S
5623 45 45 45 1 1 E
5624 52 52 52 1 1 R
5625 56 56 56 1 1 V
5626 45 45 45 1 1 E
5627 52 52 52 1 1 R
5628 5f 5f 5f 1 1 _
5629 52 52 52 1 1 R
5630 4f 4f 4f 1 1 O
5631 4f 4f 4f 1 1 O
5632 4d 4d 4d 1 1 M
5633 20 20 20 1 1  
5634 7c 7c 7c 1 1 |
5635 20 20 20 1 1  
5636 4d 4d 4d 1 1 M
5637 4f 4f 4f 1 1 O
5638 54 54 54 1 1 T
5639 49 49 49 1 1 I
5640 4f 4f 4f 1 1 O
5641 4e 4e 4e 1 1 N
5642 5f 5f 5f 1 1 _
5643 44 44 44 1 1 D
5644 45 45 45 1 1 E
5645 54 54 54 1 1 T
5646 45 45 45 1 1 E
5647 43 43 43 1 1 C
5648 54 54 54 1 1 T
5649 45 45 45 1 1 E
5650 44 44 44 1 1 D
5651 20 20 20 1 1  
5652 7c 7c 7c 1 1 |
5653 20 20 20 1 1  
5654 53 53 53 1 1 S
5655 59 59 59 1 1 Y
5656 53 53 53 1 1 S
5657 54 54 54 1 1 T
5658 45 45 45 1 1 E
5659 4d 4d 4d 1 1 M
5660 20 20 20 1 1  
5661 7c 7c 7c 1 1 |
5662 20 20 20 1 1  
5663 4e 4e 4e 1 1 N
5664 41 41 41 1 1 A
5665 20 20 20 1 1  
5666 20 20 20 1 1  
5667 20 20 20 1 1  
5668 20 20 20 1 1  
5669 20 20 20 1 1  
5670 20 20 20 1 1  
5671 20 20 20 1 1  
5672 20 20 20 1 1  
5673 20 20 20 1 1  
5674 7c 7c 7c 1 1 |
5675 20 20 20 1 1  
5676 53 53 53 1 1 S
5677 55 55 55 1 1 U
5678 43 43 43 1 1 C
5679 43 43 43 1 1 C
5680 45 45 45 1 1 E
5681 53 53 53 1 1 S
5682 53 53 53 1 1 S
5683 20 20 20 1 1  
5684 7c 7c 7c 1 1 |
5685 20 20 20 1 1  
5686 46 46 46 1 1 F
5687 4f 4f 4f 1 1 O
5688 52 52 52 1 1 R
5689 43 43 43 1 1 C
5690 45 45 45 1 1 E
5691 44 44 44 1 1 D
5692 5f 5f 5f 1 1 _
5693 45 45 45 1 1 E
5694 4e 4e 4e 1 1 N
5695 54 54 54 1 1 T
5696 52 52 52 1 1 R
5697 59 59 59 1 1 Y
5698 20 20 20 1 1  
5699 20 20 20 1 1  
5700 20 20 20 1 1  
5701 20 20 20 1 1  
5702 20 20 20 1 1  
5703 7c 7c 7c 1 1 |
5704 20 20 20 1 1  
5705 52 52 52 1 1 R
5706 45 45 45 1 1 E
5707 54 54 54 1 1 T
5708 52 52 52 1 1 R
5709 59 59 59 1 1 Y
5710 3d 3d 3d 1 1 =
5711 30 30 30 1 1 0
5712 20 20 20 1 1  
5713 7c 7c 7c 1 1 |
5714 20 20 20 1 1  
5715 43 43 43 1 1 C
5716 52 52 52 1 1 R
5717 43 43 43 1 1 C
5718 3d 3d 3d 1 1 =
5719 41 41 41 1 1 A
5720 30 30 30 1 1 0
5721 39 39 39 1 1 9
5722 30 30 30 1 1 0
5723 0a 0a 0a 1 1 .
5724 32 32 32 1 1 2
5725 30 30 30 1 1 0
5726 32 32 32 1 1 2
5727 36 36 36 1 1 6
5728 2d 2d 2d 1 1 -
5729 30 30 30 1 1 0
5730 34 34 34 1 1 4
5731 2d 2d 2d 1 1 -
5732 30 30 30 1 1 0
5733 31 31 31 1 1 1
5734 20 20 20 1 1  
5735 30 30 30 1 1 0
5736 38 38 38 1 1 8
5737 3a 3a 3a 1 1 :
5738 30 30 30 1 1 0
5739 31 31 31 1 1 1
5740 3a 3a 3a 1 1 :
5741 33 33 33 1 1 3
5742 35 35 35 1 1 5
5743 20 20 20 1 1  
5744 7c 7c 7c 1 1 |
5745 20 20 20 1 1  
5746 43 43 43 1 1 C
5747 54 54 54 1 1 T
5748 52 52 52 1 1 R
5749 4c 4c 4c 1 1 L
5750 2d 2d 2d 1 1 -
5751 30 30 30 1 1 0
5752 31 31 31 1 1 1
5753 20 20 20 1 1  
5754 7c 7c 7c 1 1 |
5755 20 20 20 1 1  
5756 57 57 57 1 1 W
5757 41 41 41 1 1 A
5758 52 52 52 1 1 R
5759 45 45 45 1 1 E
5760 48 48 48 1 1 H
5761 4f 4f 4f 1 1 O
5762 55 55 55 1 1 U
5763 53 53 53 1 1 S
5764 45 45 45 1 1 E
5765 20 20 20 1 1  
5766 20 20 20 1 1  
5767 20 20 20 1 1  
5768 7c 7c 7c 1 1 |
5769 20 20 20 1 1  
5770 41 41 41 1 1 A
5771 43 43 43 1 1 C
5772 43 43 43 1 1 C
5773 45 45 45 1 1 E
5774 53 53 53 1 1 S
5775 53 53 53 1 1 S
5776 5f 5f 5f 1 1 _
5777 52 52 52 1 1 R
5778 45 45 45 1 1 E
5779 51 51 51 1 1 Q
5780 55 55 55 1 1 U
5781 45 45 45 1 1 E
5782 53 53 53 1 1 S
5783 54 54 54 1 1 T
5784 20 20 20 1 1  
5785 7c 7c 7c 1 1 |
5786 20 20 20 1 1  
5787 55 55 55 1 1 U
5788 31 31 31 1 1 1
5789 30 30 30 1 1 0
5790 35 35 35 1 1 5
5791 38 38 38 1 1 8
5792 20 20 20 1 1  
5793 20 20 20 1 1  
5794 7c 7c 7c 1 1 |
5795 20 20 20 1 1  
5796 43 43 43 1 1 C
5797 41 41 41 1 1 A
5798 52 52 52 1 1 R
5799 44 44 44 1 1 D
5800 35 35 35 1 1 5
5801 30 30 30 1 1 0
5802 30 30 30 1 1 0
5803 30 30 30 1 1 0
5804 35 35 35 1 1 5
5805 38 38 38 1 1 8
5806 20 20 20 1 1  
5807 7c 7c 7c 1 1 |
5808 20 20 20 1 1  
5809 4f 4f 4f 1 1 O
5810 4b 4b 4b 1 1 K
5811 20 20 20 1 1  
5812 20 20 20 1 1  
5813 20 20 20 1 1  
5814 20 20 20 1 1  
5815 20 20 20 1 1  
5816 20 20 20 1 1  
5817 7c 7c 7c 1 1 |
5818 20 20 20 1 1  
5819 43 43 43 1 1 C
5820 41 41 41 1 1 A
5821 52 52 52 1 1 R
5822 44 44 44 1 1 D
5823 5f 5f 5f 1 1 _
5824 4f 4f 4f 1 1 O
5825 4b 4b 4b 1 1 K
5826 20 20 20 1 1  
5827 20 20 20 1 1  
5828 20 20 20 1 1  
5829 20 20 20 1 1  
5830 20 20 20 1 1  
5831 20 20 20 1 1  
5832 20 20 20 1 1  
5833 20 20 20 1 1  
5834 20 20 20 1 1  
5835 20 20 20 1 1  
5836 7c 7c 7c 1 1 |
5837 20 20 20 1 1  
5838 52 52 52 1 1 R
5839 45 45 45 1 1 E
5840 54 54 54 1 1 T
5841 52 52 52 1 1 R
5842 59 59 59 1 1 Y
5843 3d 3d 3d 1 1 =
5844 30 30 30 1 1 0
5845 20 20 20 1 1  
5846 7c 7c 7c 1 1 |
5847 20 20 20 1 1  
5848 43 43 43 1 1 C
5849 52 52 52 1 1 R
5850 43 43 43 1 1 C
5851 3d 3d 3d 1 1 =
5852 32 32 32 1 1 2
5853 39 39 39 1 1 9
5854 30 30 30 1 1 0
5855 34 34 34 1 1 4
5856 0a 0a 0a 1 1 .
5857 32 32 32 1 1 2
5858 30 30 30 1 1 0
5859 32 32 32 1 1 2
5860 36 36 36 1 1 6
5861 2d 2d 2d 1 1 -
5862 30 30 30 1 1 0
5863 34 34 34 1 1 4
5864 2d 2d 2d 1 1 -
5865 30 30 30 1 1 0
5866 31 31 31 1 1 1
5867 20 20 20 1 1  
5868 30 30 30 1 1 0
5869 38 38 38 1 1 8
5870 3a 3a 3a 1 1 :
5871 30 30 30 1 1 0
5872 31 31 31 1 1 1
5873 3a 3a 3a 1 1 :
5874 34 34 34 1 1 4
5875 30 30 30 1 1 0
5876 20 20 20 1 1  
5877 7c 7c 7c 1 1 |
5878 20 20 20 1 1  
5879 43 43 43 1 1 C
5880 54 54 54 1 1 T
5881 52 52 52 1 1 R
5882 4c 4c 4c 1 1 L
5883 2d 2d 2d 1 1 -
5884 30 30 30 1 1 0
5885 32 32 32 1 1 2
5886 20 20 20 1 1  
5887 7c 7c 7c 1 1 |
5888 20 20 20 1 1  
5889 4c 4c 4c 1 1 L
5890 4f 4f 4f 1 1 O
5891 42 42 42 1 1 B
5892 42 42 42 1 1 B
5893 59 59 59 1 1 Y
5894 20 20 20 1 1  
5895 20 20 20 1 1  
5896 20 20 20 1 1  
5897 20 20 20 1 1  
5898 20 20 20 1 1  
5899 20 20 20 1 1  
5900 20 20 20 1 1  
5901 7c 7c 7c 1 1 |
5902 20 20 20 1 1  
5903 41 41 41 1 1 A
5904 43 43 43 1 1 C
5905 43 43 43 1 1 C
5906 45 45 45 1 1 E
5907 53 53 53 1 1 S
5908 53 53 53 1 1 S
5909 5f 5f 5f 1 1 _
5910 47 47 47 1 1 G
5911 52 52 52 1 1 R
5912 41 41 41 1 1 A
5913 4e 4e 4e 1 1 N
5914 54 54 54 1 1 T
5915 45 45 45 1 1 E
5916 44 44 44 1 1 D
5917 20 20 20 1 1  
5918 7c 7c 7c 1 1 |
5919 20 20 20 1 1  
5920 55 55 55 1 1 U
5921 31 31 31 1 1 1
5922 30 30 30 1 1 0
5923 34 34 34 1 1 4
5924 33 33 33 1 1 3
5925 20 20 20 1 1  
5926 20 20 20 1 1  
5927 7c 7c 7c 1 1 |
5928 20 20 20 1 1  
5929 43 43 43 1 1 C
5930 41 41 41 1 1 A
5931 52 52 52 1 1 R
5932 44 44 44 1 1 D
5933 35 35 35 1 1 5
5934 30 30 30 1 1 0
5935 30 30 30 1 1 0
5936 30 30 30 1 1 0
5937 34 34 34 1 1 4
5938 33 33 33 1 1 3
5939 20 20 20 1 1  
5940 7c 7c 7c 1 1 |
5941 20 20 20 1 1  
5942 47 47 47 1 1 G
5943 52 52 52 1 1 R
5944 41 41 41 1 1 A
5945 4e 4e 4e 1 1 N
5946 54 54 54 1 1 T
5947 45 45 45 1 1 E
5948 44 44 44 1 1 D
5949 20 20 20 1 1  
5950 7c 7c 7c 1 1 |
5951 20 20 20 1 1  
5952 55 55 55 1 1 U
5953 53 53 53 1 1 S
5954 45 45 45 1 1 E
5955 52 52 52 1 1 R
5956 5f 5f 5f 1 1 _
5957 41 41 41 1 1 A
5958 55 55 55 1 1 U
5959 54 54 54 1 1 T
5960 48 48 48 1 1 H
5961 4f 4f 4f 1 1 O
5962 52 52 52 1 1 R
5963 49 49 49 1 1 I
5964 5a 5a 5a 1 1 Z
5965 45 45 45 1 1 E
5966 44 44 44 1 1 D
5967 20 20 20 1 1  
5968 20 20 20 1 1  
5969 7c 7c 7c 1 1 |
5970 20 20 20 1 1  
5971 52 52 52 1 1 R
5972 45 45 45 1 1 E
5973 54 54 54 1 1 T
5974 52 52 52 1 1 R
5975 59 59 59 1 1 Y
5976 3d 3d 3d 1 1 =
5977 31 31 31 1 1 1
5978 20 20 20 1 1  
5979 7c 7c 7c 1 1 |
5980 20 20 20 1 1  
5981 43 43 43 1 1 C
5982 52 52 52 1 1 R
5983 43 43 43 1 1 C
5984 3d 3d 3d 1 1 =
5985 33 33 33 1 1 3
5986 44 44 44 1 1 D
5987 36 36 36 1 1 6
5988 31 31 31 1 1 1
5989 0a 0a 0a 1 1 .
