#-----------------------------------------------------------
# Vivado v2024.2 (64-bit)
# SW Build 5239630 on Fri Nov 08 22:35:27 MST 2024
# IP Build 5239520 on Sun Nov 10 16:12:51 MST 2024
# SharedData Build 5239561 on Fri Nov 08 14:39:27 MST 2024
# Start of session at: Tue May  5 19:41:13 2026
# Process ID         : 7000
# Current directory  : H:/Academic/senior_project/DATN/work/luc/AES_huffman_all6
# Command line       : vivado.exe -mode batch -source vivado\synth_soc.tcl
# Log file           : H:/Academic/senior_project/DATN/work/luc/AES_huffman_all6/vivado.log
# Journal file       : H:/Academic/senior_project/DATN/work/luc/AES_huffman_all6\vivado.jou
# Running On         : An
# Platform           : Windows Server 2016 or Windows 10
# Operating System   : 26200
# Processor Detail   : Intel(R) Core(TM) i7-8565U CPU @ 1.80GHz
# CPU Frequency      : 1992 MHz
# CPU Physical cores : 4
# CPU Logical cores  : 8
# Host memory        : 17024 MB
# Swap memory        : 28991 MB
# Total Virtual      : 46015 MB
# Available Virtual  : 25312 MB
#-----------------------------------------------------------
source {vivado\synth_soc.tcl}
# proc env_or_default {name default_value} {
#   if {[info exists ::env($name)] && $::env($name) ne ""} {
#     return $::env($name)
#   }
#   return $default_value
# }
# proc append_unique {list_var item} {
#   upvar $list_var values
#   set norm_item [file normalize $item]
#   if {[lsearch -exact $values $norm_item] < 0} {
#     lappend values $norm_item
#   }
# }
# proc copy_reports_to_sim {report_dir sim_dir project_name} {
#   file mkdir [file join $sim_dir "vivado_reports" $project_name]
#   foreach rpt [glob -nocomplain [file join $report_dir "*"]] {
#     file copy -force $rpt [file join $sim_dir "vivado_reports" $project_name [file tail $rpt]]
#   }
# }
# set script_dir [file dirname [file normalize [info script]]]
# set repo_root  [file normalize [file join $script_dir ".."]]
# set sim_dir    [file join $repo_root "sim"]
# set rtl_dir    [file join $repo_root "rtl"]
# set project_name [env_or_default PROJECT_NAME "rv32_soc_synth_tx"]
# set top_name     [env_or_default TOP_NAME "rv32_soc_fpga_demo_top"]
# set fpga_build   [env_or_default FPGA_BUILD "tx_only"]
# set flow         [env_or_default VIVADO_FLOW "synth"]
# set xdc_path     [env_or_default VIVADO_XDC ""]
# set clock_mhz    [env_or_default VIVADO_CLOCK_MHZ "50"]
# set synth_directive [env_or_default VIVADO_SYNTH_DIRECTIVE "RuntimeOptimized"]
# set part_name    "xc7z020clg484-1"
# set build_dir  [file join $repo_root "vivado" "build" $project_name]
# set report_dir [file join $build_dir "reports"]
# file mkdir $build_dir
# file mkdir $report_dir
# set sim_instruction_mem [file join $sim_dir "instruction.mem"]
# set root_instruction_mem [file join $repo_root "instruction.mem"]
# if {[file exists $sim_instruction_mem]} {
#   file copy -force $sim_instruction_mem $root_instruction_mem
#   puts "INFO: copied $sim_instruction_mem to $root_instruction_mem for IMEM initialization"
# } elseif {![file exists $root_instruction_mem]} {
#   puts "WARNING: no instruction.mem found in sim/ or repo root; IMEM will synthesize with empty/default init if supported"
# }
INFO: copied H:/Academic/senior_project/DATN/work/luc/AES_huffman_all6/sim/instruction.mem to H:/Academic/senior_project/DATN/work/luc/AES_huffman_all6/instruction.mem for IMEM initialization
# puts "INFO: repo_root=$repo_root"
INFO: repo_root=H:/Academic/senior_project/DATN/work/luc/AES_huffman_all6
# puts "INFO: project_name=$project_name"
INFO: project_name=rv32_soc_synth_tx
# puts "INFO: top_name=$top_name"
INFO: top_name=rv32_soc_fpga_demo_top
# puts "INFO: fpga_build=$fpga_build"
INFO: fpga_build=tx_only
# puts "INFO: flow=$flow"
INFO: flow=impl
# puts "INFO: clock_mhz=$clock_mhz"
INFO: clock_mhz=50
# puts "INFO: synth_directive=$synth_directive"
INFO: synth_directive=RuntimeOptimized
# create_project -force $project_name $build_dir -part $part_name
INFO: [ProjectBase 1-489] The host OS only allows 260 characters in a normal path. The project is stored in a path with more than 80 characters. If you experience issues with IP, Block Designs, or files not being found, please consider moving the project to a location with a shorter path. Alternately consider using the OS subst command to map part of the path to a drive letter.
Current project path is 'H:/Academic/senior_project/DATN/work/luc/AES_huffman_all6/vivado/build/rv32_soc_synth_tx'
create_project: Time (s): cpu = 00:00:24 ; elapsed = 00:00:27 . Memory (MB): peak = 618.941 ; gain = 188.977
# set_property target_language Verilog [current_project]
# set_property simulator_language Verilog [current_project]
# set defines {}
# lappend defines SYNTHESIS
# if {$fpga_build eq "tx_only"} {
#   lappend defines FPGA_TX_ONLY
# } elseif {$fpga_build eq "rx_only"} {
#   lappend defines FPGA_RX_ONLY
# } elseif {$fpga_build eq "full"} {
#   puts "INFO: full build selected; TX and RX are both included."
# } else {
#   error "Unsupported FPGA_BUILD=$fpga_build. Use tx_only, rx_only, or full."
# }
# set rtl_files {}
# set rtl_f [file join $sim_dir "rtl.f"]
# if {![file exists $rtl_f]} {
#   error "Missing RTL file list: $rtl_f"
# }
# set fh [open $rtl_f r]
# while {[gets $fh line] >= 0} {
#   set line [string trim $line]
#   if {$line eq ""} {
#     continue
#   }
#   if {[string match "#*" $line]} {
#     continue
#   }
#   if {[string match "-f*" $line]} {
#     continue
#   }
#   append_unique rtl_files [file join $sim_dir $line]
# }
# close $fh
# append_unique rtl_files [file join $rtl_dir "uart_rx.v"]
# append_unique rtl_files [file join $rtl_dir "uart_tx.v"]
# append_unique rtl_files [file join $rtl_dir "uart_dmem_loader.v"]
# append_unique rtl_files [file join $rtl_dir "rv32_soc_fpga_demo_top.v"]
# foreach src $rtl_files {
#   if {![file exists $src]} {
#     error "Missing RTL source: $src"
#   }
# }
# set_property include_dirs $rtl_dir [current_fileset]
# set_property verilog_define $defines [current_fileset]
# set read_cmd [list read_verilog -sv]
# foreach src $rtl_files {
#   lappend read_cmd $src
# }
# puts "INFO: read_verilog defines=$defines files=[llength $rtl_files]"
INFO: read_verilog defines=SYNTHESIS FPGA_TX_ONLY files=52
# eval $read_cmd
# set_property top $top_name [current_fileset]
# if {$xdc_path ne ""} {
#   if {[file pathtype $xdc_path] eq "relative"} {
#     set xdc_path [file normalize [file join $repo_root $xdc_path]]
#   }
#   if {[file exists $xdc_path]} {
#     puts "INFO: read_xdc $xdc_path"
#     read_xdc $xdc_path
#   } else {
#     puts "WARNING: VIVADO_XDC does not exist: $xdc_path"
#   }
# }
INFO: read_xdc H:/Academic/senior_project/DATN/work/luc/AES_huffman_all6/vivado/constraints/zedboard_demo.xdc
# set clk_period_ns [expr {1000.0 / double($clock_mhz)}]
# set auto_clock_xdc [file join $build_dir "auto_clock.xdc"]
# set auto_fh [open $auto_clock_xdc w]
# puts $auto_fh "create_clock -name clk_i -period $clk_period_ns \[get_ports clk_i\]"
# close $auto_fh
# read_xdc $auto_clock_xdc
# puts "INFO: create_clock clk_i period=${clk_period_ns}ns"
INFO: create_clock clk_i period=20.0ns
# update_compile_order -fileset sources_1
# synth_design -top $top_name -part $part_name -flatten_hierarchy rebuilt -directive $synth_directive
Command: synth_design -top rv32_soc_fpga_demo_top -part xc7z020clg484-1 -flatten_hierarchy rebuilt -directive RuntimeOptimized
Starting synth_design
Attempting to get a license for feature 'Synthesis' and/or device 'xc7z020'
INFO: [Common 17-349] Got license for feature 'Synthesis' and/or device 'xc7z020'
INFO: [Device 21-403] Loading part xc7z020clg484-1
INFO: [Synth 8-7079] Multithreading enabled for synth_design using a maximum of 2 processes.
INFO: [Synth 8-7078] Launching helper process for spawning children vivado processes
INFO: [Synth 8-7075] Helper process launched with PID 33136
---------------------------------------------------------------------------------
Starting RTL Elaboration : Time (s): cpu = 00:00:16 ; elapsed = 00:00:19 . Memory (MB): peak = 1320.188 ; gain = 467.621
---------------------------------------------------------------------------------
INFO: [Synth 8-6157] synthesizing module 'rv32_soc_fpga_demo_top' [H:/Academic/senior_project/DATN/work/luc/AES_huffman_all6/rtl/rv32_soc_fpga_demo_top.v:6]
INFO: [Synth 8-6157] synthesizing module 'uart_dmem_loader' [H:/Academic/senior_project/DATN/work/luc/AES_huffman_all6/rtl/uart_dmem_loader.v:1]
	Parameter CLK_HZ bound to: 50000000 - type: integer 
	Parameter BAUD_RATE bound to: 115200 - type: integer 
	Parameter SRC_BASE_ADDR bound to: 1024 - type: integer 
	Parameter INPUT_LEN_ADDR bound to: 64 - type: integer 
	Parameter MAX_INPUT_BYTES bound to: 7168 - type: integer 
INFO: [Synth 8-6157] synthesizing module 'uart_rx' [H:/Academic/senior_project/DATN/work/luc/AES_huffman_all6/rtl/uart_rx.v:1]
INFO: [Synth 8-226] default block is never used [H:/Academic/senior_project/DATN/work/luc/AES_huffman_all6/rtl/uart_rx.v:45]
INFO: [Synth 8-6155] done synthesizing module 'uart_rx' (0#1) [H:/Academic/senior_project/DATN/work/luc/AES_huffman_all6/rtl/uart_rx.v:1]
INFO: [Synth 8-6157] synthesizing module 'uart_tx' [H:/Academic/senior_project/DATN/work/luc/AES_huffman_all6/rtl/uart_tx.v:1]
INFO: [Synth 8-6155] done synthesizing module 'uart_tx' (0#1) [H:/Academic/senior_project/DATN/work/luc/AES_huffman_all6/rtl/uart_tx.v:1]
INFO: [Synth 8-6155] done synthesizing module 'uart_dmem_loader' (0#1) [H:/Academic/senior_project/DATN/work/luc/AES_huffman_all6/rtl/uart_dmem_loader.v:1]
INFO: [Synth 8-6157] synthesizing module 'rv32_soc_top' [H:/Academic/senior_project/DATN/work/luc/AES_huffman_all6/rtl/rv32_soc_top.v:12]
INFO: [Synth 8-6157] synthesizing module 'top_rv32_sync' [H:/Academic/senior_project/DATN/work/luc/AES_huffman_all6/rtl/top_rv32_sync.v:2]
INFO: [Synth 8-6157] synthesizing module 'if_stage_sync' [H:/Academic/senior_project/DATN/work/luc/AES_huffman_all6/rtl/if_stage_sync.v:8]
INFO: [Synth 8-6155] done synthesizing module 'if_stage_sync' (0#1) [H:/Academic/senior_project/DATN/work/luc/AES_huffman_all6/rtl/if_stage_sync.v:8]
INFO: [Synth 8-6157] synthesizing module 'id_stage' [H:/Academic/senior_project/DATN/work/luc/AES_huffman_all6/rtl/id_stage.v:3]
INFO: [Synth 8-6155] done synthesizing module 'id_stage' (0#1) [H:/Academic/senior_project/DATN/work/luc/AES_huffman_all6/rtl/id_stage.v:3]
INFO: [Synth 8-6157] synthesizing module 'ex_stage' [H:/Academic/senior_project/DATN/work/luc/AES_huffman_all6/rtl/ex_stage.v:3]
INFO: [Synth 8-6155] done synthesizing module 'ex_stage' (0#1) [H:/Academic/senior_project/DATN/work/luc/AES_huffman_all6/rtl/ex_stage.v:3]
INFO: [Synth 8-6157] synthesizing module 'mem_stage_sync' [H:/Academic/senior_project/DATN/work/luc/AES_huffman_all6/rtl/mem_stage_sync.v:7]
INFO: [Synth 8-6155] done synthesizing module 'mem_stage_sync' (0#1) [H:/Academic/senior_project/DATN/work/luc/AES_huffman_all6/rtl/mem_stage_sync.v:7]
INFO: [Synth 8-6157] synthesizing module 'forwarding' [H:/Academic/senior_project/DATN/work/luc/AES_huffman_all6/rtl/forwarding.v:1]
INFO: [Synth 8-6155] done synthesizing module 'forwarding' (0#1) [H:/Academic/senior_project/DATN/work/luc/AES_huffman_all6/rtl/forwarding.v:1]
INFO: [Synth 8-6155] done synthesizing module 'top_rv32_sync' (0#1) [H:/Academic/senior_project/DATN/work/luc/AES_huffman_all6/rtl/top_rv32_sync.v:2]
INFO: [Synth 8-6157] synthesizing module 'registers_file' [H:/Academic/senior_project/DATN/work/luc/AES_huffman_all6/rtl/registers_file.v:1]
INFO: [Synth 8-6155] done synthesizing module 'registers_file' (0#1) [H:/Academic/senior_project/DATN/work/luc/AES_huffman_all6/rtl/registers_file.v:1]
INFO: [Synth 8-6157] synthesizing module 'imem_sync' [H:/Academic/senior_project/DATN/work/luc/AES_huffman_all6/rtl/imem_sync.v:3]
INFO: [Synth 8-3876] $readmem data file 'instruction.mem' is read successfully [H:/Academic/senior_project/DATN/work/luc/AES_huffman_all6/rtl/imem_sync.v:28]
INFO: [Synth 8-251] Sync Istr 0: xxxxxxxx [H:/Academic/senior_project/DATN/work/luc/AES_huffman_all6/rtl/imem_sync.v:29]
INFO: [Synth 8-251] Sync Istr 1: xxxxxxxx [H:/Academic/senior_project/DATN/work/luc/AES_huffman_all6/rtl/imem_sync.v:30]
INFO: [Synth 8-251] Sync Istr 2: xxxxxxxx [H:/Academic/senior_project/DATN/work/luc/AES_huffman_all6/rtl/imem_sync.v:31]
INFO: [Synth 8-251] Sync Istr 3: xxxxxxxx [H:/Academic/senior_project/DATN/work/luc/AES_huffman_all6/rtl/imem_sync.v:32]
INFO: [Synth 8-6155] done synthesizing module 'imem_sync' (0#1) [H:/Academic/senior_project/DATN/work/luc/AES_huffman_all6/rtl/imem_sync.v:3]
INFO: [Synth 8-6157] synthesizing module 'dmem_ip_wrapper' [H:/Academic/senior_project/DATN/work/luc/AES_huffman_all6/rtl/dmem_ip_wrapper.v:11]
INFO: [Synth 8-6157] synthesizing module 'DMEM_ip' [H:/Academic/senior_project/DATN/work/luc/AES_huffman_all6/rtl/DMEM_ip.v:13]
INFO: [Synth 8-6155] done synthesizing module 'DMEM_ip' (0#1) [H:/Academic/senior_project/DATN/work/luc/AES_huffman_all6/rtl/DMEM_ip.v:13]
INFO: [Synth 8-6155] done synthesizing module 'dmem_ip_wrapper' (0#1) [H:/Academic/senior_project/DATN/work/luc/AES_huffman_all6/rtl/dmem_ip_wrapper.v:11]
INFO: [Synth 8-6157] synthesizing module 'apb_huffman_aes_tx_top' [H:/Academic/senior_project/DATN/work/luc/AES_huffman_all6/rtl/apb_huffman_aes_tx_top.v:1]
INFO: [Synth 8-6157] synthesizing module 'apb_huffman_tx_if' [H:/Academic/senior_project/DATN/work/luc/AES_huffman_all6/rtl/apb_huffman_tx_if.v:1]
	Parameter BLOCK_SIZE_WIDTH bound to: 6 - type: integer 
INFO: [Synth 8-6155] done synthesizing module 'apb_huffman_tx_if' (0#1) [H:/Academic/senior_project/DATN/work/luc/AES_huffman_all6/rtl/apb_huffman_tx_if.v:1]
INFO: [Synth 8-6157] synthesizing module 'huffman_aes_tx_top' [H:/Academic/senior_project/DATN/work/luc/AES_huffman_all6/rtl/huffman_aes_tx_top.v:1]
	Parameter BLOCK_SIZE_WIDTH bound to: 6 - type: integer 
	Parameter BUFFER_ADDR_WIDTH bound to: 5 - type: integer 
	Parameter SYMBOL_WIDTH bound to: 8 - type: integer 
	Parameter SYMBOL_COUNT_WIDTH bound to: 6 - type: integer 
	Parameter COUNT_WIDTH bound to: 6 - type: integer 
	Parameter SYMBOL_INDEX_WIDTH bound to: 7 - type: integer 
	Parameter CODE_LEN_WIDTH bound to: 5 - type: integer 
	Parameter CODE_WIDTH bound to: 31 - type: integer 
	Parameter HEADER_BITS_WIDTH bound to: 10 - type: integer 
	Parameter TOTAL_BITS_WIDTH bound to: 11 - type: integer 
	Parameter CHUNK_DATA_WIDTH bound to: 32 - type: integer 
	Parameter CHUNK_LEN_WIDTH bound to: 6 - type: integer 
	Parameter MAX_SYMBOLS_PER_BLOCK bound to: 32 - type: integer 
	Parameter MAX_TREE_NODES bound to: 63 - type: integer 
	Parameter ASCII_MIN bound to: 8'b00100000 
	Parameter ASCII_MAX bound to: 8'b01111110 
	Parameter TRANSPORT_WORD_WIDTH bound to: 128 - type: integer 
	Parameter VALID_BITS_WIDTH bound to: 7 - type: integer 
	Parameter AES_KEY_FIXED bound to: 128'b00000000000100010010001000110011010001000101010101100110011101111000100010011001101010101011101111001100110111011110111011111111 
INFO: [Synth 8-6157] synthesizing module 'frequency_counter' [H:/Academic/senior_project/DATN/work/luc/AES_huffman_all6/rtl/frequency_counter.v:1]
	Parameter ALPHABET_SIZE bound to: 96 - type: integer 
	Parameter SYMBOL_WIDTH bound to: 8 - type: integer 
	Parameter COUNT_WIDTH bound to: 16 - type: integer 
	Parameter SYMBOL_INDEX_WIDTH bound to: 7 - type: integer 
	Parameter ASCII_MIN bound to: 8'b00100000 
	Parameter ASCII_MAX bound to: 8'b01111110 
	Parameter DEFAULT_REMAP bound to: 8'b00100000 
INFO: [Synth 8-6155] done synthesizing module 'frequency_counter' (0#1) [H:/Academic/senior_project/DATN/work/luc/AES_huffman_all6/rtl/frequency_counter.v:1]
INFO: [Synth 8-6157] synthesizing module 'huffman_builder' [H:/Academic/senior_project/DATN/work/luc/AES_huffman_all6/rtl/huffman_builder.v:1]
	Parameter ALPHABET_SIZE bound to: 96 - type: integer 
	Parameter SYMBOL_WIDTH bound to: 8 - type: integer 
	Parameter SYMBOL_COUNT_WIDTH bound to: 6 - type: integer 
	Parameter COUNT_WIDTH bound to: 16 - type: integer 
	Parameter SYMBOL_INDEX_WIDTH bound to: 7 - type: integer 
	Parameter CODE_LEN_WIDTH bound to: 5 - type: integer 
	Parameter CODE_WIDTH bound to: 31 - type: integer 
	Parameter MAX_SYMBOLS_PER_BLOCK bound to: 63 - type: integer 
	Parameter MAX_TREE_NODES bound to: 125 - type: integer 
	Parameter ASCII_MIN bound to: 8'b00100000 
INFO: [Synth 8-6157] synthesizing module 'symbol_list_builder' [H:/Academic/senior_project/DATN/work/luc/AES_huffman_all6/rtl/symbol_list_builder.v:1]
	Parameter ALPHABET_SIZE bound to: 96 - type: integer 
	Parameter SYMBOL_WIDTH bound to: 8 - type: integer 
	Parameter SYMBOL_COUNT_WIDTH bound to: 6 - type: integer 
	Parameter COUNT_WIDTH bound to: 16 - type: integer 
	Parameter SYMBOL_INDEX_WIDTH bound to: 7 - type: integer 
	Parameter MAX_SYMBOLS_PER_BLOCK bound to: 63 - type: integer 
	Parameter ASCII_MIN bound to: 8'b00100000 
INFO: [Synth 8-226] default block is never used [H:/Academic/senior_project/DATN/work/luc/AES_huffman_all6/rtl/symbol_list_builder.v:83]
INFO: [Synth 8-226] default block is never used [H:/Academic/senior_project/DATN/work/luc/AES_huffman_all6/rtl/symbol_list_builder.v:124]
INFO: [Synth 8-6155] done synthesizing module 'symbol_list_builder' (0#1) [H:/Academic/senior_project/DATN/work/luc/AES_huffman_all6/rtl/symbol_list_builder.v:1]
INFO: [Synth 8-6157] synthesizing module 'code_length_builder' [H:/Academic/senior_project/DATN/work/luc/AES_huffman_all6/rtl/code_length_builder.v:1]
	Parameter ALPHABET_SIZE bound to: 96 - type: integer 
	Parameter SYMBOL_WIDTH bound to: 8 - type: integer 
	Parameter SYMBOL_COUNT_WIDTH bound to: 6 - type: integer 
	Parameter COUNT_WIDTH bound to: 16 - type: integer 
	Parameter SYMBOL_INDEX_WIDTH bound to: 7 - type: integer 
	Parameter CODE_LEN_WIDTH bound to: 5 - type: integer 
	Parameter MAX_SYMBOLS_PER_BLOCK bound to: 63 - type: integer 
	Parameter MAX_TREE_NODES bound to: 125 - type: integer 
	Parameter ASCII_MIN bound to: 8'b00100000 
INFO: [Synth 8-6155] done synthesizing module 'code_length_builder' (0#1) [H:/Academic/senior_project/DATN/work/luc/AES_huffman_all6/rtl/code_length_builder.v:1]
INFO: [Synth 8-6157] synthesizing module 'canonical_code_generator' [H:/Academic/senior_project/DATN/work/luc/AES_huffman_all6/rtl/canonical_code_generator.v:1]
	Parameter ALPHABET_SIZE bound to: 96 - type: integer 
	Parameter SYMBOL_WIDTH bound to: 8 - type: integer 
	Parameter SYMBOL_COUNT_WIDTH bound to: 6 - type: integer 
	Parameter SYMBOL_INDEX_WIDTH bound to: 7 - type: integer 
	Parameter CODE_LEN_WIDTH bound to: 5 - type: integer 
	Parameter CODE_WIDTH bound to: 31 - type: integer 
	Parameter MAX_SYMBOLS_PER_BLOCK bound to: 63 - type: integer 
	Parameter ASCII_MIN bound to: 8'b00100000 
INFO: [Synth 8-6155] done synthesizing module 'canonical_code_generator' (0#1) [H:/Academic/senior_project/DATN/work/luc/AES_huffman_all6/rtl/canonical_code_generator.v:1]
INFO: [Synth 8-6155] done synthesizing module 'huffman_builder' (0#1) [H:/Academic/senior_project/DATN/work/luc/AES_huffman_all6/rtl/huffman_builder.v:1]
INFO: [Synth 8-6157] synthesizing module 'dynamic_huffman_encoder' [H:/Academic/senior_project/DATN/work/luc/AES_huffman_all6/rtl/dynamic_huffman_encoder.v:1]
	Parameter BLOCK_SIZE_WIDTH bound to: 6 - type: integer 
	Parameter BUFFER_ADDR_WIDTH bound to: 5 - type: integer 
	Parameter SYMBOL_WIDTH bound to: 8 - type: integer 
	Parameter SYMBOL_COUNT_WIDTH bound to: 6 - type: integer 
	Parameter COUNT_WIDTH bound to: 6 - type: integer 
	Parameter SYMBOL_INDEX_WIDTH bound to: 7 - type: integer 
	Parameter CODE_LEN_WIDTH bound to: 5 - type: integer 
	Parameter CODE_WIDTH bound to: 31 - type: integer 
	Parameter HEADER_BITS_WIDTH bound to: 10 - type: integer 
	Parameter TOTAL_BITS_WIDTH bound to: 11 - type: integer 
	Parameter CHUNK_DATA_WIDTH bound to: 32 - type: integer 
	Parameter CHUNK_LEN_WIDTH bound to: 6 - type: integer 
	Parameter MAX_SYMBOLS_PER_BLOCK bound to: 32 - type: integer 
	Parameter MAX_TREE_NODES bound to: 63 - type: integer 
	Parameter ASCII_MIN bound to: 8'b00100000 
	Parameter ASCII_MAX bound to: 8'b01111110 
INFO: [Synth 8-6157] synthesizing module 'input_collect_unit' [H:/Academic/senior_project/DATN/work/luc/AES_huffman_all6/rtl/input_collect_unit.v:1]
	Parameter BLOCK_SIZE bound to: 32 - type: integer 
	Parameter SYMBOL_WIDTH bound to: 8 - type: integer 
	Parameter ALPHABET_SIZE bound to: 96 - type: integer 
	Parameter ASCII_MIN bound to: 8'b00100000 
	Parameter ASCII_MAX bound to: 8'b01111110 
	Parameter DEFAULT_REMAP bound to: 8'b00100000 
	Parameter BLOCK_SIZE_WIDTH bound to: 6 - type: integer 
	Parameter COUNT_WIDTH bound to: 6 - type: integer 
	Parameter ADDR_WIDTH bound to: 5 - type: integer 
	Parameter SYMBOL_INDEX_WIDTH bound to: 7 - type: integer 
INFO: [Synth 8-6157] synthesizing module 'block_buffer' [H:/Academic/senior_project/DATN/work/luc/AES_huffman_all6/rtl/block_buffer.v:1]
	Parameter BLOCK_SIZE bound to: 32 - type: integer 
	Parameter DATA_WIDTH bound to: 8 - type: integer 
	Parameter BLOCK_SIZE_WIDTH bound to: 6 - type: integer 
	Parameter ADDR_WIDTH bound to: 5 - type: integer 
INFO: [Synth 8-6155] done synthesizing module 'block_buffer' (0#1) [H:/Academic/senior_project/DATN/work/luc/AES_huffman_all6/rtl/block_buffer.v:1]
INFO: [Synth 8-6157] synthesizing module 'frequency_counter__parameterized0' [H:/Academic/senior_project/DATN/work/luc/AES_huffman_all6/rtl/frequency_counter.v:1]
	Parameter ALPHABET_SIZE bound to: 96 - type: integer 
	Parameter SYMBOL_WIDTH bound to: 8 - type: integer 
	Parameter COUNT_WIDTH bound to: 6 - type: integer 
	Parameter SYMBOL_INDEX_WIDTH bound to: 7 - type: integer 
	Parameter ASCII_MIN bound to: 8'b00100000 
	Parameter ASCII_MAX bound to: 8'b01111110 
	Parameter DEFAULT_REMAP bound to: 8'b00100000 
INFO: [Synth 8-6155] done synthesizing module 'frequency_counter__parameterized0' (0#1) [H:/Academic/senior_project/DATN/work/luc/AES_huffman_all6/rtl/frequency_counter.v:1]
INFO: [Synth 8-226] default block is never used [H:/Academic/senior_project/DATN/work/luc/AES_huffman_all6/rtl/input_collect_unit.v:139]
INFO: [Synth 8-226] default block is never used [H:/Academic/senior_project/DATN/work/luc/AES_huffman_all6/rtl/input_collect_unit.v:180]
INFO: [Synth 8-6155] done synthesizing module 'input_collect_unit' (0#1) [H:/Academic/senior_project/DATN/work/luc/AES_huffman_all6/rtl/input_collect_unit.v:1]
INFO: [Synth 8-6157] synthesizing module 'emit_backend' [H:/Academic/senior_project/DATN/work/luc/AES_huffman_all6/rtl/emit_backend.v:1]
	Parameter BLOCK_SIZE_WIDTH bound to: 6 - type: integer 
	Parameter BUFFER_ADDR_WIDTH bound to: 5 - type: integer 
	Parameter SYMBOL_WIDTH bound to: 8 - type: integer 
	Parameter SYMBOL_INDEX_WIDTH bound to: 7 - type: integer 
	Parameter CODE_LEN_WIDTH bound to: 5 - type: integer 
	Parameter CODE_WIDTH bound to: 31 - type: integer 
	Parameter HEADER_BITS_WIDTH bound to: 10 - type: integer 
	Parameter CHUNK_DATA_WIDTH bound to: 32 - type: integer 
	Parameter CHUNK_LEN_WIDTH bound to: 6 - type: integer 
	Parameter ASCII_MIN bound to: 8'b00100000 
	Parameter ASCII_MAX bound to: 8'b01111110 
INFO: [Synth 8-6157] synthesizing module 'header_formatter' [H:/Academic/senior_project/DATN/work/luc/AES_huffman_all6/rtl/header_formatter.v:1]
	Parameter BLOCK_SIZE_WIDTH bound to: 6 - type: integer 
	Parameter SYMBOL_WIDTH bound to: 8 - type: integer 
	Parameter SYMBOL_INDEX_WIDTH bound to: 7 - type: integer 
	Parameter CODE_LEN_WIDTH bound to: 5 - type: integer 
	Parameter HEADER_BITS_WIDTH bound to: 10 - type: integer 
	Parameter CHUNK_DATA_WIDTH bound to: 32 - type: integer 
	Parameter CHUNK_LEN_WIDTH bound to: 6 - type: integer 
	Parameter ASCII_MIN bound to: 8'b00100000 
	Parameter ASCII_MAX bound to: 8'b01111110 
INFO: [Synth 8-6155] done synthesizing module 'header_formatter' (0#1) [H:/Academic/senior_project/DATN/work/luc/AES_huffman_all6/rtl/header_formatter.v:1]
INFO: [Synth 8-6157] synthesizing module 'payload_emitter' [H:/Academic/senior_project/DATN/work/luc/AES_huffman_all6/rtl/payload_emitter.v:1]
	Parameter BLOCK_SIZE_WIDTH bound to: 6 - type: integer 
	Parameter BUFFER_ADDR_WIDTH bound to: 5 - type: integer 
	Parameter SYMBOL_WIDTH bound to: 8 - type: integer 
	Parameter SYMBOL_INDEX_WIDTH bound to: 7 - type: integer 
	Parameter CODE_LEN_WIDTH bound to: 5 - type: integer 
	Parameter CODE_WIDTH bound to: 31 - type: integer 
	Parameter CHUNK_DATA_WIDTH bound to: 32 - type: integer 
	Parameter CHUNK_LEN_WIDTH bound to: 6 - type: integer 
	Parameter ASCII_MIN bound to: 8'b00100000 
	Parameter ASCII_MAX bound to: 8'b01111110 
INFO: [Synth 8-6155] done synthesizing module 'payload_emitter' (0#1) [H:/Academic/senior_project/DATN/work/luc/AES_huffman_all6/rtl/payload_emitter.v:1]
INFO: [Synth 8-6157] synthesizing module 'stream_output_interface' [H:/Academic/senior_project/DATN/work/luc/AES_huffman_all6/rtl/stream_output_interface.v:1]
	Parameter STREAM_DATA_WIDTH bound to: 32 - type: integer 
	Parameter STREAM_LEN_WIDTH bound to: 6 - type: integer 
INFO: [Synth 8-226] default block is never used [H:/Academic/senior_project/DATN/work/luc/AES_huffman_all6/rtl/stream_output_interface.v:62]
INFO: [Synth 8-6155] done synthesizing module 'stream_output_interface' (0#1) [H:/Academic/senior_project/DATN/work/luc/AES_huffman_all6/rtl/stream_output_interface.v:1]
INFO: [Synth 8-6155] done synthesizing module 'emit_backend' (0#1) [H:/Academic/senior_project/DATN/work/luc/AES_huffman_all6/rtl/emit_backend.v:1]
INFO: [Synth 8-6157] synthesizing module 'control_fsm' [H:/Academic/senior_project/DATN/work/luc/AES_huffman_all6/rtl/control_fsm.v:1]
INFO: [Synth 8-6155] done synthesizing module 'control_fsm' (0#1) [H:/Academic/senior_project/DATN/work/luc/AES_huffman_all6/rtl/control_fsm.v:1]
INFO: [Synth 8-6155] done synthesizing module 'dynamic_huffman_encoder' (0#1) [H:/Academic/senior_project/DATN/work/luc/AES_huffman_all6/rtl/dynamic_huffman_encoder.v:1]
INFO: [Synth 8-6157] synthesizing module 'bit_packer_128' [H:/Academic/senior_project/DATN/work/luc/AES_huffman_all6/rtl/bit_packer_128.v:1]
	Parameter CHUNK_DATA_WIDTH bound to: 32 - type: integer 
	Parameter CHUNK_LEN_WIDTH bound to: 6 - type: integer 
	Parameter TRANSPORT_WORD_WIDTH bound to: 128 - type: integer 
	Parameter VALID_BITS_WIDTH bound to: 7 - type: integer 
INFO: [Synth 8-6155] done synthesizing module 'bit_packer_128' (0#1) [H:/Academic/senior_project/DATN/work/luc/AES_huffman_all6/rtl/bit_packer_128.v:1]
INFO: [Synth 8-6157] synthesizing module 'wrapper' [H:/Academic/senior_project/DATN/work/luc/AES_huffman_all6/rtl/wrapper.v:1]
	Parameter AES_KEY_FIXED bound to: 128'b00000000000100010010001000110011010001000101010101100110011101111000100010011001101010101011101111001100110111011110111011111111 
INFO: [Synth 8-6155] done synthesizing module 'wrapper' (0#1) [H:/Academic/senior_project/DATN/work/luc/AES_huffman_all6/rtl/wrapper.v:1]
INFO: [Synth 8-6155] done synthesizing module 'huffman_aes_tx_top' (0#1) [H:/Academic/senior_project/DATN/work/luc/AES_huffman_all6/rtl/huffman_aes_tx_top.v:1]
INFO: [Synth 8-6157] synthesizing module 'aes128_cipher_top' [H:/Academic/senior_project/DATN/work/luc/AES_huffman_all6/rtl/aes128_cipher_top.v:13]
INFO: [Synth 8-6157] synthesizing module 'aes128_cipher_core' [H:/Academic/senior_project/DATN/work/luc/AES_huffman_all6/rtl/aes128_cipher_core.v:11]
INFO: [Synth 8-226] default block is never used [H:/Academic/senior_project/DATN/work/luc/AES_huffman_all6/rtl/aes_encrypt_funcs.vh:164]
INFO: [Synth 8-6155] done synthesizing module 'aes128_cipher_core' (0#1) [H:/Academic/senior_project/DATN/work/luc/AES_huffman_all6/rtl/aes128_cipher_core.v:11]
INFO: [Synth 8-6157] synthesizing module 'aes128_key_expansion' [H:/Academic/senior_project/DATN/work/luc/AES_huffman_all6/rtl/aes128_key_expansion.v:11]
INFO: [Synth 8-226] default block is never used [H:/Academic/senior_project/DATN/work/luc/AES_huffman_all6/rtl/aes_encrypt_funcs.vh:164]
INFO: [Synth 8-6155] done synthesizing module 'aes128_key_expansion' (0#1) [H:/Academic/senior_project/DATN/work/luc/AES_huffman_all6/rtl/aes128_key_expansion.v:11]
INFO: [Synth 8-6155] done synthesizing module 'aes128_cipher_top' (0#1) [H:/Academic/senior_project/DATN/work/luc/AES_huffman_all6/rtl/aes128_cipher_top.v:13]
INFO: [Synth 8-6155] done synthesizing module 'apb_huffman_aes_tx_top' (0#1) [H:/Academic/senior_project/DATN/work/luc/AES_huffman_all6/rtl/apb_huffman_aes_tx_top.v:1]
INFO: [Synth 8-6157] synthesizing module 'cpu_mmio_to_apb_bridge' [H:/Academic/senior_project/DATN/work/luc/AES_huffman_all6/rtl/cpu_mmio_to_apb_bridge.v:1]
INFO: [Synth 8-6155] done synthesizing module 'cpu_mmio_to_apb_bridge' (0#1) [H:/Academic/senior_project/DATN/work/luc/AES_huffman_all6/rtl/cpu_mmio_to_apb_bridge.v:1]
INFO: [Synth 8-6157] synthesizing module 'dma_regfile' [H:/Academic/senior_project/DATN/work/luc/AES_huffman_all6/rtl/dma_regfile.v:1]
INFO: [Synth 8-6155] done synthesizing module 'dma_regfile' (0#1) [H:/Academic/senior_project/DATN/work/luc/AES_huffman_all6/rtl/dma_regfile.v:1]
INFO: [Synth 8-6157] synthesizing module 'dma_tx_engine' [H:/Academic/senior_project/DATN/work/luc/AES_huffman_all6/rtl/dma_tx_engine.v:1]
INFO: [Synth 8-6155] done synthesizing module 'dma_tx_engine' (0#1) [H:/Academic/senior_project/DATN/work/luc/AES_huffman_all6/rtl/dma_tx_engine.v:1]
INFO: [Synth 8-6155] done synthesizing module 'rv32_soc_top' (0#1) [H:/Academic/senior_project/DATN/work/luc/AES_huffman_all6/rtl/rv32_soc_top.v:12]
INFO: [Synth 8-6155] done synthesizing module 'rv32_soc_fpga_demo_top' (0#1) [H:/Academic/senior_project/DATN/work/luc/AES_huffman_all6/rtl/rv32_soc_fpga_demo_top.v:6]
WARNING: [Synth 8-6014] Unused sequential element candidate_len_v_reg was removed.  [H:/Academic/senior_project/DATN/work/luc/AES_huffman_all6/rtl/uart_dmem_loader.v:229]
WARNING: [Synth 8-6014] Unused sequential element merged_word_v_reg was removed.  [H:/Academic/senior_project/DATN/work/luc/AES_huffman_all6/rtl/uart_dmem_loader.v:248]
WARNING: [Synth 8-6014] Unused sequential element merged_we_v_reg was removed.  [H:/Academic/senior_project/DATN/work/luc/AES_huffman_all6/rtl/uart_dmem_loader.v:249]
WARNING: [Synth 8-6014] Unused sequential element next_rem_v_reg was removed.  [H:/Academic/senior_project/DATN/work/luc/AES_huffman_all6/rtl/uart_dmem_loader.v:250]
WARNING: [Synth 8-6014] Unused sequential element tx_meta_r_reg was removed.  [H:/Academic/senior_project/DATN/work/luc/AES_huffman_all6/rtl/dma_tx_engine.v:141]
WARNING: [Synth 8-7129] Port clear_done_i in module dma_tx_engine is either unconnected or has no load
WARNING: [Synth 8-7129] Port rst_n in module aes128_key_expansion is either unconnected or has no load
WARNING: [Synth 8-7129] Port whole_file_enable in module dynamic_huffman_encoder is either unconnected or has no load
WARNING: [Synth 8-7129] Port cpu_addr_i[31] in module dmem_ip_wrapper is either unconnected or has no load
WARNING: [Synth 8-7129] Port cpu_addr_i[30] in module dmem_ip_wrapper is either unconnected or has no load
WARNING: [Synth 8-7129] Port cpu_addr_i[29] in module dmem_ip_wrapper is either unconnected or has no load
WARNING: [Synth 8-7129] Port cpu_addr_i[28] in module dmem_ip_wrapper is either unconnected or has no load
WARNING: [Synth 8-7129] Port cpu_addr_i[27] in module dmem_ip_wrapper is either unconnected or has no load
WARNING: [Synth 8-7129] Port cpu_addr_i[26] in module dmem_ip_wrapper is either unconnected or has no load
WARNING: [Synth 8-7129] Port cpu_addr_i[25] in module dmem_ip_wrapper is either unconnected or has no load
WARNING: [Synth 8-7129] Port cpu_addr_i[24] in module dmem_ip_wrapper is either unconnected or has no load
WARNING: [Synth 8-7129] Port cpu_addr_i[23] in module dmem_ip_wrapper is either unconnected or has no load
WARNING: [Synth 8-7129] Port cpu_addr_i[22] in module dmem_ip_wrapper is either unconnected or has no load
WARNING: [Synth 8-7129] Port cpu_addr_i[21] in module dmem_ip_wrapper is either unconnected or has no load
WARNING: [Synth 8-7129] Port cpu_addr_i[20] in module dmem_ip_wrapper is either unconnected or has no load
WARNING: [Synth 8-7129] Port cpu_addr_i[19] in module dmem_ip_wrapper is either unconnected or has no load
WARNING: [Synth 8-7129] Port cpu_addr_i[18] in module dmem_ip_wrapper is either unconnected or has no load
WARNING: [Synth 8-7129] Port cpu_addr_i[17] in module dmem_ip_wrapper is either unconnected or has no load
WARNING: [Synth 8-7129] Port cpu_addr_i[16] in module dmem_ip_wrapper is either unconnected or has no load
WARNING: [Synth 8-7129] Port cpu_addr_i[15] in module dmem_ip_wrapper is either unconnected or has no load
WARNING: [Synth 8-7129] Port cpu_addr_i[1] in module dmem_ip_wrapper is either unconnected or has no load
WARNING: [Synth 8-7129] Port cpu_addr_i[0] in module dmem_ip_wrapper is either unconnected or has no load
WARNING: [Synth 8-7129] Port aux_addr_i[31] in module dmem_ip_wrapper is either unconnected or has no load
WARNING: [Synth 8-7129] Port aux_addr_i[30] in module dmem_ip_wrapper is either unconnected or has no load
WARNING: [Synth 8-7129] Port aux_addr_i[29] in module dmem_ip_wrapper is either unconnected or has no load
WARNING: [Synth 8-7129] Port aux_addr_i[28] in module dmem_ip_wrapper is either unconnected or has no load
WARNING: [Synth 8-7129] Port aux_addr_i[27] in module dmem_ip_wrapper is either unconnected or has no load
WARNING: [Synth 8-7129] Port aux_addr_i[26] in module dmem_ip_wrapper is either unconnected or has no load
WARNING: [Synth 8-7129] Port aux_addr_i[25] in module dmem_ip_wrapper is either unconnected or has no load
WARNING: [Synth 8-7129] Port aux_addr_i[24] in module dmem_ip_wrapper is either unconnected or has no load
WARNING: [Synth 8-7129] Port aux_addr_i[23] in module dmem_ip_wrapper is either unconnected or has no load
WARNING: [Synth 8-7129] Port aux_addr_i[22] in module dmem_ip_wrapper is either unconnected or has no load
WARNING: [Synth 8-7129] Port aux_addr_i[21] in module dmem_ip_wrapper is either unconnected or has no load
WARNING: [Synth 8-7129] Port aux_addr_i[20] in module dmem_ip_wrapper is either unconnected or has no load
WARNING: [Synth 8-7129] Port aux_addr_i[19] in module dmem_ip_wrapper is either unconnected or has no load
WARNING: [Synth 8-7129] Port aux_addr_i[18] in module dmem_ip_wrapper is either unconnected or has no load
WARNING: [Synth 8-7129] Port aux_addr_i[17] in module dmem_ip_wrapper is either unconnected or has no load
WARNING: [Synth 8-7129] Port aux_addr_i[16] in module dmem_ip_wrapper is either unconnected or has no load
WARNING: [Synth 8-7129] Port aux_addr_i[15] in module dmem_ip_wrapper is either unconnected or has no load
WARNING: [Synth 8-7129] Port aux_addr_i[1] in module dmem_ip_wrapper is either unconnected or has no load
WARNING: [Synth 8-7129] Port aux_addr_i[0] in module dmem_ip_wrapper is either unconnected or has no load
---------------------------------------------------------------------------------
Finished RTL Elaboration : Time (s): cpu = 00:00:55 ; elapsed = 00:01:04 . Memory (MB): peak = 1951.395 ; gain = 1098.828
---------------------------------------------------------------------------------
---------------------------------------------------------------------------------
Start Handling Custom Attributes
---------------------------------------------------------------------------------
---------------------------------------------------------------------------------
Finished Handling Custom Attributes : Time (s): cpu = 00:00:56 ; elapsed = 00:01:05 . Memory (MB): peak = 1951.395 ; gain = 1098.828
---------------------------------------------------------------------------------
---------------------------------------------------------------------------------
Finished RTL Optimization Phase 1 : Time (s): cpu = 00:00:56 ; elapsed = 00:01:05 . Memory (MB): peak = 1951.395 ; gain = 1098.828
---------------------------------------------------------------------------------
Netlist sorting complete. Time (s): cpu = 00:00:01 ; elapsed = 00:00:01 . Memory (MB): peak = 1951.395 ; gain = 0.000
INFO: [Project 1-570] Preparing netlist for logic optimization

Processing XDC Constraints
Initializing timing engine
Parsing XDC File [H:/Academic/senior_project/DATN/work/luc/AES_huffman_all6/vivado/constraints/zedboard_demo.xdc]
Finished Parsing XDC File [H:/Academic/senior_project/DATN/work/luc/AES_huffman_all6/vivado/constraints/zedboard_demo.xdc]
INFO: [Project 1-236] Implementation specific constraints were found while reading constraint file [H:/Academic/senior_project/DATN/work/luc/AES_huffman_all6/vivado/constraints/zedboard_demo.xdc]. These constraints will be ignored for synthesis but will be used in implementation. Impacted constraints are listed in the file [.Xil/rv32_soc_fpga_demo_top_propImpl.xdc].
Resolution: To avoid this warning, move constraints listed in [.Xil/rv32_soc_fpga_demo_top_propImpl.xdc] to another XDC file and exclude this new file from synthesis with the used_in_synthesis property (File Properties dialog in GUI) and re-run elaboration/synthesis.
Parsing XDC File [H:/Academic/senior_project/DATN/work/luc/AES_huffman_all6/vivado/build/rv32_soc_synth_tx/auto_clock.xdc]
Finished Parsing XDC File [H:/Academic/senior_project/DATN/work/luc/AES_huffman_all6/vivado/build/rv32_soc_synth_tx/auto_clock.xdc]
Completed Processing XDC Constraints

Netlist sorting complete. Time (s): cpu = 00:00:00 ; elapsed = 00:00:00.039 . Memory (MB): peak = 2080.590 ; gain = 0.000
INFO: [Project 1-111] Unisim Transformation Summary:
No Unisim elements were transformed.

Constraint Validation Runtime : Time (s): cpu = 00:00:01 ; elapsed = 00:00:00.717 . Memory (MB): peak = 2080.590 ; gain = 0.000
---------------------------------------------------------------------------------
Finished Constraint Validation : Time (s): cpu = 00:01:43 ; elapsed = 00:01:55 . Memory (MB): peak = 2080.590 ; gain = 1228.023
---------------------------------------------------------------------------------
---------------------------------------------------------------------------------
Start Loading Part and Timing Information
---------------------------------------------------------------------------------
Loading part: xc7z020clg484-1
---------------------------------------------------------------------------------
Finished Loading Part and Timing Information : Time (s): cpu = 00:01:43 ; elapsed = 00:01:55 . Memory (MB): peak = 2080.590 ; gain = 1228.023
---------------------------------------------------------------------------------
---------------------------------------------------------------------------------
Start Applying 'set_property' XDC Constraints
---------------------------------------------------------------------------------
---------------------------------------------------------------------------------
Finished applying 'set_property' XDC Constraints : Time (s): cpu = 00:01:44 ; elapsed = 00:01:55 . Memory (MB): peak = 2080.590 ; gain = 1228.023
---------------------------------------------------------------------------------
INFO: [Synth 8-802] inferred FSM for state register 'state_r_reg' in module 'uart_rx'
INFO: [Synth 8-802] inferred FSM for state register 'state_r_reg' in module 'uart_dmem_loader'
INFO: [Synth 8-802] inferred FSM for state register 'state_reg' in module 'symbol_list_builder'
INFO: [Synth 8-802] inferred FSM for state register 'state_reg' in module 'code_length_builder'
INFO: [Synth 8-802] inferred FSM for state register 'state_reg' in module 'canonical_code_generator'
INFO: [Synth 8-802] inferred FSM for state register 'state_reg' in module 'huffman_builder'
INFO: [Synth 8-802] inferred FSM for state register 'state_reg' in module 'input_collect_unit'
INFO: [Synth 8-802] inferred FSM for state register 'state_reg' in module 'payload_emitter'
INFO: [Synth 8-802] inferred FSM for state register 'state_reg' in module 'stream_output_interface'
INFO: [Synth 8-802] inferred FSM for state register 'state_reg' in module 'emit_backend'
INFO: [Synth 8-802] inferred FSM for state register 'state_reg' in module 'control_fsm'
INFO: [Synth 8-802] inferred FSM for state register 'state_r_reg' in module 'cpu_mmio_to_apb_bridge'
---------------------------------------------------------------------------------------------------
                   State |                     New Encoding |                Previous Encoding 
---------------------------------------------------------------------------------------------------
                 ST_IDLE |                               00 |                               00
                ST_START |                               01 |                               01
                 ST_DATA |                               10 |                               10
                 ST_STOP |                               11 |                               11
---------------------------------------------------------------------------------------------------
INFO: [Synth 8-3354] encoded FSM with state register 'state_r_reg' using encoding 'sequential' in module 'uart_rx'
---------------------------------------------------------------------------------------------------
                   State |                     New Encoding |                Previous Encoding 
---------------------------------------------------------------------------------------------------
               ST_MAGIC0 |                             0000 |                             0000
               ST_MAGIC1 |                             0001 |                             0001
               ST_MAGIC2 |                             0010 |                             0010
               ST_MAGIC3 |                             0011 |                             0011
                 ST_LEN0 |                             0100 |                             0100
                 ST_LEN1 |                             0101 |                             0101
                 ST_LEN2 |                             0110 |                             0110
                 ST_LEN3 |                             0111 |                             0111
             ST_SEND_ERR |                             1000 |                             1100
                ST_ERROR |                             1001 |                             1110
              ST_PAYLOAD |                             1010 |                             1000
        ST_WRITE_PAYLOAD |                             1011 |                             1001
            ST_WRITE_LEN |                             1100 |                             1010
             ST_SEND_ACK |                             1101 |                             1011
                 ST_DONE |                             1110 |                             1101
---------------------------------------------------------------------------------------------------
INFO: [Synth 8-3354] encoded FSM with state register 'state_r_reg' using encoding 'sequential' in module 'uart_dmem_loader'
WARNING: [Synth 8-6841] Block RAM (mem_reg) originally specified as a Byte Wide Write Enable RAM cannot take advantage of ByteWide feature and is implemented with single write enable per RAM due to following reason.
(address width (13) is more than optimal threshold of 12. Implementing using BWWE will require more logic and timing would be suboptimal. Please use attribute ram_decomp = power if BWWE is desired.)
INFO: [Synth 8-3971] The signal "DMEM_ip:/mem_reg" was recognized as a true dual port RAM template.
---------------------------------------------------------------------------------------------------
                   State |                     New Encoding |                Previous Encoding 
---------------------------------------------------------------------------------------------------
                 ST_IDLE |                             0001 |                               00
                 ST_INIT |                             0010 |                               01
                 ST_SCAN |                             0100 |                               10
                 ST_DONE |                             1000 |                               11
---------------------------------------------------------------------------------------------------
INFO: [Synth 8-3354] encoded FSM with state register 'state_reg' using encoding 'one-hot' in module 'symbol_list_builder'
---------------------------------------------------------------------------------------------------
                   State |                     New Encoding |                Previous Encoding 
---------------------------------------------------------------------------------------------------
                 ST_IDLE |                       0001000000 |                             0000
                 ST_INIT |                       0010000000 |                             0001
          ST_LOAD_SYMBOL |                       0000000100 |                             0010
            ST_FIND_INIT |                       0000100000 |                             0101
            ST_FIND_SCAN |                       1000000000 |                             0110
          ST_BUILD_MERGE |                       0100000000 |                             0111
            ST_MAP_TABLE |                       0000010000 |                             1000
                 ST_DONE |                       0000001000 |                             1001
           ST_LOAD_COUNT |                       0000000001 |                             0011
            ST_LOAD_NODE |                       0000000010 |                             0100
---------------------------------------------------------------------------------------------------
INFO: [Synth 8-3354] encoded FSM with state register 'state_reg' using encoding 'one-hot' in module 'code_length_builder'
---------------------------------------------------------------------------------------------------
                   State |                     New Encoding |                Previous Encoding 
---------------------------------------------------------------------------------------------------
                 ST_IDLE |                              000 |                              000
                 ST_INIT |                              010 |                              001
                 ST_LOAD |                              101 |                              010
                 ST_SORT |                              100 |                              011
               ST_ASSIGN |                              011 |                              100
                 ST_DONE |                              001 |                              101
---------------------------------------------------------------------------------------------------
INFO: [Synth 8-3354] encoded FSM with state register 'state_reg' using encoding 'sequential' in module 'canonical_code_generator'
---------------------------------------------------------------------------------------------------
                   State |                     New Encoding |                Previous Encoding 
---------------------------------------------------------------------------------------------------
                 ST_IDLE |                         00000001 |                             0000
            ST_START_SLB |                         00000100 |                             0001
              ST_RUN_SLB |                         10000000 |                             0010
            ST_START_CLB |                         01000000 |                             0011
              ST_RUN_CLB |                         00100000 |                             0100
            ST_START_CGG |                         00010000 |                             0101
              ST_RUN_CGG |                         00001000 |                             0110
                 ST_DONE |                         00000010 |                             0111
---------------------------------------------------------------------------------------------------
INFO: [Synth 8-3354] encoded FSM with state register 'state_reg' using encoding 'one-hot' in module 'huffman_builder'
---------------------------------------------------------------------------------------------------
                   State |                     New Encoding |                Previous Encoding 
---------------------------------------------------------------------------------------------------
                 ST_IDLE |                               11 |                               00
           ST_WAIT_FIRST |                               01 |                               01
              ST_COLLECT |                               10 |                               10
                 ST_DONE |                               00 |                               11
---------------------------------------------------------------------------------------------------
INFO: [Synth 8-3354] encoded FSM with state register 'state_reg' using encoding 'sequential' in module 'input_collect_unit'
---------------------------------------------------------------------------------------------------
                   State |                     New Encoding |                Previous Encoding 
---------------------------------------------------------------------------------------------------
                 ST_IDLE |                              000 |                              000
                 ST_INIT |                              010 |                              001
            ST_READ_BYTE |                              100 |                              010
            ST_READ_CODE |                              110 |                              011
                 ST_PREP |                              101 |                              100
                 ST_SEND |                              011 |                              101
                 ST_DONE |                              001 |                              110
---------------------------------------------------------------------------------------------------
INFO: [Synth 8-3354] encoded FSM with state register 'state_reg' using encoding 'sequential' in module 'payload_emitter'
---------------------------------------------------------------------------------------------------
                   State |                     New Encoding |                Previous Encoding 
---------------------------------------------------------------------------------------------------
                 ST_IDLE |                               11 |                               00
               ST_HEADER |                               01 |                               01
              ST_PAYLOAD |                               10 |                               10
                 ST_DONE |                               00 |                               11
---------------------------------------------------------------------------------------------------
INFO: [Synth 8-3354] encoded FSM with state register 'state_reg' using encoding 'sequential' in module 'stream_output_interface'
---------------------------------------------------------------------------------------------------
                   State |                     New Encoding |                Previous Encoding 
---------------------------------------------------------------------------------------------------
                 ST_IDLE |                              000 |                              000
         ST_START_HEADER |                              001 |                              001
           ST_RUN_HEADER |                              010 |                              010
        ST_START_PAYLOAD |                              011 |                              011
          ST_RUN_PAYLOAD |                              100 |                              100
---------------------------------------------------------------------------------------------------
INFO: [Synth 8-3354] encoded FSM with state register 'state_reg' using encoding 'sequential' in module 'emit_backend'
---------------------------------------------------------------------------------------------------
                   State |                     New Encoding |                Previous Encoding 
---------------------------------------------------------------------------------------------------
                 ST_IDLE |                      00001000000 |                             0000
        ST_START_COLLECT |                      00010000000 |                             0001
         ST_WAIT_COLLECT |                      00000010000 |                             0010
          ST_START_BUILD |                      00000000001 |                             0011
           ST_WAIT_BUILD |                      00000000010 |                             0100
           ST_START_MODE |                      00000001000 |                             0101
            ST_WAIT_MODE |                      10000000000 |                             0110
           ST_START_EMIT |                      00000100000 |                             0111
            ST_WAIT_EMIT |                      00100000000 |                             1000
                ST_ERROR |                      00000000100 |                             1010
                 ST_DONE |                      01000000000 |                             1001
---------------------------------------------------------------------------------------------------
INFO: [Synth 8-3354] encoded FSM with state register 'state_reg' using encoding 'one-hot' in module 'control_fsm'
---------------------------------------------------------------------------------------------------
                   State |                     New Encoding |                Previous Encoding 
---------------------------------------------------------------------------------------------------
              STATE_IDLE |                                0 |                               00
            STATE_ACCESS |                                1 |                               10
---------------------------------------------------------------------------------------------------
INFO: [Synth 8-3354] encoded FSM with state register 'state_r_reg' using encoding 'sequential' in module 'cpu_mmio_to_apb_bridge'
---------------------------------------------------------------------------------
Finished RTL Optimization Phase 2 : Time (s): cpu = 00:02:32 ; elapsed = 00:02:52 . Memory (MB): peak = 2080.590 ; gain = 1228.023
---------------------------------------------------------------------------------
---------------------------------------------------------------------------------
Start RTL Component Statistics 
---------------------------------------------------------------------------------
Detailed RTL Component Info : 
+---Adders : 
	   2 Input   32 Bit       Adders := 14    
	   3 Input   32 Bit       Adders := 2     
	   2 Input   31 Bit       Adders := 1     
	   2 Input   19 Bit       Adders := 2     
	   2 Input   16 Bit       Adders := 4     
	   4 Input   10 Bit       Adders := 1     
	   2 Input    9 Bit       Adders := 31    
	   2 Input    8 Bit       Adders := 2     
	   2 Input    7 Bit       Adders := 14    
	   2 Input    6 Bit       Adders := 20    
	   3 Input    6 Bit       Adders := 2     
	   2 Input    5 Bit       Adders := 97    
	   3 Input    5 Bit       Adders := 1     
	   2 Input    4 Bit       Adders := 8     
	   2 Input    3 Bit       Adders := 4     
	   2 Input    2 Bit       Adders := 3     
+---XORs : 
	   2 Input    128 Bit         XORs := 2     
	   3 Input     32 Bit         XORs := 1     
	   2 Input     32 Bit         XORs := 4     
	   2 Input      8 Bit         XORs := 20    
	   3 Input      8 Bit         XORs := 10    
	   5 Input      8 Bit         XORs := 6     
	   4 Input      8 Bit         XORs := 2     
	   2 Input      4 Bit         XORs := 40    
	   2 Input      2 Bit         XORs := 200   
	   2 Input      1 Bit         XORs := 793   
	   4 Input      1 Bit         XORs := 39    
	   3 Input      1 Bit         XORs := 295   
	   6 Input      1 Bit         XORs := 60    
	   5 Input      1 Bit         XORs := 23    
+---XORs : 
	                4 Bit    Wide XORs := 20    
+---Registers : 
	              128 Bit    Registers := 8     
	               63 Bit    Registers := 127   
	               32 Bit    Registers := 113   
	               31 Bit    Registers := 98    
	               19 Bit    Registers := 1     
	               16 Bit    Registers := 226   
	               10 Bit    Registers := 1     
	                9 Bit    Registers := 1     
	                8 Bit    Registers := 355   
	                7 Bit    Registers := 134   
	                6 Bit    Registers := 114   
	                5 Bit    Registers := 332   
	                4 Bit    Registers := 14    
	                3 Bit    Registers := 8     
	                2 Bit    Registers := 14    
	                1 Bit    Registers := 381   
+---RAMs : 
	             256K Bit	(8192 X 32 bit)          RAMs := 1     
+---ROMs : 
	                    ROMs := 1     
+---Muxes : 
	   2 Input  152 Bit        Muxes := 32    
	   2 Input  128 Bit        Muxes := 14    
	   5 Input  120 Bit        Muxes := 1     
	   2 Input   63 Bit        Muxes := 1     
	  10 Input   63 Bit        Muxes := 4     
	   2 Input   32 Bit        Muxes := 67    
	  12 Input   32 Bit        Muxes := 2     
	   7 Input   32 Bit        Muxes := 1     
	   3 Input   32 Bit        Muxes := 3     
	   4 Input   32 Bit        Muxes := 6     
	  13 Input   32 Bit        Muxes := 1     
	  32 Input   32 Bit        Muxes := 2     
	  15 Input   32 Bit        Muxes := 8     
	   2 Input   31 Bit        Muxes := 2     
	   6 Input   31 Bit        Muxes := 2     
	   7 Input   31 Bit        Muxes := 1     
	   2 Input   19 Bit        Muxes := 2     
	   2 Input   16 Bit        Muxes := 4     
	  10 Input   16 Bit        Muxes := 5     
	   4 Input   16 Bit        Muxes := 2     
	   3 Input   16 Bit        Muxes := 1     
	   2 Input   11 Bit        Muxes := 6     
	  11 Input   11 Bit        Muxes := 1     
	   2 Input   10 Bit        Muxes := 4     
	   3 Input   10 Bit        Muxes := 1     
	  10 Input   10 Bit        Muxes := 1     
	   4 Input   10 Bit        Muxes := 1     
	   2 Input    9 Bit        Muxes := 2     
	   2 Input    8 Bit        Muxes := 27    
	  10 Input    8 Bit        Muxes := 5     
	   4 Input    8 Bit        Muxes := 4     
	   6 Input    8 Bit        Muxes := 63    
	   8 Input    8 Bit        Muxes := 1     
	  12 Input    8 Bit        Muxes := 1     
	   7 Input    8 Bit        Muxes := 1     
	   3 Input    8 Bit        Muxes := 1     
	  15 Input    8 Bit        Muxes := 1     
	   2 Input    7 Bit        Muxes := 13    
	  10 Input    7 Bit        Muxes := 9     
	   4 Input    7 Bit        Muxes := 1     
	   5 Input    7 Bit        Muxes := 1     
	   7 Input    7 Bit        Muxes := 1     
	   3 Input    7 Bit        Muxes := 2     
	  32 Input    7 Bit        Muxes := 1     
	   2 Input    6 Bit        Muxes := 16    
	  10 Input    6 Bit        Muxes := 3     
	   4 Input    6 Bit        Muxes := 1     
	   6 Input    6 Bit        Muxes := 5     
	  12 Input    6 Bit        Muxes := 3     
	   7 Input    6 Bit        Muxes := 2     
	   3 Input    6 Bit        Muxes := 2     
	  10 Input    5 Bit        Muxes := 64    
	   2 Input    5 Bit        Muxes := 20    
	   6 Input    5 Bit        Muxes := 65    
	  12 Input    5 Bit        Muxes := 3     
	   7 Input    5 Bit        Muxes := 1     
	   3 Input    5 Bit        Muxes := 3     
	   4 Input    5 Bit        Muxes := 1     
	   5 Input    5 Bit        Muxes := 1     
	   4 Input    4 Bit        Muxes := 5     
	  12 Input    4 Bit        Muxes := 1     
	   2 Input    4 Bit        Muxes := 48    
	  11 Input    4 Bit        Muxes := 1     
	   6 Input    4 Bit        Muxes := 4     
	   7 Input    4 Bit        Muxes := 1     
	   3 Input    4 Bit        Muxes := 2     
	  15 Input    4 Bit        Muxes := 3     
	   2 Input    3 Bit        Muxes := 21    
	   6 Input    3 Bit        Muxes := 2     
	  17 Input    3 Bit        Muxes := 1     
	   5 Input    3 Bit        Muxes := 2     
	   4 Input    3 Bit        Muxes := 2     
	  10 Input    2 Bit        Muxes := 1     
	   2 Input    2 Bit        Muxes := 18    
	   4 Input    2 Bit        Muxes := 4     
	  12 Input    2 Bit        Muxes := 1     
	   3 Input    2 Bit        Muxes := 3     
	  15 Input    2 Bit        Muxes := 1     
	   2 Input    1 Bit        Muxes := 1604  
	  10 Input    1 Bit        Muxes := 742   
	   4 Input    1 Bit        Muxes := 81    
	   3 Input    1 Bit        Muxes := 38    
	   6 Input    1 Bit        Muxes := 181   
	   8 Input    1 Bit        Muxes := 1     
	  12 Input    1 Bit        Muxes := 16    
	   5 Input    1 Bit        Muxes := 2     
	   7 Input    1 Bit        Muxes := 14    
	  11 Input    1 Bit        Muxes := 2     
	  15 Input    1 Bit        Muxes := 14    
	  32 Input    1 Bit        Muxes := 16    
---------------------------------------------------------------------------------
Finished RTL Component Statistics 
---------------------------------------------------------------------------------
---------------------------------------------------------------------------------
Start Part Resource Summary
---------------------------------------------------------------------------------
Part Resources:
DSPs: 220 (col length:60)
BRAMs: 280 (col length: RAMB18 60 RAMB36 30)
---------------------------------------------------------------------------------
Finished Part Resource Summary
---------------------------------------------------------------------------------
---------------------------------------------------------------------------------
Start Cross Boundary and Area Optimization
---------------------------------------------------------------------------------
INFO: [Synth 8-3886] merging instance 'node_symbol_reg[124][0]' (FDCE) to 'node_symbol_reg[124][1]'
INFO: [Synth 8-3886] merging instance 'node_symbol_reg[123][0]' (FDCE) to 'node_symbol_reg[123][1]'
INFO: [Synth 8-3886] merging instance 'node_symbol_reg[122][0]' (FDCE) to 'node_symbol_reg[122][1]'
INFO: [Synth 8-3886] merging instance 'node_symbol_reg[121][0]' (FDCE) to 'node_symbol_reg[121][1]'
INFO: [Synth 8-3886] merging instance 'node_symbol_reg[120][0]' (FDCE) to 'node_symbol_reg[120][1]'
INFO: [Synth 8-3886] merging instance 'node_symbol_reg[119][0]' (FDCE) to 'node_symbol_reg[119][1]'
INFO: [Synth 8-3886] merging instance 'node_symbol_reg[118][0]' (FDCE) to 'node_symbol_reg[118][1]'
INFO: [Synth 8-3886] merging instance 'node_symbol_reg[117][0]' (FDCE) to 'node_symbol_reg[117][1]'
INFO: [Synth 8-3886] merging instance 'node_symbol_reg[116][0]' (FDCE) to 'node_symbol_reg[116][1]'
INFO: [Synth 8-3886] merging instance 'node_symbol_reg[115][0]' (FDCE) to 'node_symbol_reg[115][1]'
INFO: [Synth 8-3886] merging instance 'node_symbol_reg[114][0]' (FDCE) to 'node_symbol_reg[114][1]'
INFO: [Synth 8-3886] merging instance 'node_symbol_reg[113][0]' (FDCE) to 'node_symbol_reg[113][1]'
INFO: [Synth 8-3886] merging instance 'node_symbol_reg[112][0]' (FDCE) to 'node_symbol_reg[112][1]'
INFO: [Synth 8-3886] merging instance 'node_symbol_reg[111][0]' (FDCE) to 'node_symbol_reg[111][7]'
INFO: [Synth 8-3886] merging instance 'node_symbol_reg[110][0]' (FDCE) to 'node_symbol_reg[110][7]'
INFO: [Synth 8-3886] merging instance 'node_symbol_reg[109][0]' (FDCE) to 'node_symbol_reg[109][7]'
INFO: [Synth 8-3886] merging instance 'node_symbol_reg[108][0]' (FDCE) to 'node_symbol_reg[108][7]'
INFO: [Synth 8-3886] merging instance 'node_symbol_reg[107][0]' (FDCE) to 'node_symbol_reg[107][7]'
INFO: [Synth 8-3886] merging instance 'node_symbol_reg[106][0]' (FDCE) to 'node_symbol_reg[106][7]'
INFO: [Synth 8-3886] merging instance 'node_symbol_reg[105][0]' (FDCE) to 'node_symbol_reg[105][7]'
INFO: [Synth 8-3886] merging instance 'node_symbol_reg[104][0]' (FDCE) to 'node_symbol_reg[104][7]'
INFO: [Synth 8-3886] merging instance 'node_symbol_reg[103][0]' (FDCE) to 'node_symbol_reg[103][7]'
INFO: [Synth 8-3886] merging instance 'node_symbol_reg[102][0]' (FDCE) to 'node_symbol_reg[102][7]'
INFO: [Synth 8-3886] merging instance 'node_symbol_reg[101][0]' (FDCE) to 'node_symbol_reg[101][7]'
INFO: [Synth 8-3886] merging instance 'node_symbol_reg[100][0]' (FDCE) to 'node_symbol_reg[100][7]'
INFO: [Synth 8-3886] merging instance 'node_symbol_reg[99][0]' (FDCE) to 'node_symbol_reg[99][7]'
INFO: [Synth 8-3886] merging instance 'node_symbol_reg[98][0]' (FDCE) to 'node_symbol_reg[98][7]'
INFO: [Synth 8-3886] merging instance 'node_symbol_reg[97][0]' (FDCE) to 'node_symbol_reg[97][7]'
INFO: [Synth 8-3886] merging instance 'node_symbol_reg[96][0]' (FDCE) to 'node_symbol_reg[96][7]'
INFO: [Synth 8-3886] merging instance 'node_symbol_reg[95][0]' (FDCE) to 'node_symbol_reg[95][7]'
INFO: [Synth 8-3886] merging instance 'node_symbol_reg[94][0]' (FDCE) to 'node_symbol_reg[94][7]'
INFO: [Synth 8-3886] merging instance 'node_symbol_reg[93][0]' (FDCE) to 'node_symbol_reg[93][7]'
INFO: [Synth 8-3886] merging instance 'node_symbol_reg[92][0]' (FDCE) to 'node_symbol_reg[92][7]'
INFO: [Synth 8-3886] merging instance 'node_symbol_reg[91][0]' (FDCE) to 'node_symbol_reg[91][7]'
INFO: [Synth 8-3886] merging instance 'node_symbol_reg[90][0]' (FDCE) to 'node_symbol_reg[90][7]'
INFO: [Synth 8-3886] merging instance 'node_symbol_reg[89][0]' (FDCE) to 'node_symbol_reg[89][7]'
INFO: [Synth 8-3886] merging instance 'node_symbol_reg[88][0]' (FDCE) to 'node_symbol_reg[88][7]'
INFO: [Synth 8-3886] merging instance 'node_symbol_reg[87][0]' (FDCE) to 'node_symbol_reg[87][7]'
INFO: [Synth 8-3886] merging instance 'node_symbol_reg[86][0]' (FDCE) to 'node_symbol_reg[86][7]'
INFO: [Synth 8-3886] merging instance 'node_symbol_reg[85][0]' (FDCE) to 'node_symbol_reg[85][7]'
INFO: [Synth 8-3886] merging instance 'node_symbol_reg[84][0]' (FDCE) to 'node_symbol_reg[84][7]'
INFO: [Synth 8-3886] merging instance 'node_symbol_reg[83][0]' (FDCE) to 'node_symbol_reg[83][7]'
INFO: [Synth 8-3886] merging instance 'node_symbol_reg[82][0]' (FDCE) to 'node_symbol_reg[82][7]'
INFO: [Synth 8-3886] merging instance 'node_symbol_reg[81][0]' (FDCE) to 'node_symbol_reg[81][7]'
INFO: [Synth 8-3886] merging instance 'node_symbol_reg[80][0]' (FDCE) to 'node_symbol_reg[80][7]'
INFO: [Synth 8-3886] merging instance 'node_symbol_reg[79][0]' (FDCE) to 'node_symbol_reg[79][7]'
INFO: [Synth 8-3886] merging instance 'node_symbol_reg[78][0]' (FDCE) to 'node_symbol_reg[78][7]'
INFO: [Synth 8-3886] merging instance 'node_symbol_reg[77][0]' (FDCE) to 'node_symbol_reg[77][7]'
INFO: [Synth 8-3886] merging instance 'node_symbol_reg[76][0]' (FDCE) to 'node_symbol_reg[76][7]'
INFO: [Synth 8-3886] merging instance 'node_symbol_reg[75][0]' (FDCE) to 'node_symbol_reg[75][7]'
INFO: [Synth 8-3886] merging instance 'node_symbol_reg[74][0]' (FDCE) to 'node_symbol_reg[74][7]'
INFO: [Synth 8-3886] merging instance 'node_symbol_reg[73][0]' (FDCE) to 'node_symbol_reg[73][7]'
INFO: [Synth 8-3886] merging instance 'node_symbol_reg[72][0]' (FDCE) to 'node_symbol_reg[72][7]'
INFO: [Synth 8-3886] merging instance 'node_symbol_reg[71][0]' (FDCE) to 'node_symbol_reg[71][7]'
INFO: [Synth 8-3886] merging instance 'node_symbol_reg[70][0]' (FDCE) to 'node_symbol_reg[70][7]'
INFO: [Synth 8-3886] merging instance 'node_symbol_reg[69][0]' (FDCE) to 'node_symbol_reg[69][7]'
INFO: [Synth 8-3886] merging instance 'node_symbol_reg[68][0]' (FDCE) to 'node_symbol_reg[68][7]'
INFO: [Synth 8-3886] merging instance 'node_symbol_reg[67][0]' (FDCE) to 'node_symbol_reg[67][7]'
INFO: [Synth 8-3886] merging instance 'node_symbol_reg[66][0]' (FDCE) to 'node_symbol_reg[66][7]'
INFO: [Synth 8-3886] merging instance 'node_symbol_reg[65][0]' (FDCE) to 'node_symbol_reg[65][7]'
INFO: [Synth 8-3886] merging instance 'node_symbol_reg[64][0]' (FDCE) to 'node_symbol_reg[64][7]'
INFO: [Synth 8-3886] merging instance 'node_symbol_reg[124][1]' (FDCE) to 'node_symbol_reg[124][2]'
INFO: [Synth 8-3886] merging instance 'node_symbol_reg[123][1]' (FDCE) to 'node_symbol_reg[123][2]'
INFO: [Synth 8-3886] merging instance 'node_symbol_reg[122][1]' (FDCE) to 'node_symbol_reg[122][2]'
INFO: [Synth 8-3886] merging instance 'node_symbol_reg[121][1]' (FDCE) to 'node_symbol_reg[121][2]'
INFO: [Synth 8-3886] merging instance 'node_symbol_reg[120][1]' (FDCE) to 'node_symbol_reg[120][2]'
INFO: [Synth 8-3886] merging instance 'node_symbol_reg[119][1]' (FDCE) to 'node_symbol_reg[119][2]'
INFO: [Synth 8-3886] merging instance 'node_symbol_reg[118][1]' (FDCE) to 'node_symbol_reg[118][2]'
INFO: [Synth 8-3886] merging instance 'node_symbol_reg[117][1]' (FDCE) to 'node_symbol_reg[117][2]'
INFO: [Synth 8-3886] merging instance 'node_symbol_reg[116][1]' (FDCE) to 'node_symbol_reg[116][2]'
INFO: [Synth 8-3886] merging instance 'node_symbol_reg[115][1]' (FDCE) to 'node_symbol_reg[115][2]'
INFO: [Synth 8-3886] merging instance 'node_symbol_reg[114][1]' (FDCE) to 'node_symbol_reg[114][2]'
INFO: [Synth 8-3886] merging instance 'node_symbol_reg[113][1]' (FDCE) to 'node_symbol_reg[113][2]'
INFO: [Synth 8-3886] merging instance 'node_symbol_reg[112][1]' (FDCE) to 'node_symbol_reg[112][2]'
INFO: [Synth 8-3886] merging instance 'node_symbol_reg[111][1]' (FDCE) to 'node_symbol_reg[111][7]'
INFO: [Synth 8-3886] merging instance 'node_symbol_reg[110][1]' (FDCE) to 'node_symbol_reg[110][7]'
INFO: [Synth 8-3886] merging instance 'node_symbol_reg[109][1]' (FDCE) to 'node_symbol_reg[109][7]'
INFO: [Synth 8-3886] merging instance 'node_symbol_reg[108][1]' (FDCE) to 'node_symbol_reg[108][7]'
INFO: [Synth 8-3886] merging instance 'node_symbol_reg[107][1]' (FDCE) to 'node_symbol_reg[107][7]'
INFO: [Synth 8-3886] merging instance 'node_symbol_reg[106][1]' (FDCE) to 'node_symbol_reg[106][7]'
INFO: [Synth 8-3886] merging instance 'node_symbol_reg[105][1]' (FDCE) to 'node_symbol_reg[105][7]'
INFO: [Synth 8-3886] merging instance 'node_symbol_reg[104][1]' (FDCE) to 'node_symbol_reg[104][7]'
INFO: [Synth 8-3886] merging instance 'node_symbol_reg[103][1]' (FDCE) to 'node_symbol_reg[103][7]'
INFO: [Synth 8-3886] merging instance 'node_symbol_reg[102][1]' (FDCE) to 'node_symbol_reg[102][7]'
INFO: [Synth 8-3886] merging instance 'node_symbol_reg[101][1]' (FDCE) to 'node_symbol_reg[101][7]'
INFO: [Synth 8-3886] merging instance 'node_symbol_reg[100][1]' (FDCE) to 'node_symbol_reg[100][7]'
INFO: [Synth 8-3886] merging instance 'node_symbol_reg[99][1]' (FDCE) to 'node_symbol_reg[99][7]'
INFO: [Synth 8-3886] merging instance 'node_symbol_reg[98][1]' (FDCE) to 'node_symbol_reg[98][7]'
INFO: [Synth 8-3886] merging instance 'node_symbol_reg[97][1]' (FDCE) to 'node_symbol_reg[97][7]'
INFO: [Synth 8-3886] merging instance 'node_symbol_reg[96][1]' (FDCE) to 'node_symbol_reg[96][7]'
INFO: [Synth 8-3886] merging instance 'node_symbol_reg[95][1]' (FDCE) to 'node_symbol_reg[95][7]'
INFO: [Synth 8-3886] merging instance 'node_symbol_reg[94][1]' (FDCE) to 'node_symbol_reg[94][7]'
INFO: [Synth 8-3886] merging instance 'node_symbol_reg[93][1]' (FDCE) to 'node_symbol_reg[93][7]'
INFO: [Synth 8-3886] merging instance 'node_symbol_reg[92][1]' (FDCE) to 'node_symbol_reg[92][7]'
INFO: [Synth 8-3886] merging instance 'node_symbol_reg[91][1]' (FDCE) to 'node_symbol_reg[91][7]'
INFO: [Synth 8-3886] merging instance 'node_symbol_reg[90][1]' (FDCE) to 'node_symbol_reg[90][7]'
INFO: [Synth 8-3886] merging instance 'node_symbol_reg[89][1]' (FDCE) to 'node_symbol_reg[89][7]'
INFO: [Synth 8-3886] merging instance 'node_symbol_reg[88][1]' (FDCE) to 'node_symbol_reg[88][7]'
INFO: [Synth 8-3886] merging instance 'node_symbol_reg[87][1]' (FDCE) to 'node_symbol_reg[87][7]'
INFO: [Synth 8-3886] merging instance 'node_symbol_reg[86][1]' (FDCE) to 'node_symbol_reg[86][7]'
INFO: [Common 17-14] Message 'Synth 8-3886' appears 100 times and further instances of the messages will be disabled. Use the Tcl command set_msg_config to change the current settings.
INFO: [Common 17-14] Message 'Synth 8-3886' appears 100 times and further instances of the messages will be disabled. Use the Tcl command set_msg_config to change the current settings.
INFO: [Synth 8-3333] propagating constant 0 across sequential element (\node_symbol_reg[124][7] )
INFO: [Synth 8-3333] propagating constant 0 across sequential element (\node_symbol_reg[123][7] )
INFO: [Synth 8-3333] propagating constant 0 across sequential element (\node_symbol_reg[122][7] )
INFO: [Synth 8-3333] propagating constant 0 across sequential element (\node_symbol_reg[121][7] )
INFO: [Synth 8-3333] propagating constant 0 across sequential element (\node_symbol_reg[120][7] )
INFO: [Synth 8-3333] propagating constant 0 across sequential element (\node_symbol_reg[119][7] )
INFO: [Synth 8-3333] propagating constant 0 across sequential element (\node_symbol_reg[118][7] )
INFO: [Synth 8-3333] propagating constant 0 across sequential element (\node_symbol_reg[117][7] )
INFO: [Synth 8-3333] propagating constant 0 across sequential element (\node_symbol_reg[116][7] )
INFO: [Synth 8-3333] propagating constant 0 across sequential element (\node_symbol_reg[115][7] )
INFO: [Synth 8-3333] propagating constant 0 across sequential element (\node_symbol_reg[114][7] )
INFO: [Synth 8-3333] propagating constant 0 across sequential element (\node_symbol_reg[113][7] )
INFO: [Synth 8-3333] propagating constant 0 across sequential element (\node_symbol_reg[112][7] )
INFO: [Synth 8-3333] propagating constant 0 across sequential element (\node_symbol_reg[111][7] )
INFO: [Synth 8-3333] propagating constant 0 across sequential element (\node_symbol_reg[110][7] )
INFO: [Synth 8-3333] propagating constant 0 across sequential element (\node_symbol_reg[109][7] )
INFO: [Synth 8-3333] propagating constant 0 across sequential element (\node_symbol_reg[108][7] )
INFO: [Synth 8-3333] propagating constant 0 across sequential element (\node_symbol_reg[107][7] )
INFO: [Synth 8-3333] propagating constant 0 across sequential element (\node_symbol_reg[106][7] )
INFO: [Synth 8-3333] propagating constant 0 across sequential element (\node_symbol_reg[105][7] )
INFO: [Synth 8-3333] propagating constant 0 across sequential element (\node_symbol_reg[104][7] )
INFO: [Synth 8-3333] propagating constant 0 across sequential element (\node_symbol_reg[103][7] )
INFO: [Synth 8-3333] propagating constant 0 across sequential element (\node_symbol_reg[102][7] )
INFO: [Synth 8-3333] propagating constant 0 across sequential element (\node_symbol_reg[101][7] )
INFO: [Synth 8-3333] propagating constant 0 across sequential element (\node_symbol_reg[100][7] )
INFO: [Synth 8-3333] propagating constant 0 across sequential element (\node_symbol_reg[99][7] )
INFO: [Synth 8-3333] propagating constant 0 across sequential element (\node_symbol_reg[98][7] )
INFO: [Synth 8-3333] propagating constant 0 across sequential element (\node_symbol_reg[97][7] )
INFO: [Synth 8-3333] propagating constant 0 across sequential element (\node_symbol_reg[96][7] )
INFO: [Synth 8-3333] propagating constant 0 across sequential element (\node_symbol_reg[95][7] )
INFO: [Synth 8-3333] propagating constant 0 across sequential element (\node_symbol_reg[94][7] )
INFO: [Synth 8-3333] propagating constant 0 across sequential element (\node_symbol_reg[93][7] )
INFO: [Synth 8-3333] propagating constant 0 across sequential element (\node_symbol_reg[92][7] )
INFO: [Synth 8-3333] propagating constant 0 across sequential element (\node_symbol_reg[91][7] )
INFO: [Synth 8-3333] propagating constant 0 across sequential element (\node_symbol_reg[90][7] )
INFO: [Synth 8-3333] propagating constant 0 across sequential element (\node_symbol_reg[89][7] )
INFO: [Synth 8-3333] propagating constant 0 across sequential element (\node_symbol_reg[88][7] )
INFO: [Synth 8-3333] propagating constant 0 across sequential element (\node_symbol_reg[87][7] )
INFO: [Synth 8-3333] propagating constant 0 across sequential element (\node_symbol_reg[86][7] )
INFO: [Synth 8-3333] propagating constant 0 across sequential element (\node_symbol_reg[85][7] )
INFO: [Synth 8-3333] propagating constant 0 across sequential element (\node_symbol_reg[84][7] )
INFO: [Synth 8-3333] propagating constant 0 across sequential element (\node_symbol_reg[83][7] )
INFO: [Synth 8-3333] propagating constant 0 across sequential element (\node_symbol_reg[82][7] )
INFO: [Synth 8-3333] propagating constant 0 across sequential element (\node_symbol_reg[81][7] )
INFO: [Synth 8-3333] propagating constant 0 across sequential element (\node_symbol_reg[80][7] )
INFO: [Synth 8-3333] propagating constant 0 across sequential element (\node_symbol_reg[79][7] )
INFO: [Synth 8-3333] propagating constant 0 across sequential element (\node_symbol_reg[78][7] )
INFO: [Synth 8-3333] propagating constant 0 across sequential element (\node_symbol_reg[77][7] )
INFO: [Synth 8-3333] propagating constant 0 across sequential element (\node_symbol_reg[76][7] )
INFO: [Synth 8-3333] propagating constant 0 across sequential element (\node_symbol_reg[75][7] )
INFO: [Synth 8-3333] propagating constant 0 across sequential element (\node_symbol_reg[74][7] )
INFO: [Synth 8-3333] propagating constant 0 across sequential element (\node_symbol_reg[73][7] )
INFO: [Synth 8-3333] propagating constant 0 across sequential element (\node_symbol_reg[72][7] )
INFO: [Synth 8-3333] propagating constant 0 across sequential element (\node_symbol_reg[71][7] )
INFO: [Synth 8-3333] propagating constant 0 across sequential element (\node_symbol_reg[70][7] )
INFO: [Synth 8-3333] propagating constant 0 across sequential element (\node_symbol_reg[69][7] )
INFO: [Synth 8-3333] propagating constant 0 across sequential element (\node_symbol_reg[68][7] )
INFO: [Synth 8-3333] propagating constant 0 across sequential element (\node_symbol_reg[67][7] )
INFO: [Synth 8-3333] propagating constant 0 across sequential element (\node_symbol_reg[66][7] )
INFO: [Synth 8-3333] propagating constant 0 across sequential element (\node_symbol_reg[65][7] )
INFO: [Synth 8-3333] propagating constant 0 across sequential element (\node_symbol_reg[64][7] )
INFO: [Synth 8-3333] propagating constant 0 across sequential element (\node_is_leaf_reg[124] )
INFO: [Synth 8-3333] propagating constant 0 across sequential element (\node_is_leaf_reg[123] )
INFO: [Synth 8-3333] propagating constant 0 across sequential element (\node_is_leaf_reg[122] )
INFO: [Synth 8-3333] propagating constant 0 across sequential element (\node_is_leaf_reg[121] )
INFO: [Synth 8-3333] propagating constant 0 across sequential element (\node_is_leaf_reg[120] )
INFO: [Synth 8-3333] propagating constant 0 across sequential element (\node_is_leaf_reg[119] )
INFO: [Synth 8-3333] propagating constant 0 across sequential element (\node_is_leaf_reg[118] )
INFO: [Synth 8-3333] propagating constant 0 across sequential element (\node_is_leaf_reg[117] )
INFO: [Synth 8-3333] propagating constant 0 across sequential element (\node_is_leaf_reg[116] )
INFO: [Synth 8-3333] propagating constant 0 across sequential element (\node_is_leaf_reg[115] )
INFO: [Synth 8-3333] propagating constant 0 across sequential element (\node_is_leaf_reg[114] )
INFO: [Synth 8-3333] propagating constant 0 across sequential element (\node_is_leaf_reg[113] )
INFO: [Synth 8-3333] propagating constant 0 across sequential element (\node_is_leaf_reg[112] )
INFO: [Synth 8-3333] propagating constant 0 across sequential element (\node_is_leaf_reg[111] )
INFO: [Synth 8-3333] propagating constant 0 across sequential element (\node_is_leaf_reg[110] )
INFO: [Synth 8-3333] propagating constant 0 across sequential element (\node_is_leaf_reg[109] )
INFO: [Synth 8-3333] propagating constant 0 across sequential element (\node_is_leaf_reg[108] )
INFO: [Synth 8-3333] propagating constant 0 across sequential element (\node_is_leaf_reg[107] )
INFO: [Synth 8-3333] propagating constant 0 across sequential element (\node_is_leaf_reg[106] )
INFO: [Synth 8-3333] propagating constant 0 across sequential element (\node_is_leaf_reg[105] )
INFO: [Synth 8-3333] propagating constant 0 across sequential element (\node_is_leaf_reg[104] )
INFO: [Synth 8-3333] propagating constant 0 across sequential element (\node_is_leaf_reg[103] )
INFO: [Synth 8-3333] propagating constant 0 across sequential element (\node_is_leaf_reg[102] )
INFO: [Synth 8-3333] propagating constant 0 across sequential element (\node_is_leaf_reg[101] )
INFO: [Synth 8-3333] propagating constant 0 across sequential element (\node_is_leaf_reg[100] )
INFO: [Synth 8-3333] propagating constant 0 across sequential element (\node_is_leaf_reg[99] )
INFO: [Synth 8-3333] propagating constant 0 across sequential element (\node_is_leaf_reg[98] )
INFO: [Synth 8-3333] propagating constant 0 across sequential element (\node_is_leaf_reg[97] )
INFO: [Synth 8-3333] propagating constant 0 across sequential element (\node_is_leaf_reg[96] )
INFO: [Synth 8-3333] propagating constant 0 across sequential element (\node_is_leaf_reg[95] )
INFO: [Synth 8-3333] propagating constant 0 across sequential element (\node_is_leaf_reg[94] )
INFO: [Synth 8-3333] propagating constant 0 across sequential element (\node_is_leaf_reg[93] )
INFO: [Synth 8-3333] propagating constant 0 across sequential element (\node_is_leaf_reg[92] )
INFO: [Synth 8-3333] propagating constant 0 across sequential element (\node_is_leaf_reg[91] )
INFO: [Synth 8-3333] propagating constant 0 across sequential element (\node_is_leaf_reg[90] )
INFO: [Synth 8-3333] propagating constant 0 across sequential element (\node_is_leaf_reg[89] )
INFO: [Synth 8-3333] propagating constant 0 across sequential element (\node_is_leaf_reg[88] )
INFO: [Synth 8-3333] propagating constant 0 across sequential element (\node_is_leaf_reg[87] )
INFO: [Synth 8-3333] propagating constant 0 across sequential element (\node_is_leaf_reg[86] )
INFO: [Common 17-14] Message 'Synth 8-3333' appears 100 times and further instances of the messages will be disabled. Use the Tcl command set_msg_config to change the current settings.
WARNING: [Synth 8-6841] Block RAM (u_dmem_ip/mem_reg) originally specified as a Byte Wide Write Enable RAM cannot take advantage of ByteWide feature and is implemented with single write enable per RAM due to following reason.
(address width (13) is more than optimal threshold of 12. Implementing using BWWE will require more logic and timing would be suboptimal. Please use attribute ram_decomp = power if BWWE is desired.)
INFO: [Synth 8-3971] The signal "u_dmem/u_dmem_ip/mem_reg" was recognized as a true dual port RAM template.
---------------------------------------------------------------------------------
Finished Cross Boundary and Area Optimization : Time (s): cpu = 00:06:58 ; elapsed = 00:07:45 . Memory (MB): peak = 2080.590 ; gain = 1228.023
---------------------------------------------------------------------------------
---------------------------------------------------------------------------------
Start ROM, RAM, DSP, Shift Register and Retiming Reporting
---------------------------------------------------------------------------------

Block RAM: Preliminary Mapping Report (see note below)
+------------+-------------------+------------------------+---+---+------------------------+---+---+------------------+--------+--------+
|Module Name | RTL Object        | PORT A (Depth x Width) | W | R | PORT B (Depth x Width) | W | R | Ports driving FF | RAMB18 | RAMB36 | 
+------------+-------------------+------------------------+---+---+------------------------+---+---+------------------+--------+--------+
|u_dmem      | u_dmem_ip/mem_reg | 8 K x 32(READ_FIRST)   | W | R | 8 K x 32(READ_FIRST)   | W | R | Port A and B     | 0      | 8      | 
+------------+-------------------+------------------------+---+---+------------------------+---+---+------------------+--------+--------+

Note: The table above is a preliminary report that shows the Block RAMs at the current stage of the synthesis flow. Some Block RAMs may be reimplemented as non Block RAM primitives later in the synthesis flow. Multiple instantiated Block RAMs are reported only once. 
---------------------------------------------------------------------------------
Finished ROM, RAM, DSP, Shift Register and Retiming Reporting
---------------------------------------------------------------------------------
---------------------------------------------------------------------------------
Start Applying XDC Timing Constraints
---------------------------------------------------------------------------------
---------------------------------------------------------------------------------
Finished Applying XDC Timing Constraints : Time (s): cpu = 00:07:15 ; elapsed = 00:08:02 . Memory (MB): peak = 2080.590 ; gain = 1228.023
---------------------------------------------------------------------------------
---------------------------------------------------------------------------------
Start ROM, RAM, DSP, Shift Register and Retiming Reporting
---------------------------------------------------------------------------------

Block RAM: Final Mapping Report
+------------+-------------------+------------------------+---+---+------------------------+---+---+------------------+--------+--------+
|Module Name | RTL Object        | PORT A (Depth x Width) | W | R | PORT B (Depth x Width) | W | R | Ports driving FF | RAMB18 | RAMB36 | 
+------------+-------------------+------------------------+---+---+------------------------+---+---+------------------+--------+--------+
|u_dmem      | u_dmem_ip/mem_reg | 8 K x 32(READ_FIRST)   | W | R | 8 K x 32(READ_FIRST)   | W | R | Port A and B     | 0      | 8      | 
+------------+-------------------+------------------------+---+---+------------------------+---+---+------------------+--------+--------+

---------------------------------------------------------------------------------
Finished ROM, RAM, DSP, Shift Register and Retiming Reporting
---------------------------------------------------------------------------------
---------------------------------------------------------------------------------
Start Technology Mapping
---------------------------------------------------------------------------------
INFO: [Synth 8-7052] The timing for the instance u_soc/i_0/u_imem/instruction_r_reg_0 (implemented as a Block RAM) might be sub-optimal as no optional output register could be merged into the ram block. Providing additional output register may help in improving timing.
INFO: [Synth 8-7052] The timing for the instance u_soc/i_0/u_imem/instruction_r_reg_1 (implemented as a Block RAM) might be sub-optimal as no optional output register could be merged into the ram block. Providing additional output register may help in improving timing.
INFO: [Synth 8-7052] The timing for the instance u_soc/i_0/u_dmem/u_dmem_ip/mem_reg_0_0 (implemented as a Block RAM) might be sub-optimal as no optional output register could be merged into the ram block. Providing additional output register may help in improving timing.
INFO: [Synth 8-7052] The timing for the instance u_soc/i_0/u_dmem/u_dmem_ip/mem_reg_0_0 (implemented as a Block RAM) might be sub-optimal as no optional output register could be merged into the ram block. Providing additional output register may help in improving timing.
INFO: [Synth 8-7052] The timing for the instance u_soc/i_0/u_dmem/u_dmem_ip/mem_reg_0_1 (implemented as a Block RAM) might be sub-optimal as no optional output register could be merged into the ram block. Providing additional output register may help in improving timing.
INFO: [Synth 8-7052] The timing for the instance u_soc/i_0/u_dmem/u_dmem_ip/mem_reg_0_1 (implemented as a Block RAM) might be sub-optimal as no optional output register could be merged into the ram block. Providing additional output register may help in improving timing.
INFO: [Synth 8-7052] The timing for the instance u_soc/i_0/u_dmem/u_dmem_ip/mem_reg_1_0 (implemented as a Block RAM) might be sub-optimal as no optional output register could be merged into the ram block. Providing additional output register may help in improving timing.
INFO: [Synth 8-7052] The timing for the instance u_soc/i_0/u_dmem/u_dmem_ip/mem_reg_1_0 (implemented as a Block RAM) might be sub-optimal as no optional output register could be merged into the ram block. Providing additional output register may help in improving timing.
INFO: [Synth 8-7052] The timing for the instance u_soc/i_0/u_dmem/u_dmem_ip/mem_reg_1_1 (implemented as a Block RAM) might be sub-optimal as no optional output register could be merged into the ram block. Providing additional output register may help in improving timing.
INFO: [Synth 8-7052] The timing for the instance u_soc/i_0/u_dmem/u_dmem_ip/mem_reg_1_1 (implemented as a Block RAM) might be sub-optimal as no optional output register could be merged into the ram block. Providing additional output register may help in improving timing.
INFO: [Synth 8-7052] The timing for the instance u_soc/i_0/u_dmem/u_dmem_ip/mem_reg_2_0 (implemented as a Block RAM) might be sub-optimal as no optional output register could be merged into the ram block. Providing additional output register may help in improving timing.
INFO: [Synth 8-7052] The timing for the instance u_soc/i_0/u_dmem/u_dmem_ip/mem_reg_2_0 (implemented as a Block RAM) might be sub-optimal as no optional output register could be merged into the ram block. Providing additional output register may help in improving timing.
INFO: [Synth 8-7052] The timing for the instance u_soc/i_0/u_dmem/u_dmem_ip/mem_reg_2_1 (implemented as a Block RAM) might be sub-optimal as no optional output register could be merged into the ram block. Providing additional output register may help in improving timing.
INFO: [Synth 8-7052] The timing for the instance u_soc/i_0/u_dmem/u_dmem_ip/mem_reg_2_1 (implemented as a Block RAM) might be sub-optimal as no optional output register could be merged into the ram block. Providing additional output register may help in improving timing.
INFO: [Synth 8-7052] The timing for the instance u_soc/i_0/u_dmem/u_dmem_ip/mem_reg_3_0 (implemented as a Block RAM) might be sub-optimal as no optional output register could be merged into the ram block. Providing additional output register may help in improving timing.
INFO: [Synth 8-7052] The timing for the instance u_soc/i_0/u_dmem/u_dmem_ip/mem_reg_3_0 (implemented as a Block RAM) might be sub-optimal as no optional output register could be merged into the ram block. Providing additional output register may help in improving timing.
INFO: [Synth 8-7052] The timing for the instance u_soc/i_0/u_dmem/u_dmem_ip/mem_reg_3_1 (implemented as a Block RAM) might be sub-optimal as no optional output register could be merged into the ram block. Providing additional output register may help in improving timing.
INFO: [Synth 8-7052] The timing for the instance u_soc/i_0/u_dmem/u_dmem_ip/mem_reg_3_1 (implemented as a Block RAM) might be sub-optimal as no optional output register could be merged into the ram block. Providing additional output register may help in improving timing.
---------------------------------------------------------------------------------
Finished Technology Mapping : Time (s): cpu = 00:07:56 ; elapsed = 00:09:07 . Memory (MB): peak = 2080.590 ; gain = 1228.023
---------------------------------------------------------------------------------
---------------------------------------------------------------------------------
Start IO Insertion
---------------------------------------------------------------------------------
---------------------------------------------------------------------------------
Start Flattening Before IO Insertion
---------------------------------------------------------------------------------
---------------------------------------------------------------------------------
Finished Flattening Before IO Insertion
---------------------------------------------------------------------------------
---------------------------------------------------------------------------------
Start Final Netlist Cleanup
---------------------------------------------------------------------------------
---------------------------------------------------------------------------------
Finished Final Netlist Cleanup
---------------------------------------------------------------------------------
---------------------------------------------------------------------------------
Finished IO Insertion : Time (s): cpu = 00:08:13 ; elapsed = 00:09:26 . Memory (MB): peak = 2086.605 ; gain = 1234.039
---------------------------------------------------------------------------------
---------------------------------------------------------------------------------
Start Renaming Generated Instances
---------------------------------------------------------------------------------
---------------------------------------------------------------------------------
Finished Renaming Generated Instances : Time (s): cpu = 00:08:14 ; elapsed = 00:09:27 . Memory (MB): peak = 2086.605 ; gain = 1234.039
---------------------------------------------------------------------------------
---------------------------------------------------------------------------------
Start Rebuilding User Hierarchy
---------------------------------------------------------------------------------
---------------------------------------------------------------------------------
Finished Rebuilding User Hierarchy : Time (s): cpu = 00:08:21 ; elapsed = 00:09:35 . Memory (MB): peak = 2091.961 ; gain = 1239.395
---------------------------------------------------------------------------------
---------------------------------------------------------------------------------
Start Renaming Generated Ports
---------------------------------------------------------------------------------
---------------------------------------------------------------------------------
Finished Renaming Generated Ports : Time (s): cpu = 00:08:22 ; elapsed = 00:09:36 . Memory (MB): peak = 2091.961 ; gain = 1239.395
---------------------------------------------------------------------------------
---------------------------------------------------------------------------------
Start Handling Custom Attributes
---------------------------------------------------------------------------------
---------------------------------------------------------------------------------
Finished Handling Custom Attributes : Time (s): cpu = 00:08:22 ; elapsed = 00:09:36 . Memory (MB): peak = 2110.336 ; gain = 1257.770
---------------------------------------------------------------------------------
---------------------------------------------------------------------------------
Start Renaming Generated Nets
---------------------------------------------------------------------------------
---------------------------------------------------------------------------------
Finished Renaming Generated Nets : Time (s): cpu = 00:08:22 ; elapsed = 00:09:36 . Memory (MB): peak = 2110.336 ; gain = 1257.770
---------------------------------------------------------------------------------
---------------------------------------------------------------------------------
Start Writing Synthesis Report
---------------------------------------------------------------------------------

Report BlackBoxes: 
+-+--------------+----------+
| |BlackBox name |Instances |
+-+--------------+----------+
+-+--------------+----------+

Report Cell Usage: 
+------+---------+------+
|      |Cell     |Count |
+------+---------+------+
|1     |BUFG     |     1|
|2     |CARRY4   |   697|
|3     |LUT1     |   498|
|4     |LUT2     |  3869|
|5     |LUT3     |  1287|
|6     |LUT4     |  1905|
|7     |LUT5     |  2284|
|8     |LUT6     | 13396|
|9     |MUXF7    |  3021|
|10    |MUXF8    |  1052|
|11    |RAMB36E1 |    10|
|14    |FDCE     | 22353|
|15    |FDPE     |    11|
|16    |FDRE     |  2942|
|17    |FDSE     |    14|
|18    |IBUF     |     2|
|19    |OBUF     |     5|
+------+---------+------+
---------------------------------------------------------------------------------
Finished Writing Synthesis Report : Time (s): cpu = 00:08:23 ; elapsed = 00:09:37 . Memory (MB): peak = 2110.336 ; gain = 1257.770
---------------------------------------------------------------------------------
Synthesis finished with 0 errors, 0 critical warnings and 2 warnings.
Synthesis Optimization Runtime : Time (s): cpu = 00:07:02 ; elapsed = 00:09:14 . Memory (MB): peak = 2110.336 ; gain = 1128.574
Synthesis Optimization Complete : Time (s): cpu = 00:08:23 ; elapsed = 00:09:39 . Memory (MB): peak = 2110.336 ; gain = 1257.770
INFO: [Project 1-571] Translating synthesized netlist
Netlist sorting complete. Time (s): cpu = 00:00:01 ; elapsed = 00:00:00.871 . Memory (MB): peak = 2121.004 ; gain = 0.000
INFO: [Netlist 29-17] Analyzing 4780 Unisim elements for replacement
INFO: [Netlist 29-28] Unisim Transformation completed in 0 CPU seconds
INFO: [Project 1-570] Preparing netlist for logic optimization
Parsing XDC File [H:/Academic/senior_project/DATN/work/luc/AES_huffman_all6/vivado/constraints/zedboard_demo.xdc]
Finished Parsing XDC File [H:/Academic/senior_project/DATN/work/luc/AES_huffman_all6/vivado/constraints/zedboard_demo.xdc]
Parsing XDC File [H:/Academic/senior_project/DATN/work/luc/AES_huffman_all6/vivado/build/rv32_soc_synth_tx/auto_clock.xdc]
Finished Parsing XDC File [H:/Academic/senior_project/DATN/work/luc/AES_huffman_all6/vivado/build/rv32_soc_synth_tx/auto_clock.xdc]
INFO: [Opt 31-138] Pushed 0 inverter(s) to 0 load pin(s).
Netlist sorting complete. Time (s): cpu = 00:00:00 ; elapsed = 00:00:00.024 . Memory (MB): peak = 2130.746 ; gain = 0.000
INFO: [Project 1-111] Unisim Transformation Summary:
No Unisim elements were transformed.

Synth Design complete | Checksum: c7815591
INFO: [Common 17-83] Releasing license: Synthesis
355 Infos, 48 Warnings, 0 Critical Warnings and 0 Errors encountered.
synth_design completed successfully
synth_design: Time (s): cpu = 00:08:50 ; elapsed = 00:10:16 . Memory (MB): peak = 2130.746 ; gain = 1511.805
# report_utilization -file [file join $report_dir "post_synth_utilization.rpt"]
# report_timing_summary -file [file join $report_dir "post_synth_timing_summary.rpt"]
INFO: [Timing 38-35] Done setting XDC timing constraints.
INFO: [Timing 38-91] UpdateTimingParams: Speed grade: -1, Delay Type: min_max.
INFO: [Timing 38-191] Multithreading enabled for timing update using a maximum of 2 CPUs
report_timing_summary: Time (s): cpu = 00:00:48 ; elapsed = 00:00:39 . Memory (MB): peak = 2342.758 ; gain = 212.012
# report_drc -file [file join $report_dir "post_synth_drc.rpt"]
Command: report_drc -file H:/Academic/senior_project/DATN/work/luc/AES_huffman_all6/vivado/build/rv32_soc_synth_tx/reports/post_synth_drc.rpt
INFO: [IP_Flow 19-234] Refreshing IP repositories
INFO: [IP_Flow 19-1704] No user IP repositories specified
INFO: [IP_Flow 19-2313] Loaded Vivado IP repository 'H:/From_software/Vivado/Vivado/Vivado/2024.2/data/ip'.
INFO: [DRC 23-27] Running DRC with 2 threads
INFO: [Vivado_Tcl 2-168] The results of DRC are in file H:/Academic/senior_project/DATN/work/luc/AES_huffman_all6/vivado/build/rv32_soc_synth_tx/reports/post_synth_drc.rpt.
report_drc completed successfully
report_drc: Time (s): cpu = 00:00:18 ; elapsed = 00:00:16 . Memory (MB): peak = 2413.824 ; gain = 71.066
# write_checkpoint -force [file join $build_dir "post_synth.dcp"]
INFO: [Timing 38-480] Writing timing data to binary archive.
Wrote PlaceDB: Time (s): cpu = 00:00:00 ; elapsed = 00:00:00.003 . Memory (MB): peak = 2413.824 ; gain = 0.000
Wrote PulsedLatchDB: Time (s): cpu = 00:00:00 ; elapsed = 00:00:00 . Memory (MB): peak = 2413.824 ; gain = 0.000
Writing XDEF routing.
Writing XDEF routing logical nets.
Writing XDEF routing special nets.
Wrote RouteStorage: Time (s): cpu = 00:00:01 ; elapsed = 00:00:00.287 . Memory (MB): peak = 2413.824 ; gain = 0.000
Wrote Netlist Cache: Time (s): cpu = 00:00:00 ; elapsed = 00:00:00 . Memory (MB): peak = 2413.824 ; gain = 0.000
Write ShapeDB Complete: Time (s): cpu = 00:00:01 ; elapsed = 00:00:00.337 . Memory (MB): peak = 2413.824 ; gain = 0.000
Wrote Device Cache: Time (s): cpu = 00:00:01 ; elapsed = 00:00:00.083 . Memory (MB): peak = 2416.000 ; gain = 2.176
Write Physdb Complete: Time (s): cpu = 00:00:02 ; elapsed = 00:00:00.408 . Memory (MB): peak = 2416.000 ; gain = 2.176
INFO: [Common 17-1381] The checkpoint 'H:/Academic/senior_project/DATN/work/luc/AES_huffman_all6/vivado/build/rv32_soc_synth_tx/post_synth.dcp' has been generated.
write_checkpoint: Time (s): cpu = 00:00:15 ; elapsed = 00:00:15 . Memory (MB): peak = 2419.707 ; gain = 5.883
# if {$flow eq "synth"} {
#   puts "INFO: synth flow completed."
# } elseif {$flow eq "impl" || $flow eq "bit"} {
#   opt_design
#   place_design
#   phys_opt_design
#   route_design
#   phys_opt_design
# 
#   report_route_status -file [file join $report_dir "post_impl_route_status.rpt"]
#   report_utilization -file [file join $report_dir "post_impl_utilization.rpt"]
#   report_timing_summary -file [file join $report_dir "post_impl_timing_summary.rpt"]
#   report_drc -file [file join $report_dir "post_impl_drc.rpt"]
#   report_power -file [file join $report_dir "post_impl_power.rpt"]
#   write_checkpoint -force [file join $build_dir "post_route.dcp"]
#   copy_reports_to_sim $report_dir $sim_dir $project_name
# 
#   set setup_paths [get_timing_paths -max_paths 1 -nworst 1 -setup]
#   if {[llength $setup_paths] > 0} {
#     set wns [get_property SLACK [lindex $setup_paths 0]]
#     puts "INFO: post-route setup WNS=$wns ns"
#     if {$wns < 0.0} {
#       error "Post-route timing failed: WNS=$wns ns"
#     }
#   } else {
#     puts "WARNING: no setup timing path returned by get_timing_paths"
#   }
# 
#   if {$flow eq "bit"} {
#     set bit_file [file join $report_dir "${top_name}.bit"]
#     write_bitstream -force $bit_file
#     file mkdir [file join $sim_dir "vivado_bitstreams"]
#     file copy -force $bit_file [file join $sim_dir "vivado_bitstreams" "${project_name}.bit"]
#     file copy -force $bit_file [file join $sim_dir "vivado_bitstreams" "${project_name}_${top_name}.bit"]
#   }
# } else {
#   error "Unsupported VIVADO_FLOW=$flow. Use synth, impl, or bit."
# }
Command: opt_design
Attempting to get a license for feature 'Implementation' and/or device 'xc7z020'
INFO: [Common 17-349] Got license for feature 'Implementation' and/or device 'xc7z020'
Running DRC as a precondition to command opt_design

Starting DRC Task
INFO: [DRC 23-27] Running DRC with 2 threads
INFO: [Project 1-461] DRC finished with 0 Errors
INFO: [Project 1-462] Please refer to the DRC report (report_drc) for more information.

Time (s): cpu = 00:00:06 ; elapsed = 00:00:04 . Memory (MB): peak = 2439.449 ; gain = 19.742

Starting Cache Timing Information Task
Ending Cache Timing Information Task | Checksum: 1d4ec3275

Time (s): cpu = 00:00:00 ; elapsed = 00:00:00.027 . Memory (MB): peak = 2439.449 ; gain = 0.000

Starting Logic Optimization Task

Phase 1 Initialization

Phase 1.1 Core Generation And Design Setup
Phase 1.1 Core Generation And Design Setup | Checksum: 1d4ec3275

Time (s): cpu = 00:00:00 ; elapsed = 00:00:00.063 . Memory (MB): peak = 2767.727 ; gain = 0.000

Phase 1.2 Setup Constraints And Sort Netlist
Phase 1.2 Setup Constraints And Sort Netlist | Checksum: 1d4ec3275

Time (s): cpu = 00:00:00 ; elapsed = 00:00:00.121 . Memory (MB): peak = 2767.727 ; gain = 0.000
Phase 1 Initialization | Checksum: 1d4ec3275

Time (s): cpu = 00:00:00 ; elapsed = 00:00:00.136 . Memory (MB): peak = 2767.727 ; gain = 0.000

Phase 2 Timer Update And Timing Data Collection

Phase 2.1 Timer Update
Phase 2.1 Timer Update | Checksum: 1d4ec3275

Time (s): cpu = 00:00:04 ; elapsed = 00:00:03 . Memory (MB): peak = 2767.727 ; gain = 0.000

Phase 2.2 Timing Data Collection
Phase 2.2 Timing Data Collection | Checksum: 1d4ec3275

Time (s): cpu = 00:00:04 ; elapsed = 00:00:03 . Memory (MB): peak = 2767.727 ; gain = 0.000
Phase 2 Timer Update And Timing Data Collection | Checksum: 1d4ec3275

Time (s): cpu = 00:00:04 ; elapsed = 00:00:03 . Memory (MB): peak = 2767.727 ; gain = 0.000

Phase 3 Retarget
INFO: [Opt 31-1851] Number of loadless carry chains removed were: 0
INFO: [Opt 31-1834] Total Chains To Be Transformed Were: 0 AND Number of Transformed insts Created are: 0
INFO: [Opt 31-1566] Pulled 4 inverters resulting in an inversion of 28 pins
INFO: [Opt 31-138] Pushed 0 inverter(s) to 0 load pin(s).
INFO: [Opt 31-49] Retargeted 0 cell(s).
Phase 3 Retarget | Checksum: 17833c7ee

Time (s): cpu = 00:00:07 ; elapsed = 00:00:06 . Memory (MB): peak = 2767.727 ; gain = 0.000
Retarget | Checksum: 17833c7ee
INFO: [Opt 31-389] Phase Retarget created 145 cells and removed 153 cells

Phase 4 Constant propagation
INFO: [Opt 31-138] Pushed 0 inverter(s) to 0 load pin(s).
Phase 4 Constant propagation | Checksum: 16258448d

Time (s): cpu = 00:00:08 ; elapsed = 00:00:08 . Memory (MB): peak = 2767.727 ; gain = 0.000
Constant propagation | Checksum: 16258448d
INFO: [Opt 31-389] Phase Constant propagation created 5 cells and removed 996 cells

Phase 5 Sweep
INFO: [Constraints 18-11670] Building netlist checker database with flags, 0x8
Done building netlist checker database: Time (s): cpu = 00:00:00 ; elapsed = 00:00:00.039 . Memory (MB): peak = 2767.727 ; gain = 0.000
INFO: [Constraints 18-11670] Building netlist checker database with flags, 0x8
Done building netlist checker database: Time (s): cpu = 00:00:00 ; elapsed = 00:00:00.024 . Memory (MB): peak = 2767.727 ; gain = 0.000
Phase 5 Sweep | Checksum: 1ae5d84e8

Time (s): cpu = 00:00:10 ; elapsed = 00:00:10 . Memory (MB): peak = 2767.727 ; gain = 0.000
Sweep | Checksum: 1ae5d84e8
INFO: [Opt 31-389] Phase Sweep created 0 cells and removed 0 cells

Phase 6 BUFG optimization
Phase 6 BUFG optimization | Checksum: 1ae5d84e8

Time (s): cpu = 00:00:12 ; elapsed = 00:00:11 . Memory (MB): peak = 2767.727 ; gain = 0.000
BUFG optimization | Checksum: 1ae5d84e8
INFO: [Opt 31-662] Phase BUFG optimization created 0 cells of which 0 are BUFGs and removed 0 cells.

Phase 7 Shift Register Optimization
INFO: [Opt 31-1064] SRL Remap converted 0 SRLs to 0 registers and converted 0 registers of register chains to 0 SRLs
Phase 7 Shift Register Optimization | Checksum: 1ae5d84e8

Time (s): cpu = 00:00:12 ; elapsed = 00:00:11 . Memory (MB): peak = 2767.727 ; gain = 0.000
Shift Register Optimization | Checksum: 1ae5d84e8
INFO: [Opt 31-389] Phase Shift Register Optimization created 0 cells and removed 0 cells

Phase 8 Post Processing Netlist
Phase 8 Post Processing Netlist | Checksum: 1ae5d84e8

Time (s): cpu = 00:00:12 ; elapsed = 00:00:11 . Memory (MB): peak = 2767.727 ; gain = 0.000
Post Processing Netlist | Checksum: 1ae5d84e8
INFO: [Opt 31-389] Phase Post Processing Netlist created 0 cells and removed 0 cells

Phase 9 Finalization

Phase 9.1 Finalizing Design Cores and Updating Shapes
Phase 9.1 Finalizing Design Cores and Updating Shapes | Checksum: 2841ff4a1

Time (s): cpu = 00:00:14 ; elapsed = 00:00:13 . Memory (MB): peak = 2767.727 ; gain = 0.000

Phase 9.2 Verifying Netlist Connectivity

Starting Connectivity Check Task

Time (s): cpu = 00:00:00 ; elapsed = 00:00:00.220 . Memory (MB): peak = 2767.727 ; gain = 0.000
Phase 9.2 Verifying Netlist Connectivity | Checksum: 2841ff4a1

Time (s): cpu = 00:00:14 ; elapsed = 00:00:13 . Memory (MB): peak = 2767.727 ; gain = 0.000
Phase 9 Finalization | Checksum: 2841ff4a1

Time (s): cpu = 00:00:14 ; elapsed = 00:00:13 . Memory (MB): peak = 2767.727 ; gain = 0.000
Opt_design Change Summary
=========================


-------------------------------------------------------------------------------------------------------------------------
|  Phase                        |  #Cells created  |  #Cells Removed  |  #Constrained objects preventing optimizations  |
-------------------------------------------------------------------------------------------------------------------------
|  Retarget                     |             145  |             153  |                                              0  |
|  Constant propagation         |               5  |             996  |                                              0  |
|  Sweep                        |               0  |               0  |                                              0  |
|  BUFG optimization            |               0  |               0  |                                              0  |
|  Shift Register Optimization  |               0  |               0  |                                              0  |
|  Post Processing Netlist      |               0  |               0  |                                              0  |
-------------------------------------------------------------------------------------------------------------------------


Ending Logic Optimization Task | Checksum: 2841ff4a1

Time (s): cpu = 00:00:14 ; elapsed = 00:00:13 . Memory (MB): peak = 2767.727 ; gain = 0.000

Starting Power Optimization Task
INFO: [Pwropt 34-132] Skipping clock gating for clocks with a period < 2.00 ns.
INFO: [Pwropt 34-9] Applying IDT optimizations ...
INFO: [Pwropt 34-10] Applying ODC optimizations ...
INFO: [Timing 38-35] Done setting XDC timing constraints.
Running Vector-less Activity Propagation...

Finished Running Vector-less Activity Propagation


Starting PowerOpt Patch Enables Task
INFO: [Pwropt 34-162] WRITE_MODE attribute of 0 BRAM(s) out of a total of 10 has been updated to save power. Run report_power_opt to get a complete listing of the BRAMs updated.
INFO: [Pwropt 34-201] Structural ODC has moved 0 WE to EN ports
Number of BRAM Ports augmented: 0 newly gated: 0 Total Ports: 20
Ending PowerOpt Patch Enables Task | Checksum: 2841ff4a1

Time (s): cpu = 00:00:00 ; elapsed = 00:00:00.382 . Memory (MB): peak = 2890.391 ; gain = 0.000
Ending Power Optimization Task | Checksum: 2841ff4a1

Time (s): cpu = 00:00:38 ; elapsed = 00:00:19 . Memory (MB): peak = 2890.391 ; gain = 122.664

Starting Final Cleanup Task
Ending Final Cleanup Task | Checksum: 2841ff4a1

Time (s): cpu = 00:00:00 ; elapsed = 00:00:00.013 . Memory (MB): peak = 2890.391 ; gain = 0.000

Starting Netlist Obfuscation Task
Netlist sorting complete. Time (s): cpu = 00:00:00 ; elapsed = 00:00:00.035 . Memory (MB): peak = 2890.391 ; gain = 0.000
Ending Netlist Obfuscation Task | Checksum: 2841ff4a1

Time (s): cpu = 00:00:00 ; elapsed = 00:00:00.047 . Memory (MB): peak = 2890.391 ; gain = 0.000
INFO: [Common 17-83] Releasing license: Implementation
26 Infos, 0 Warnings, 0 Critical Warnings and 0 Errors encountered.
opt_design completed successfully
opt_design: Time (s): cpu = 00:01:06 ; elapsed = 00:00:44 . Memory (MB): peak = 2890.391 ; gain = 470.684
Command: place_design
Attempting to get a license for feature 'Implementation' and/or device 'xc7z020'
INFO: [Common 17-349] Got license for feature 'Implementation' and/or device 'xc7z020'
INFO: [Common 17-83] Releasing license: Implementation
INFO: [DRC 23-27] Running DRC with 2 threads
INFO: [Vivado_Tcl 4-198] DRC finished with 0 Errors
INFO: [Vivado_Tcl 4-199] Please refer to the DRC report (report_drc) for more information.
Running DRC as a precondition to command place_design
INFO: [DRC 23-27] Running DRC with 2 threads
INFO: [Vivado_Tcl 4-198] DRC finished with 0 Errors
INFO: [Vivado_Tcl 4-199] Please refer to the DRC report (report_drc) for more information.
INFO: [Place 30-611] Multithreading enabled for place_design using a maximum of 2 CPUs

Starting Placer Task

Phase 1 Placer Initialization

Phase 1.1 Placer Initialization Netlist Sorting
Netlist sorting complete. Time (s): cpu = 00:00:00 ; elapsed = 00:00:00.030 . Memory (MB): peak = 2890.391 ; gain = 0.000
Phase 1.1 Placer Initialization Netlist Sorting | Checksum: 1accf3b17

Time (s): cpu = 00:00:00 ; elapsed = 00:00:00.050 . Memory (MB): peak = 2890.391 ; gain = 0.000
Netlist sorting complete. Time (s): cpu = 00:00:00 ; elapsed = 00:00:00.037 . Memory (MB): peak = 2890.391 ; gain = 0.000

Phase 1.2 IO Placement/ Clock Placement/ Build Placer Device
INFO: [Timing 38-35] Done setting XDC timing constraints.
Phase 1.2 IO Placement/ Clock Placement/ Build Placer Device | Checksum: 1f15258a6

Time (s): cpu = 00:00:11 ; elapsed = 00:00:09 . Memory (MB): peak = 2890.391 ; gain = 0.000

Phase 1.3 Build Placer Netlist Model
Phase 1.3 Build Placer Netlist Model | Checksum: 2023df332

Time (s): cpu = 00:00:36 ; elapsed = 00:00:28 . Memory (MB): peak = 2890.391 ; gain = 0.000

Phase 1.4 Constrain Clocks/Macros
Phase 1.4 Constrain Clocks/Macros | Checksum: 2023df332

Time (s): cpu = 00:00:36 ; elapsed = 00:00:28 . Memory (MB): peak = 2890.391 ; gain = 0.000
Phase 1 Placer Initialization | Checksum: 2023df332

Time (s): cpu = 00:00:36 ; elapsed = 00:00:29 . Memory (MB): peak = 2890.391 ; gain = 0.000

Phase 2 Global Placement

Phase 2.1 Floorplanning
Phase 2.1 Floorplanning | Checksum: 2b18af131

Time (s): cpu = 00:00:49 ; elapsed = 00:00:37 . Memory (MB): peak = 2890.391 ; gain = 0.000

Phase 2.2 Update Timing before SLR Path Opt
Phase 2.2 Update Timing before SLR Path Opt | Checksum: 2cd30ecba

Time (s): cpu = 00:00:58 ; elapsed = 00:00:43 . Memory (MB): peak = 2890.391 ; gain = 0.000

Phase 2.3 Post-Processing in Floorplanning
Phase 2.3 Post-Processing in Floorplanning | Checksum: 2cd30ecba

Time (s): cpu = 00:00:59 ; elapsed = 00:00:43 . Memory (MB): peak = 2890.391 ; gain = 0.000

Phase 2.4 Global Place Phase1
Phase 2.4 Global Place Phase1 | Checksum: 1f5283fed

Time (s): cpu = 00:02:25 ; elapsed = 00:01:42 . Memory (MB): peak = 2890.391 ; gain = 0.000

Phase 2.5 Global Place Phase2

Phase 2.5.1 UpdateTiming Before Physical Synthesis
Phase 2.5.1 UpdateTiming Before Physical Synthesis | Checksum: 1f5283fed

Time (s): cpu = 00:02:34 ; elapsed = 00:01:48 . Memory (MB): peak = 2890.391 ; gain = 0.000

Phase 2.5.2 Physical Synthesis In Placer
INFO: [Physopt 32-1035] Found 0 LUTNM shape to break, 1103 LUT instances to create LUTNM shape
INFO: [Physopt 32-1044] Break lutnm for timing: one critical 0, two critical 0, total 0, new lutff created 0
INFO: [Physopt 32-1138] End 1 Pass. Optimized 462 nets or LUTs. Breaked 0 LUT, combined 462 existing LUTs and moved 0 existing LUT
INFO: [Physopt 32-65] No nets found for high-fanout optimization.
INFO: [Physopt 32-232] Optimized 0 net. Created 0 new instance.
INFO: [Physopt 32-775] End 1 Pass. Optimized 0 net or cell. Created 0 new cell, deleted 0 existing cell and moved 0 existing cell
INFO: [Physopt 32-670] No setup violation found.  DSP Register Optimization was not performed.
INFO: [Physopt 32-670] No setup violation found.  Shift Register to Pipeline Optimization was not performed.
INFO: [Physopt 32-670] No setup violation found.  Shift Register Optimization was not performed.
INFO: [Physopt 32-670] No setup violation found.  BRAM Register Optimization was not performed.
INFO: [Physopt 32-670] No setup violation found.  URAM Register Optimization was not performed.
INFO: [Physopt 32-949] No candidate nets found for dynamic/static region interface net replication
INFO: [Physopt 32-775] End 1 Pass. Optimized 0 net or cell. Created 0 new cell, deleted 0 existing cell and moved 0 existing cell
Netlist sorting complete. Time (s): cpu = 00:00:00 ; elapsed = 00:00:00.017 . Memory (MB): peak = 2890.391 ; gain = 0.000

Summary of Physical Synthesis Optimizations
============================================


-----------------------------------------------------------------------------------------------------------------------------------------------------------
|  Optimization                                     |  Added Cells  |  Removed Cells  |  Optimized Cells/Nets  |  Dont Touch  |  Iterations  |  Elapsed   |
-----------------------------------------------------------------------------------------------------------------------------------------------------------
|  LUT Combining                                    |            0  |            462  |                   462  |           0  |           1  |  00:00:03  |
|  Retime                                           |            0  |              0  |                     0  |           0  |           1  |  00:00:00  |
|  Very High Fanout                                 |            0  |              0  |                     0  |           0  |           1  |  00:00:00  |
|  DSP Register                                     |            0  |              0  |                     0  |           0  |           0  |  00:00:00  |
|  Shift Register to Pipeline                       |            0  |              0  |                     0  |           0  |           0  |  00:00:00  |
|  Shift Register                                   |            0  |              0  |                     0  |           0  |           0  |  00:00:00  |
|  BRAM Register                                    |            0  |              0  |                     0  |           0  |           0  |  00:00:00  |
|  URAM Register                                    |            0  |              0  |                     0  |           0  |           0  |  00:00:00  |
|  Dynamic/Static Region Interface Net Replication  |            0  |              0  |                     0  |           0  |           1  |  00:00:00  |
|  Total                                            |            0  |            462  |                   462  |           0  |           4  |  00:00:04  |
-----------------------------------------------------------------------------------------------------------------------------------------------------------


Phase 2.5.2 Physical Synthesis In Placer | Checksum: 1b893525a

Time (s): cpu = 00:02:44 ; elapsed = 00:01:56 . Memory (MB): peak = 2890.391 ; gain = 0.000
Phase 2.5 Global Place Phase2 | Checksum: 21e4a43d0

Time (s): cpu = 00:02:47 ; elapsed = 00:01:58 . Memory (MB): peak = 2890.391 ; gain = 0.000
Phase 2 Global Placement | Checksum: 21e4a43d0

Time (s): cpu = 00:02:47 ; elapsed = 00:01:58 . Memory (MB): peak = 2890.391 ; gain = 0.000

Phase 3 Detail Placement

Phase 3.1 Commit Multi Column Macros
Phase 3.1 Commit Multi Column Macros | Checksum: 152a0043c

Time (s): cpu = 00:02:54 ; elapsed = 00:02:03 . Memory (MB): peak = 2890.391 ; gain = 0.000

Phase 3.2 Commit Most Macros & LUTRAMs
Phase 3.2 Commit Most Macros & LUTRAMs | Checksum: 189271e72

Time (s): cpu = 00:03:03 ; elapsed = 00:02:09 . Memory (MB): peak = 2890.391 ; gain = 0.000

Phase 3.3 Area Swap Optimization
Phase 3.3 Area Swap Optimization | Checksum: fd8f16b0

Time (s): cpu = 00:03:04 ; elapsed = 00:02:10 . Memory (MB): peak = 2890.391 ; gain = 0.000

Phase 3.4 Pipeline Register Optimization
Phase 3.4 Pipeline Register Optimization | Checksum: 16c63c28d

Time (s): cpu = 00:03:04 ; elapsed = 00:02:10 . Memory (MB): peak = 2890.391 ; gain = 0.000

Phase 3.5 Small Shape Detail Placement
Phase 3.5 Small Shape Detail Placement | Checksum: 116ef69f9

Time (s): cpu = 00:03:44 ; elapsed = 00:03:06 . Memory (MB): peak = 2890.391 ; gain = 0.000

Phase 3.6 Re-assign LUT pins
Phase 3.6 Re-assign LUT pins | Checksum: c64dcf6c

Time (s): cpu = 00:03:46 ; elapsed = 00:03:08 . Memory (MB): peak = 2890.391 ; gain = 0.000

Phase 3.7 Pipeline Register Optimization
Phase 3.7 Pipeline Register Optimization | Checksum: 159701351

Time (s): cpu = 00:03:46 ; elapsed = 00:03:08 . Memory (MB): peak = 2890.391 ; gain = 0.000
Phase 3 Detail Placement | Checksum: 159701351

Time (s): cpu = 00:03:47 ; elapsed = 00:03:09 . Memory (MB): peak = 2890.391 ; gain = 0.000

Phase 4 Post Placement Optimization and Clean-Up

Phase 4.1 Post Commit Optimization
INFO: [Timing 38-35] Done setting XDC timing constraints.

Phase 4.1.1 Post Placement Optimization
Post Placement Optimization Initialization | Checksum: 18f13557e

Phase 4.1.1.1 BUFG Insertion

Starting Physical Synthesis Task

Phase 1 Physical Synthesis Initialization
INFO: [Physopt 32-721] Multithreading enabled for phys_opt_design using a maximum of 2 CPUs
INFO: [Physopt 32-619] Estimated Timing Summary | WNS=3.418 | TNS=0.000 |
Phase 1 Physical Synthesis Initialization | Checksum: 20f9af2b7

Time (s): cpu = 00:00:04 ; elapsed = 00:00:02 . Memory (MB): peak = 2890.391 ; gain = 0.000
INFO: [Place 46-33] Processed net u_uart_dmem_loader/rst_i, BUFG insertion was skipped due to placement/routing conflicts.
INFO: [Place 46-56] BUFG insertion identified 1 candidate nets. Inserted BUFG: 0, Replicated BUFG Driver: 0, Skipped due to Placement/Routing Conflicts: 1, Skipped due to Timing Degradation: 0, Skipped due to netlist editing failed: 0.
Ending Physical Synthesis Task | Checksum: 1e8e5201e

Time (s): cpu = 00:00:07 ; elapsed = 00:00:05 . Memory (MB): peak = 2890.391 ; gain = 0.000
Phase 4.1.1.1 BUFG Insertion | Checksum: 18f13557e

Time (s): cpu = 00:04:14 ; elapsed = 00:03:27 . Memory (MB): peak = 2890.391 ; gain = 0.000

Phase 4.1.1.2 Post Placement Timing Optimization
INFO: [Place 30-746] Post Placement Timing Summary WNS=3.418. For the most accurate timing information please run report_timing.
Phase 4.1.1.2 Post Placement Timing Optimization | Checksum: 14d5c354e

Time (s): cpu = 00:04:14 ; elapsed = 00:03:27 . Memory (MB): peak = 2890.391 ; gain = 0.000

Time (s): cpu = 00:04:14 ; elapsed = 00:03:27 . Memory (MB): peak = 2890.391 ; gain = 0.000
Phase 4.1 Post Commit Optimization | Checksum: 14d5c354e

Time (s): cpu = 00:04:15 ; elapsed = 00:03:28 . Memory (MB): peak = 2890.391 ; gain = 0.000

Phase 4.2 Post Placement Cleanup
Phase 4.2 Post Placement Cleanup | Checksum: 14d5c354e

Time (s): cpu = 00:04:16 ; elapsed = 00:03:29 . Memory (MB): peak = 2890.391 ; gain = 0.000

Phase 4.3 Placer Reporting

Phase 4.3.1 Print Estimated Congestion
INFO: [Place 30-612] Post-Placement Estimated Congestion 
 ____________________________________________________
|           | Global Congestion | Short Congestion  |
| Direction | Region Size       | Region Size       |
|___________|___________________|___________________|
|      North|                1x1|                2x2|
|___________|___________________|___________________|
|      South|                1x1|                2x2|
|___________|___________________|___________________|
|       East|                1x1|                2x2|
|___________|___________________|___________________|
|       West|                1x1|                1x1|
|___________|___________________|___________________|

Phase 4.3.1 Print Estimated Congestion | Checksum: 14d5c354e

Time (s): cpu = 00:04:17 ; elapsed = 00:03:29 . Memory (MB): peak = 2890.391 ; gain = 0.000
Phase 4.3 Placer Reporting | Checksum: 14d5c354e

Time (s): cpu = 00:04:17 ; elapsed = 00:03:29 . Memory (MB): peak = 2890.391 ; gain = 0.000

Phase 4.4 Final Placement Cleanup
Netlist sorting complete. Time (s): cpu = 00:00:00 ; elapsed = 00:00:00.030 . Memory (MB): peak = 2890.391 ; gain = 0.000

Time (s): cpu = 00:04:17 ; elapsed = 00:03:29 . Memory (MB): peak = 2890.391 ; gain = 0.000
Phase 4 Post Placement Optimization and Clean-Up | Checksum: c612e939

Time (s): cpu = 00:04:18 ; elapsed = 00:03:30 . Memory (MB): peak = 2890.391 ; gain = 0.000
Ending Placer Task | Checksum: 8a4b1a7f

Time (s): cpu = 00:04:19 ; elapsed = 00:03:30 . Memory (MB): peak = 2890.391 ; gain = 0.000
56 Infos, 0 Warnings, 0 Critical Warnings and 0 Errors encountered.
place_design completed successfully
place_design: Time (s): cpu = 00:04:31 ; elapsed = 00:03:38 . Memory (MB): peak = 2890.391 ; gain = 0.000
Command: phys_opt_design
Attempting to get a license for feature 'Implementation' and/or device 'xc7z020'
INFO: [Common 17-349] Got license for feature 'Implementation' and/or device 'xc7z020'

Starting Initial Update Timing Task

Time (s): cpu = 00:00:15 ; elapsed = 00:00:09 . Memory (MB): peak = 2890.391 ; gain = 0.000
INFO: [Vivado_Tcl 4-2279] Estimated Timing Summary | WNS= 3.418 | TNS= 0.000 | 
INFO: [Vivado_Tcl 4-383] Design worst setup slack (WNS) is greater than or equal to 0.000 ns. All physical synthesis setup optimizations will be skipped.
INFO: [Vivado_Tcl 4-232] No setup violation found. The netlist was not modified.
INFO: [Common 17-83] Releasing license: Implementation
61 Infos, 0 Warnings, 0 Critical Warnings and 0 Errors encountered.
phys_opt_design completed successfully
phys_opt_design: Time (s): cpu = 00:00:15 ; elapsed = 00:00:09 . Memory (MB): peak = 2890.391 ; gain = 0.000
Command: route_design
Attempting to get a license for feature 'Implementation' and/or device 'xc7z020'
INFO: [Common 17-349] Got license for feature 'Implementation' and/or device 'xc7z020'


Starting Routing Task
INFO: [Route 35-254] Multithreading enabled for route_design using a maximum of 2 CPUs

Phase 1 Build RT Design
Checksum: PlaceDB: 40cfa961 ConstDB: 0 ShapeSum: 3381fe2e RouteDB: 15f972f0
Post Restoration Checksum: NetGraph: adb892ae | NumContArr: b96cf92e | Constraints: c2a8fa9d | Timing: c2a8fa9d
Phase 1 Build RT Design | Checksum: 2ec778116

Time (s): cpu = 00:01:05 ; elapsed = 00:00:55 . Memory (MB): peak = 2890.391 ; gain = 0.000

Phase 2 Router Initialization

Phase 2.1 Fix Topology Constraints
Phase 2.1 Fix Topology Constraints | Checksum: 2ec778116

Time (s): cpu = 00:01:05 ; elapsed = 00:00:56 . Memory (MB): peak = 2890.391 ; gain = 0.000

Phase 2.2 Pre Route Cleanup
Phase 2.2 Pre Route Cleanup | Checksum: 2ec778116

Time (s): cpu = 00:01:06 ; elapsed = 00:00:56 . Memory (MB): peak = 2890.391 ; gain = 0.000
 Number of Nodes with overlaps = 0

Phase 2.3 Update Timing
Phase 2.3 Update Timing | Checksum: 232527b7b

Time (s): cpu = 00:01:26 ; elapsed = 00:01:10 . Memory (MB): peak = 2894.387 ; gain = 3.996
INFO: [Route 35-416] Intermediate Timing Summary | WNS=3.684  | TNS=0.000  | WHS=-0.142 | THS=-60.898|


Router Utilization Summary
  Global Vertical Routing Utilization    = 0 %
  Global Horizontal Routing Utilization  = 0 %
  Routable Net Status*
  *Does not include unroutable nets such as driverless and loadless.
  Run report_route_status for detailed report.
  Number of Failed Nets               = 38326
    (Failed Nets is the sum of unrouted and partially routed nets)
  Number of Unrouted Nets             = 38326
  Number of Partially Routed Nets     = 0
  Number of Node Overlaps             = 0

Phase 2 Router Initialization | Checksum: 25f7c8603

Time (s): cpu = 00:01:34 ; elapsed = 00:01:15 . Memory (MB): peak = 2894.387 ; gain = 3.996

Phase 3 Global Routing
Phase 3 Global Routing | Checksum: 25f7c8603

Time (s): cpu = 00:01:35 ; elapsed = 00:01:15 . Memory (MB): peak = 2894.387 ; gain = 3.996

Phase 4 Initial Routing

Phase 4.1 Initial Net Routing Pass
Phase 4.1 Initial Net Routing Pass | Checksum: 1d953c9bc

Time (s): cpu = 00:01:49 ; elapsed = 00:01:23 . Memory (MB): peak = 2894.387 ; gain = 3.996
Phase 4 Initial Routing | Checksum: 1d953c9bc

Time (s): cpu = 00:01:49 ; elapsed = 00:01:23 . Memory (MB): peak = 2894.387 ; gain = 3.996

Phase 5 Rip-up And Reroute

Phase 5.1 Global Iteration 0
 Number of Nodes with overlaps = 6947
 Number of Nodes with overlaps = 854
 Number of Nodes with overlaps = 224
 Number of Nodes with overlaps = 68
 Number of Nodes with overlaps = 23
 Number of Nodes with overlaps = 10
 Number of Nodes with overlaps = 4
 Number of Nodes with overlaps = 1
 Number of Nodes with overlaps = 0
INFO: [Route 35-416] Intermediate Timing Summary | WNS=3.633  | TNS=0.000  | WHS=N/A    | THS=N/A    |

Phase 5.1 Global Iteration 0 | Checksum: 211821bd7

Time (s): cpu = 00:03:05 ; elapsed = 00:02:27 . Memory (MB): peak = 2894.387 ; gain = 3.996

Phase 5.2 Global Iteration 1
 Number of Nodes with overlaps = 2
 Number of Nodes with overlaps = 6
 Number of Nodes with overlaps = 0
INFO: [Route 35-416] Intermediate Timing Summary | WNS=3.632  | TNS=0.000  | WHS=N/A    | THS=N/A    |

Phase 5.2 Global Iteration 1 | Checksum: 1f6842f58

Time (s): cpu = 00:03:07 ; elapsed = 00:02:29 . Memory (MB): peak = 2894.387 ; gain = 3.996
Phase 5 Rip-up And Reroute | Checksum: 1f6842f58

Time (s): cpu = 00:03:08 ; elapsed = 00:02:29 . Memory (MB): peak = 2894.387 ; gain = 3.996

Phase 6 Delay and Skew Optimization

Phase 6.1 Delay CleanUp
Phase 6.1 Delay CleanUp | Checksum: 1f6842f58

Time (s): cpu = 00:03:08 ; elapsed = 00:02:30 . Memory (MB): peak = 2894.387 ; gain = 3.996

Phase 6.2 Clock Skew Optimization
Phase 6.2 Clock Skew Optimization | Checksum: 1f6842f58

Time (s): cpu = 00:03:08 ; elapsed = 00:02:30 . Memory (MB): peak = 2894.387 ; gain = 3.996
Phase 6 Delay and Skew Optimization | Checksum: 1f6842f58

Time (s): cpu = 00:03:08 ; elapsed = 00:02:30 . Memory (MB): peak = 2894.387 ; gain = 3.996

Phase 7 Post Hold Fix

Phase 7.1 Hold Fix Iter
INFO: [Route 35-416] Intermediate Timing Summary | WNS=3.747  | TNS=0.000  | WHS=0.055  | THS=0.000  |

Phase 7.1 Hold Fix Iter | Checksum: 2067194ce

Time (s): cpu = 00:03:14 ; elapsed = 00:02:33 . Memory (MB): peak = 2894.387 ; gain = 3.996
Phase 7 Post Hold Fix | Checksum: 2067194ce

Time (s): cpu = 00:03:14 ; elapsed = 00:02:33 . Memory (MB): peak = 2894.387 ; gain = 3.996

Phase 8 Route finalize

Router Utilization Summary
  Global Vertical Routing Utilization    = 12.6377 %
  Global Horizontal Routing Utilization  = 15.6127 %
  Routable Net Status*
  *Does not include unroutable nets such as driverless and loadless.
  Run report_route_status for detailed report.
  Number of Failed Nets               = 0
    (Failed Nets is the sum of unrouted and partially routed nets)
  Number of Unrouted Nets             = 0
  Number of Partially Routed Nets     = 0
  Number of Node Overlaps             = 0

Phase 8 Route finalize | Checksum: 2067194ce

Time (s): cpu = 00:03:14 ; elapsed = 00:02:33 . Memory (MB): peak = 2894.387 ; gain = 3.996

Phase 9 Verifying routed nets

 Verification completed successfully
Phase 9 Verifying routed nets | Checksum: 2067194ce

Time (s): cpu = 00:03:14 ; elapsed = 00:02:33 . Memory (MB): peak = 2894.387 ; gain = 3.996

Phase 10 Depositing Routes
Phase 10 Depositing Routes | Checksum: 1ec92618a

Time (s): cpu = 00:03:20 ; elapsed = 00:02:37 . Memory (MB): peak = 2894.387 ; gain = 3.996

Phase 11 Post Process Routing
Phase 11 Post Process Routing | Checksum: 1ec92618a

Time (s): cpu = 00:03:20 ; elapsed = 00:02:38 . Memory (MB): peak = 2894.387 ; gain = 3.996

Phase 12 Post Router Timing
INFO: [Route 35-57] Estimated Timing Summary | WNS=3.747  | TNS=0.000  | WHS=0.055  | THS=0.000  |

INFO: [Route 35-327] The final timing numbers are based on the router estimated timing analysis. For a complete and accurate timing signoff, please run report_timing_summary.
Phase 12 Post Router Timing | Checksum: 1ec92618a

Time (s): cpu = 00:03:20 ; elapsed = 00:02:38 . Memory (MB): peak = 2894.387 ; gain = 3.996
Total Elapsed time in route_design: 157.703 secs

Phase 13 Post-Route Event Processing
Phase 13 Post-Route Event Processing | Checksum: 10051b498

Time (s): cpu = 00:03:20 ; elapsed = 00:02:38 . Memory (MB): peak = 2894.387 ; gain = 3.996
INFO: [Route 35-16] Router Completed Successfully
Ending Routing Task | Checksum: 10051b498

Time (s): cpu = 00:03:21 ; elapsed = 00:02:39 . Memory (MB): peak = 2894.387 ; gain = 3.996

Routing Is Done.
INFO: [Common 17-83] Releasing license: Implementation
71 Infos, 0 Warnings, 0 Critical Warnings and 0 Errors encountered.
route_design completed successfully
route_design: Time (s): cpu = 00:03:22 ; elapsed = 00:02:39 . Memory (MB): peak = 2894.387 ; gain = 3.996
Command: phys_opt_design
Attempting to get a license for feature 'Implementation' and/or device 'xc7z020'
INFO: [Common 17-349] Got license for feature 'Implementation' and/or device 'xc7z020'
INFO: [Vivado_Tcl 4-241] Physical synthesis in post route mode 

Starting Initial Update Timing Task

Time (s): cpu = 00:00:17 ; elapsed = 00:00:10 . Memory (MB): peak = 2894.387 ; gain = 0.000
INFO: [Vivado_Tcl 4-2279] Estimated Timing Summary | WNS= 3.752 | TNS= 0.000 | 
INFO: [Vivado_Tcl 4-383] Design worst setup slack (WNS) is greater than or equal to 0.000 ns. All physical synthesis setup optimizations will be skipped.
INFO: [Vivado_Tcl 4-232] No setup violation found. The netlist was not modified.
INFO: [Common 17-83] Releasing license: Implementation
77 Infos, 0 Warnings, 0 Critical Warnings and 0 Errors encountered.
phys_opt_design completed successfully
phys_opt_design: Time (s): cpu = 00:00:22 ; elapsed = 00:00:14 . Memory (MB): peak = 2894.387 ; gain = 0.000
INFO: [Timing 38-91] UpdateTimingParams: Speed grade: -1, Delay Type: min_max.
INFO: [Timing 38-191] Multithreading enabled for timing update using a maximum of 2 CPUs
report_timing_summary: Time (s): cpu = 00:00:19 ; elapsed = 00:00:11 . Memory (MB): peak = 2894.387 ; gain = 0.000
Command: report_drc -file H:/Academic/senior_project/DATN/work/luc/AES_huffman_all6/vivado/build/rv32_soc_synth_tx/reports/post_impl_drc.rpt
INFO: [IP_Flow 19-1839] IP Catalog is up to date.
INFO: [DRC 23-27] Running DRC with 2 threads
INFO: [Vivado_Tcl 2-168] The results of DRC are in file H:/Academic/senior_project/DATN/work/luc/AES_huffman_all6/vivado/build/rv32_soc_synth_tx/reports/post_impl_drc.rpt.
report_drc completed successfully
report_drc: Time (s): cpu = 00:00:14 ; elapsed = 00:00:09 . Memory (MB): peak = 2942.473 ; gain = 48.086
Command: report_power -file H:/Academic/senior_project/DATN/work/luc/AES_huffman_all6/vivado/build/rv32_soc_synth_tx/reports/post_impl_power.rpt
Running Vector-less Activity Propagation...

Finished Running Vector-less Activity Propagation
WARNING: [Power 33-332] Found switching activity that implies high-fanout reset nets being asserted for excessive periods of time which may result in inaccurate power analysis.
Resolution: To review and fix problems, please run Power Constraints Advisor in the GUI from Tools > Power Constraints Advisor or run report_power with the -advisory option to generate a text report.
82 Infos, 1 Warnings, 0 Critical Warnings and 0 Errors encountered.
report_power completed successfully
report_power: Time (s): cpu = 00:00:20 ; elapsed = 00:00:13 . Memory (MB): peak = 2948.039 ; gain = 5.566
INFO: [Timing 38-480] Writing timing data to binary archive.
Write ShapeDB Complete: Time (s): cpu = 00:00:00 ; elapsed = 00:00:00.147 . Memory (MB): peak = 2948.039 ; gain = 0.000
Wrote PlaceDB: Time (s): cpu = 00:00:08 ; elapsed = 00:00:05 . Memory (MB): peak = 2948.039 ; gain = 0.000
Wrote PulsedLatchDB: Time (s): cpu = 00:00:00 ; elapsed = 00:00:00 . Memory (MB): peak = 2948.039 ; gain = 0.000
Writing XDEF routing.
Writing XDEF routing logical nets.
Writing XDEF routing special nets.
Wrote RouteStorage: Time (s): cpu = 00:00:01 ; elapsed = 00:00:00.788 . Memory (MB): peak = 2948.039 ; gain = 0.000
Wrote Netlist Cache: Time (s): cpu = 00:00:00 ; elapsed = 00:00:00.101 . Memory (MB): peak = 2948.039 ; gain = 0.000
Wrote Device Cache: Time (s): cpu = 00:00:00 ; elapsed = 00:00:00.015 . Memory (MB): peak = 2948.039 ; gain = 0.000
Write Physdb Complete: Time (s): cpu = 00:00:09 ; elapsed = 00:00:06 . Memory (MB): peak = 2948.039 ; gain = 0.000
INFO: [Common 17-1381] The checkpoint 'H:/Academic/senior_project/DATN/work/luc/AES_huffman_all6/vivado/build/rv32_soc_synth_tx/post_route.dcp' has been generated.
write_checkpoint: Time (s): cpu = 00:00:14 ; elapsed = 00:00:12 . Memory (MB): peak = 2948.039 ; gain = 0.000
INFO: post-route setup WNS=3.752 ns
# copy_reports_to_sim $report_dir $sim_dir $project_name
# puts "INFO: Vivado flow completed successfully."
INFO: Vivado flow completed successfully.
INFO: [Common 17-206] Exiting Vivado at Tue May  5 20:01:38 2026...
