
*** Running vivado
    with args -log rv32_soc_fpga_demo_top.vds -m64 -product Vivado -mode batch -messageDb vivado.pb -notrace -source rv32_soc_fpga_demo_top.tcl



****** Vivado v2024.2 (64-bit)
  **** SW Build 5239630 on Fri Nov 08 22:35:27 MST 2024
  **** IP Build 5239520 on Sun Nov 10 16:12:51 MST 2024
  **** SharedData Build 5239561 on Fri Nov 08 14:39:27 MST 2024
  **** Start of session at: Tue May  5 20:26:30 2026
    ** Copyright 1986-2022 Xilinx, Inc. All Rights Reserved.
    ** Copyright 2022-2024 Advanced Micro Devices, Inc. All Rights Reserved.

source rv32_soc_fpga_demo_top.tcl -notrace
create_project: Time (s): cpu = 00:00:08 ; elapsed = 00:00:09 . Memory (MB): peak = 619.230 ; gain = 189.875
Command: synth_design -top rv32_soc_fpga_demo_top -part xc7z020clg484-1
Starting synth_design
Attempting to get a license for feature 'Synthesis' and/or device 'xc7z020'
INFO: [Common 17-349] Got license for feature 'Synthesis' and/or device 'xc7z020'
INFO: [Device 21-403] Loading part xc7z020clg484-1
INFO: [Synth 8-7079] Multithreading enabled for synth_design using a maximum of 2 processes.
INFO: [Synth 8-7078] Launching helper process for spawning children vivado processes
INFO: [Synth 8-7075] Helper process launched with PID 21852
---------------------------------------------------------------------------------
Starting RTL Elaboration : Time (s): cpu = 00:00:06 ; elapsed = 00:00:07 . Memory (MB): peak = 1319.887 ; gain = 469.508
---------------------------------------------------------------------------------
INFO: [Synth 8-6157] synthesizing module 'rv32_soc_fpga_demo_top' [H:/Academic/senior_project/DATN/work/luc/AES_huffman_all6/rtl/rv32_soc_fpga_demo_top.v:6]
INFO: [Synth 8-6157] synthesizing module 'uart_dmem_loader' [H:/Academic/senior_project/DATN/work/luc/AES_huffman_all6/rtl/uart_dmem_loader.v:1]
	Parameter CLK_HZ bound to: 50000000 - type: integer 
	Parameter BAUD_RATE bound to: 115200 - type: integer 
	Parameter SRC_BASE_ADDR bound to: 1024 - type: integer 
	Parameter INPUT_LEN_ADDR bound to: 64 - type: integer 
	Parameter MAX_INPUT_BYTES bound to: 7168 - type: integer 
INFO: [Synth 8-6157] synthesizing module 'uart_rx' [H:/Academic/senior_project/DATN/work/luc/AES_huffman_all6/rtl/uart_rx.v:1]
INFO: [Synth 8-226] default block is never used [H:/Academic/senior_project/DATN/work/luc/AES_huffman_all6/rtl/uart_rx.v:45]
INFO: [Synth 8-6155] done synthesizing module 'uart_rx' (0#1) [H:/Academic/senior_project/DATN/work/luc/AES_huffman_all6/rtl/uart_rx.v:1]
INFO: [Synth 8-6157] synthesizing module 'uart_tx' [H:/Academic/senior_project/DATN/work/luc/AES_huffman_all6/rtl/uart_tx.v:1]
INFO: [Synth 8-6155] done synthesizing module 'uart_tx' (0#1) [H:/Academic/senior_project/DATN/work/luc/AES_huffman_all6/rtl/uart_tx.v:1]
INFO: [Synth 8-6155] done synthesizing module 'uart_dmem_loader' (0#1) [H:/Academic/senior_project/DATN/work/luc/AES_huffman_all6/rtl/uart_dmem_loader.v:1]
INFO: [Synth 8-6157] synthesizing module 'rv32_soc_top' [H:/Academic/senior_project/DATN/work/luc/AES_huffman_all6/rtl/rv32_soc_top.v:12]
INFO: [Synth 8-6157] synthesizing module 'top_rv32_sync' [H:/Academic/senior_project/DATN/work/luc/AES_huffman_all6/rtl/top_rv32_sync.v:2]
INFO: [Synth 8-6157] synthesizing module 'if_stage_sync' [H:/Academic/senior_project/DATN/work/luc/AES_huffman_all6/rtl/if_stage_sync.v:8]
INFO: [Synth 8-6155] done synthesizing module 'if_stage_sync' (0#1) [H:/Academic/senior_project/DATN/work/luc/AES_huffman_all6/rtl/if_stage_sync.v:8]
INFO: [Synth 8-6157] synthesizing module 'id_stage' [H:/Academic/senior_project/DATN/work/luc/AES_huffman_all6/rtl/id_stage.v:3]
INFO: [Synth 8-6155] done synthesizing module 'id_stage' (0#1) [H:/Academic/senior_project/DATN/work/luc/AES_huffman_all6/rtl/id_stage.v:3]
INFO: [Synth 8-6157] synthesizing module 'ex_stage' [H:/Academic/senior_project/DATN/work/luc/AES_huffman_all6/rtl/ex_stage.v:3]
INFO: [Synth 8-6155] done synthesizing module 'ex_stage' (0#1) [H:/Academic/senior_project/DATN/work/luc/AES_huffman_all6/rtl/ex_stage.v:3]
INFO: [Synth 8-6157] synthesizing module 'mem_stage_sync' [H:/Academic/senior_project/DATN/work/luc/AES_huffman_all6/rtl/mem_stage_sync.v:7]
INFO: [Synth 8-6155] done synthesizing module 'mem_stage_sync' (0#1) [H:/Academic/senior_project/DATN/work/luc/AES_huffman_all6/rtl/mem_stage_sync.v:7]
INFO: [Synth 8-6157] synthesizing module 'forwarding' [H:/Academic/senior_project/DATN/work/luc/AES_huffman_all6/rtl/forwarding.v:1]
INFO: [Synth 8-6155] done synthesizing module 'forwarding' (0#1) [H:/Academic/senior_project/DATN/work/luc/AES_huffman_all6/rtl/forwarding.v:1]
INFO: [Synth 8-6155] done synthesizing module 'top_rv32_sync' (0#1) [H:/Academic/senior_project/DATN/work/luc/AES_huffman_all6/rtl/top_rv32_sync.v:2]
INFO: [Synth 8-6157] synthesizing module 'registers_file' [H:/Academic/senior_project/DATN/work/luc/AES_huffman_all6/rtl/registers_file.v:1]
INFO: [Synth 8-6155] done synthesizing module 'registers_file' (0#1) [H:/Academic/senior_project/DATN/work/luc/AES_huffman_all6/rtl/registers_file.v:1]
INFO: [Synth 8-6157] synthesizing module 'imem_sync' [H:/Academic/senior_project/DATN/work/luc/AES_huffman_all6/rtl/imem_sync.v:3]
CRITICAL WARNING: [Synth 8-4445] could not open $readmem data file 'instruction.mem'; please make sure the file is added to project and has read permission, ignoring [H:/Academic/senior_project/DATN/work/luc/AES_huffman_all6/rtl/imem_sync.v:28]
INFO: [Synth 8-251] Sync Istr 0: xxxxxxxx [H:/Academic/senior_project/DATN/work/luc/AES_huffman_all6/rtl/imem_sync.v:29]
INFO: [Synth 8-251] Sync Istr 1: xxxxxxxx [H:/Academic/senior_project/DATN/work/luc/AES_huffman_all6/rtl/imem_sync.v:30]
INFO: [Synth 8-251] Sync Istr 2: xxxxxxxx [H:/Academic/senior_project/DATN/work/luc/AES_huffman_all6/rtl/imem_sync.v:31]
INFO: [Synth 8-251] Sync Istr 3: xxxxxxxx [H:/Academic/senior_project/DATN/work/luc/AES_huffman_all6/rtl/imem_sync.v:32]
INFO: [Synth 8-6155] done synthesizing module 'imem_sync' (0#1) [H:/Academic/senior_project/DATN/work/luc/AES_huffman_all6/rtl/imem_sync.v:3]
INFO: [Synth 8-6157] synthesizing module 'dmem_ip_wrapper' [H:/Academic/senior_project/DATN/work/luc/AES_huffman_all6/rtl/dmem_ip_wrapper.v:11]
INFO: [Synth 8-6157] synthesizing module 'DMEM_ip' [H:/Academic/senior_project/DATN/work/luc/AES_huffman_all6/rtl/DMEM_ip.v:13]
INFO: [Synth 8-6155] done synthesizing module 'DMEM_ip' (0#1) [H:/Academic/senior_project/DATN/work/luc/AES_huffman_all6/rtl/DMEM_ip.v:13]
INFO: [Synth 8-6155] done synthesizing module 'dmem_ip_wrapper' (0#1) [H:/Academic/senior_project/DATN/work/luc/AES_huffman_all6/rtl/dmem_ip_wrapper.v:11]
INFO: [Synth 8-6157] synthesizing module 'apb_huffman_aes_tx_top' [H:/Academic/senior_project/DATN/work/luc/AES_huffman_all6/rtl/apb_huffman_aes_tx_top.v:1]
INFO: [Synth 8-6157] synthesizing module 'apb_huffman_tx_if' [H:/Academic/senior_project/DATN/work/luc/AES_huffman_all6/rtl/apb_huffman_tx_if.v:1]
	Parameter BLOCK_SIZE_WIDTH bound to: 6 - type: integer 
INFO: [Synth 8-6155] done synthesizing module 'apb_huffman_tx_if' (0#1) [H:/Academic/senior_project/DATN/work/luc/AES_huffman_all6/rtl/apb_huffman_tx_if.v:1]
INFO: [Synth 8-6157] synthesizing module 'huffman_aes_tx_top' [H:/Academic/senior_project/DATN/work/luc/AES_huffman_all6/rtl/huffman_aes_tx_top.v:1]
	Parameter BLOCK_SIZE_WIDTH bound to: 6 - type: integer 
	Parameter BUFFER_ADDR_WIDTH bound to: 5 - type: integer 
	Parameter SYMBOL_WIDTH bound to: 8 - type: integer 
	Parameter SYMBOL_COUNT_WIDTH bound to: 6 - type: integer 
	Parameter COUNT_WIDTH bound to: 6 - type: integer 
	Parameter SYMBOL_INDEX_WIDTH bound to: 7 - type: integer 
	Parameter CODE_LEN_WIDTH bound to: 5 - type: integer 
	Parameter CODE_WIDTH bound to: 31 - type: integer 
	Parameter HEADER_BITS_WIDTH bound to: 10 - type: integer 
	Parameter TOTAL_BITS_WIDTH bound to: 11 - type: integer 
	Parameter CHUNK_DATA_WIDTH bound to: 32 - type: integer 
	Parameter CHUNK_LEN_WIDTH bound to: 6 - type: integer 
	Parameter MAX_SYMBOLS_PER_BLOCK bound to: 32 - type: integer 
	Parameter MAX_TREE_NODES bound to: 63 - type: integer 
	Parameter ASCII_MIN bound to: 8'b00100000 
	Parameter ASCII_MAX bound to: 8'b01111110 
	Parameter TRANSPORT_WORD_WIDTH bound to: 128 - type: integer 
	Parameter VALID_BITS_WIDTH bound to: 7 - type: integer 
	Parameter AES_KEY_FIXED bound to: 128'b00000000000100010010001000110011010001000101010101100110011101111000100010011001101010101011101111001100110111011110111011111111 
INFO: [Synth 8-6157] synthesizing module 'frequency_counter' [H:/Academic/senior_project/DATN/work/luc/AES_huffman_all6/rtl/frequency_counter.v:1]
	Parameter ALPHABET_SIZE bound to: 96 - type: integer 
	Parameter SYMBOL_WIDTH bound to: 8 - type: integer 
	Parameter COUNT_WIDTH bound to: 16 - type: integer 
	Parameter SYMBOL_INDEX_WIDTH bound to: 7 - type: integer 
	Parameter ASCII_MIN bound to: 8'b00100000 
	Parameter ASCII_MAX bound to: 8'b01111110 
	Parameter DEFAULT_REMAP bound to: 8'b00100000 
INFO: [Synth 8-6155] done synthesizing module 'frequency_counter' (0#1) [H:/Academic/senior_project/DATN/work/luc/AES_huffman_all6/rtl/frequency_counter.v:1]
INFO: [Synth 8-6157] synthesizing module 'huffman_builder' [H:/Academic/senior_project/DATN/work/luc/AES_huffman_all6/rtl/huffman_builder.v:1]
	Parameter ALPHABET_SIZE bound to: 96 - type: integer 
	Parameter SYMBOL_WIDTH bound to: 8 - type: integer 
	Parameter SYMBOL_COUNT_WIDTH bound to: 6 - type: integer 
	Parameter COUNT_WIDTH bound to: 16 - type: integer 
	Parameter SYMBOL_INDEX_WIDTH bound to: 7 - type: integer 
	Parameter CODE_LEN_WIDTH bound to: 5 - type: integer 
	Parameter CODE_WIDTH bound to: 31 - type: integer 
	Parameter MAX_SYMBOLS_PER_BLOCK bound to: 63 - type: integer 
	Parameter MAX_TREE_NODES bound to: 125 - type: integer 
	Parameter ASCII_MIN bound to: 8'b00100000 
INFO: [Synth 8-6157] synthesizing module 'symbol_list_builder' [H:/Academic/senior_project/DATN/work/luc/AES_huffman_all6/rtl/symbol_list_builder.v:1]
	Parameter ALPHABET_SIZE bound to: 96 - type: integer 
	Parameter SYMBOL_WIDTH bound to: 8 - type: integer 
	Parameter SYMBOL_COUNT_WIDTH bound to: 6 - type: integer 
	Parameter COUNT_WIDTH bound to: 16 - type: integer 
	Parameter SYMBOL_INDEX_WIDTH bound to: 7 - type: integer 
	Parameter MAX_SYMBOLS_PER_BLOCK bound to: 63 - type: integer 
	Parameter ASCII_MIN bound to: 8'b00100000 
INFO: [Synth 8-226] default block is never used [H:/Academic/senior_project/DATN/work/luc/AES_huffman_all6/rtl/symbol_list_builder.v:83]
INFO: [Synth 8-226] default block is never used [H:/Academic/senior_project/DATN/work/luc/AES_huffman_all6/rtl/symbol_list_builder.v:124]
INFO: [Synth 8-6155] done synthesizing module 'symbol_list_builder' (0#1) [H:/Academic/senior_project/DATN/work/luc/AES_huffman_all6/rtl/symbol_list_builder.v:1]
INFO: [Synth 8-6157] synthesizing module 'code_length_builder' [H:/Academic/senior_project/DATN/work/luc/AES_huffman_all6/rtl/code_length_builder.v:1]
	Parameter ALPHABET_SIZE bound to: 96 - type: integer 
	Parameter SYMBOL_WIDTH bound to: 8 - type: integer 
	Parameter SYMBOL_COUNT_WIDTH bound to: 6 - type: integer 
	Parameter COUNT_WIDTH bound to: 16 - type: integer 
	Parameter SYMBOL_INDEX_WIDTH bound to: 7 - type: integer 
	Parameter CODE_LEN_WIDTH bound to: 5 - type: integer 
	Parameter MAX_SYMBOLS_PER_BLOCK bound to: 63 - type: integer 
	Parameter MAX_TREE_NODES bound to: 125 - type: integer 
	Parameter ASCII_MIN bound to: 8'b00100000 
INFO: [Synth 8-6155] done synthesizing module 'code_length_builder' (0#1) [H:/Academic/senior_project/DATN/work/luc/AES_huffman_all6/rtl/code_length_builder.v:1]
INFO: [Synth 8-6157] synthesizing module 'canonical_code_generator' [H:/Academic/senior_project/DATN/work/luc/AES_huffman_all6/rtl/canonical_code_generator.v:1]
	Parameter ALPHABET_SIZE bound to: 96 - type: integer 
	Parameter SYMBOL_WIDTH bound to: 8 - type: integer 
	Parameter SYMBOL_COUNT_WIDTH bound to: 6 - type: integer 
	Parameter SYMBOL_INDEX_WIDTH bound to: 7 - type: integer 
	Parameter CODE_LEN_WIDTH bound to: 5 - type: integer 
	Parameter CODE_WIDTH bound to: 31 - type: integer 
	Parameter MAX_SYMBOLS_PER_BLOCK bound to: 63 - type: integer 
	Parameter ASCII_MIN bound to: 8'b00100000 
INFO: [Synth 8-6155] done synthesizing module 'canonical_code_generator' (0#1) [H:/Academic/senior_project/DATN/work/luc/AES_huffman_all6/rtl/canonical_code_generator.v:1]
INFO: [Synth 8-6155] done synthesizing module 'huffman_builder' (0#1) [H:/Academic/senior_project/DATN/work/luc/AES_huffman_all6/rtl/huffman_builder.v:1]
INFO: [Synth 8-6157] synthesizing module 'dynamic_huffman_encoder' [H:/Academic/senior_project/DATN/work/luc/AES_huffman_all6/rtl/dynamic_huffman_encoder.v:1]
	Parameter BLOCK_SIZE_WIDTH bound to: 6 - type: integer 
	Parameter BUFFER_ADDR_WIDTH bound to: 5 - type: integer 
	Parameter SYMBOL_WIDTH bound to: 8 - type: integer 
	Parameter SYMBOL_COUNT_WIDTH bound to: 6 - type: integer 
	Parameter COUNT_WIDTH bound to: 6 - type: integer 
	Parameter SYMBOL_INDEX_WIDTH bound to: 7 - type: integer 
	Parameter CODE_LEN_WIDTH bound to: 5 - type: integer 
	Parameter CODE_WIDTH bound to: 31 - type: integer 
	Parameter HEADER_BITS_WIDTH bound to: 10 - type: integer 
	Parameter TOTAL_BITS_WIDTH bound to: 11 - type: integer 
	Parameter CHUNK_DATA_WIDTH bound to: 32 - type: integer 
	Parameter CHUNK_LEN_WIDTH bound to: 6 - type: integer 
	Parameter MAX_SYMBOLS_PER_BLOCK bound to: 32 - type: integer 
	Parameter MAX_TREE_NODES bound to: 63 - type: integer 
	Parameter ASCII_MIN bound to: 8'b00100000 
	Parameter ASCII_MAX bound to: 8'b01111110 
INFO: [Synth 8-6157] synthesizing module 'input_collect_unit' [H:/Academic/senior_project/DATN/work/luc/AES_huffman_all6/rtl/input_collect_unit.v:1]
	Parameter BLOCK_SIZE bound to: 32 - type: integer 
	Parameter SYMBOL_WIDTH bound to: 8 - type: integer 
	Parameter ALPHABET_SIZE bound to: 96 - type: integer 
	Parameter ASCII_MIN bound to: 8'b00100000 
	Parameter ASCII_MAX bound to: 8'b01111110 
	Parameter DEFAULT_REMAP bound to: 8'b00100000 
	Parameter BLOCK_SIZE_WIDTH bound to: 6 - type: integer 
	Parameter COUNT_WIDTH bound to: 6 - type: integer 
	Parameter ADDR_WIDTH bound to: 5 - type: integer 
	Parameter SYMBOL_INDEX_WIDTH bound to: 7 - type: integer 
INFO: [Synth 8-6157] synthesizing module 'block_buffer' [H:/Academic/senior_project/DATN/work/luc/AES_huffman_all6/rtl/block_buffer.v:1]
	Parameter BLOCK_SIZE bound to: 32 - type: integer 
	Parameter DATA_WIDTH bound to: 8 - type: integer 
	Parameter BLOCK_SIZE_WIDTH bound to: 6 - type: integer 
	Parameter ADDR_WIDTH bound to: 5 - type: integer 
INFO: [Synth 8-6155] done synthesizing module 'block_buffer' (0#1) [H:/Academic/senior_project/DATN/work/luc/AES_huffman_all6/rtl/block_buffer.v:1]
INFO: [Synth 8-6157] synthesizing module 'frequency_counter__parameterized0' [H:/Academic/senior_project/DATN/work/luc/AES_huffman_all6/rtl/frequency_counter.v:1]
	Parameter ALPHABET_SIZE bound to: 96 - type: integer 
	Parameter SYMBOL_WIDTH bound to: 8 - type: integer 
	Parameter COUNT_WIDTH bound to: 6 - type: integer 
	Parameter SYMBOL_INDEX_WIDTH bound to: 7 - type: integer 
	Parameter ASCII_MIN bound to: 8'b00100000 
	Parameter ASCII_MAX bound to: 8'b01111110 
	Parameter DEFAULT_REMAP bound to: 8'b00100000 
INFO: [Synth 8-6155] done synthesizing module 'frequency_counter__parameterized0' (0#1) [H:/Academic/senior_project/DATN/work/luc/AES_huffman_all6/rtl/frequency_counter.v:1]
INFO: [Synth 8-226] default block is never used [H:/Academic/senior_project/DATN/work/luc/AES_huffman_all6/rtl/input_collect_unit.v:139]
INFO: [Synth 8-226] default block is never used [H:/Academic/senior_project/DATN/work/luc/AES_huffman_all6/rtl/input_collect_unit.v:180]
INFO: [Synth 8-6155] done synthesizing module 'input_collect_unit' (0#1) [H:/Academic/senior_project/DATN/work/luc/AES_huffman_all6/rtl/input_collect_unit.v:1]
INFO: [Synth 8-6157] synthesizing module 'emit_backend' [H:/Academic/senior_project/DATN/work/luc/AES_huffman_all6/rtl/emit_backend.v:1]
	Parameter BLOCK_SIZE_WIDTH bound to: 6 - type: integer 
	Parameter BUFFER_ADDR_WIDTH bound to: 5 - type: integer 
	Parameter SYMBOL_WIDTH bound to: 8 - type: integer 
	Parameter SYMBOL_INDEX_WIDTH bound to: 7 - type: integer 
	Parameter CODE_LEN_WIDTH bound to: 5 - type: integer 
	Parameter CODE_WIDTH bound to: 31 - type: integer 
	Parameter HEADER_BITS_WIDTH bound to: 10 - type: integer 
	Parameter CHUNK_DATA_WIDTH bound to: 32 - type: integer 
	Parameter CHUNK_LEN_WIDTH bound to: 6 - type: integer 
	Parameter ASCII_MIN bound to: 8'b00100000 
	Parameter ASCII_MAX bound to: 8'b01111110 
INFO: [Synth 8-6157] synthesizing module 'header_formatter' [H:/Academic/senior_project/DATN/work/luc/AES_huffman_all6/rtl/header_formatter.v:1]
	Parameter BLOCK_SIZE_WIDTH bound to: 6 - type: integer 
	Parameter SYMBOL_WIDTH bound to: 8 - type: integer 
	Parameter SYMBOL_INDEX_WIDTH bound to: 7 - type: integer 
	Parameter CODE_LEN_WIDTH bound to: 5 - type: integer 
	Parameter HEADER_BITS_WIDTH bound to: 10 - type: integer 
	Parameter CHUNK_DATA_WIDTH bound to: 32 - type: integer 
	Parameter CHUNK_LEN_WIDTH bound to: 6 - type: integer 
	Parameter ASCII_MIN bound to: 8'b00100000 
	Parameter ASCII_MAX bound to: 8'b01111110 
INFO: [Synth 8-6155] done synthesizing module 'header_formatter' (0#1) [H:/Academic/senior_project/DATN/work/luc/AES_huffman_all6/rtl/header_formatter.v:1]
INFO: [Synth 8-6157] synthesizing module 'payload_emitter' [H:/Academic/senior_project/DATN/work/luc/AES_huffman_all6/rtl/payload_emitter.v:1]
	Parameter BLOCK_SIZE_WIDTH bound to: 6 - type: integer 
	Parameter BUFFER_ADDR_WIDTH bound to: 5 - type: integer 
	Parameter SYMBOL_WIDTH bound to: 8 - type: integer 
	Parameter SYMBOL_INDEX_WIDTH bound to: 7 - type: integer 
	Parameter CODE_LEN_WIDTH bound to: 5 - type: integer 
	Parameter CODE_WIDTH bound to: 31 - type: integer 
	Parameter CHUNK_DATA_WIDTH bound to: 32 - type: integer 
	Parameter CHUNK_LEN_WIDTH bound to: 6 - type: integer 
	Parameter ASCII_MIN bound to: 8'b00100000 
	Parameter ASCII_MAX bound to: 8'b01111110 
INFO: [Synth 8-6155] done synthesizing module 'payload_emitter' (0#1) [H:/Academic/senior_project/DATN/work/luc/AES_huffman_all6/rtl/payload_emitter.v:1]
INFO: [Synth 8-6157] synthesizing module 'stream_output_interface' [H:/Academic/senior_project/DATN/work/luc/AES_huffman_all6/rtl/stream_output_interface.v:1]
	Parameter STREAM_DATA_WIDTH bound to: 32 - type: integer 
	Parameter STREAM_LEN_WIDTH bound to: 6 - type: integer 
INFO: [Synth 8-226] default block is never used [H:/Academic/senior_project/DATN/work/luc/AES_huffman_all6/rtl/stream_output_interface.v:62]
INFO: [Synth 8-6155] done synthesizing module 'stream_output_interface' (0#1) [H:/Academic/senior_project/DATN/work/luc/AES_huffman_all6/rtl/stream_output_interface.v:1]
INFO: [Synth 8-6155] done synthesizing module 'emit_backend' (0#1) [H:/Academic/senior_project/DATN/work/luc/AES_huffman_all6/rtl/emit_backend.v:1]
INFO: [Synth 8-6157] synthesizing module 'control_fsm' [H:/Academic/senior_project/DATN/work/luc/AES_huffman_all6/rtl/control_fsm.v:1]
INFO: [Synth 8-6155] done synthesizing module 'control_fsm' (0#1) [H:/Academic/senior_project/DATN/work/luc/AES_huffman_all6/rtl/control_fsm.v:1]
INFO: [Synth 8-6155] done synthesizing module 'dynamic_huffman_encoder' (0#1) [H:/Academic/senior_project/DATN/work/luc/AES_huffman_all6/rtl/dynamic_huffman_encoder.v:1]
INFO: [Synth 8-6157] synthesizing module 'bit_packer_128' [H:/Academic/senior_project/DATN/work/luc/AES_huffman_all6/rtl/bit_packer_128.v:1]
	Parameter CHUNK_DATA_WIDTH bound to: 32 - type: integer 
	Parameter CHUNK_LEN_WIDTH bound to: 6 - type: integer 
	Parameter TRANSPORT_WORD_WIDTH bound to: 128 - type: integer 
	Parameter VALID_BITS_WIDTH bound to: 7 - type: integer 
INFO: [Synth 8-6155] done synthesizing module 'bit_packer_128' (0#1) [H:/Academic/senior_project/DATN/work/luc/AES_huffman_all6/rtl/bit_packer_128.v:1]
INFO: [Synth 8-6157] synthesizing module 'wrapper' [H:/Academic/senior_project/DATN/work/luc/AES_huffman_all6/rtl/wrapper.v:1]
	Parameter AES_KEY_FIXED bound to: 128'b00000000000100010010001000110011010001000101010101100110011101111000100010011001101010101011101111001100110111011110111011111111 
INFO: [Synth 8-6155] done synthesizing module 'wrapper' (0#1) [H:/Academic/senior_project/DATN/work/luc/AES_huffman_all6/rtl/wrapper.v:1]
INFO: [Synth 8-6155] done synthesizing module 'huffman_aes_tx_top' (0#1) [H:/Academic/senior_project/DATN/work/luc/AES_huffman_all6/rtl/huffman_aes_tx_top.v:1]
INFO: [Synth 8-6157] synthesizing module 'aes128_cipher_top' [H:/Academic/senior_project/DATN/work/luc/AES_huffman_all6/rtl/aes128_cipher_top.v:13]
INFO: [Synth 8-6157] synthesizing module 'aes128_cipher_core' [H:/Academic/senior_project/DATN/work/luc/AES_huffman_all6/rtl/aes128_cipher_core.v:11]
INFO: [Synth 8-226] default block is never used [H:/Academic/senior_project/DATN/work/luc/AES_huffman_all6/rtl/aes_encrypt_funcs.vh:164]
INFO: [Synth 8-6155] done synthesizing module 'aes128_cipher_core' (0#1) [H:/Academic/senior_project/DATN/work/luc/AES_huffman_all6/rtl/aes128_cipher_core.v:11]
INFO: [Synth 8-6157] synthesizing module 'aes128_key_expansion' [H:/Academic/senior_project/DATN/work/luc/AES_huffman_all6/rtl/aes128_key_expansion.v:11]
INFO: [Synth 8-226] default block is never used [H:/Academic/senior_project/DATN/work/luc/AES_huffman_all6/rtl/aes_encrypt_funcs.vh:164]
INFO: [Synth 8-6155] done synthesizing module 'aes128_key_expansion' (0#1) [H:/Academic/senior_project/DATN/work/luc/AES_huffman_all6/rtl/aes128_key_expansion.v:11]
INFO: [Synth 8-6155] done synthesizing module 'aes128_cipher_top' (0#1) [H:/Academic/senior_project/DATN/work/luc/AES_huffman_all6/rtl/aes128_cipher_top.v:13]
INFO: [Synth 8-6155] done synthesizing module 'apb_huffman_aes_tx_top' (0#1) [H:/Academic/senior_project/DATN/work/luc/AES_huffman_all6/rtl/apb_huffman_aes_tx_top.v:1]
INFO: [Synth 8-6157] synthesizing module 'cpu_mmio_to_apb_bridge' [H:/Academic/senior_project/DATN/work/luc/AES_huffman_all6/rtl/cpu_mmio_to_apb_bridge.v:1]
INFO: [Synth 8-6155] done synthesizing module 'cpu_mmio_to_apb_bridge' (0#1) [H:/Academic/senior_project/DATN/work/luc/AES_huffman_all6/rtl/cpu_mmio_to_apb_bridge.v:1]
INFO: [Synth 8-6157] synthesizing module 'dma_regfile' [H:/Academic/senior_project/DATN/work/luc/AES_huffman_all6/rtl/dma_regfile.v:1]
INFO: [Synth 8-6155] done synthesizing module 'dma_regfile' (0#1) [H:/Academic/senior_project/DATN/work/luc/AES_huffman_all6/rtl/dma_regfile.v:1]
INFO: [Synth 8-6157] synthesizing module 'dma_tx_engine' [H:/Academic/senior_project/DATN/work/luc/AES_huffman_all6/rtl/dma_tx_engine.v:1]
INFO: [Synth 8-6155] done synthesizing module 'dma_tx_engine' (0#1) [H:/Academic/senior_project/DATN/work/luc/AES_huffman_all6/rtl/dma_tx_engine.v:1]
INFO: [Synth 8-6155] done synthesizing module 'rv32_soc_top' (0#1) [H:/Academic/senior_project/DATN/work/luc/AES_huffman_all6/rtl/rv32_soc_top.v:12]
INFO: [Synth 8-6155] done synthesizing module 'rv32_soc_fpga_demo_top' (0#1) [H:/Academic/senior_project/DATN/work/luc/AES_huffman_all6/rtl/rv32_soc_fpga_demo_top.v:6]
WARNING: [Synth 8-6014] Unused sequential element candidate_len_v_reg was removed.  [H:/Academic/senior_project/DATN/work/luc/AES_huffman_all6/rtl/uart_dmem_loader.v:229]
WARNING: [Synth 8-6014] Unused sequential element merged_word_v_reg was removed.  [H:/Academic/senior_project/DATN/work/luc/AES_huffman_all6/rtl/uart_dmem_loader.v:248]
WARNING: [Synth 8-6014] Unused sequential element merged_we_v_reg was removed.  [H:/Academic/senior_project/DATN/work/luc/AES_huffman_all6/rtl/uart_dmem_loader.v:249]
WARNING: [Synth 8-6014] Unused sequential element next_rem_v_reg was removed.  [H:/Academic/senior_project/DATN/work/luc/AES_huffman_all6/rtl/uart_dmem_loader.v:250]
WARNING: [Synth 8-6014] Unused sequential element tx_meta_r_reg was removed.  [H:/Academic/senior_project/DATN/work/luc/AES_huffman_all6/rtl/dma_tx_engine.v:141]
WARNING: [Synth 8-7129] Port clear_done_i in module dma_tx_engine is either unconnected or has no load
WARNING: [Synth 8-7129] Port rst_n in module aes128_key_expansion is either unconnected or has no load
WARNING: [Synth 8-7129] Port whole_file_enable in module dynamic_huffman_encoder is either unconnected or has no load
WARNING: [Synth 8-7129] Port cpu_addr_i[31] in module dmem_ip_wrapper is either unconnected or has no load
WARNING: [Synth 8-7129] Port cpu_addr_i[30] in module dmem_ip_wrapper is either unconnected or has no load
WARNING: [Synth 8-7129] Port cpu_addr_i[29] in module dmem_ip_wrapper is either unconnected or has no load
WARNING: [Synth 8-7129] Port cpu_addr_i[28] in module dmem_ip_wrapper is either unconnected or has no load
WARNING: [Synth 8-7129] Port cpu_addr_i[27] in module dmem_ip_wrapper is either unconnected or has no load
WARNING: [Synth 8-7129] Port cpu_addr_i[26] in module dmem_ip_wrapper is either unconnected or has no load
WARNING: [Synth 8-7129] Port cpu_addr_i[25] in module dmem_ip_wrapper is either unconnected or has no load
WARNING: [Synth 8-7129] Port cpu_addr_i[24] in module dmem_ip_wrapper is either unconnected or has no load
WARNING: [Synth 8-7129] Port cpu_addr_i[23] in module dmem_ip_wrapper is either unconnected or has no load
WARNING: [Synth 8-7129] Port cpu_addr_i[22] in module dmem_ip_wrapper is either unconnected or has no load
WARNING: [Synth 8-7129] Port cpu_addr_i[21] in module dmem_ip_wrapper is either unconnected or has no load
WARNING: [Synth 8-7129] Port cpu_addr_i[20] in module dmem_ip_wrapper is either unconnected or has no load
WARNING: [Synth 8-7129] Port cpu_addr_i[19] in module dmem_ip_wrapper is either unconnected or has no load
WARNING: [Synth 8-7129] Port cpu_addr_i[18] in module dmem_ip_wrapper is either unconnected or has no load
WARNING: [Synth 8-7129] Port cpu_addr_i[17] in module dmem_ip_wrapper is either unconnected or has no load
WARNING: [Synth 8-7129] Port cpu_addr_i[16] in module dmem_ip_wrapper is either unconnected or has no load
WARNING: [Synth 8-7129] Port cpu_addr_i[15] in module dmem_ip_wrapper is either unconnected or has no load
WARNING: [Synth 8-7129] Port cpu_addr_i[1] in module dmem_ip_wrapper is either unconnected or has no load
WARNING: [Synth 8-7129] Port cpu_addr_i[0] in module dmem_ip_wrapper is either unconnected or has no load
WARNING: [Synth 8-7129] Port aux_addr_i[31] in module dmem_ip_wrapper is either unconnected or has no load
WARNING: [Synth 8-7129] Port aux_addr_i[30] in module dmem_ip_wrapper is either unconnected or has no load
WARNING: [Synth 8-7129] Port aux_addr_i[29] in module dmem_ip_wrapper is either unconnected or has no load
WARNING: [Synth 8-7129] Port aux_addr_i[28] in module dmem_ip_wrapper is either unconnected or has no load
WARNING: [Synth 8-7129] Port aux_addr_i[27] in module dmem_ip_wrapper is either unconnected or has no load
WARNING: [Synth 8-7129] Port aux_addr_i[26] in module dmem_ip_wrapper is either unconnected or has no load
WARNING: [Synth 8-7129] Port aux_addr_i[25] in module dmem_ip_wrapper is either unconnected or has no load
WARNING: [Synth 8-7129] Port aux_addr_i[24] in module dmem_ip_wrapper is either unconnected or has no load
WARNING: [Synth 8-7129] Port aux_addr_i[23] in module dmem_ip_wrapper is either unconnected or has no load
WARNING: [Synth 8-7129] Port aux_addr_i[22] in module dmem_ip_wrapper is either unconnected or has no load
WARNING: [Synth 8-7129] Port aux_addr_i[21] in module dmem_ip_wrapper is either unconnected or has no load
WARNING: [Synth 8-7129] Port aux_addr_i[20] in module dmem_ip_wrapper is either unconnected or has no load
WARNING: [Synth 8-7129] Port aux_addr_i[19] in module dmem_ip_wrapper is either unconnected or has no load
WARNING: [Synth 8-7129] Port aux_addr_i[18] in module dmem_ip_wrapper is either unconnected or has no load
WARNING: [Synth 8-7129] Port aux_addr_i[17] in module dmem_ip_wrapper is either unconnected or has no load
WARNING: [Synth 8-7129] Port aux_addr_i[16] in module dmem_ip_wrapper is either unconnected or has no load
WARNING: [Synth 8-7129] Port aux_addr_i[15] in module dmem_ip_wrapper is either unconnected or has no load
WARNING: [Synth 8-7129] Port aux_addr_i[1] in module dmem_ip_wrapper is either unconnected or has no load
WARNING: [Synth 8-7129] Port aux_addr_i[0] in module dmem_ip_wrapper is either unconnected or has no load
---------------------------------------------------------------------------------
Finished RTL Elaboration : Time (s): cpu = 00:00:23 ; elapsed = 00:00:25 . Memory (MB): peak = 1950.688 ; gain = 1100.309
---------------------------------------------------------------------------------
---------------------------------------------------------------------------------
Start Handling Custom Attributes
---------------------------------------------------------------------------------
---------------------------------------------------------------------------------
Finished Handling Custom Attributes : Time (s): cpu = 00:00:25 ; elapsed = 00:00:27 . Memory (MB): peak = 1950.688 ; gain = 1100.309
---------------------------------------------------------------------------------
---------------------------------------------------------------------------------
Finished RTL Optimization Phase 1 : Time (s): cpu = 00:00:25 ; elapsed = 00:00:27 . Memory (MB): peak = 1950.688 ; gain = 1100.309
---------------------------------------------------------------------------------
Netlist sorting complete. Time (s): cpu = 00:00:01 ; elapsed = 00:00:00.760 . Memory (MB): peak = 1950.688 ; gain = 0.000
INFO: [Project 1-570] Preparing netlist for logic optimization

Processing XDC Constraints
Initializing timing engine
Parsing XDC File [H:/Academic/senior_project/DATN/work/luc/AES_huffman_all6/vivado/constraints/zedboard_demo.xdc]
Finished Parsing XDC File [H:/Academic/senior_project/DATN/work/luc/AES_huffman_all6/vivado/constraints/zedboard_demo.xdc]
INFO: [Project 1-236] Implementation specific constraints were found while reading constraint file [H:/Academic/senior_project/DATN/work/luc/AES_huffman_all6/vivado/constraints/zedboard_demo.xdc]. These constraints will be ignored for synthesis but will be used in implementation. Impacted constraints are listed in the file [.Xil/rv32_soc_fpga_demo_top_propImpl.xdc].
Resolution: To avoid this warning, move constraints listed in [.Xil/rv32_soc_fpga_demo_top_propImpl.xdc] to another XDC file and exclude this new file from synthesis with the used_in_synthesis property (File Properties dialog in GUI) and re-run elaboration/synthesis.
Parsing XDC File [H:/Academic/senior_project/DATN/work/luc/AES_huffman_all6/vivado/build/rv32_soc_synth_tx/auto_clock.xdc]
Finished Parsing XDC File [H:/Academic/senior_project/DATN/work/luc/AES_huffman_all6/vivado/build/rv32_soc_synth_tx/auto_clock.xdc]
Completed Processing XDC Constraints

Netlist sorting complete. Time (s): cpu = 00:00:01 ; elapsed = 00:00:00.014 . Memory (MB): peak = 2088.629 ; gain = 0.000
INFO: [Project 1-111] Unisim Transformation Summary:
No Unisim elements were transformed.

---------------------------------------------------------------------------------
Finished Constraint Validation : Time (s): cpu = 00:00:49 ; elapsed = 00:00:52 . Memory (MB): peak = 2088.629 ; gain = 1238.250
---------------------------------------------------------------------------------
---------------------------------------------------------------------------------
Start Loading Part and Timing Information
---------------------------------------------------------------------------------
Loading part: xc7z020clg484-1
---------------------------------------------------------------------------------
Finished Loading Part and Timing Information : Time (s): cpu = 00:00:49 ; elapsed = 00:00:52 . Memory (MB): peak = 2088.629 ; gain = 1238.250
---------------------------------------------------------------------------------
---------------------------------------------------------------------------------
Start Applying 'set_property' XDC Constraints
---------------------------------------------------------------------------------
---------------------------------------------------------------------------------
Finished applying 'set_property' XDC Constraints : Time (s): cpu = 00:00:49 ; elapsed = 00:00:52 . Memory (MB): peak = 2088.629 ; gain = 1238.250
---------------------------------------------------------------------------------
INFO: [Synth 8-802] inferred FSM for state register 'state_r_reg' in module 'uart_rx'
INFO: [Synth 8-802] inferred FSM for state register 'state_r_reg' in module 'uart_dmem_loader'
INFO: [Synth 8-802] inferred FSM for state register 'state_reg' in module 'symbol_list_builder'
INFO: [Synth 8-802] inferred FSM for state register 'state_reg' in module 'code_length_builder'
INFO: [Synth 8-802] inferred FSM for state register 'state_reg' in module 'canonical_code_generator'
INFO: [Synth 8-802] inferred FSM for state register 'state_reg' in module 'huffman_builder'
INFO: [Synth 8-802] inferred FSM for state register 'state_reg' in module 'input_collect_unit'
INFO: [Synth 8-802] inferred FSM for state register 'state_reg' in module 'payload_emitter'
INFO: [Synth 8-802] inferred FSM for state register 'state_reg' in module 'stream_output_interface'
INFO: [Synth 8-802] inferred FSM for state register 'state_reg' in module 'emit_backend'
INFO: [Synth 8-802] inferred FSM for state register 'state_reg' in module 'control_fsm'
INFO: [Synth 8-802] inferred FSM for state register 'state_r_reg' in module 'cpu_mmio_to_apb_bridge'
---------------------------------------------------------------------------------------------------
                   State |                     New Encoding |                Previous Encoding 
---------------------------------------------------------------------------------------------------
                 ST_IDLE |                               00 |                               00
                ST_START |                               01 |                               01
                 ST_DATA |                               10 |                               10
                 ST_STOP |                               11 |                               11
---------------------------------------------------------------------------------------------------
INFO: [Synth 8-3354] encoded FSM with state register 'state_r_reg' using encoding 'sequential' in module 'uart_rx'
---------------------------------------------------------------------------------------------------
                   State |                     New Encoding |                Previous Encoding 
---------------------------------------------------------------------------------------------------
               ST_MAGIC0 |                             0000 |                             0000
               ST_MAGIC1 |                             0001 |                             0001
               ST_MAGIC2 |                             0010 |                             0010
               ST_MAGIC3 |                             0011 |                             0011
                 ST_LEN0 |                             0100 |                             0100
                 ST_LEN1 |                             0101 |                             0101
                 ST_LEN2 |                             0110 |                             0110
                 ST_LEN3 |                             0111 |                             0111
             ST_SEND_ERR |                             1000 |                             1100
                ST_ERROR |                             1001 |                             1110
              ST_PAYLOAD |                             1010 |                             1000
        ST_WRITE_PAYLOAD |                             1011 |                             1001
            ST_WRITE_LEN |                             1100 |                             1010
             ST_SEND_ACK |                             1101 |                             1011
                 ST_DONE |                             1110 |                             1101
---------------------------------------------------------------------------------------------------
INFO: [Synth 8-3354] encoded FSM with state register 'state_r_reg' using encoding 'sequential' in module 'uart_dmem_loader'
WARNING: [Synth 8-6841] Block RAM (mem_reg) originally specified as a Byte Wide Write Enable RAM cannot take advantage of ByteWide feature and is implemented with single write enable per RAM due to following reason.
(address width (13) is more than optimal threshold of 12. Implementing using BWWE will require more logic and timing would be suboptimal. Please use attribute ram_decomp = power if BWWE is desired.)
INFO: [Synth 8-3971] The signal "DMEM_ip:/mem_reg" was recognized as a true dual port RAM template.
---------------------------------------------------------------------------------------------------
                   State |                     New Encoding |                Previous Encoding 
---------------------------------------------------------------------------------------------------
                 ST_IDLE |                             0001 |                               00
                 ST_INIT |                             0010 |                               01
                 ST_SCAN |                             0100 |                               10
                 ST_DONE |                             1000 |                               11
---------------------------------------------------------------------------------------------------
INFO: [Synth 8-3354] encoded FSM with state register 'state_reg' using encoding 'one-hot' in module 'symbol_list_builder'
---------------------------------------------------------------------------------------------------
                   State |                     New Encoding |                Previous Encoding 
---------------------------------------------------------------------------------------------------
                 ST_IDLE |                       0001000000 |                             0000
                 ST_INIT |                       0010000000 |                             0001
          ST_LOAD_SYMBOL |                       0000000100 |                             0010
            ST_FIND_INIT |                       0000100000 |                             0101
            ST_FIND_SCAN |                       1000000000 |                             0110
          ST_BUILD_MERGE |                       0100000000 |                             0111
            ST_MAP_TABLE |                       0000010000 |                             1000
                 ST_DONE |                       0000001000 |                             1001
           ST_LOAD_COUNT |                       0000000001 |                             0011
            ST_LOAD_NODE |                       0000000010 |                             0100
---------------------------------------------------------------------------------------------------
INFO: [Synth 8-3354] encoded FSM with state register 'state_reg' using encoding 'one-hot' in module 'code_length_builder'
---------------------------------------------------------------------------------------------------
                   State |                     New Encoding |                Previous Encoding 
---------------------------------------------------------------------------------------------------
                 ST_IDLE |                              000 |                              000
                 ST_INIT |                              010 |                              001
                 ST_LOAD |                              101 |                              010
                 ST_SORT |                              100 |                              011
               ST_ASSIGN |                              011 |                              100
                 ST_DONE |                              001 |                              101
---------------------------------------------------------------------------------------------------
INFO: [Synth 8-3354] encoded FSM with state register 'state_reg' using encoding 'sequential' in module 'canonical_code_generator'
---------------------------------------------------------------------------------------------------
                   State |                     New Encoding |                Previous Encoding 
---------------------------------------------------------------------------------------------------
                 ST_IDLE |                         00000001 |                             0000
            ST_START_SLB |                         00000100 |                             0001
              ST_RUN_SLB |                         10000000 |                             0010
            ST_START_CLB |                         01000000 |                             0011
              ST_RUN_CLB |                         00100000 |                             0100
            ST_START_CGG |                         00010000 |                             0101
              ST_RUN_CGG |                         00001000 |                             0110
                 ST_DONE |                         00000010 |                             0111
---------------------------------------------------------------------------------------------------
INFO: [Synth 8-3354] encoded FSM with state register 'state_reg' using encoding 'one-hot' in module 'huffman_builder'
---------------------------------------------------------------------------------------------------
                   State |                     New Encoding |                Previous Encoding 
---------------------------------------------------------------------------------------------------
                 ST_IDLE |                               11 |                               00
           ST_WAIT_FIRST |                               01 |                               01
              ST_COLLECT |                               10 |                               10
                 ST_DONE |                               00 |                               11
---------------------------------------------------------------------------------------------------
INFO: [Synth 8-3354] encoded FSM with state register 'state_reg' using encoding 'sequential' in module 'input_collect_unit'
---------------------------------------------------------------------------------------------------
                   State |                     New Encoding |                Previous Encoding 
---------------------------------------------------------------------------------------------------
                 ST_IDLE |                              000 |                              000
                 ST_INIT |                              010 |                              001
            ST_READ_BYTE |                              100 |                              010
            ST_READ_CODE |                              110 |                              011
                 ST_PREP |                              101 |                              100
                 ST_SEND |                              011 |                              101
                 ST_DONE |                              001 |                              110
---------------------------------------------------------------------------------------------------
INFO: [Synth 8-3354] encoded FSM with state register 'state_reg' using encoding 'sequential' in module 'payload_emitter'
---------------------------------------------------------------------------------------------------
                   State |                     New Encoding |                Previous Encoding 
---------------------------------------------------------------------------------------------------
                 ST_IDLE |                               11 |                               00
               ST_HEADER |                               01 |                               01
              ST_PAYLOAD |                               10 |                               10
                 ST_DONE |                               00 |                               11
---------------------------------------------------------------------------------------------------
INFO: [Synth 8-3354] encoded FSM with state register 'state_reg' using encoding 'sequential' in module 'stream_output_interface'
---------------------------------------------------------------------------------------------------
                   State |                     New Encoding |                Previous Encoding 
---------------------------------------------------------------------------------------------------
                 ST_IDLE |                              000 |                              000
         ST_START_HEADER |                              001 |                              001
           ST_RUN_HEADER |                              010 |                              010
        ST_START_PAYLOAD |                              011 |                              011
          ST_RUN_PAYLOAD |                              100 |                              100
---------------------------------------------------------------------------------------------------
INFO: [Synth 8-3354] encoded FSM with state register 'state_reg' using encoding 'sequential' in module 'emit_backend'
---------------------------------------------------------------------------------------------------
                   State |                     New Encoding |                Previous Encoding 
---------------------------------------------------------------------------------------------------
                 ST_IDLE |                      00001000000 |                             0000
        ST_START_COLLECT |                      00010000000 |                             0001
         ST_WAIT_COLLECT |                      00000010000 |                             0010
          ST_START_BUILD |                      00000000001 |                             0011
           ST_WAIT_BUILD |                      00000000010 |                             0100
           ST_START_MODE |                      00000001000 |                             0101
            ST_WAIT_MODE |                      10000000000 |                             0110
           ST_START_EMIT |                      00000100000 |                             0111
            ST_WAIT_EMIT |                      00100000000 |                             1000
                ST_ERROR |                      00000000100 |                             1010
                 ST_DONE |                      01000000000 |                             1001
---------------------------------------------------------------------------------------------------
INFO: [Synth 8-3354] encoded FSM with state register 'state_reg' using encoding 'one-hot' in module 'control_fsm'
---------------------------------------------------------------------------------------------------
                   State |                     New Encoding |                Previous Encoding 
---------------------------------------------------------------------------------------------------
              STATE_IDLE |                                0 |                               00
            STATE_ACCESS |                                1 |                               10
---------------------------------------------------------------------------------------------------
INFO: [Synth 8-3354] encoded FSM with state register 'state_r_reg' using encoding 'sequential' in module 'cpu_mmio_to_apb_bridge'
---------------------------------------------------------------------------------
Finished RTL Optimization Phase 2 : Time (s): cpu = 00:01:20 ; elapsed = 00:01:31 . Memory (MB): peak = 2088.629 ; gain = 1238.250
---------------------------------------------------------------------------------
---------------------------------------------------------------------------------
Start RTL Component Statistics 
---------------------------------------------------------------------------------
Detailed RTL Component Info : 
+---Adders : 
	   2 Input   32 Bit       Adders := 14    
	   3 Input   32 Bit       Adders := 2     
	   2 Input   31 Bit       Adders := 1     
	   2 Input   19 Bit       Adders := 2     
	   2 Input   16 Bit       Adders := 4     
	   4 Input   10 Bit       Adders := 1     
	   2 Input    9 Bit       Adders := 31    
	   2 Input    8 Bit       Adders := 2     
	   2 Input    7 Bit       Adders := 14    
	   2 Input    6 Bit       Adders := 20    
	   3 Input    6 Bit       Adders := 2     
	   2 Input    5 Bit       Adders := 97    
	   3 Input    5 Bit       Adders := 1     
	   2 Input    4 Bit       Adders := 8     
	   2 Input    3 Bit       Adders := 4     
	   2 Input    2 Bit       Adders := 3     
+---XORs : 
	   2 Input    128 Bit         XORs := 2     
	   3 Input     32 Bit         XORs := 1     
	   2 Input     32 Bit         XORs := 4     
	   2 Input      8 Bit         XORs := 20    
	   3 Input      8 Bit         XORs := 10    
	   5 Input      8 Bit         XORs := 6     
	   4 Input      8 Bit         XORs := 2     
	   2 Input      4 Bit         XORs := 40    
	   2 Input      2 Bit         XORs := 200   
	   2 Input      1 Bit         XORs := 793   
	   4 Input      1 Bit         XORs := 39    
	   3 Input      1 Bit         XORs := 295   
	   6 Input      1 Bit         XORs := 60    
	   5 Input      1 Bit         XORs := 23    
+---XORs : 
	                4 Bit    Wide XORs := 20    
+---Registers : 
	              128 Bit    Registers := 8     
	               63 Bit    Registers := 127   
	               32 Bit    Registers := 113   
	               31 Bit    Registers := 98    
	               19 Bit    Registers := 1     
	               16 Bit    Registers := 226   
	               10 Bit    Registers := 1     
	                9 Bit    Registers := 1     
	                8 Bit    Registers := 355   
	                7 Bit    Registers := 134   
	                6 Bit    Registers := 114   
	                5 Bit    Registers := 332   
	                4 Bit    Registers := 14    
	                3 Bit    Registers := 8     
	                2 Bit    Registers := 14    
	                1 Bit    Registers := 381   
+---RAMs : 
	             256K Bit	(8192 X 32 bit)          RAMs := 1     
+---ROMs : 
	                    ROMs := 1     
+---Muxes : 
	   2 Input  152 Bit        Muxes := 32    
	   2 Input  128 Bit        Muxes := 14    
	   5 Input  120 Bit        Muxes := 1     
	   2 Input   63 Bit        Muxes := 1     
	  10 Input   63 Bit        Muxes := 4     
	   2 Input   32 Bit        Muxes := 67    
	  12 Input   32 Bit        Muxes := 2     
	   7 Input   32 Bit        Muxes := 1     
	   3 Input   32 Bit        Muxes := 3     
	   4 Input   32 Bit        Muxes := 6     
	  13 Input   32 Bit        Muxes := 1     
	  32 Input   32 Bit        Muxes := 2     
	  15 Input   32 Bit        Muxes := 8     
	   2 Input   31 Bit        Muxes := 2     
	   6 Input   31 Bit        Muxes := 2     
	   7 Input   31 Bit        Muxes := 1     
	   2 Input   19 Bit        Muxes := 2     
	   2 Input   16 Bit        Muxes := 4     
	  10 Input   16 Bit        Muxes := 5     
	   4 Input   16 Bit        Muxes := 2     
	   3 Input   16 Bit        Muxes := 1     
	  11 Input   11 Bit        Muxes := 1     
	   2 Input   11 Bit        Muxes := 6     
	  10 Input   10 Bit        Muxes := 1     
	   2 Input   10 Bit        Muxes := 4     
	   3 Input   10 Bit        Muxes := 1     
	   4 Input   10 Bit        Muxes := 1     
	   2 Input    9 Bit        Muxes := 2     
	   2 Input    8 Bit        Muxes := 27    
	  10 Input    8 Bit        Muxes := 5     
	   4 Input    8 Bit        Muxes := 4     
	   6 Input    8 Bit        Muxes := 63    
	   8 Input    8 Bit        Muxes := 1     
	  12 Input    8 Bit        Muxes := 1     
	   7 Input    8 Bit        Muxes := 1     
	   3 Input    8 Bit        Muxes := 1     
	  15 Input    8 Bit        Muxes := 1     
	   2 Input    7 Bit        Muxes := 13    
	  10 Input    7 Bit        Muxes := 9     
	   4 Input    7 Bit        Muxes := 1     
	   5 Input    7 Bit        Muxes := 1     
	   7 Input    7 Bit        Muxes := 1     
	   3 Input    7 Bit        Muxes := 2     
	  32 Input    7 Bit        Muxes := 1     
	   2 Input    6 Bit        Muxes := 16    
	  10 Input    6 Bit        Muxes := 3     
	   4 Input    6 Bit        Muxes := 1     
	   6 Input    6 Bit        Muxes := 5     
	  12 Input    6 Bit        Muxes := 3     
	   7 Input    6 Bit        Muxes := 2     
	   3 Input    6 Bit        Muxes := 2     
	  10 Input    5 Bit        Muxes := 64    
	   2 Input    5 Bit        Muxes := 20    
	   6 Input    5 Bit        Muxes := 65    
	  12 Input    5 Bit        Muxes := 3     
	   7 Input    5 Bit        Muxes := 1     
	   3 Input    5 Bit        Muxes := 3     
	   4 Input    5 Bit        Muxes := 1     
	   5 Input    5 Bit        Muxes := 1     
	   4 Input    4 Bit        Muxes := 6     
	  12 Input    4 Bit        Muxes := 1     
	   2 Input    4 Bit        Muxes := 49    
	  11 Input    4 Bit        Muxes := 1     
	   6 Input    4 Bit        Muxes := 4     
	   7 Input    4 Bit        Muxes := 1     
	   3 Input    4 Bit        Muxes := 2     
	  15 Input    4 Bit        Muxes := 3     
	   6 Input    3 Bit        Muxes := 2     
	   2 Input    3 Bit        Muxes := 21    
	  17 Input    3 Bit        Muxes := 1     
	   5 Input    3 Bit        Muxes := 2     
	   4 Input    3 Bit        Muxes := 2     
	  10 Input    2 Bit        Muxes := 1     
	   4 Input    2 Bit        Muxes := 4     
	   2 Input    2 Bit        Muxes := 21    
	  12 Input    2 Bit        Muxes := 1     
	   3 Input    2 Bit        Muxes := 3     
	  15 Input    2 Bit        Muxes := 1     
	   2 Input    1 Bit        Muxes := 1604  
	  10 Input    1 Bit        Muxes := 742   
	   4 Input    1 Bit        Muxes := 81    
	   3 Input    1 Bit        Muxes := 38    
	   6 Input    1 Bit        Muxes := 181   
	   8 Input    1 Bit        Muxes := 1     
	  12 Input    1 Bit        Muxes := 16    
	   5 Input    1 Bit        Muxes := 2     
	   7 Input    1 Bit        Muxes := 14    
	  11 Input    1 Bit        Muxes := 2     
	  15 Input    1 Bit        Muxes := 14    
	  32 Input    1 Bit        Muxes := 16    
---------------------------------------------------------------------------------
Finished RTL Component Statistics 
---------------------------------------------------------------------------------
---------------------------------------------------------------------------------
Start Part Resource Summary
---------------------------------------------------------------------------------
Part Resources:
DSPs: 220 (col length:60)
BRAMs: 280 (col length: RAMB18 60 RAMB36 30)
---------------------------------------------------------------------------------
Finished Part Resource Summary
---------------------------------------------------------------------------------
---------------------------------------------------------------------------------
Start Cross Boundary and Area Optimization
---------------------------------------------------------------------------------
INFO: [Synth 8-3886] merging instance 'node_symbol_reg[124][0]' (FDCE) to 'node_symbol_reg[124][1]'
INFO: [Synth 8-3886] merging instance 'node_symbol_reg[123][0]' (FDCE) to 'node_symbol_reg[123][1]'
INFO: [Synth 8-3886] merging instance 'node_symbol_reg[122][0]' (FDCE) to 'node_symbol_reg[122][1]'
INFO: [Synth 8-3886] merging instance 'node_symbol_reg[121][0]' (FDCE) to 'node_symbol_reg[121][1]'
INFO: [Synth 8-3886] merging instance 'node_symbol_reg[120][0]' (FDCE) to 'node_symbol_reg[120][1]'
INFO: [Synth 8-3886] merging instance 'node_symbol_reg[119][0]' (FDCE) to 'node_symbol_reg[119][1]'
INFO: [Synth 8-3886] merging instance 'node_symbol_reg[118][0]' (FDCE) to 'node_symbol_reg[118][1]'
INFO: [Synth 8-3886] merging instance 'node_symbol_reg[117][0]' (FDCE) to 'node_symbol_reg[117][1]'
INFO: [Synth 8-3886] merging instance 'node_symbol_reg[116][0]' (FDCE) to 'node_symbol_reg[116][1]'
INFO: [Synth 8-3886] merging instance 'node_symbol_reg[115][0]' (FDCE) to 'node_symbol_reg[115][1]'
INFO: [Synth 8-3886] merging instance 'node_symbol_reg[114][0]' (FDCE) to 'node_symbol_reg[114][1]'
INFO: [Synth 8-3886] merging instance 'node_symbol_reg[113][0]' (FDCE) to 'node_symbol_reg[113][1]'
INFO: [Synth 8-3886] merging instance 'node_symbol_reg[112][0]' (FDCE) to 'node_symbol_reg[112][1]'
INFO: [Synth 8-3886] merging instance 'node_symbol_reg[111][0]' (FDCE) to 'node_symbol_reg[111][1]'
INFO: [Synth 8-3886] merging instance 'node_symbol_reg[110][0]' (FDCE) to 'node_symbol_reg[110][1]'
INFO: [Synth 8-3886] merging instance 'node_symbol_reg[109][0]' (FDCE) to 'node_symbol_reg[109][1]'
INFO: [Synth 8-3886] merging instance 'node_symbol_reg[108][0]' (FDCE) to 'node_symbol_reg[108][1]'
INFO: [Synth 8-3886] merging instance 'node_symbol_reg[107][0]' (FDCE) to 'node_symbol_reg[107][1]'
INFO: [Synth 8-3886] merging instance 'node_symbol_reg[106][0]' (FDCE) to 'node_symbol_reg[106][1]'
INFO: [Synth 8-3886] merging instance 'node_symbol_reg[105][0]' (FDCE) to 'node_symbol_reg[105][1]'
INFO: [Synth 8-3886] merging instance 'node_symbol_reg[104][0]' (FDCE) to 'node_symbol_reg[104][1]'
INFO: [Synth 8-3886] merging instance 'node_symbol_reg[103][0]' (FDCE) to 'node_symbol_reg[103][1]'
INFO: [Synth 8-3886] merging instance 'node_symbol_reg[102][0]' (FDCE) to 'node_symbol_reg[102][1]'
INFO: [Synth 8-3886] merging instance 'node_symbol_reg[101][0]' (FDCE) to 'node_symbol_reg[101][1]'
INFO: [Synth 8-3886] merging instance 'node_symbol_reg[100][0]' (FDCE) to 'node_symbol_reg[100][1]'
INFO: [Synth 8-3886] merging instance 'node_symbol_reg[99][0]' (FDCE) to 'node_symbol_reg[99][1]'
INFO: [Synth 8-3886] merging instance 'node_symbol_reg[98][0]' (FDCE) to 'node_symbol_reg[98][1]'
INFO: [Synth 8-3886] merging instance 'node_symbol_reg[97][0]' (FDCE) to 'node_symbol_reg[97][1]'
INFO: [Synth 8-3886] merging instance 'node_symbol_reg[96][0]' (FDCE) to 'node_symbol_reg[96][1]'
INFO: [Synth 8-3886] merging instance 'node_symbol_reg[95][0]' (FDCE) to 'node_symbol_reg[95][1]'
INFO: [Synth 8-3886] merging instance 'node_symbol_reg[94][0]' (FDCE) to 'node_symbol_reg[94][1]'
INFO: [Synth 8-3886] merging instance 'node_symbol_reg[93][0]' (FDCE) to 'node_symbol_reg[93][1]'
INFO: [Synth 8-3886] merging instance 'node_symbol_reg[92][0]' (FDCE) to 'node_symbol_reg[92][1]'
INFO: [Synth 8-3886] merging instance 'node_symbol_reg[91][0]' (FDCE) to 'node_symbol_reg[91][1]'
INFO: [Synth 8-3886] merging instance 'node_symbol_reg[90][0]' (FDCE) to 'node_symbol_reg[90][1]'
INFO: [Synth 8-3886] merging instance 'node_symbol_reg[89][0]' (FDCE) to 'node_symbol_reg[89][1]'
INFO: [Synth 8-3886] merging instance 'node_symbol_reg[88][0]' (FDCE) to 'node_symbol_reg[88][1]'
INFO: [Synth 8-3886] merging instance 'node_symbol_reg[87][0]' (FDCE) to 'node_symbol_reg[87][1]'
INFO: [Synth 8-3886] merging instance 'node_symbol_reg[86][0]' (FDCE) to 'node_symbol_reg[86][1]'
INFO: [Synth 8-3886] merging instance 'node_symbol_reg[85][0]' (FDCE) to 'node_symbol_reg[85][1]'
INFO: [Synth 8-3886] merging instance 'node_symbol_reg[84][0]' (FDCE) to 'node_symbol_reg[84][1]'
INFO: [Synth 8-3886] merging instance 'node_symbol_reg[83][0]' (FDCE) to 'node_symbol_reg[83][1]'
INFO: [Synth 8-3886] merging instance 'node_symbol_reg[82][0]' (FDCE) to 'node_symbol_reg[82][1]'
INFO: [Synth 8-3886] merging instance 'node_symbol_reg[81][0]' (FDCE) to 'node_symbol_reg[81][1]'
INFO: [Synth 8-3886] merging instance 'node_symbol_reg[80][0]' (FDCE) to 'node_symbol_reg[80][1]'
INFO: [Synth 8-3886] merging instance 'node_symbol_reg[79][0]' (FDCE) to 'node_symbol_reg[79][1]'
INFO: [Synth 8-3886] merging instance 'node_symbol_reg[78][0]' (FDCE) to 'node_symbol_reg[78][1]'
INFO: [Synth 8-3886] merging instance 'node_symbol_reg[77][0]' (FDCE) to 'node_symbol_reg[77][1]'
INFO: [Synth 8-3886] merging instance 'node_symbol_reg[76][0]' (FDCE) to 'node_symbol_reg[76][1]'
INFO: [Synth 8-3886] merging instance 'node_symbol_reg[75][0]' (FDCE) to 'node_symbol_reg[75][1]'
INFO: [Synth 8-3886] merging instance 'node_symbol_reg[74][0]' (FDCE) to 'node_symbol_reg[74][1]'
INFO: [Synth 8-3886] merging instance 'node_symbol_reg[73][0]' (FDCE) to 'node_symbol_reg[73][1]'
INFO: [Synth 8-3886] merging instance 'node_symbol_reg[72][0]' (FDCE) to 'node_symbol_reg[72][1]'
INFO: [Synth 8-3886] merging instance 'node_symbol_reg[71][0]' (FDCE) to 'node_symbol_reg[71][1]'
INFO: [Synth 8-3886] merging instance 'node_symbol_reg[70][0]' (FDCE) to 'node_symbol_reg[70][1]'
INFO: [Synth 8-3886] merging instance 'node_symbol_reg[69][0]' (FDCE) to 'node_symbol_reg[69][1]'
INFO: [Synth 8-3886] merging instance 'node_symbol_reg[68][0]' (FDCE) to 'node_symbol_reg[68][1]'
INFO: [Synth 8-3886] merging instance 'node_symbol_reg[67][0]' (FDCE) to 'node_symbol_reg[67][1]'
INFO: [Synth 8-3886] merging instance 'node_symbol_reg[66][0]' (FDCE) to 'node_symbol_reg[66][1]'
INFO: [Synth 8-3886] merging instance 'node_symbol_reg[65][0]' (FDCE) to 'node_symbol_reg[65][1]'
INFO: [Synth 8-3886] merging instance 'node_symbol_reg[64][0]' (FDCE) to 'node_symbol_reg[64][1]'
INFO: [Synth 8-3886] merging instance 'node_symbol_reg[124][1]' (FDCE) to 'node_symbol_reg[124][2]'
INFO: [Synth 8-3886] merging instance 'node_symbol_reg[123][1]' (FDCE) to 'node_symbol_reg[123][2]'
INFO: [Synth 8-3886] merging instance 'node_symbol_reg[122][1]' (FDCE) to 'node_symbol_reg[122][2]'
INFO: [Synth 8-3886] merging instance 'node_symbol_reg[121][1]' (FDCE) to 'node_symbol_reg[121][2]'
INFO: [Synth 8-3886] merging instance 'node_symbol_reg[120][1]' (FDCE) to 'node_symbol_reg[120][2]'
INFO: [Synth 8-3886] merging instance 'node_symbol_reg[119][1]' (FDCE) to 'node_symbol_reg[119][2]'
INFO: [Synth 8-3886] merging instance 'node_symbol_reg[118][1]' (FDCE) to 'node_symbol_reg[118][2]'
INFO: [Synth 8-3886] merging instance 'node_symbol_reg[117][1]' (FDCE) to 'node_symbol_reg[117][2]'
INFO: [Synth 8-3886] merging instance 'node_symbol_reg[116][1]' (FDCE) to 'node_symbol_reg[116][2]'
INFO: [Synth 8-3886] merging instance 'node_symbol_reg[115][1]' (FDCE) to 'node_symbol_reg[115][2]'
INFO: [Synth 8-3886] merging instance 'node_symbol_reg[114][1]' (FDCE) to 'node_symbol_reg[114][2]'
INFO: [Synth 8-3886] merging instance 'node_symbol_reg[113][1]' (FDCE) to 'node_symbol_reg[113][2]'
INFO: [Synth 8-3886] merging instance 'node_symbol_reg[112][1]' (FDCE) to 'node_symbol_reg[112][2]'
INFO: [Synth 8-3886] merging instance 'node_symbol_reg[111][1]' (FDCE) to 'node_symbol_reg[111][2]'
INFO: [Synth 8-3886] merging instance 'node_symbol_reg[110][1]' (FDCE) to 'node_symbol_reg[110][2]'
INFO: [Synth 8-3886] merging instance 'node_symbol_reg[109][1]' (FDCE) to 'node_symbol_reg[109][2]'
INFO: [Synth 8-3886] merging instance 'node_symbol_reg[108][1]' (FDCE) to 'node_symbol_reg[108][2]'
INFO: [Synth 8-3886] merging instance 'node_symbol_reg[107][1]' (FDCE) to 'node_symbol_reg[107][2]'
INFO: [Synth 8-3886] merging instance 'node_symbol_reg[106][1]' (FDCE) to 'node_symbol_reg[106][2]'
INFO: [Synth 8-3886] merging instance 'node_symbol_reg[105][1]' (FDCE) to 'node_symbol_reg[105][2]'
INFO: [Synth 8-3886] merging instance 'node_symbol_reg[104][1]' (FDCE) to 'node_symbol_reg[104][2]'
INFO: [Synth 8-3886] merging instance 'node_symbol_reg[103][1]' (FDCE) to 'node_symbol_reg[103][2]'
INFO: [Synth 8-3886] merging instance 'node_symbol_reg[102][1]' (FDCE) to 'node_symbol_reg[102][2]'
INFO: [Synth 8-3886] merging instance 'node_symbol_reg[101][1]' (FDCE) to 'node_symbol_reg[101][2]'
INFO: [Synth 8-3886] merging instance 'node_symbol_reg[100][1]' (FDCE) to 'node_symbol_reg[100][2]'
INFO: [Synth 8-3886] merging instance 'node_symbol_reg[99][1]' (FDCE) to 'node_symbol_reg[99][2]'
INFO: [Synth 8-3886] merging instance 'node_symbol_reg[98][1]' (FDCE) to 'node_symbol_reg[98][2]'
INFO: [Synth 8-3886] merging instance 'node_symbol_reg[97][1]' (FDCE) to 'node_symbol_reg[97][2]'
INFO: [Synth 8-3886] merging instance 'node_symbol_reg[96][1]' (FDCE) to 'node_symbol_reg[96][2]'
INFO: [Synth 8-3886] merging instance 'node_symbol_reg[95][1]' (FDCE) to 'node_symbol_reg[95][2]'
INFO: [Synth 8-3886] merging instance 'node_symbol_reg[94][1]' (FDCE) to 'node_symbol_reg[94][2]'
INFO: [Synth 8-3886] merging instance 'node_symbol_reg[93][1]' (FDCE) to 'node_symbol_reg[93][2]'
INFO: [Synth 8-3886] merging instance 'node_symbol_reg[92][1]' (FDCE) to 'node_symbol_reg[92][2]'
INFO: [Synth 8-3886] merging instance 'node_symbol_reg[91][1]' (FDCE) to 'node_symbol_reg[91][2]'
INFO: [Synth 8-3886] merging instance 'node_symbol_reg[90][1]' (FDCE) to 'node_symbol_reg[90][2]'
INFO: [Synth 8-3886] merging instance 'node_symbol_reg[89][1]' (FDCE) to 'node_symbol_reg[89][2]'
INFO: [Synth 8-3886] merging instance 'node_symbol_reg[88][1]' (FDCE) to 'node_symbol_reg[88][2]'
INFO: [Synth 8-3886] merging instance 'node_symbol_reg[87][1]' (FDCE) to 'node_symbol_reg[87][2]'
INFO: [Synth 8-3886] merging instance 'node_symbol_reg[86][1]' (FDCE) to 'node_symbol_reg[86][2]'
INFO: [Common 17-14] Message 'Synth 8-3886' appears 100 times and further instances of the messages will be disabled. Use the Tcl command set_msg_config to change the current settings.
INFO: [Common 17-14] Message 'Synth 8-3886' appears 100 times and further instances of the messages will be disabled. Use the Tcl command set_msg_config to change the current settings.
INFO: [Synth 8-3333] propagating constant 0 across sequential element (\node_symbol_reg[124][7] )
INFO: [Synth 8-3333] propagating constant 0 across sequential element (\node_symbol_reg[123][7] )
INFO: [Synth 8-3333] propagating constant 0 across sequential element (\node_symbol_reg[122][7] )
INFO: [Synth 8-3333] propagating constant 0 across sequential element (\node_symbol_reg[121][7] )
INFO: [Synth 8-3333] propagating constant 0 across sequential element (\node_symbol_reg[120][7] )
INFO: [Synth 8-3333] propagating constant 0 across sequential element (\node_symbol_reg[119][7] )
INFO: [Synth 8-3333] propagating constant 0 across sequential element (\node_symbol_reg[118][7] )
INFO: [Synth 8-3333] propagating constant 0 across sequential element (\node_symbol_reg[117][7] )
INFO: [Synth 8-3333] propagating constant 0 across sequential element (\node_symbol_reg[116][7] )
INFO: [Synth 8-3333] propagating constant 0 across sequential element (\node_symbol_reg[115][7] )
INFO: [Synth 8-3333] propagating constant 0 across sequential element (\node_symbol_reg[114][7] )
INFO: [Synth 8-3333] propagating constant 0 across sequential element (\node_symbol_reg[113][7] )
INFO: [Synth 8-3333] propagating constant 0 across sequential element (\node_symbol_reg[112][7] )
INFO: [Synth 8-3333] propagating constant 0 across sequential element (\node_symbol_reg[111][7] )
INFO: [Synth 8-3333] propagating constant 0 across sequential element (\node_symbol_reg[110][7] )
INFO: [Synth 8-3333] propagating constant 0 across sequential element (\node_symbol_reg[109][7] )
INFO: [Synth 8-3333] propagating constant 0 across sequential element (\node_symbol_reg[108][7] )
INFO: [Synth 8-3333] propagating constant 0 across sequential element (\node_symbol_reg[107][7] )
INFO: [Synth 8-3333] propagating constant 0 across sequential element (\node_symbol_reg[106][7] )
INFO: [Synth 8-3333] propagating constant 0 across sequential element (\node_symbol_reg[105][7] )
INFO: [Synth 8-3333] propagating constant 0 across sequential element (\node_symbol_reg[104][7] )
INFO: [Synth 8-3333] propagating constant 0 across sequential element (\node_symbol_reg[103][7] )
INFO: [Synth 8-3333] propagating constant 0 across sequential element (\node_symbol_reg[102][7] )
INFO: [Synth 8-3333] propagating constant 0 across sequential element (\node_symbol_reg[101][7] )
INFO: [Synth 8-3333] propagating constant 0 across sequential element (\node_symbol_reg[100][7] )
INFO: [Synth 8-3333] propagating constant 0 across sequential element (\node_symbol_reg[99][7] )
INFO: [Synth 8-3333] propagating constant 0 across sequential element (\node_symbol_reg[98][7] )
INFO: [Synth 8-3333] propagating constant 0 across sequential element (\node_symbol_reg[97][7] )
INFO: [Synth 8-3333] propagating constant 0 across sequential element (\node_symbol_reg[96][7] )
INFO: [Synth 8-3333] propagating constant 0 across sequential element (\node_symbol_reg[95][7] )
INFO: [Synth 8-3333] propagating constant 0 across sequential element (\node_symbol_reg[94][7] )
INFO: [Synth 8-3333] propagating constant 0 across sequential element (\node_symbol_reg[93][7] )
INFO: [Synth 8-3333] propagating constant 0 across sequential element (\node_symbol_reg[92][7] )
INFO: [Synth 8-3333] propagating constant 0 across sequential element (\node_symbol_reg[91][7] )
INFO: [Synth 8-3333] propagating constant 0 across sequential element (\node_symbol_reg[90][7] )
INFO: [Synth 8-3333] propagating constant 0 across sequential element (\node_symbol_reg[89][7] )
INFO: [Synth 8-3333] propagating constant 0 across sequential element (\node_symbol_reg[88][7] )
INFO: [Synth 8-3333] propagating constant 0 across sequential element (\node_symbol_reg[87][7] )
INFO: [Synth 8-3333] propagating constant 0 across sequential element (\node_symbol_reg[86][7] )
INFO: [Synth 8-3333] propagating constant 0 across sequential element (\node_symbol_reg[85][7] )
INFO: [Synth 8-3333] propagating constant 0 across sequential element (\node_symbol_reg[84][7] )
INFO: [Synth 8-3333] propagating constant 0 across sequential element (\node_symbol_reg[83][7] )
INFO: [Synth 8-3333] propagating constant 0 across sequential element (\node_symbol_reg[82][7] )
INFO: [Synth 8-3333] propagating constant 0 across sequential element (\node_symbol_reg[81][7] )
INFO: [Synth 8-3333] propagating constant 0 across sequential element (\node_symbol_reg[80][7] )
INFO: [Synth 8-3333] propagating constant 0 across sequential element (\node_symbol_reg[79][7] )
INFO: [Synth 8-3333] propagating constant 0 across sequential element (\node_symbol_reg[78][7] )
INFO: [Synth 8-3333] propagating constant 0 across sequential element (\node_symbol_reg[77][7] )
INFO: [Synth 8-3333] propagating constant 0 across sequential element (\node_symbol_reg[76][7] )
INFO: [Synth 8-3333] propagating constant 0 across sequential element (\node_symbol_reg[75][7] )
INFO: [Synth 8-3333] propagating constant 0 across sequential element (\node_symbol_reg[74][7] )
INFO: [Synth 8-3333] propagating constant 0 across sequential element (\node_symbol_reg[73][7] )
INFO: [Synth 8-3333] propagating constant 0 across sequential element (\node_symbol_reg[72][7] )
INFO: [Synth 8-3333] propagating constant 0 across sequential element (\node_symbol_reg[71][7] )
INFO: [Synth 8-3333] propagating constant 0 across sequential element (\node_symbol_reg[70][7] )
INFO: [Synth 8-3333] propagating constant 0 across sequential element (\node_symbol_reg[69][7] )
INFO: [Synth 8-3333] propagating constant 0 across sequential element (\node_symbol_reg[68][7] )
INFO: [Synth 8-3333] propagating constant 0 across sequential element (\node_symbol_reg[67][7] )
INFO: [Synth 8-3333] propagating constant 0 across sequential element (\node_symbol_reg[66][7] )
INFO: [Synth 8-3333] propagating constant 0 across sequential element (\node_symbol_reg[65][7] )
INFO: [Synth 8-3333] propagating constant 0 across sequential element (\node_symbol_reg[64][7] )
INFO: [Synth 8-5546] ROM "next_state0" won't be mapped to RAM because it is too sparse
INFO: [Synth 8-5546] ROM "next_state0" won't be mapped to RAM because it is too sparse
INFO: [Synth 8-3333] propagating constant 0 across sequential element (\node_is_leaf_reg[124] )
INFO: [Synth 8-3333] propagating constant 0 across sequential element (\node_is_leaf_reg[123] )
INFO: [Synth 8-3333] propagating constant 0 across sequential element (\node_is_leaf_reg[122] )
INFO: [Synth 8-3333] propagating constant 0 across sequential element (\node_is_leaf_reg[121] )
INFO: [Synth 8-3333] propagating constant 0 across sequential element (\node_is_leaf_reg[120] )
INFO: [Synth 8-3333] propagating constant 0 across sequential element (\node_is_leaf_reg[119] )
INFO: [Synth 8-3333] propagating constant 0 across sequential element (\node_is_leaf_reg[118] )
INFO: [Synth 8-3333] propagating constant 0 across sequential element (\node_is_leaf_reg[117] )
INFO: [Synth 8-3333] propagating constant 0 across sequential element (\node_is_leaf_reg[116] )
INFO: [Synth 8-3333] propagating constant 0 across sequential element (\node_is_leaf_reg[115] )
INFO: [Synth 8-3333] propagating constant 0 across sequential element (\node_is_leaf_reg[114] )
INFO: [Synth 8-3333] propagating constant 0 across sequential element (\node_is_leaf_reg[113] )
INFO: [Synth 8-3333] propagating constant 0 across sequential element (\node_is_leaf_reg[112] )
INFO: [Synth 8-3333] propagating constant 0 across sequential element (\node_is_leaf_reg[111] )
INFO: [Synth 8-3333] propagating constant 0 across sequential element (\node_is_leaf_reg[110] )
INFO: [Synth 8-3333] propagating constant 0 across sequential element (\node_is_leaf_reg[109] )
INFO: [Synth 8-3333] propagating constant 0 across sequential element (\node_is_leaf_reg[108] )
INFO: [Synth 8-3333] propagating constant 0 across sequential element (\node_is_leaf_reg[107] )
INFO: [Synth 8-3333] propagating constant 0 across sequential element (\node_is_leaf_reg[106] )
INFO: [Synth 8-3333] propagating constant 0 across sequential element (\node_is_leaf_reg[105] )
INFO: [Synth 8-3333] propagating constant 0 across sequential element (\node_is_leaf_reg[104] )
INFO: [Synth 8-3333] propagating constant 0 across sequential element (\node_is_leaf_reg[103] )
INFO: [Synth 8-3333] propagating constant 0 across sequential element (\node_is_leaf_reg[102] )
INFO: [Synth 8-3333] propagating constant 0 across sequential element (\node_is_leaf_reg[101] )
INFO: [Synth 8-3333] propagating constant 0 across sequential element (\node_is_leaf_reg[100] )
INFO: [Synth 8-3333] propagating constant 0 across sequential element (\node_is_leaf_reg[99] )
INFO: [Synth 8-3333] propagating constant 0 across sequential element (\node_is_leaf_reg[98] )
INFO: [Synth 8-3333] propagating constant 0 across sequential element (\node_is_leaf_reg[97] )
INFO: [Synth 8-3333] propagating constant 0 across sequential element (\node_is_leaf_reg[96] )
INFO: [Synth 8-3333] propagating constant 0 across sequential element (\node_is_leaf_reg[95] )
INFO: [Synth 8-3333] propagating constant 0 across sequential element (\node_is_leaf_reg[94] )
INFO: [Synth 8-3333] propagating constant 0 across sequential element (\node_is_leaf_reg[93] )
INFO: [Synth 8-3333] propagating constant 0 across sequential element (\node_is_leaf_reg[92] )
INFO: [Synth 8-3333] propagating constant 0 across sequential element (\node_is_leaf_reg[91] )
INFO: [Synth 8-3333] propagating constant 0 across sequential element (\node_is_leaf_reg[90] )
INFO: [Synth 8-3333] propagating constant 0 across sequential element (\node_is_leaf_reg[89] )
INFO: [Synth 8-3333] propagating constant 0 across sequential element (\node_is_leaf_reg[88] )
INFO: [Synth 8-3333] propagating constant 0 across sequential element (\node_is_leaf_reg[87] )
INFO: [Synth 8-3333] propagating constant 0 across sequential element (\node_is_leaf_reg[86] )
INFO: [Common 17-14] Message 'Synth 8-3333' appears 100 times and further instances of the messages will be disabled. Use the Tcl command set_msg_config to change the current settings.
INFO: [Synth 8-4471] merging register 'u_stream_output_interface/start_d_reg' into 'u_header_formatter/start_d_reg' [H:/Academic/senior_project/DATN/work/luc/AES_huffman_all6/rtl/stream_output_interface.v:50]
WARNING: [Synth 8-3917] design huffman_aes_tx_top__GC0 has port decipher_en driven by constant 0
WARNING: [Synth 8-3917] design huffman_aes_tx_top__GC0 has port chain_en driven by constant 0
WARNING: [Synth 8-3917] design huffman_aes_tx_top__GC0 has port mode[3] driven by constant 0
WARNING: [Synth 8-3917] design huffman_aes_tx_top__GC0 has port mode[2] driven by constant 0
WARNING: [Synth 8-3917] design huffman_aes_tx_top__GC0 has port mode[1] driven by constant 0
WARNING: [Synth 8-3917] design huffman_aes_tx_top__GC0 has port mode[0] driven by constant 0
WARNING: [Synth 8-3917] design huffman_aes_tx_top__GC0 has port init_vector[127] driven by constant 0
WARNING: [Synth 8-3917] design huffman_aes_tx_top__GC0 has port init_vector[126] driven by constant 0
WARNING: [Synth 8-3917] design huffman_aes_tx_top__GC0 has port init_vector[125] driven by constant 0
WARNING: [Synth 8-3917] design huffman_aes_tx_top__GC0 has port init_vector[124] driven by constant 0
WARNING: [Synth 8-3917] design huffman_aes_tx_top__GC0 has port init_vector[123] driven by constant 0
WARNING: [Synth 8-3917] design huffman_aes_tx_top__GC0 has port init_vector[122] driven by constant 0
WARNING: [Synth 8-3917] design huffman_aes_tx_top__GC0 has port init_vector[121] driven by constant 0
WARNING: [Synth 8-3917] design huffman_aes_tx_top__GC0 has port init_vector[120] driven by constant 0
WARNING: [Synth 8-3917] design huffman_aes_tx_top__GC0 has port init_vector[119] driven by constant 0
WARNING: [Synth 8-3917] design huffman_aes_tx_top__GC0 has port init_vector[118] driven by constant 0
WARNING: [Synth 8-3917] design huffman_aes_tx_top__GC0 has port init_vector[117] driven by constant 0
WARNING: [Synth 8-3917] design huffman_aes_tx_top__GC0 has port init_vector[116] driven by constant 0
WARNING: [Synth 8-3917] design huffman_aes_tx_top__GC0 has port init_vector[115] driven by constant 0
WARNING: [Synth 8-3917] design huffman_aes_tx_top__GC0 has port init_vector[114] driven by constant 0
WARNING: [Synth 8-3917] design huffman_aes_tx_top__GC0 has port init_vector[113] driven by constant 0
WARNING: [Synth 8-3917] design huffman_aes_tx_top__GC0 has port init_vector[112] driven by constant 0
WARNING: [Synth 8-3917] design huffman_aes_tx_top__GC0 has port init_vector[111] driven by constant 0
WARNING: [Synth 8-3917] design huffman_aes_tx_top__GC0 has port init_vector[110] driven by constant 0
WARNING: [Synth 8-3917] design huffman_aes_tx_top__GC0 has port init_vector[109] driven by constant 0
WARNING: [Synth 8-3917] design huffman_aes_tx_top__GC0 has port init_vector[108] driven by constant 0
WARNING: [Synth 8-3917] design huffman_aes_tx_top__GC0 has port init_vector[107] driven by constant 0
WARNING: [Synth 8-3917] design huffman_aes_tx_top__GC0 has port init_vector[106] driven by constant 0
WARNING: [Synth 8-3917] design huffman_aes_tx_top__GC0 has port init_vector[105] driven by constant 0
WARNING: [Synth 8-3917] design huffman_aes_tx_top__GC0 has port init_vector[104] driven by constant 0
WARNING: [Synth 8-3917] design huffman_aes_tx_top__GC0 has port init_vector[103] driven by constant 0
WARNING: [Synth 8-3917] design huffman_aes_tx_top__GC0 has port init_vector[102] driven by constant 0
WARNING: [Synth 8-3917] design huffman_aes_tx_top__GC0 has port init_vector[101] driven by constant 0
WARNING: [Synth 8-3917] design huffman_aes_tx_top__GC0 has port init_vector[100] driven by constant 0
WARNING: [Synth 8-3917] design huffman_aes_tx_top__GC0 has port init_vector[99] driven by constant 0
WARNING: [Synth 8-3917] design huffman_aes_tx_top__GC0 has port init_vector[98] driven by constant 0
WARNING: [Synth 8-3917] design huffman_aes_tx_top__GC0 has port init_vector[97] driven by constant 0
WARNING: [Synth 8-3917] design huffman_aes_tx_top__GC0 has port init_vector[96] driven by constant 0
WARNING: [Synth 8-3917] design huffman_aes_tx_top__GC0 has port init_vector[95] driven by constant 0
WARNING: [Synth 8-3917] design huffman_aes_tx_top__GC0 has port init_vector[94] driven by constant 0
WARNING: [Synth 8-3917] design huffman_aes_tx_top__GC0 has port init_vector[93] driven by constant 0
WARNING: [Synth 8-3917] design huffman_aes_tx_top__GC0 has port init_vector[92] driven by constant 0
WARNING: [Synth 8-3917] design huffman_aes_tx_top__GC0 has port init_vector[91] driven by constant 0
WARNING: [Synth 8-3917] design huffman_aes_tx_top__GC0 has port init_vector[90] driven by constant 0
WARNING: [Synth 8-3917] design huffman_aes_tx_top__GC0 has port init_vector[89] driven by constant 0
WARNING: [Synth 8-3917] design huffman_aes_tx_top__GC0 has port init_vector[88] driven by constant 0
WARNING: [Synth 8-3917] design huffman_aes_tx_top__GC0 has port init_vector[87] driven by constant 0
WARNING: [Synth 8-3917] design huffman_aes_tx_top__GC0 has port init_vector[86] driven by constant 0
WARNING: [Synth 8-3917] design huffman_aes_tx_top__GC0 has port init_vector[85] driven by constant 0
WARNING: [Synth 8-3917] design huffman_aes_tx_top__GC0 has port init_vector[84] driven by constant 0
WARNING: [Synth 8-3917] design huffman_aes_tx_top__GC0 has port init_vector[83] driven by constant 0
WARNING: [Synth 8-3917] design huffman_aes_tx_top__GC0 has port init_vector[82] driven by constant 0
WARNING: [Synth 8-3917] design huffman_aes_tx_top__GC0 has port init_vector[81] driven by constant 0
WARNING: [Synth 8-3917] design huffman_aes_tx_top__GC0 has port init_vector[80] driven by constant 0
WARNING: [Synth 8-3917] design huffman_aes_tx_top__GC0 has port init_vector[79] driven by constant 0
WARNING: [Synth 8-3917] design huffman_aes_tx_top__GC0 has port init_vector[78] driven by constant 0
WARNING: [Synth 8-3917] design huffman_aes_tx_top__GC0 has port init_vector[77] driven by constant 0
WARNING: [Synth 8-3917] design huffman_aes_tx_top__GC0 has port init_vector[76] driven by constant 0
WARNING: [Synth 8-3917] design huffman_aes_tx_top__GC0 has port init_vector[75] driven by constant 0
WARNING: [Synth 8-3917] design huffman_aes_tx_top__GC0 has port init_vector[74] driven by constant 0
WARNING: [Synth 8-3917] design huffman_aes_tx_top__GC0 has port init_vector[73] driven by constant 0
WARNING: [Synth 8-3917] design huffman_aes_tx_top__GC0 has port init_vector[72] driven by constant 0
WARNING: [Synth 8-3917] design huffman_aes_tx_top__GC0 has port init_vector[71] driven by constant 0
WARNING: [Synth 8-3917] design huffman_aes_tx_top__GC0 has port init_vector[70] driven by constant 0
WARNING: [Synth 8-3917] design huffman_aes_tx_top__GC0 has port init_vector[69] driven by constant 0
WARNING: [Synth 8-3917] design huffman_aes_tx_top__GC0 has port init_vector[68] driven by constant 0
WARNING: [Synth 8-3917] design huffman_aes_tx_top__GC0 has port init_vector[67] driven by constant 0
WARNING: [Synth 8-3917] design huffman_aes_tx_top__GC0 has port init_vector[66] driven by constant 0
WARNING: [Synth 8-3917] design huffman_aes_tx_top__GC0 has port init_vector[65] driven by constant 0
WARNING: [Synth 8-3917] design huffman_aes_tx_top__GC0 has port init_vector[64] driven by constant 0
WARNING: [Synth 8-3917] design huffman_aes_tx_top__GC0 has port init_vector[63] driven by constant 0
WARNING: [Synth 8-3917] design huffman_aes_tx_top__GC0 has port init_vector[62] driven by constant 0
WARNING: [Synth 8-3917] design huffman_aes_tx_top__GC0 has port init_vector[61] driven by constant 0
WARNING: [Synth 8-3917] design huffman_aes_tx_top__GC0 has port init_vector[60] driven by constant 0
WARNING: [Synth 8-3917] design huffman_aes_tx_top__GC0 has port init_vector[59] driven by constant 0
WARNING: [Synth 8-3917] design huffman_aes_tx_top__GC0 has port init_vector[58] driven by constant 0
WARNING: [Synth 8-3917] design huffman_aes_tx_top__GC0 has port init_vector[57] driven by constant 0
WARNING: [Synth 8-3917] design huffman_aes_tx_top__GC0 has port init_vector[56] driven by constant 0
WARNING: [Synth 8-3917] design huffman_aes_tx_top__GC0 has port init_vector[55] driven by constant 0
WARNING: [Synth 8-3917] design huffman_aes_tx_top__GC0 has port init_vector[54] driven by constant 0
WARNING: [Synth 8-3917] design huffman_aes_tx_top__GC0 has port init_vector[53] driven by constant 0
WARNING: [Synth 8-3917] design huffman_aes_tx_top__GC0 has port init_vector[52] driven by constant 0
WARNING: [Synth 8-3917] design huffman_aes_tx_top__GC0 has port init_vector[51] driven by constant 0
WARNING: [Synth 8-3917] design huffman_aes_tx_top__GC0 has port init_vector[50] driven by constant 0
WARNING: [Synth 8-3917] design huffman_aes_tx_top__GC0 has port init_vector[49] driven by constant 0
WARNING: [Synth 8-3917] design huffman_aes_tx_top__GC0 has port init_vector[48] driven by constant 0
WARNING: [Synth 8-3917] design huffman_aes_tx_top__GC0 has port init_vector[47] driven by constant 0
WARNING: [Synth 8-3917] design huffman_aes_tx_top__GC0 has port init_vector[46] driven by constant 0
WARNING: [Synth 8-3917] design huffman_aes_tx_top__GC0 has port init_vector[45] driven by constant 0
WARNING: [Synth 8-3917] design huffman_aes_tx_top__GC0 has port init_vector[44] driven by constant 0
WARNING: [Synth 8-3917] design huffman_aes_tx_top__GC0 has port init_vector[43] driven by constant 0
WARNING: [Synth 8-3917] design huffman_aes_tx_top__GC0 has port init_vector[42] driven by constant 0
WARNING: [Synth 8-3917] design huffman_aes_tx_top__GC0 has port init_vector[41] driven by constant 0
WARNING: [Synth 8-3917] design huffman_aes_tx_top__GC0 has port init_vector[40] driven by constant 0
WARNING: [Synth 8-3917] design huffman_aes_tx_top__GC0 has port init_vector[39] driven by constant 0
WARNING: [Synth 8-3917] design huffman_aes_tx_top__GC0 has port init_vector[38] driven by constant 0
WARNING: [Synth 8-3917] design huffman_aes_tx_top__GC0 has port init_vector[37] driven by constant 0
WARNING: [Synth 8-3917] design huffman_aes_tx_top__GC0 has port init_vector[36] driven by constant 0
WARNING: [Synth 8-3917] design huffman_aes_tx_top__GC0 has port init_vector[35] driven by constant 0
WARNING: [Synth 8-3917] design huffman_aes_tx_top__GC0 has port init_vector[34] driven by constant 0
INFO: [Common 17-14] Message 'Synth 8-3917' appears 100 times and further instances of the messages will be disabled. Use the Tcl command set_msg_config to change the current settings.
INFO: [Common 17-14] Message 'Synth 8-3917' appears 100 times and further instances of the messages will be disabled. Use the Tcl command set_msg_config to change the current settings.
WARNING: [Synth 8-7129] Port whole_file_enable in module dynamic_huffman_encoder is either unconnected or has no load
INFO: [Synth 8-5544] ROM "inv_branch" won't be mapped to Block RAM because address size (4) smaller than threshold (5)
INFO: [Synth 8-5544] ROM "inv_branch" won't be mapped to Block RAM because address size (4) smaller than threshold (5)
INFO: [Synth 8-5544] ROM "inv_branch" won't be mapped to Block RAM because address size (4) smaller than threshold (5)
INFO: [Synth 8-5544] ROM "inv_branch" won't be mapped to Block RAM because address size (4) smaller than threshold (5)
INFO: [Synth 8-5544] ROM "inv_branch" won't be mapped to Block RAM because address size (4) smaller than threshold (5)
INFO: [Synth 8-5544] ROM "inv_branch" won't be mapped to Block RAM because address size (4) smaller than threshold (5)
INFO: [Synth 8-5544] ROM "inv_branch" won't be mapped to Block RAM because address size (4) smaller than threshold (5)
INFO: [Synth 8-5544] ROM "inv_branch" won't be mapped to Block RAM because address size (4) smaller than threshold (5)
INFO: [Synth 8-5544] ROM "inv_branch" won't be mapped to Block RAM because address size (4) smaller than threshold (5)
INFO: [Synth 8-5544] ROM "inv_branch" won't be mapped to Block RAM because address size (4) smaller than threshold (5)
INFO: [Synth 8-5544] ROM "inv_branch" won't be mapped to Block RAM because address size (4) smaller than threshold (5)
INFO: [Synth 8-5544] ROM "inv_branch" won't be mapped to Block RAM because address size (4) smaller than threshold (5)
INFO: [Synth 8-5544] ROM "inv_branch" won't be mapped to Block RAM because address size (4) smaller than threshold (5)
INFO: [Synth 8-5544] ROM "inv_branch" won't be mapped to Block RAM because address size (4) smaller than threshold (5)
INFO: [Synth 8-5544] ROM "inv_branch" won't be mapped to Block RAM because address size (4) smaller than threshold (5)
INFO: [Synth 8-5544] ROM "inv_branch" won't be mapped to Block RAM because address size (4) smaller than threshold (5)
INFO: [Synth 8-5544] ROM "u_aes128_key_expansion/inv_branch" won't be mapped to Block RAM because address size (4) smaller than threshold (5)
INFO: [Synth 8-5544] ROM "u_aes128_key_expansion/inv_branch" won't be mapped to Block RAM because address size (4) smaller than threshold (5)
INFO: [Synth 8-5544] ROM "u_aes128_key_expansion/inv_branch" won't be mapped to Block RAM because address size (4) smaller than threshold (5)
INFO: [Synth 8-5544] ROM "u_aes128_key_expansion/inv_branch" won't be mapped to Block RAM because address size (4) smaller than threshold (5)
INFO: [Synth 8-5544] ROM "u_aes128_key_expansion/aes128_rcon" won't be mapped to Block RAM because address size (4) smaller than threshold (5)
WARNING: [Synth 8-7129] Port clear_done_i in module dma_tx_engine is either unconnected or has no load
WARNING: [Synth 8-7129] Port cpu_addr_i[31] in module dmem_ip_wrapper is either unconnected or has no load
WARNING: [Synth 8-7129] Port cpu_addr_i[30] in module dmem_ip_wrapper is either unconnected or has no load
WARNING: [Synth 8-7129] Port cpu_addr_i[29] in module dmem_ip_wrapper is either unconnected or has no load
WARNING: [Synth 8-7129] Port cpu_addr_i[28] in module dmem_ip_wrapper is either unconnected or has no load
WARNING: [Synth 8-7129] Port cpu_addr_i[27] in module dmem_ip_wrapper is either unconnected or has no load
WARNING: [Synth 8-7129] Port cpu_addr_i[26] in module dmem_ip_wrapper is either unconnected or has no load
WARNING: [Synth 8-7129] Port cpu_addr_i[25] in module dmem_ip_wrapper is either unconnected or has no load
WARNING: [Synth 8-7129] Port cpu_addr_i[24] in module dmem_ip_wrapper is either unconnected or has no load
WARNING: [Synth 8-7129] Port cpu_addr_i[23] in module dmem_ip_wrapper is either unconnected or has no load
WARNING: [Synth 8-7129] Port cpu_addr_i[22] in module dmem_ip_wrapper is either unconnected or has no load
WARNING: [Synth 8-7129] Port cpu_addr_i[21] in module dmem_ip_wrapper is either unconnected or has no load
WARNING: [Synth 8-7129] Port cpu_addr_i[20] in module dmem_ip_wrapper is either unconnected or has no load
WARNING: [Synth 8-7129] Port cpu_addr_i[19] in module dmem_ip_wrapper is either unconnected or has no load
WARNING: [Synth 8-7129] Port cpu_addr_i[18] in module dmem_ip_wrapper is either unconnected or has no load
WARNING: [Synth 8-7129] Port cpu_addr_i[17] in module dmem_ip_wrapper is either unconnected or has no load
WARNING: [Synth 8-7129] Port cpu_addr_i[16] in module dmem_ip_wrapper is either unconnected or has no load
WARNING: [Synth 8-7129] Port cpu_addr_i[15] in module dmem_ip_wrapper is either unconnected or has no load
WARNING: [Synth 8-7129] Port cpu_addr_i[1] in module dmem_ip_wrapper is either unconnected or has no load
WARNING: [Synth 8-7129] Port cpu_addr_i[0] in module dmem_ip_wrapper is either unconnected or has no load
WARNING: [Synth 8-7129] Port aux_addr_i[31] in module dmem_ip_wrapper is either unconnected or has no load
WARNING: [Synth 8-7129] Port aux_addr_i[30] in module dmem_ip_wrapper is either unconnected or has no load
WARNING: [Synth 8-7129] Port aux_addr_i[29] in module dmem_ip_wrapper is either unconnected or has no load
WARNING: [Synth 8-7129] Port aux_addr_i[28] in module dmem_ip_wrapper is either unconnected or has no load
WARNING: [Synth 8-7129] Port aux_addr_i[27] in module dmem_ip_wrapper is either unconnected or has no load
WARNING: [Synth 8-7129] Port aux_addr_i[26] in module dmem_ip_wrapper is either unconnected or has no load
WARNING: [Synth 8-7129] Port aux_addr_i[25] in module dmem_ip_wrapper is either unconnected or has no load
WARNING: [Synth 8-7129] Port aux_addr_i[24] in module dmem_ip_wrapper is either unconnected or has no load
WARNING: [Synth 8-7129] Port aux_addr_i[23] in module dmem_ip_wrapper is either unconnected or has no load
WARNING: [Synth 8-7129] Port aux_addr_i[22] in module dmem_ip_wrapper is either unconnected or has no load
WARNING: [Synth 8-7129] Port aux_addr_i[21] in module dmem_ip_wrapper is either unconnected or has no load
WARNING: [Synth 8-7129] Port aux_addr_i[20] in module dmem_ip_wrapper is either unconnected or has no load
WARNING: [Synth 8-7129] Port aux_addr_i[19] in module dmem_ip_wrapper is either unconnected or has no load
WARNING: [Synth 8-7129] Port aux_addr_i[18] in module dmem_ip_wrapper is either unconnected or has no load
WARNING: [Synth 8-7129] Port aux_addr_i[17] in module dmem_ip_wrapper is either unconnected or has no load
WARNING: [Synth 8-7129] Port aux_addr_i[16] in module dmem_ip_wrapper is either unconnected or has no load
WARNING: [Synth 8-7129] Port aux_addr_i[15] in module dmem_ip_wrapper is either unconnected or has no load
WARNING: [Synth 8-7129] Port aux_addr_i[1] in module dmem_ip_wrapper is either unconnected or has no load
WARNING: [Synth 8-7129] Port aux_addr_i[0] in module dmem_ip_wrapper is either unconnected or has no load
WARNING: [Synth 8-6841] Block RAM (u_dmem_ip/mem_reg) originally specified as a Byte Wide Write Enable RAM cannot take advantage of ByteWide feature and is implemented with single write enable per RAM due to following reason.
(address width (13) is more than optimal threshold of 12. Implementing using BWWE will require more logic and timing would be suboptimal. Please use attribute ram_decomp = power if BWWE is desired.)
INFO: [Synth 8-3971] The signal "u_dmem/u_dmem_ip/mem_reg" was recognized as a true dual port RAM template.
---------------------------------------------------------------------------------
Finished Cross Boundary and Area Optimization : Time (s): cpu = 00:03:54 ; elapsed = 00:04:26 . Memory (MB): peak = 2088.629 ; gain = 1238.250
---------------------------------------------------------------------------------
---------------------------------------------------------------------------------
Start ROM, RAM, DSP, Shift Register and Retiming Reporting
---------------------------------------------------------------------------------

Block RAM: Preliminary Mapping Report (see note below)
+------------+-------------------+------------------------+---+---+------------------------+---+---+------------------+--------+--------+
|Module Name | RTL Object        | PORT A (Depth x Width) | W | R | PORT B (Depth x Width) | W | R | Ports driving FF | RAMB18 | RAMB36 | 
+------------+-------------------+------------------------+---+---+------------------------+---+---+------------------+--------+--------+
|u_dmem      | u_dmem_ip/mem_reg | 8 K x 32(READ_FIRST)   | W | R | 8 K x 32(READ_FIRST)   | W | R | Port A and B     | 0      | 8      | 
+------------+-------------------+------------------------+---+---+------------------------+---+---+------------------+--------+--------+

Note: The table above is a preliminary report that shows the Block RAMs at the current stage of the synthesis flow. Some Block RAMs may be reimplemented as non Block RAM primitives later in the synthesis flow. Multiple instantiated Block RAMs are reported only once. 
---------------------------------------------------------------------------------
Finished ROM, RAM, DSP, Shift Register and Retiming Reporting
---------------------------------------------------------------------------------
---------------------------------------------------------------------------------
Start Applying XDC Timing Constraints
---------------------------------------------------------------------------------
---------------------------------------------------------------------------------
Finished Applying XDC Timing Constraints : Time (s): cpu = 00:04:05 ; elapsed = 00:04:37 . Memory (MB): peak = 2088.629 ; gain = 1238.250
---------------------------------------------------------------------------------
---------------------------------------------------------------------------------
Start Timing Optimization
---------------------------------------------------------------------------------
---------------------------------------------------------------------------------
Finished Timing Optimization : Time (s): cpu = 00:04:39 ; elapsed = 00:05:14 . Memory (MB): peak = 2088.629 ; gain = 1238.250
---------------------------------------------------------------------------------
---------------------------------------------------------------------------------
Start ROM, RAM, DSP, Shift Register and Retiming Reporting
---------------------------------------------------------------------------------

Block RAM: Final Mapping Report
+------------+-------------------+------------------------+---+---+------------------------+---+---+------------------+--------+--------+
|Module Name | RTL Object        | PORT A (Depth x Width) | W | R | PORT B (Depth x Width) | W | R | Ports driving FF | RAMB18 | RAMB36 | 
+------------+-------------------+------------------------+---+---+------------------------+---+---+------------------+--------+--------+
|u_dmem      | u_dmem_ip/mem_reg | 8 K x 32(READ_FIRST)   | W | R | 8 K x 32(READ_FIRST)   | W | R | Port A and B     | 0      | 8      | 
+------------+-------------------+------------------------+---+---+------------------------+---+---+------------------+--------+--------+

---------------------------------------------------------------------------------
Finished ROM, RAM, DSP, Shift Register and Retiming Reporting
---------------------------------------------------------------------------------
---------------------------------------------------------------------------------
Start Technology Mapping
---------------------------------------------------------------------------------
INFO: [Synth 8-7052] The timing for the instance u_soc/i_0/u_dmem/u_dmem_ip/mem_reg_0_0 (implemented as a Block RAM) might be sub-optimal as no optional output register could be merged into the ram block. Providing additional output register may help in improving timing.
INFO: [Synth 8-7052] The timing for the instance u_soc/i_0/u_dmem/u_dmem_ip/mem_reg_0_0 (implemented as a Block RAM) might be sub-optimal as no optional output register could be merged into the ram block. Providing additional output register may help in improving timing.
INFO: [Synth 8-7052] The timing for the instance u_soc/i_0/u_dmem/u_dmem_ip/mem_reg_0_1 (implemented as a Block RAM) might be sub-optimal as no optional output register could be merged into the ram block. Providing additional output register may help in improving timing.
INFO: [Synth 8-7052] The timing for the instance u_soc/i_0/u_dmem/u_dmem_ip/mem_reg_0_1 (implemented as a Block RAM) might be sub-optimal as no optional output register could be merged into the ram block. Providing additional output register may help in improving timing.
INFO: [Synth 8-7052] The timing for the instance u_soc/i_0/u_dmem/u_dmem_ip/mem_reg_1_0 (implemented as a Block RAM) might be sub-optimal as no optional output register could be merged into the ram block. Providing additional output register may help in improving timing.
INFO: [Synth 8-7052] The timing for the instance u_soc/i_0/u_dmem/u_dmem_ip/mem_reg_1_0 (implemented as a Block RAM) might be sub-optimal as no optional output register could be merged into the ram block. Providing additional output register may help in improving timing.
INFO: [Synth 8-7052] The timing for the instance u_soc/i_0/u_dmem/u_dmem_ip/mem_reg_1_1 (implemented as a Block RAM) might be sub-optimal as no optional output register could be merged into the ram block. Providing additional output register may help in improving timing.
INFO: [Synth 8-7052] The timing for the instance u_soc/i_0/u_dmem/u_dmem_ip/mem_reg_1_1 (implemented as a Block RAM) might be sub-optimal as no optional output register could be merged into the ram block. Providing additional output register may help in improving timing.
INFO: [Synth 8-7052] The timing for the instance u_soc/i_0/u_dmem/u_dmem_ip/mem_reg_2_0 (implemented as a Block RAM) might be sub-optimal as no optional output register could be merged into the ram block. Providing additional output register may help in improving timing.
INFO: [Synth 8-7052] The timing for the instance u_soc/i_0/u_dmem/u_dmem_ip/mem_reg_2_0 (implemented as a Block RAM) might be sub-optimal as no optional output register could be merged into the ram block. Providing additional output register may help in improving timing.
INFO: [Synth 8-7052] The timing for the instance u_soc/i_0/u_dmem/u_dmem_ip/mem_reg_2_1 (implemented as a Block RAM) might be sub-optimal as no optional output register could be merged into the ram block. Providing additional output register may help in improving timing.
INFO: [Synth 8-7052] The timing for the instance u_soc/i_0/u_dmem/u_dmem_ip/mem_reg_2_1 (implemented as a Block RAM) might be sub-optimal as no optional output register could be merged into the ram block. Providing additional output register may help in improving timing.
INFO: [Synth 8-7052] The timing for the instance u_soc/i_0/u_dmem/u_dmem_ip/mem_reg_3_0 (implemented as a Block RAM) might be sub-optimal as no optional output register could be merged into the ram block. Providing additional output register may help in improving timing.
INFO: [Synth 8-7052] The timing for the instance u_soc/i_0/u_dmem/u_dmem_ip/mem_reg_3_0 (implemented as a Block RAM) might be sub-optimal as no optional output register could be merged into the ram block. Providing additional output register may help in improving timing.
INFO: [Synth 8-7052] The timing for the instance u_soc/i_0/u_dmem/u_dmem_ip/mem_reg_3_1 (implemented as a Block RAM) might be sub-optimal as no optional output register could be merged into the ram block. Providing additional output register may help in improving timing.
INFO: [Synth 8-7052] The timing for the instance u_soc/i_0/u_dmem/u_dmem_ip/mem_reg_3_1 (implemented as a Block RAM) might be sub-optimal as no optional output register could be merged into the ram block. Providing additional output register may help in improving timing.
INFO: [Synth 8-7052] The timing for the instance u_soc/i_0/u_imem/instruction_r_reg_0 (implemented as a Block RAM) might be sub-optimal as no optional output register could be merged into the ram block. Providing additional output register may help in improving timing.
INFO: [Synth 8-7052] The timing for the instance u_soc/i_0/u_imem/instruction_r_reg_1 (implemented as a Block RAM) might be sub-optimal as no optional output register could be merged into the ram block. Providing additional output register may help in improving timing.
---------------------------------------------------------------------------------
Finished Technology Mapping : Time (s): cpu = 00:04:55 ; elapsed = 00:05:43 . Memory (MB): peak = 2088.629 ; gain = 1238.250
---------------------------------------------------------------------------------
---------------------------------------------------------------------------------
Start IO Insertion
---------------------------------------------------------------------------------
---------------------------------------------------------------------------------
Start Flattening Before IO Insertion
---------------------------------------------------------------------------------
---------------------------------------------------------------------------------
Finished Flattening Before IO Insertion
---------------------------------------------------------------------------------
---------------------------------------------------------------------------------
Start Final Netlist Cleanup
---------------------------------------------------------------------------------
INFO: [Synth 8-7052] The timing for the instance u_soc/u_dmem/u_dmem_ip/mem_reg_0_0 (implemented as a Block RAM) might be sub-optimal as no optional output register could be merged into the ram block. Providing additional output register may help in improving timing.
INFO: [Synth 8-7052] The timing for the instance u_soc/u_dmem/u_dmem_ip/mem_reg_0_0 (implemented as a Block RAM) might be sub-optimal as no optional output register could be merged into the ram block. Providing additional output register may help in improving timing.
INFO: [Synth 8-7052] The timing for the instance u_soc/u_dmem/u_dmem_ip/mem_reg_0_1 (implemented as a Block RAM) might be sub-optimal as no optional output register could be merged into the ram block. Providing additional output register may help in improving timing.
INFO: [Synth 8-7052] The timing for the instance u_soc/u_dmem/u_dmem_ip/mem_reg_0_1 (implemented as a Block RAM) might be sub-optimal as no optional output register could be merged into the ram block. Providing additional output register may help in improving timing.
INFO: [Synth 8-7052] The timing for the instance u_soc/u_dmem/u_dmem_ip/mem_reg_1_0 (implemented as a Block RAM) might be sub-optimal as no optional output register could be merged into the ram block. Providing additional output register may help in improving timing.
INFO: [Synth 8-7052] The timing for the instance u_soc/u_dmem/u_dmem_ip/mem_reg_1_0 (implemented as a Block RAM) might be sub-optimal as no optional output register could be merged into the ram block. Providing additional output register may help in improving timing.
INFO: [Synth 8-7052] The timing for the instance u_soc/u_dmem/u_dmem_ip/mem_reg_1_1 (implemented as a Block RAM) might be sub-optimal as no optional output register could be merged into the ram block. Providing additional output register may help in improving timing.
INFO: [Synth 8-7052] The timing for the instance u_soc/u_dmem/u_dmem_ip/mem_reg_1_1 (implemented as a Block RAM) might be sub-optimal as no optional output register could be merged into the ram block. Providing additional output register may help in improving timing.
INFO: [Synth 8-7052] The timing for the instance u_soc/u_dmem/u_dmem_ip/mem_reg_2_0 (implemented as a Block RAM) might be sub-optimal as no optional output register could be merged into the ram block. Providing additional output register may help in improving timing.
INFO: [Synth 8-7052] The timing for the instance u_soc/u_dmem/u_dmem_ip/mem_reg_2_0 (implemented as a Block RAM) might be sub-optimal as no optional output register could be merged into the ram block. Providing additional output register may help in improving timing.
INFO: [Synth 8-7052] The timing for the instance u_soc/u_dmem/u_dmem_ip/mem_reg_2_1 (implemented as a Block RAM) might be sub-optimal as no optional output register could be merged into the ram block. Providing additional output register may help in improving timing.
INFO: [Synth 8-7052] The timing for the instance u_soc/u_dmem/u_dmem_ip/mem_reg_2_1 (implemented as a Block RAM) might be sub-optimal as no optional output register could be merged into the ram block. Providing additional output register may help in improving timing.
INFO: [Synth 8-7052] The timing for the instance u_soc/u_dmem/u_dmem_ip/mem_reg_3_0 (implemented as a Block RAM) might be sub-optimal as no optional output register could be merged into the ram block. Providing additional output register may help in improving timing.
INFO: [Synth 8-7052] The timing for the instance u_soc/u_dmem/u_dmem_ip/mem_reg_3_0 (implemented as a Block RAM) might be sub-optimal as no optional output register could be merged into the ram block. Providing additional output register may help in improving timing.
INFO: [Synth 8-7052] The timing for the instance u_soc/u_dmem/u_dmem_ip/mem_reg_3_1 (implemented as a Block RAM) might be sub-optimal as no optional output register could be merged into the ram block. Providing additional output register may help in improving timing.
INFO: [Synth 8-7052] The timing for the instance u_soc/u_dmem/u_dmem_ip/mem_reg_3_1 (implemented as a Block RAM) might be sub-optimal as no optional output register could be merged into the ram block. Providing additional output register may help in improving timing.
INFO: [Synth 8-7052] The timing for the instance u_soc/u_imem/instruction_r_reg_0 (implemented as a Block RAM) might be sub-optimal as no optional output register could be merged into the ram block. Providing additional output register may help in improving timing.
INFO: [Synth 8-7052] The timing for the instance u_soc/u_imem/instruction_r_reg_1 (implemented as a Block RAM) might be sub-optimal as no optional output register could be merged into the ram block. Providing additional output register may help in improving timing.
---------------------------------------------------------------------------------
Finished Final Netlist Cleanup
---------------------------------------------------------------------------------
---------------------------------------------------------------------------------
Finished IO Insertion : Time (s): cpu = 00:05:08 ; elapsed = 00:05:58 . Memory (MB): peak = 2101.199 ; gain = 1250.820
---------------------------------------------------------------------------------
---------------------------------------------------------------------------------
Start Renaming Generated Instances
---------------------------------------------------------------------------------
---------------------------------------------------------------------------------
Finished Renaming Generated Instances : Time (s): cpu = 00:05:09 ; elapsed = 00:05:58 . Memory (MB): peak = 2101.199 ; gain = 1250.820
---------------------------------------------------------------------------------
---------------------------------------------------------------------------------
Start Rebuilding User Hierarchy
---------------------------------------------------------------------------------
---------------------------------------------------------------------------------
Finished Rebuilding User Hierarchy : Time (s): cpu = 00:05:18 ; elapsed = 00:06:08 . Memory (MB): peak = 2137.156 ; gain = 1286.777
---------------------------------------------------------------------------------
---------------------------------------------------------------------------------
Start Renaming Generated Ports
---------------------------------------------------------------------------------
---------------------------------------------------------------------------------
Finished Renaming Generated Ports : Time (s): cpu = 00:05:18 ; elapsed = 00:06:09 . Memory (MB): peak = 2137.156 ; gain = 1286.777
---------------------------------------------------------------------------------
---------------------------------------------------------------------------------
Start Handling Custom Attributes
---------------------------------------------------------------------------------
---------------------------------------------------------------------------------
Finished Handling Custom Attributes : Time (s): cpu = 00:05:22 ; elapsed = 00:06:12 . Memory (MB): peak = 2159.352 ; gain = 1308.973
---------------------------------------------------------------------------------
---------------------------------------------------------------------------------
Start Renaming Generated Nets
---------------------------------------------------------------------------------
---------------------------------------------------------------------------------
Finished Renaming Generated Nets : Time (s): cpu = 00:05:22 ; elapsed = 00:06:12 . Memory (MB): peak = 2159.352 ; gain = 1308.973
---------------------------------------------------------------------------------
---------------------------------------------------------------------------------
Start Writing Synthesis Report
---------------------------------------------------------------------------------

Report BlackBoxes: 
+-+--------------+----------+
| |BlackBox name |Instances |
+-+--------------+----------+
+-+--------------+----------+

Report Cell Usage: 
+------+---------+------+
|      |Cell     |Count |
+------+---------+------+
|1     |BUFG     |     1|
|2     |CARRY4   |   548|
|3     |LUT1     |   445|
|4     |LUT2     |  2224|
|5     |LUT3     |  1178|
|6     |LUT4     |  2104|
|7     |LUT5     |  3898|
|8     |LUT6     | 15952|
|9     |MUXF7    |  2804|
|10    |MUXF8    |  1037|
|11    |RAMB36E1 |    10|
|14    |FDCE     | 22372|
|15    |FDPE     |    11|
|16    |FDRE     |  2941|
|17    |FDSE     |    14|
|18    |IBUF     |     2|
|19    |OBUF     |     5|
+------+---------+------+
---------------------------------------------------------------------------------
Finished Writing Synthesis Report : Time (s): cpu = 00:05:22 ; elapsed = 00:06:13 . Memory (MB): peak = 2159.352 ; gain = 1308.973
---------------------------------------------------------------------------------
Synthesis finished with 0 errors, 0 critical warnings and 142 warnings.
Synthesis Optimization Runtime : Time (s): cpu = 00:04:46 ; elapsed = 00:06:03 . Memory (MB): peak = 2159.352 ; gain = 1171.031
Synthesis Optimization Complete : Time (s): cpu = 00:05:23 ; elapsed = 00:06:14 . Memory (MB): peak = 2159.352 ; gain = 1308.973
INFO: [Project 1-571] Translating synthesized netlist
Netlist sorting complete. Time (s): cpu = 00:00:00 ; elapsed = 00:00:00.587 . Memory (MB): peak = 2168.430 ; gain = 0.000
INFO: [Netlist 29-17] Analyzing 4399 Unisim elements for replacement
INFO: [Netlist 29-28] Unisim Transformation completed in 0 CPU seconds
INFO: [Project 1-570] Preparing netlist for logic optimization
INFO: [Opt 31-138] Pushed 0 inverter(s) to 0 load pin(s).
Netlist sorting complete. Time (s): cpu = 00:00:00 ; elapsed = 00:00:00.016 . Memory (MB): peak = 2180.137 ; gain = 0.000
INFO: [Project 1-111] Unisim Transformation Summary:
No Unisim elements were transformed.

Synth Design complete | Checksum: 7dcefa89
INFO: [Common 17-83] Releasing license: Synthesis
398 Infos, 188 Warnings, 1 Critical Warnings and 0 Errors encountered.
synth_design completed successfully
synth_design: Time (s): cpu = 00:05:37 ; elapsed = 00:06:32 . Memory (MB): peak = 2180.137 ; gain = 1560.906
INFO: [runtcl-6] Synthesis results are not added to the cache due to CRITICAL_WARNING
Write ShapeDB Complete: Time (s): cpu = 00:00:00 ; elapsed = 00:00:00.092 . Memory (MB): peak = 2180.137 ; gain = 0.000
INFO: [Common 17-1381] The checkpoint 'H:/Academic/senior_project/DATN/work/luc/AES_huffman_all6/vivado/build/rv32_soc_synth_tx/rv32_soc_synth_tx.runs/synth_1/rv32_soc_fpga_demo_top.dcp' has been generated.
write_checkpoint: Time (s): cpu = 00:00:08 ; elapsed = 00:00:09 . Memory (MB): peak = 2180.137 ; gain = 0.000
INFO: [Vivado 12-24828] Executing command : report_utilization -file rv32_soc_fpga_demo_top_utilization_synth.rpt -pb rv32_soc_fpga_demo_top_utilization_synth.pb
INFO: [Common 17-206] Exiting Vivado at Tue May  5 20:33:25 2026...
