Copyright 1986-2022 Xilinx, Inc. All Rights Reserved. Copyright 2022-2024 Advanced Micro Devices, Inc. All Rights Reserved.
---------------------------------------------------------------------------------------------------------------------------------------------
| Tool Version : Vivado v.2024.2 (win64) Build 5239630 Fri Nov 08 22:35:27 MST 2024
| Date         : Fri May 15 03:14:51 2026
| Host         : An running 64-bit major release  (build 9200)
| Command      : report_control_sets -verbose -file rv32_soc_fpga_demo_top_control_sets_placed.rpt
| Design       : rv32_soc_fpga_demo_top
| Device       : xc7z020
---------------------------------------------------------------------------------------------------------------------------------------------

Control Set Information

Table of Contents
-----------------
1. Summary
2. Histogram
3. Flip-Flop Distribution
4. Detailed Control Set Information

1. Summary
----------

+----------------------------------------------------------+-------+
|                          Status                          | Count |
+----------------------------------------------------------+-------+
| Total control sets                                       |  1765 |
|    Minimum number of control sets                        |  1765 |
|    Addition due to synthesis replication                 |     0 |
|    Addition due to physical synthesis replication        |     0 |
| Unused register locations in slices containing registers |  6188 |
+----------------------------------------------------------+-------+
* Control sets can be merged at opt_design using control_set_merge or merge_equivalent_drivers
** Run report_qor_suggestions for automated merging and remapping suggestions


2. Histogram
------------

+--------------------+-------+
|       Fanout       | Count |
+--------------------+-------+
| Total control sets |  1765 |
| >= 0 to < 4        |    13 |
| >= 4 to < 6        |    20 |
| >= 6 to < 8        |   267 |
| >= 8 to < 10       |   308 |
| >= 10 to < 12      |     4 |
| >= 12 to < 14      |     6 |
| >= 14 to < 16      |     4 |
| >= 16              |  1143 |
+--------------------+-------+
* Control sets can be remapped at either synth_design or opt_design


3. Flip-Flop Distribution
-------------------------

+--------------+-----------------------+------------------------+-----------------+--------------+
| Clock Enable | Synchronous Set/Reset | Asynchronous Set/Reset | Total Registers | Total Slices |
+--------------+-----------------------+------------------------+-----------------+--------------+
| No           | No                    | No                     |             362 |          106 |
| No           | No                    | Yes                    |             567 |          192 |
| No           | Yes                   | No                     |             122 |           25 |
| Yes          | No                    | No                     |           28300 |        10025 |
| Yes          | No                    | Yes                    |            8474 |         1982 |
| Yes          | Yes                   | No                     |            2547 |          919 |
+--------------+-----------------------+------------------------+-----------------+--------------+


4. Detailed Control Set Information
-----------------------------------

+------------------+----------------------------------------------------------------------------------------------------------------------------------------+-----------------------------------------------------+------------------+----------------+--------------+
|   Clock Signal   |                                                              Enable Signal                                                             |                   Set/Reset Signal                  | Slice Load Count | Bel Load Count | Bels / Slice |
+------------------+----------------------------------------------------------------------------------------------------------------------------------------+-----------------------------------------------------+------------------+----------------+--------------+
|  clk_i_IBUF_BUFG | u_uart_dmem_loader/u_uart_tx/txd_r_i_1_n_0                                                                                             | u_uart_dmem_loader/u_uart_rx/SR[0]                  |                1 |              1 |         1.00 |
|  clk_i_IBUF_BUFG | u_uart_dmem_loader/u_uart_rx/FSM_sequential_state_r[1]_i_2_n_0                                                                         | u_uart_dmem_loader/u_uart_rx/SR[0]                  |                1 |              2 |         2.00 |
|  clk_i_IBUF_BUFG | u_soc/u_tx_top/u_huffman_aes_tx_top/u_dynamic_huffman_encoder/u_emit_backend/u_stream_output_interface/start_block_o_reg_5[0]          | u_uart_dmem_loader/rst_i                            |                1 |              2 |         2.00 |
|  clk_i_IBUF_BUFG | u_soc/u_tx_top/u_apb_huffman_tx_if/aes_emit_valid_r_reg_2[0]                                                                           | u_uart_dmem_loader/rst_i                            |                1 |              2 |         2.00 |
|  clk_i_IBUF_BUFG | u_soc/u_dma_regfile/start_pulse_o_reg_0[0]                                                                                             | u_soc/u_dma_regfile/SR[0]                           |                1 |              2 |         2.00 |
|  clk_i_IBUF_BUFG | u_uart_dmem_loader/u_uart_rx/FSM_onehot_state_r_reg[10]_2[0]                                                                           | u_uart_dmem_loader/u_uart_rx/SR[0]                  |                1 |              2 |         2.00 |
|  clk_i_IBUF_BUFG | u_uart_dmem_loader/u_uart_tx/bit_cnt_r[3]_i_1_n_0                                                                                      | u_uart_dmem_loader/u_uart_rx/SR[0]                  |                1 |              2 |         2.00 |
|  clk_i_IBUF_BUFG | u_soc/u_tx_top/u_huffman_aes_tx_top/u_dynamic_huffman_encoder/u_emit_backend/u_stream_output_interface/FSM_sequential_state[1]_i_1_n_0 | u_uart_dmem_loader/rst_i                            |                1 |              2 |         2.00 |
|  clk_i_IBUF_BUFG |                                                                                                                                        | u_soc/u_cpu_mmio_to_apb_bridge/done_r_reg           |                1 |              3 |         3.00 |
|  clk_i_IBUF_BUFG | u_uart_dmem_loader/u_uart_tx/E[0]                                                                                                      | u_uart_dmem_loader/u_uart_rx/SR[0]                  |                1 |              3 |         3.00 |
|  clk_i_IBUF_BUFG | u_soc/u_tx_top/u_huffman_aes_tx_top/u_dynamic_huffman_encoder/u_control_fsm/bytes_queued_r_reg[5][0]                                   | u_uart_dmem_loader/rst_i                            |                1 |              3 |         3.00 |
|  clk_i_IBUF_BUFG | u_uart_dmem_loader/u_uart_rx/bit_idx_r                                                                                                 | u_uart_dmem_loader/u_uart_rx/SR[0]                  |                1 |              3 |         3.00 |
|  clk_i_IBUF_BUFG | u_soc/u_dma_tx_engine/last_error_code_o[2]_i_1_n_0                                                                                     | u_soc/u_dma_regfile/SR[0]                           |                1 |              3 |         3.00 |
|  clk_i_IBUF_BUFG | u_soc/u_dma_tx_engine/E[0]                                                                                                             | u_uart_dmem_loader/rst_i                            |                2 |              4 |         2.00 |
|  clk_i_IBUF_BUFG | u_soc/u_dma_tx_engine/aes_emit_valid_r_reg[0]                                                                                          | u_uart_dmem_loader/rst_i                            |                3 |              4 |         1.33 |
|  clk_i_IBUF_BUFG | u_soc/u_tx_top/u_huffman_aes_tx_top/u_dynamic_huffman_encoder/u_emit_backend/u_stream_output_interface/E[0]                            | u_uart_dmem_loader/rst_i                            |                1 |              4 |         4.00 |
|  clk_i_IBUF_BUFG | u_soc/u_cpu/u_ex_stage/req_addr_r_reg[5][0]                                                                                            | u_uart_dmem_loader/rst_i                            |                1 |              4 |         4.00 |
|  clk_i_IBUF_BUFG | u_soc/u_tx_top/u_huffman_aes_tx_top/u_dynamic_huffman_encoder/u_emit_backend/u_header_formatter/state[3]_i_1_n_0                       | u_uart_dmem_loader/rst_i                            |                1 |              4 |         4.00 |
|  clk_i_IBUF_BUFG | u_soc/u_tx_top/u_AES_top_tx/u_aes128_cipher_core/cipher_counter[3]_i_1_n_0                                                             | u_uart_dmem_loader/rst_i                            |                1 |              4 |         4.00 |
|  clk_i_IBUF_BUFG | u_soc/u_tx_top/u_huffman_aes_tx_top/u_dynamic_huffman_encoder/u_emit_backend/u_header_formatter/code_len_data_r[4]_i_1_n_0             | u_uart_dmem_loader/rst_i                            |                1 |              4 |         4.00 |
|  clk_i_IBUF_BUFG | u_soc/u_dma_tx_engine/words_remaining_r[3]_i_1_n_0                                                                                     | u_soc/u_dma_regfile/SR[0]                           |                2 |              4 |         2.00 |
|  clk_i_IBUF_BUFG | u_soc/u_tx_top/u_huffman_aes_tx_top/u_dynamic_huffman_encoder/u_input_collect_unit/FSM_onehot_state[3]_i_1__1_n_0                      | u_uart_dmem_loader/rst_i                            |                1 |              4 |         4.00 |
|  clk_i_IBUF_BUFG | u_soc/u_tx_top/u_huffman_aes_tx_top/u_dynamic_huffman_encoder/u_control_fsm/bytes_queued_r_reg[5]_1[0]                                 | u_uart_dmem_loader/rst_i                            |                2 |              4 |         2.00 |
|  clk_i_IBUF_BUFG | u_soc/u_tx_top/u_huffman_aes_tx_top/u_file_huffman_builder/u_symbol_list_builder/FSM_onehot_state[3]_i_1__0_n_0                        | u_uart_dmem_loader/rst_i                            |                1 |              4 |         4.00 |
|  clk_i_IBUF_BUFG | u_soc/u_tx_top/u_huffman_aes_tx_top/u_file_huffman_builder/u_code_length_builder/depth_len_r                                           | u_uart_dmem_loader/rst_i                            |                2 |              5 |         2.50 |
|  clk_i_IBUF_BUFG | u_soc/u_tx_top/u_huffman_aes_tx_top/u_file_huffman_builder/u_canonical_code_generator/prev_len                                         | u_uart_dmem_loader/rst_i                            |                2 |              5 |         2.50 |
|  clk_i_IBUF_BUFG |                                                                                                                                        | u_soc/u_dma_regfile/SR[0]                           |                2 |              5 |         2.50 |
|  clk_i_IBUF_BUFG | u_soc/u_dma_tx_engine/state_r                                                                                                          | u_soc/u_dma_regfile/SR[0]                           |                2 |              5 |         2.50 |
|  clk_i_IBUF_BUFG | u_soc/u_tx_top/u_huffman_aes_tx_top/u_file_huffman_builder/u_canonical_code_generator/FSM_onehot_state[5]_i_1__0_n_0                   | u_uart_dmem_loader/rst_i                            |                1 |              5 |         5.00 |
|  clk_i_IBUF_BUFG | u_soc/u_tx_top/u_huffman_aes_tx_top/u_dynamic_huffman_encoder/u_emit_backend/u_header_formatter/field_pos_r[4]_i_1_n_0                 | u_uart_dmem_loader/rst_i                            |                1 |              5 |         5.00 |
|  clk_i_IBUF_BUFG | u_soc/u_tx_top/u_huffman_aes_tx_top/u_dynamic_huffman_encoder/u_emit_backend/u_header_formatter/E[0]                                   | u_uart_dmem_loader/rst_i                            |                1 |              5 |         5.00 |
|  clk_i_IBUF_BUFG | u_soc/u_tx_top/u_huffman_aes_tx_top/u_file_huffman_builder/u_code_length_builder/depth_code_len_r                                      | u_uart_dmem_loader/rst_i                            |                2 |              5 |         2.50 |
|  clk_i_IBUF_BUFG | u_soc/u_dma_tx_engine/aes_emit_valid_r_reg_0[0]                                                                                        | u_uart_dmem_loader/rst_i                            |                2 |              5 |         2.50 |
|  clk_i_IBUF_BUFG | u_soc/u_tx_top/u_huffman_aes_tx_top/u_dynamic_huffman_encoder/u_input_collect_unit/u_block_buffer/start_collect_d_reg_238[0]           | u_uart_dmem_loader/rst_i                            |                1 |              6 |         6.00 |
|  clk_i_IBUF_BUFG | u_soc/u_tx_top/u_huffman_aes_tx_top/u_dynamic_huffman_encoder/u_input_collect_unit/u_block_buffer/start_collect_d_reg_107[0]           | u_uart_dmem_loader/rst_i                            |                1 |              6 |         6.00 |
|  clk_i_IBUF_BUFG | u_soc/u_tx_top/u_huffman_aes_tx_top/u_dynamic_huffman_encoder/u_input_collect_unit/u_block_buffer/start_collect_d_reg[0]               | u_uart_dmem_loader/rst_i                            |                1 |              6 |         6.00 |
|  clk_i_IBUF_BUFG | u_soc/u_tx_top/u_huffman_aes_tx_top/u_dynamic_huffman_encoder/u_input_collect_unit/u_block_buffer/start_collect_d_reg_0[0]             | u_uart_dmem_loader/rst_i                            |                1 |              6 |         6.00 |
|  clk_i_IBUF_BUFG | u_soc/u_tx_top/u_huffman_aes_tx_top/u_dynamic_huffman_encoder/u_input_collect_unit/u_block_buffer/start_collect_d_reg_1[0]             | u_uart_dmem_loader/rst_i                            |                1 |              6 |         6.00 |
|  clk_i_IBUF_BUFG | u_soc/u_tx_top/u_huffman_aes_tx_top/u_dynamic_huffman_encoder/u_input_collect_unit/u_block_buffer/start_collect_d_reg_10[0]            | u_uart_dmem_loader/rst_i                            |                1 |              6 |         6.00 |
|  clk_i_IBUF_BUFG | u_soc/u_tx_top/u_huffman_aes_tx_top/u_dynamic_huffman_encoder/u_input_collect_unit/u_block_buffer/start_collect_d_reg_101[0]           | u_uart_dmem_loader/rst_i                            |                1 |              6 |         6.00 |
|  clk_i_IBUF_BUFG | u_soc/u_tx_top/u_huffman_aes_tx_top/u_dynamic_huffman_encoder/u_input_collect_unit/u_block_buffer/start_collect_d_reg_102[0]           | u_uart_dmem_loader/rst_i                            |                1 |              6 |         6.00 |
|  clk_i_IBUF_BUFG | u_soc/u_tx_top/u_huffman_aes_tx_top/u_dynamic_huffman_encoder/u_input_collect_unit/u_block_buffer/start_collect_d_reg_103[0]           | u_uart_dmem_loader/rst_i                            |                1 |              6 |         6.00 |
|  clk_i_IBUF_BUFG | u_soc/u_tx_top/u_huffman_aes_tx_top/u_dynamic_huffman_encoder/u_input_collect_unit/u_block_buffer/start_collect_d_reg_104[0]           | u_uart_dmem_loader/rst_i                            |                1 |              6 |         6.00 |
|  clk_i_IBUF_BUFG | u_soc/u_tx_top/u_huffman_aes_tx_top/u_dynamic_huffman_encoder/u_input_collect_unit/u_block_buffer/start_collect_d_reg_105[0]           | u_uart_dmem_loader/rst_i                            |                1 |              6 |         6.00 |
|  clk_i_IBUF_BUFG | u_soc/u_tx_top/u_huffman_aes_tx_top/u_dynamic_huffman_encoder/u_input_collect_unit/u_block_buffer/start_collect_d_reg_100[0]           | u_uart_dmem_loader/rst_i                            |                1 |              6 |         6.00 |
|  clk_i_IBUF_BUFG | u_soc/u_tx_top/u_huffman_aes_tx_top/u_dynamic_huffman_encoder/u_input_collect_unit/u_block_buffer/start_collect_d_reg_165[0]           | u_uart_dmem_loader/rst_i                            |                1 |              6 |         6.00 |
|  clk_i_IBUF_BUFG | u_soc/u_tx_top/u_huffman_aes_tx_top/u_dynamic_huffman_encoder/u_input_collect_unit/u_block_buffer/start_collect_d_reg_131[0]           | u_uart_dmem_loader/rst_i                            |                1 |              6 |         6.00 |
|  clk_i_IBUF_BUFG | u_soc/u_tx_top/u_huffman_aes_tx_top/u_dynamic_huffman_encoder/u_input_collect_unit/u_block_buffer/start_collect_d_reg_108[0]           | u_uart_dmem_loader/rst_i                            |                1 |              6 |         6.00 |
|  clk_i_IBUF_BUFG | u_soc/u_tx_top/u_huffman_aes_tx_top/u_dynamic_huffman_encoder/u_input_collect_unit/u_block_buffer/start_collect_d_reg_112[0]           | u_uart_dmem_loader/rst_i                            |                1 |              6 |         6.00 |
|  clk_i_IBUF_BUFG | u_soc/u_tx_top/u_huffman_aes_tx_top/u_dynamic_huffman_encoder/u_input_collect_unit/u_block_buffer/start_collect_d_reg_142[0]           | u_uart_dmem_loader/rst_i                            |                1 |              6 |         6.00 |
|  clk_i_IBUF_BUFG | u_soc/u_tx_top/u_huffman_aes_tx_top/u_dynamic_huffman_encoder/u_input_collect_unit/u_block_buffer/start_collect_d_reg_127[0]           | u_uart_dmem_loader/rst_i                            |                1 |              6 |         6.00 |
|  clk_i_IBUF_BUFG | u_soc/u_tx_top/u_huffman_aes_tx_top/u_dynamic_huffman_encoder/u_input_collect_unit/u_block_buffer/start_collect_d_reg_135[0]           | u_uart_dmem_loader/rst_i                            |                1 |              6 |         6.00 |
|  clk_i_IBUF_BUFG | u_soc/u_tx_top/u_huffman_aes_tx_top/u_dynamic_huffman_encoder/u_input_collect_unit/u_block_buffer/start_collect_d_reg_14[0]            | u_uart_dmem_loader/rst_i                            |                1 |              6 |         6.00 |
|  clk_i_IBUF_BUFG | u_soc/u_tx_top/u_huffman_aes_tx_top/u_dynamic_huffman_encoder/u_input_collect_unit/u_block_buffer/start_collect_d_reg_137[0]           | u_uart_dmem_loader/rst_i                            |                1 |              6 |         6.00 |
|  clk_i_IBUF_BUFG | u_soc/u_tx_top/u_huffman_aes_tx_top/u_dynamic_huffman_encoder/u_input_collect_unit/u_block_buffer/start_collect_d_reg_110[0]           | u_uart_dmem_loader/rst_i                            |                1 |              6 |         6.00 |
|  clk_i_IBUF_BUFG | u_soc/u_tx_top/u_huffman_aes_tx_top/u_dynamic_huffman_encoder/u_input_collect_unit/u_block_buffer/start_collect_d_reg_128[0]           | u_uart_dmem_loader/rst_i                            |                1 |              6 |         6.00 |
|  clk_i_IBUF_BUFG | u_soc/u_tx_top/u_huffman_aes_tx_top/u_dynamic_huffman_encoder/u_input_collect_unit/u_block_buffer/start_collect_d_reg_145[0]           | u_uart_dmem_loader/rst_i                            |                1 |              6 |         6.00 |
|  clk_i_IBUF_BUFG | u_soc/u_tx_top/u_huffman_aes_tx_top/u_dynamic_huffman_encoder/u_input_collect_unit/u_block_buffer/start_collect_d_reg_146[0]           | u_uart_dmem_loader/rst_i                            |                1 |              6 |         6.00 |
|  clk_i_IBUF_BUFG | u_soc/u_tx_top/u_huffman_aes_tx_top/u_dynamic_huffman_encoder/u_input_collect_unit/u_block_buffer/start_collect_d_reg_159[0]           | u_uart_dmem_loader/rst_i                            |                1 |              6 |         6.00 |
|  clk_i_IBUF_BUFG | u_soc/u_tx_top/u_huffman_aes_tx_top/u_dynamic_huffman_encoder/u_input_collect_unit/u_block_buffer/start_collect_d_reg_164[0]           | u_uart_dmem_loader/rst_i                            |                1 |              6 |         6.00 |
|  clk_i_IBUF_BUFG | u_soc/u_tx_top/u_huffman_aes_tx_top/u_dynamic_huffman_encoder/u_input_collect_unit/u_block_buffer/start_collect_d_reg_122[0]           | u_uart_dmem_loader/rst_i                            |                1 |              6 |         6.00 |
|  clk_i_IBUF_BUFG | u_soc/u_tx_top/u_huffman_aes_tx_top/u_dynamic_huffman_encoder/u_input_collect_unit/u_block_buffer/start_collect_d_reg_111[0]           | u_uart_dmem_loader/rst_i                            |                1 |              6 |         6.00 |
|  clk_i_IBUF_BUFG | u_soc/u_tx_top/u_huffman_aes_tx_top/u_dynamic_huffman_encoder/u_input_collect_unit/u_block_buffer/start_collect_d_reg_113[0]           | u_uart_dmem_loader/rst_i                            |                1 |              6 |         6.00 |
|  clk_i_IBUF_BUFG | u_soc/u_tx_top/u_huffman_aes_tx_top/u_dynamic_huffman_encoder/u_input_collect_unit/u_block_buffer/start_collect_d_reg_124[0]           | u_uart_dmem_loader/rst_i                            |                1 |              6 |         6.00 |
|  clk_i_IBUF_BUFG | u_soc/u_tx_top/u_huffman_aes_tx_top/u_dynamic_huffman_encoder/u_input_collect_unit/u_block_buffer/start_collect_d_reg_125[0]           | u_uart_dmem_loader/rst_i                            |                1 |              6 |         6.00 |
|  clk_i_IBUF_BUFG | u_soc/u_tx_top/u_huffman_aes_tx_top/u_dynamic_huffman_encoder/u_input_collect_unit/u_block_buffer/start_collect_d_reg_139[0]           | u_uart_dmem_loader/rst_i                            |                1 |              6 |         6.00 |
|  clk_i_IBUF_BUFG | u_soc/u_tx_top/u_huffman_aes_tx_top/u_dynamic_huffman_encoder/u_input_collect_unit/u_block_buffer/start_collect_d_reg_132[0]           | u_uart_dmem_loader/rst_i                            |                1 |              6 |         6.00 |
|  clk_i_IBUF_BUFG | u_soc/u_tx_top/u_huffman_aes_tx_top/u_dynamic_huffman_encoder/u_input_collect_unit/u_block_buffer/start_collect_d_reg_140[0]           | u_uart_dmem_loader/rst_i                            |                1 |              6 |         6.00 |
|  clk_i_IBUF_BUFG | u_soc/u_tx_top/u_huffman_aes_tx_top/u_dynamic_huffman_encoder/u_input_collect_unit/u_block_buffer/start_collect_d_reg_143[0]           | u_uart_dmem_loader/rst_i                            |                1 |              6 |         6.00 |
|  clk_i_IBUF_BUFG | u_soc/u_tx_top/u_huffman_aes_tx_top/u_dynamic_huffman_encoder/u_input_collect_unit/u_block_buffer/start_collect_d_reg_11[0]            | u_uart_dmem_loader/rst_i                            |                1 |              6 |         6.00 |
|  clk_i_IBUF_BUFG | u_soc/u_tx_top/u_huffman_aes_tx_top/u_dynamic_huffman_encoder/u_input_collect_unit/u_block_buffer/start_collect_d_reg_129[0]           | u_uart_dmem_loader/rst_i                            |                1 |              6 |         6.00 |
|  clk_i_IBUF_BUFG | u_soc/u_tx_top/u_huffman_aes_tx_top/u_dynamic_huffman_encoder/u_input_collect_unit/u_block_buffer/start_collect_d_reg_130[0]           | u_uart_dmem_loader/rst_i                            |                1 |              6 |         6.00 |
|  clk_i_IBUF_BUFG | u_soc/u_tx_top/u_huffman_aes_tx_top/u_dynamic_huffman_encoder/u_input_collect_unit/u_block_buffer/start_collect_d_reg_148[0]           | u_uart_dmem_loader/rst_i                            |                2 |              6 |         3.00 |
|  clk_i_IBUF_BUFG | u_soc/u_tx_top/u_huffman_aes_tx_top/u_dynamic_huffman_encoder/u_input_collect_unit/u_block_buffer/start_collect_d_reg_15[0]            | u_uart_dmem_loader/rst_i                            |                1 |              6 |         6.00 |
|  clk_i_IBUF_BUFG | u_soc/u_tx_top/u_huffman_aes_tx_top/u_dynamic_huffman_encoder/u_input_collect_unit/u_block_buffer/start_collect_d_reg_150[0]           | u_uart_dmem_loader/rst_i                            |                1 |              6 |         6.00 |
|  clk_i_IBUF_BUFG | u_soc/u_tx_top/u_huffman_aes_tx_top/u_dynamic_huffman_encoder/u_input_collect_unit/u_block_buffer/start_collect_d_reg_151[0]           | u_uart_dmem_loader/rst_i                            |                1 |              6 |         6.00 |
|  clk_i_IBUF_BUFG | u_soc/u_tx_top/u_huffman_aes_tx_top/u_dynamic_huffman_encoder/u_input_collect_unit/u_block_buffer/start_collect_d_reg_123[0]           | u_uart_dmem_loader/rst_i                            |                2 |              6 |         3.00 |
|  clk_i_IBUF_BUFG | u_soc/u_tx_top/u_huffman_aes_tx_top/u_dynamic_huffman_encoder/u_input_collect_unit/u_block_buffer/start_collect_d_reg_152[0]           | u_uart_dmem_loader/rst_i                            |                1 |              6 |         6.00 |
|  clk_i_IBUF_BUFG | u_soc/u_tx_top/u_huffman_aes_tx_top/u_dynamic_huffman_encoder/u_input_collect_unit/u_block_buffer/start_collect_d_reg_158[0]           | u_uart_dmem_loader/rst_i                            |                1 |              6 |         6.00 |
|  clk_i_IBUF_BUFG | u_soc/u_tx_top/u_huffman_aes_tx_top/u_dynamic_huffman_encoder/u_input_collect_unit/u_block_buffer/start_collect_d_reg_13[0]            | u_uart_dmem_loader/rst_i                            |                1 |              6 |         6.00 |
|  clk_i_IBUF_BUFG | u_soc/u_tx_top/u_huffman_aes_tx_top/u_dynamic_huffman_encoder/u_input_collect_unit/u_block_buffer/start_collect_d_reg_119[0]           | u_uart_dmem_loader/rst_i                            |                1 |              6 |         6.00 |
|  clk_i_IBUF_BUFG | u_soc/u_tx_top/u_huffman_aes_tx_top/u_dynamic_huffman_encoder/u_input_collect_unit/u_block_buffer/start_collect_d_reg_138[0]           | u_uart_dmem_loader/rst_i                            |                1 |              6 |         6.00 |
|  clk_i_IBUF_BUFG | u_soc/u_tx_top/u_huffman_aes_tx_top/u_dynamic_huffman_encoder/u_input_collect_unit/u_block_buffer/start_collect_d_reg_147[0]           | u_uart_dmem_loader/rst_i                            |                1 |              6 |         6.00 |
|  clk_i_IBUF_BUFG | u_soc/u_tx_top/u_huffman_aes_tx_top/u_dynamic_huffman_encoder/u_input_collect_unit/u_block_buffer/start_collect_d_reg_109[0]           | u_uart_dmem_loader/rst_i                            |                1 |              6 |         6.00 |
|  clk_i_IBUF_BUFG | u_soc/u_tx_top/u_huffman_aes_tx_top/u_dynamic_huffman_encoder/u_input_collect_unit/u_block_buffer/start_collect_d_reg_120[0]           | u_uart_dmem_loader/rst_i                            |                1 |              6 |         6.00 |
|  clk_i_IBUF_BUFG | u_soc/u_tx_top/u_huffman_aes_tx_top/u_dynamic_huffman_encoder/u_input_collect_unit/u_block_buffer/start_collect_d_reg_126[0]           | u_uart_dmem_loader/rst_i                            |                1 |              6 |         6.00 |
|  clk_i_IBUF_BUFG | u_soc/u_tx_top/u_huffman_aes_tx_top/u_dynamic_huffman_encoder/u_input_collect_unit/u_block_buffer/start_collect_d_reg_154[0]           | u_uart_dmem_loader/rst_i                            |                1 |              6 |         6.00 |
|  clk_i_IBUF_BUFG | u_soc/u_tx_top/u_huffman_aes_tx_top/u_dynamic_huffman_encoder/u_input_collect_unit/u_block_buffer/start_collect_d_reg_155[0]           | u_uart_dmem_loader/rst_i                            |                1 |              6 |         6.00 |
|  clk_i_IBUF_BUFG | u_soc/u_tx_top/u_huffman_aes_tx_top/u_dynamic_huffman_encoder/u_input_collect_unit/u_block_buffer/start_collect_d_reg_157[0]           | u_uart_dmem_loader/rst_i                            |                1 |              6 |         6.00 |
|  clk_i_IBUF_BUFG | u_soc/u_tx_top/u_huffman_aes_tx_top/u_dynamic_huffman_encoder/u_input_collect_unit/u_block_buffer/start_collect_d_reg_133[0]           | u_uart_dmem_loader/rst_i                            |                1 |              6 |         6.00 |
|  clk_i_IBUF_BUFG | u_soc/u_tx_top/u_huffman_aes_tx_top/u_dynamic_huffman_encoder/u_input_collect_unit/u_block_buffer/start_collect_d_reg_161[0]           | u_uart_dmem_loader/rst_i                            |                1 |              6 |         6.00 |
|  clk_i_IBUF_BUFG | u_soc/u_tx_top/u_huffman_aes_tx_top/u_dynamic_huffman_encoder/u_input_collect_unit/u_block_buffer/start_collect_d_reg_115[0]           | u_uart_dmem_loader/rst_i                            |                1 |              6 |         6.00 |
|  clk_i_IBUF_BUFG | u_soc/u_tx_top/u_huffman_aes_tx_top/u_dynamic_huffman_encoder/u_input_collect_unit/u_block_buffer/start_collect_d_reg_121[0]           | u_uart_dmem_loader/rst_i                            |                3 |              6 |         2.00 |
|  clk_i_IBUF_BUFG | u_soc/u_tx_top/u_huffman_aes_tx_top/u_dynamic_huffman_encoder/u_input_collect_unit/u_block_buffer/start_collect_d_reg_16[0]            | u_uart_dmem_loader/rst_i                            |                1 |              6 |         6.00 |
|  clk_i_IBUF_BUFG | u_soc/u_tx_top/u_huffman_aes_tx_top/u_dynamic_huffman_encoder/u_input_collect_unit/u_block_buffer/start_collect_d_reg_118[0]           | u_uart_dmem_loader/rst_i                            |                2 |              6 |         3.00 |
|  clk_i_IBUF_BUFG | u_soc/u_tx_top/u_huffman_aes_tx_top/u_dynamic_huffman_encoder/u_input_collect_unit/u_block_buffer/start_collect_d_reg_116[0]           | u_uart_dmem_loader/rst_i                            |                1 |              6 |         6.00 |
|  clk_i_IBUF_BUFG | u_soc/u_tx_top/u_huffman_aes_tx_top/u_dynamic_huffman_encoder/u_input_collect_unit/u_block_buffer/start_collect_d_reg_12[0]            | u_uart_dmem_loader/rst_i                            |                1 |              6 |         6.00 |
|  clk_i_IBUF_BUFG | u_soc/u_tx_top/u_huffman_aes_tx_top/u_dynamic_huffman_encoder/u_input_collect_unit/u_block_buffer/start_collect_d_reg_134[0]           | u_uart_dmem_loader/rst_i                            |                1 |              6 |         6.00 |
|  clk_i_IBUF_BUFG | u_soc/u_tx_top/u_huffman_aes_tx_top/u_dynamic_huffman_encoder/u_input_collect_unit/u_block_buffer/start_collect_d_reg_136[0]           | u_uart_dmem_loader/rst_i                            |                1 |              6 |         6.00 |
|  clk_i_IBUF_BUFG | u_soc/u_tx_top/u_huffman_aes_tx_top/u_dynamic_huffman_encoder/u_input_collect_unit/u_block_buffer/start_collect_d_reg_141[0]           | u_uart_dmem_loader/rst_i                            |                1 |              6 |         6.00 |
|  clk_i_IBUF_BUFG | u_soc/u_tx_top/u_huffman_aes_tx_top/u_dynamic_huffman_encoder/u_input_collect_unit/u_block_buffer/start_collect_d_reg_117[0]           | u_uart_dmem_loader/rst_i                            |                1 |              6 |         6.00 |
|  clk_i_IBUF_BUFG | u_soc/u_tx_top/u_huffman_aes_tx_top/u_dynamic_huffman_encoder/u_input_collect_unit/u_block_buffer/start_collect_d_reg_160[0]           | u_uart_dmem_loader/rst_i                            |                1 |              6 |         6.00 |
|  clk_i_IBUF_BUFG | u_soc/u_tx_top/u_huffman_aes_tx_top/u_dynamic_huffman_encoder/u_input_collect_unit/u_block_buffer/start_collect_d_reg_162[0]           | u_uart_dmem_loader/rst_i                            |                1 |              6 |         6.00 |
|  clk_i_IBUF_BUFG | u_soc/u_tx_top/u_huffman_aes_tx_top/u_dynamic_huffman_encoder/u_input_collect_unit/u_block_buffer/start_collect_d_reg_114[0]           | u_uart_dmem_loader/rst_i                            |                1 |              6 |         6.00 |
|  clk_i_IBUF_BUFG | u_soc/u_tx_top/u_huffman_aes_tx_top/u_dynamic_huffman_encoder/u_input_collect_unit/u_block_buffer/start_collect_d_reg_144[0]           | u_uart_dmem_loader/rst_i                            |                1 |              6 |         6.00 |
|  clk_i_IBUF_BUFG | u_soc/u_tx_top/u_huffman_aes_tx_top/u_dynamic_huffman_encoder/u_input_collect_unit/u_block_buffer/start_collect_d_reg_149[0]           | u_uart_dmem_loader/rst_i                            |                1 |              6 |         6.00 |
|  clk_i_IBUF_BUFG | u_soc/u_tx_top/u_huffman_aes_tx_top/u_dynamic_huffman_encoder/u_input_collect_unit/u_block_buffer/start_collect_d_reg_153[0]           | u_uart_dmem_loader/rst_i                            |                1 |              6 |         6.00 |
|  clk_i_IBUF_BUFG | u_soc/u_tx_top/u_huffman_aes_tx_top/u_dynamic_huffman_encoder/u_input_collect_unit/u_block_buffer/start_collect_d_reg_156[0]           | u_uart_dmem_loader/rst_i                            |                1 |              6 |         6.00 |
|  clk_i_IBUF_BUFG | u_soc/u_tx_top/u_huffman_aes_tx_top/u_dynamic_huffman_encoder/u_input_collect_unit/u_block_buffer/start_collect_d_reg_163[0]           | u_uart_dmem_loader/rst_i                            |                1 |              6 |         6.00 |
|  clk_i_IBUF_BUFG | u_soc/u_tx_top/u_huffman_aes_tx_top/u_dynamic_huffman_encoder/u_input_collect_unit/u_block_buffer/start_collect_d_reg_202[0]           | u_uart_dmem_loader/rst_i                            |                1 |              6 |         6.00 |
|  clk_i_IBUF_BUFG | u_soc/u_tx_top/u_huffman_aes_tx_top/u_dynamic_huffman_encoder/u_input_collect_unit/u_block_buffer/start_collect_d_reg_175[0]           | u_uart_dmem_loader/rst_i                            |                1 |              6 |         6.00 |
|  clk_i_IBUF_BUFG | u_soc/u_tx_top/u_huffman_aes_tx_top/u_dynamic_huffman_encoder/u_input_collect_unit/u_block_buffer/start_collect_d_reg_168[0]           | u_uart_dmem_loader/rst_i                            |                2 |              6 |         3.00 |
|  clk_i_IBUF_BUFG | u_soc/u_tx_top/u_huffman_aes_tx_top/u_dynamic_huffman_encoder/u_input_collect_unit/u_block_buffer/start_collect_d_reg_182[0]           | u_uart_dmem_loader/rst_i                            |                1 |              6 |         6.00 |
|  clk_i_IBUF_BUFG | u_soc/u_tx_top/u_huffman_aes_tx_top/u_dynamic_huffman_encoder/u_input_collect_unit/u_block_buffer/start_collect_d_reg_192[0]           | u_uart_dmem_loader/rst_i                            |                1 |              6 |         6.00 |
|  clk_i_IBUF_BUFG | u_soc/u_tx_top/u_huffman_aes_tx_top/u_dynamic_huffman_encoder/u_input_collect_unit/u_block_buffer/start_collect_d_reg_194[0]           | u_uart_dmem_loader/rst_i                            |                1 |              6 |         6.00 |
|  clk_i_IBUF_BUFG | u_soc/u_tx_top/u_huffman_aes_tx_top/u_dynamic_huffman_encoder/u_input_collect_unit/u_block_buffer/start_collect_d_reg_180[0]           | u_uart_dmem_loader/rst_i                            |                1 |              6 |         6.00 |
|  clk_i_IBUF_BUFG | u_soc/u_tx_top/u_huffman_aes_tx_top/u_dynamic_huffman_encoder/u_input_collect_unit/u_block_buffer/start_collect_d_reg_20[0]            | u_uart_dmem_loader/rst_i                            |                1 |              6 |         6.00 |
|  clk_i_IBUF_BUFG | u_soc/u_tx_top/u_huffman_aes_tx_top/u_dynamic_huffman_encoder/u_input_collect_unit/u_block_buffer/start_collect_d_reg_18[0]            | u_uart_dmem_loader/rst_i                            |                1 |              6 |         6.00 |
|  clk_i_IBUF_BUFG | u_soc/u_tx_top/u_huffman_aes_tx_top/u_dynamic_huffman_encoder/u_input_collect_unit/u_block_buffer/start_collect_d_reg_204[0]           | u_uart_dmem_loader/rst_i                            |                1 |              6 |         6.00 |
|  clk_i_IBUF_BUFG | u_soc/u_tx_top/u_huffman_aes_tx_top/u_dynamic_huffman_encoder/u_input_collect_unit/u_block_buffer/start_collect_d_reg_195[0]           | u_uart_dmem_loader/rst_i                            |                1 |              6 |         6.00 |
|  clk_i_IBUF_BUFG | u_soc/u_tx_top/u_huffman_aes_tx_top/u_dynamic_huffman_encoder/u_input_collect_unit/u_block_buffer/start_collect_d_reg_200[0]           | u_uart_dmem_loader/rst_i                            |                1 |              6 |         6.00 |
|  clk_i_IBUF_BUFG | u_soc/u_tx_top/u_huffman_aes_tx_top/u_dynamic_huffman_encoder/u_input_collect_unit/u_block_buffer/start_collect_d_reg_170[0]           | u_uart_dmem_loader/rst_i                            |                1 |              6 |         6.00 |
|  clk_i_IBUF_BUFG | u_soc/u_tx_top/u_huffman_aes_tx_top/u_dynamic_huffman_encoder/u_input_collect_unit/u_block_buffer/start_collect_d_reg_211[0]           | u_uart_dmem_loader/rst_i                            |                1 |              6 |         6.00 |
|  clk_i_IBUF_BUFG | u_soc/u_tx_top/u_huffman_aes_tx_top/u_dynamic_huffman_encoder/u_input_collect_unit/u_block_buffer/start_collect_d_reg_171[0]           | u_uart_dmem_loader/rst_i                            |                1 |              6 |         6.00 |
|  clk_i_IBUF_BUFG | u_soc/u_tx_top/u_huffman_aes_tx_top/u_dynamic_huffman_encoder/u_input_collect_unit/u_block_buffer/start_collect_d_reg_19[0]            | u_uart_dmem_loader/rst_i                            |                1 |              6 |         6.00 |
|  clk_i_IBUF_BUFG | u_soc/u_tx_top/u_huffman_aes_tx_top/u_dynamic_huffman_encoder/u_input_collect_unit/u_block_buffer/start_collect_d_reg_191[0]           | u_uart_dmem_loader/rst_i                            |                1 |              6 |         6.00 |
|  clk_i_IBUF_BUFG | u_soc/u_tx_top/u_huffman_aes_tx_top/u_dynamic_huffman_encoder/u_input_collect_unit/u_block_buffer/start_collect_d_reg_198[0]           | u_uart_dmem_loader/rst_i                            |                1 |              6 |         6.00 |
|  clk_i_IBUF_BUFG | u_soc/u_tx_top/u_huffman_aes_tx_top/u_dynamic_huffman_encoder/u_input_collect_unit/u_block_buffer/start_collect_d_reg_174[0]           | u_uart_dmem_loader/rst_i                            |                1 |              6 |         6.00 |
|  clk_i_IBUF_BUFG | u_soc/u_tx_top/u_huffman_aes_tx_top/u_dynamic_huffman_encoder/u_input_collect_unit/u_block_buffer/start_collect_d_reg_176[0]           | u_uart_dmem_loader/rst_i                            |                1 |              6 |         6.00 |
|  clk_i_IBUF_BUFG | u_soc/u_tx_top/u_huffman_aes_tx_top/u_dynamic_huffman_encoder/u_input_collect_unit/u_block_buffer/start_collect_d_reg_199[0]           | u_uart_dmem_loader/rst_i                            |                1 |              6 |         6.00 |
|  clk_i_IBUF_BUFG | u_soc/u_tx_top/u_huffman_aes_tx_top/u_dynamic_huffman_encoder/u_input_collect_unit/u_block_buffer/start_collect_d_reg_17[0]            | u_uart_dmem_loader/rst_i                            |                1 |              6 |         6.00 |
|  clk_i_IBUF_BUFG | u_soc/u_tx_top/u_huffman_aes_tx_top/u_dynamic_huffman_encoder/u_input_collect_unit/u_block_buffer/start_collect_d_reg_177[0]           | u_uart_dmem_loader/rst_i                            |                1 |              6 |         6.00 |
|  clk_i_IBUF_BUFG | u_soc/u_tx_top/u_huffman_aes_tx_top/u_dynamic_huffman_encoder/u_input_collect_unit/u_block_buffer/start_collect_d_reg_179[0]           | u_uart_dmem_loader/rst_i                            |                3 |              6 |         2.00 |
|  clk_i_IBUF_BUFG | u_soc/u_tx_top/u_huffman_aes_tx_top/u_dynamic_huffman_encoder/u_input_collect_unit/u_block_buffer/start_collect_d_reg_183[0]           | u_uart_dmem_loader/rst_i                            |                1 |              6 |         6.00 |
|  clk_i_IBUF_BUFG | u_soc/u_tx_top/u_huffman_aes_tx_top/u_dynamic_huffman_encoder/u_input_collect_unit/u_block_buffer/start_collect_d_reg_186[0]           | u_uart_dmem_loader/rst_i                            |                1 |              6 |         6.00 |
|  clk_i_IBUF_BUFG | u_soc/u_tx_top/u_huffman_aes_tx_top/u_dynamic_huffman_encoder/u_input_collect_unit/u_block_buffer/start_collect_d_reg_178[0]           | u_uart_dmem_loader/rst_i                            |                1 |              6 |         6.00 |
|  clk_i_IBUF_BUFG | u_soc/u_tx_top/u_huffman_aes_tx_top/u_dynamic_huffman_encoder/u_input_collect_unit/u_block_buffer/start_collect_d_reg_181[0]           | u_uart_dmem_loader/rst_i                            |                1 |              6 |         6.00 |
|  clk_i_IBUF_BUFG | u_soc/u_tx_top/u_huffman_aes_tx_top/u_dynamic_huffman_encoder/u_input_collect_unit/u_block_buffer/start_collect_d_reg_196[0]           | u_uart_dmem_loader/rst_i                            |                1 |              6 |         6.00 |
|  clk_i_IBUF_BUFG | u_soc/u_tx_top/u_huffman_aes_tx_top/u_dynamic_huffman_encoder/u_input_collect_unit/u_block_buffer/start_collect_d_reg_201[0]           | u_uart_dmem_loader/rst_i                            |                1 |              6 |         6.00 |
|  clk_i_IBUF_BUFG | u_soc/u_tx_top/u_huffman_aes_tx_top/u_dynamic_huffman_encoder/u_input_collect_unit/u_block_buffer/start_collect_d_reg_203[0]           | u_uart_dmem_loader/rst_i                            |                1 |              6 |         6.00 |
|  clk_i_IBUF_BUFG | u_soc/u_tx_top/u_huffman_aes_tx_top/u_dynamic_huffman_encoder/u_input_collect_unit/u_block_buffer/start_collect_d_reg_66[0]            | u_uart_dmem_loader/rst_i                            |                1 |              6 |         6.00 |
|  clk_i_IBUF_BUFG | u_soc/u_tx_top/u_huffman_aes_tx_top/u_dynamic_huffman_encoder/u_input_collect_unit/u_block_buffer/start_collect_d_reg_205[0]           | u_uart_dmem_loader/rst_i                            |                1 |              6 |         6.00 |
|  clk_i_IBUF_BUFG | u_soc/u_tx_top/u_huffman_aes_tx_top/u_dynamic_huffman_encoder/u_input_collect_unit/u_block_buffer/start_collect_d_reg_208[0]           | u_uart_dmem_loader/rst_i                            |                2 |              6 |         3.00 |
|  clk_i_IBUF_BUFG | u_soc/u_tx_top/u_huffman_aes_tx_top/u_dynamic_huffman_encoder/u_input_collect_unit/u_block_buffer/E[0]                                 | u_uart_dmem_loader/rst_i                            |                1 |              6 |         6.00 |
|  clk_i_IBUF_BUFG | u_soc/u_tx_top/u_huffman_aes_tx_top/u_dynamic_huffman_encoder/u_input_collect_unit/u_block_buffer/start_collect_d_reg_106[0]           | u_uart_dmem_loader/rst_i                            |                1 |              6 |         6.00 |
|  clk_i_IBUF_BUFG | u_soc/u_tx_top/u_huffman_aes_tx_top/u_dynamic_huffman_encoder/u_emit_backend/u_payload_emitter/byte_idx[5]_i_1_n_0                     | u_uart_dmem_loader/rst_i                            |                2 |              6 |         3.00 |
|  clk_i_IBUF_BUFG | u_soc/u_dma_tx_engine/apb_addr_r_reg[4]_5                                                                                              | u_uart_dmem_loader/rst_i                            |                3 |              6 |         2.00 |
|  clk_i_IBUF_BUFG | u_uart_dmem_loader/u_uart_tx/bit_cnt_r[7]_i_2_n_0                                                                                      | u_uart_dmem_loader/u_uart_tx/bit_cnt_r[7]_i_1_n_0   |                1 |              6 |         6.00 |
|  clk_i_IBUF_BUFG | u_soc/u_cpu/u_ex_stage/req_addr_r_reg[1][0]                                                                                            | u_uart_dmem_loader/rst_i                            |                2 |              6 |         3.00 |
|  clk_i_IBUF_BUFG | u_soc/u_tx_top/u_huffman_aes_tx_top/u_dynamic_huffman_encoder/u_input_collect_unit/u_block_buffer/start_collect_d_reg_73[0]            | u_uart_dmem_loader/rst_i                            |                1 |              6 |         6.00 |
|  clk_i_IBUF_BUFG | u_soc/u_tx_top/u_huffman_aes_tx_top/u_dynamic_huffman_encoder/u_input_collect_unit/u_block_buffer/start_collect_d_reg_70[0]            | u_uart_dmem_loader/rst_i                            |                1 |              6 |         6.00 |
|  clk_i_IBUF_BUFG | u_soc/u_tx_top/u_huffman_aes_tx_top/u_dynamic_huffman_encoder/u_input_collect_unit/u_block_buffer/start_collect_d_reg_61[0]            | u_uart_dmem_loader/rst_i                            |                1 |              6 |         6.00 |
|  clk_i_IBUF_BUFG | u_soc/u_tx_top/u_huffman_aes_tx_top/u_dynamic_huffman_encoder/u_input_collect_unit/u_block_buffer/start_collect_d_reg_81[0]            | u_uart_dmem_loader/rst_i                            |                1 |              6 |         6.00 |
|  clk_i_IBUF_BUFG | u_soc/u_tx_top/u_huffman_aes_tx_top/u_dynamic_huffman_encoder/u_input_collect_unit/u_block_buffer/start_collect_d_reg_72[0]            | u_uart_dmem_loader/rst_i                            |                2 |              6 |         3.00 |
|  clk_i_IBUF_BUFG | u_soc/u_tx_top/u_huffman_aes_tx_top/u_dynamic_huffman_encoder/u_input_collect_unit/u_block_buffer/start_collect_d_reg_74[0]            | u_uart_dmem_loader/rst_i                            |                1 |              6 |         6.00 |
|  clk_i_IBUF_BUFG | u_soc/u_tx_top/u_huffman_aes_tx_top/u_dynamic_huffman_encoder/u_input_collect_unit/u_block_buffer/start_collect_d_reg_91[0]            | u_uart_dmem_loader/rst_i                            |                1 |              6 |         6.00 |
|  clk_i_IBUF_BUFG | u_soc/u_tx_top/u_huffman_aes_tx_top/u_dynamic_huffman_encoder/u_input_collect_unit/u_block_buffer/start_collect_d_reg_90[0]            | u_uart_dmem_loader/rst_i                            |                1 |              6 |         6.00 |
|  clk_i_IBUF_BUFG | u_soc/u_tx_top/u_huffman_aes_tx_top/u_dynamic_huffman_encoder/u_input_collect_unit/u_block_buffer/start_collect_d_reg_88[0]            | u_uart_dmem_loader/rst_i                            |                1 |              6 |         6.00 |
|  clk_i_IBUF_BUFG | u_soc/u_tx_top/u_huffman_aes_tx_top/u_dynamic_huffman_encoder/u_input_collect_unit/u_block_buffer/start_collect_d_reg_86[0]            | u_uart_dmem_loader/rst_i                            |                1 |              6 |         6.00 |
|  clk_i_IBUF_BUFG | u_soc/u_tx_top/u_huffman_aes_tx_top/u_dynamic_huffman_encoder/u_input_collect_unit/u_block_buffer/start_collect_d_reg_83[0]            | u_uart_dmem_loader/rst_i                            |                1 |              6 |         6.00 |
|  clk_i_IBUF_BUFG | u_soc/u_tx_top/u_huffman_aes_tx_top/u_dynamic_huffman_encoder/u_input_collect_unit/u_block_buffer/start_collect_d_reg_79[0]            | u_uart_dmem_loader/rst_i                            |                1 |              6 |         6.00 |
|  clk_i_IBUF_BUFG | u_soc/u_tx_top/u_huffman_aes_tx_top/u_dynamic_huffman_encoder/u_input_collect_unit/u_block_buffer/start_collect_d_reg_64[0]            | u_uart_dmem_loader/rst_i                            |                1 |              6 |         6.00 |
|  clk_i_IBUF_BUFG | u_soc/u_tx_top/u_huffman_aes_tx_top/u_dynamic_huffman_encoder/u_input_collect_unit/u_block_buffer/start_collect_d_reg_54[0]            | u_uart_dmem_loader/rst_i                            |                1 |              6 |         6.00 |
|  clk_i_IBUF_BUFG | u_soc/u_tx_top/u_huffman_aes_tx_top/u_dynamic_huffman_encoder/u_input_collect_unit/u_block_buffer/start_collect_d_reg_75[0]            | u_uart_dmem_loader/rst_i                            |                2 |              6 |         3.00 |
|  clk_i_IBUF_BUFG | u_soc/u_tx_top/u_huffman_aes_tx_top/u_dynamic_huffman_encoder/u_input_collect_unit/u_block_buffer/start_collect_d_reg_71[0]            | u_uart_dmem_loader/rst_i                            |                1 |              6 |         6.00 |
|  clk_i_IBUF_BUFG | u_soc/u_tx_top/u_huffman_aes_tx_top/u_dynamic_huffman_encoder/u_input_collect_unit/u_block_buffer/start_collect_d_reg_67[0]            | u_uart_dmem_loader/rst_i                            |                2 |              6 |         3.00 |
|  clk_i_IBUF_BUFG | u_soc/u_tx_top/u_huffman_aes_tx_top/u_dynamic_huffman_encoder/u_input_collect_unit/u_block_buffer/start_collect_d_reg_63[0]            | u_uart_dmem_loader/rst_i                            |                1 |              6 |         6.00 |
|  clk_i_IBUF_BUFG | u_soc/u_tx_top/u_huffman_aes_tx_top/u_dynamic_huffman_encoder/u_input_collect_unit/u_block_buffer/start_collect_d_reg_6[0]             | u_uart_dmem_loader/rst_i                            |                1 |              6 |         6.00 |
|  clk_i_IBUF_BUFG | u_soc/u_tx_top/u_huffman_aes_tx_top/u_dynamic_huffman_encoder/u_input_collect_unit/u_block_buffer/start_collect_d_reg_58[0]            | u_uart_dmem_loader/rst_i                            |                1 |              6 |         6.00 |
|  clk_i_IBUF_BUFG | u_soc/u_tx_top/u_huffman_aes_tx_top/u_dynamic_huffman_encoder/u_input_collect_unit/u_block_buffer/start_collect_d_reg_56[0]            | u_uart_dmem_loader/rst_i                            |                1 |              6 |         6.00 |
|  clk_i_IBUF_BUFG | u_soc/u_tx_top/u_huffman_aes_tx_top/u_dynamic_huffman_encoder/u_input_collect_unit/u_block_buffer/start_collect_d_reg_60[0]            | u_uart_dmem_loader/rst_i                            |                1 |              6 |         6.00 |
|  clk_i_IBUF_BUFG | u_soc/u_tx_top/u_huffman_aes_tx_top/u_dynamic_huffman_encoder/u_input_collect_unit/u_block_buffer/start_collect_d_reg_82[0]            | u_uart_dmem_loader/rst_i                            |                1 |              6 |         6.00 |
|  clk_i_IBUF_BUFG | u_soc/u_tx_top/u_huffman_aes_tx_top/u_dynamic_huffman_encoder/u_input_collect_unit/u_block_buffer/start_collect_d_reg_77[0]            | u_uart_dmem_loader/rst_i                            |                1 |              6 |         6.00 |
|  clk_i_IBUF_BUFG | u_soc/u_tx_top/u_huffman_aes_tx_top/u_dynamic_huffman_encoder/u_input_collect_unit/u_block_buffer/start_collect_d_reg_85[0]            | u_uart_dmem_loader/rst_i                            |                1 |              6 |         6.00 |
|  clk_i_IBUF_BUFG | u_soc/u_tx_top/u_huffman_aes_tx_top/u_dynamic_huffman_encoder/u_input_collect_unit/u_block_buffer/start_collect_d_reg_59[0]            | u_uart_dmem_loader/rst_i                            |                1 |              6 |         6.00 |
|  clk_i_IBUF_BUFG | u_soc/u_tx_top/u_huffman_aes_tx_top/u_dynamic_huffman_encoder/u_input_collect_unit/u_block_buffer/start_collect_d_reg_92[0]            | u_uart_dmem_loader/rst_i                            |                1 |              6 |         6.00 |
|  clk_i_IBUF_BUFG | u_soc/u_tx_top/u_huffman_aes_tx_top/u_dynamic_huffman_encoder/u_input_collect_unit/u_block_buffer/start_collect_d_reg_98[0]            | u_uart_dmem_loader/rst_i                            |                1 |              6 |         6.00 |
|  clk_i_IBUF_BUFG | u_soc/u_tx_top/u_huffman_aes_tx_top/u_dynamic_huffman_encoder/u_input_collect_unit/u_block_buffer/start_collect_d_reg_89[0]            | u_uart_dmem_loader/rst_i                            |                1 |              6 |         6.00 |
|  clk_i_IBUF_BUFG | u_soc/u_tx_top/u_huffman_aes_tx_top/u_dynamic_huffman_encoder/u_input_collect_unit/u_block_buffer/start_collect_d_reg_78[0]            | u_uart_dmem_loader/rst_i                            |                1 |              6 |         6.00 |
|  clk_i_IBUF_BUFG | u_soc/u_tx_top/u_huffman_aes_tx_top/u_dynamic_huffman_encoder/u_input_collect_unit/u_block_buffer/start_collect_d_reg_76[0]            | u_uart_dmem_loader/rst_i                            |                1 |              6 |         6.00 |
|  clk_i_IBUF_BUFG | u_soc/u_tx_top/u_huffman_aes_tx_top/u_dynamic_huffman_encoder/u_input_collect_unit/u_block_buffer/start_collect_d_reg_53[0]            | u_uart_dmem_loader/rst_i                            |                1 |              6 |         6.00 |
|  clk_i_IBUF_BUFG | u_soc/u_tx_top/u_huffman_aes_tx_top/u_dynamic_huffman_encoder/u_input_collect_unit/u_block_buffer/start_collect_d_reg_94[0]            | u_uart_dmem_loader/rst_i                            |                1 |              6 |         6.00 |
|  clk_i_IBUF_BUFG | u_soc/u_tx_top/u_huffman_aes_tx_top/u_dynamic_huffman_encoder/u_input_collect_unit/u_block_buffer/start_collect_d_reg_93[0]            | u_uart_dmem_loader/rst_i                            |                1 |              6 |         6.00 |
|  clk_i_IBUF_BUFG | u_soc/u_tx_top/u_huffman_aes_tx_top/u_dynamic_huffman_encoder/u_input_collect_unit/u_block_buffer/start_collect_d_reg_8[0]             | u_uart_dmem_loader/rst_i                            |                1 |              6 |         6.00 |
|  clk_i_IBUF_BUFG | u_soc/u_tx_top/u_huffman_aes_tx_top/u_dynamic_huffman_encoder/u_input_collect_unit/u_block_buffer/start_collect_d_reg_55[0]            | u_uart_dmem_loader/rst_i                            |                1 |              6 |         6.00 |
|  clk_i_IBUF_BUFG | u_soc/u_tx_top/u_huffman_aes_tx_top/u_dynamic_huffman_encoder/u_input_collect_unit/u_block_buffer/start_collect_d_reg_68[0]            | u_uart_dmem_loader/rst_i                            |                1 |              6 |         6.00 |
|  clk_i_IBUF_BUFG | u_soc/u_tx_top/u_huffman_aes_tx_top/u_dynamic_huffman_encoder/u_input_collect_unit/u_block_buffer/start_collect_d_reg_7[0]             | u_uart_dmem_loader/rst_i                            |                1 |              6 |         6.00 |
|  clk_i_IBUF_BUFG | u_soc/u_tx_top/u_huffman_aes_tx_top/u_dynamic_huffman_encoder/u_input_collect_unit/u_block_buffer/start_collect_d_reg_99[0]            | u_uart_dmem_loader/rst_i                            |                1 |              6 |         6.00 |
|  clk_i_IBUF_BUFG | u_soc/u_tx_top/u_huffman_aes_tx_top/u_dynamic_huffman_encoder/u_input_collect_unit/u_block_buffer/start_collect_d_reg_57[0]            | u_uart_dmem_loader/rst_i                            |                1 |              6 |         6.00 |
|  clk_i_IBUF_BUFG | u_soc/u_tx_top/u_huffman_aes_tx_top/u_dynamic_huffman_encoder/u_input_collect_unit/u_block_buffer/start_collect_d_reg_87[0]            | u_uart_dmem_loader/rst_i                            |                4 |              6 |         1.50 |
|  clk_i_IBUF_BUFG | u_soc/u_tx_top/u_huffman_aes_tx_top/u_dynamic_huffman_encoder/u_input_collect_unit/u_block_buffer/start_collect_d_reg_97[0]            | u_uart_dmem_loader/rst_i                            |                1 |              6 |         6.00 |
|  clk_i_IBUF_BUFG | u_soc/u_tx_top/u_huffman_aes_tx_top/u_dynamic_huffman_encoder/u_input_collect_unit/u_block_buffer/start_collect_d_reg_9[0]             | u_uart_dmem_loader/rst_i                            |                1 |              6 |         6.00 |
|  clk_i_IBUF_BUFG | u_soc/u_tx_top/u_huffman_aes_tx_top/u_dynamic_huffman_encoder/u_input_collect_unit/u_block_buffer/start_collect_d_reg_84[0]            | u_uart_dmem_loader/rst_i                            |                1 |              6 |         6.00 |
|  clk_i_IBUF_BUFG | u_soc/u_tx_top/u_huffman_aes_tx_top/u_dynamic_huffman_encoder/u_input_collect_unit/u_block_buffer/start_collect_d_reg_69[0]            | u_uart_dmem_loader/rst_i                            |                2 |              6 |         3.00 |
|  clk_i_IBUF_BUFG | u_soc/u_tx_top/u_huffman_aes_tx_top/u_dynamic_huffman_encoder/u_input_collect_unit/u_block_buffer/start_collect_d_reg_62[0]            | u_uart_dmem_loader/rst_i                            |                1 |              6 |         6.00 |
|  clk_i_IBUF_BUFG | u_soc/u_tx_top/u_huffman_aes_tx_top/u_dynamic_huffman_encoder/u_input_collect_unit/u_block_buffer/start_collect_d_reg_65[0]            | u_uart_dmem_loader/rst_i                            |                1 |              6 |         6.00 |
|  clk_i_IBUF_BUFG | u_soc/u_tx_top/u_huffman_aes_tx_top/u_dynamic_huffman_encoder/u_input_collect_unit/u_block_buffer/start_collect_d_reg_96[0]            | u_uart_dmem_loader/rst_i                            |                1 |              6 |         6.00 |
|  clk_i_IBUF_BUFG | u_soc/u_tx_top/u_huffman_aes_tx_top/u_dynamic_huffman_encoder/u_input_collect_unit/u_block_buffer/start_collect_d_reg_95[0]            | u_uart_dmem_loader/rst_i                            |                2 |              6 |         3.00 |
|  clk_i_IBUF_BUFG | u_soc/u_tx_top/u_huffman_aes_tx_top/u_dynamic_huffman_encoder/u_input_collect_unit/u_block_buffer/start_collect_d_reg_80[0]            | u_uart_dmem_loader/rst_i                            |                1 |              6 |         6.00 |
|  clk_i_IBUF_BUFG | u_soc/u_tx_top/u_huffman_aes_tx_top/u_dynamic_huffman_encoder/u_input_collect_unit/u_block_buffer/start_collect_d_reg_25[0]            | u_uart_dmem_loader/rst_i                            |                1 |              6 |         6.00 |
|  clk_i_IBUF_BUFG | u_soc/u_tx_top/u_huffman_aes_tx_top/u_dynamic_huffman_encoder/u_input_collect_unit/u_block_buffer/start_collect_d_reg_233[0]           | u_uart_dmem_loader/rst_i                            |                1 |              6 |         6.00 |
|  clk_i_IBUF_BUFG | u_soc/u_tx_top/u_huffman_aes_tx_top/u_dynamic_huffman_encoder/u_input_collect_unit/u_block_buffer/start_collect_d_reg_32[0]            | u_uart_dmem_loader/rst_i                            |                1 |              6 |         6.00 |
|  clk_i_IBUF_BUFG | u_soc/u_tx_top/u_huffman_aes_tx_top/u_dynamic_huffman_encoder/u_input_collect_unit/u_block_buffer/start_collect_d_reg_31[0]            | u_uart_dmem_loader/rst_i                            |                1 |              6 |         6.00 |
|  clk_i_IBUF_BUFG | u_soc/u_tx_top/u_huffman_aes_tx_top/u_dynamic_huffman_encoder/u_input_collect_unit/u_block_buffer/start_collect_d_reg_3[0]             | u_uart_dmem_loader/rst_i                            |                1 |              6 |         6.00 |
|  clk_i_IBUF_BUFG | u_soc/u_tx_top/u_huffman_aes_tx_top/u_dynamic_huffman_encoder/u_input_collect_unit/u_block_buffer/start_collect_d_reg_253[0]           | u_uart_dmem_loader/rst_i                            |                1 |              6 |         6.00 |
|  clk_i_IBUF_BUFG | u_soc/u_tx_top/u_huffman_aes_tx_top/u_dynamic_huffman_encoder/u_input_collect_unit/u_block_buffer/start_collect_d_reg_250[0]           | u_uart_dmem_loader/rst_i                            |                1 |              6 |         6.00 |
|  clk_i_IBUF_BUFG | u_soc/u_tx_top/u_huffman_aes_tx_top/u_dynamic_huffman_encoder/u_input_collect_unit/u_block_buffer/start_collect_d_reg_23[0]            | u_uart_dmem_loader/rst_i                            |                1 |              6 |         6.00 |
|  clk_i_IBUF_BUFG | u_soc/u_tx_top/u_huffman_aes_tx_top/u_dynamic_huffman_encoder/u_input_collect_unit/u_block_buffer/start_collect_d_reg_248[0]           | u_uart_dmem_loader/rst_i                            |                1 |              6 |         6.00 |
|  clk_i_IBUF_BUFG | u_soc/u_tx_top/u_huffman_aes_tx_top/u_dynamic_huffman_encoder/u_input_collect_unit/u_block_buffer/start_collect_d_reg_245[0]           | u_uart_dmem_loader/rst_i                            |                2 |              6 |         3.00 |
|  clk_i_IBUF_BUFG | u_soc/u_tx_top/u_huffman_aes_tx_top/u_dynamic_huffman_encoder/u_input_collect_unit/u_block_buffer/start_collect_d_reg_230[0]           | u_uart_dmem_loader/rst_i                            |                1 |              6 |         6.00 |
|  clk_i_IBUF_BUFG | u_soc/u_tx_top/u_huffman_aes_tx_top/u_dynamic_huffman_encoder/u_input_collect_unit/u_block_buffer/start_collect_d_reg_244[0]           | u_uart_dmem_loader/rst_i                            |                1 |              6 |         6.00 |
|  clk_i_IBUF_BUFG | u_soc/u_tx_top/u_huffman_aes_tx_top/u_dynamic_huffman_encoder/u_input_collect_unit/u_block_buffer/start_collect_d_reg_231[0]           | u_uart_dmem_loader/rst_i                            |                1 |              6 |         6.00 |
|  clk_i_IBUF_BUFG | u_soc/u_tx_top/u_huffman_aes_tx_top/u_dynamic_huffman_encoder/u_input_collect_unit/u_block_buffer/start_collect_d_reg_227[0]           | u_uart_dmem_loader/rst_i                            |                1 |              6 |         6.00 |
|  clk_i_IBUF_BUFG | u_soc/u_tx_top/u_huffman_aes_tx_top/u_dynamic_huffman_encoder/u_input_collect_unit/u_block_buffer/start_collect_d_reg_224[0]           | u_uart_dmem_loader/rst_i                            |                1 |              6 |         6.00 |
|  clk_i_IBUF_BUFG | u_soc/u_tx_top/u_huffman_aes_tx_top/u_dynamic_huffman_encoder/u_input_collect_unit/u_block_buffer/start_collect_d_reg_249[0]           | u_uart_dmem_loader/rst_i                            |                1 |              6 |         6.00 |
|  clk_i_IBUF_BUFG | u_soc/u_tx_top/u_huffman_aes_tx_top/u_dynamic_huffman_encoder/u_input_collect_unit/u_block_buffer/start_collect_d_reg_232[0]           | u_uart_dmem_loader/rst_i                            |                1 |              6 |         6.00 |
|  clk_i_IBUF_BUFG | u_soc/u_tx_top/u_huffman_aes_tx_top/u_dynamic_huffman_encoder/u_input_collect_unit/u_block_buffer/start_collect_d_reg_226[0]           | u_uart_dmem_loader/rst_i                            |                1 |              6 |         6.00 |
|  clk_i_IBUF_BUFG | u_soc/u_tx_top/u_huffman_aes_tx_top/u_dynamic_huffman_encoder/u_input_collect_unit/u_block_buffer/start_collect_d_reg_49[0]            | u_uart_dmem_loader/rst_i                            |                1 |              6 |         6.00 |
|  clk_i_IBUF_BUFG | u_soc/u_tx_top/u_huffman_aes_tx_top/u_dynamic_huffman_encoder/u_input_collect_unit/u_block_buffer/start_collect_d_reg_46[0]            | u_uart_dmem_loader/rst_i                            |                1 |              6 |         6.00 |
|  clk_i_IBUF_BUFG | u_soc/u_tx_top/u_huffman_aes_tx_top/u_dynamic_huffman_encoder/u_input_collect_unit/u_block_buffer/start_collect_d_reg_45[0]            | u_uart_dmem_loader/rst_i                            |                1 |              6 |         6.00 |
|  clk_i_IBUF_BUFG | u_soc/u_tx_top/u_huffman_aes_tx_top/u_dynamic_huffman_encoder/u_input_collect_unit/u_block_buffer/start_collect_d_reg_43[0]            | u_uart_dmem_loader/rst_i                            |                1 |              6 |         6.00 |
|  clk_i_IBUF_BUFG | u_soc/u_tx_top/u_huffman_aes_tx_top/u_dynamic_huffman_encoder/u_input_collect_unit/u_block_buffer/start_collect_d_reg_41[0]            | u_uart_dmem_loader/rst_i                            |                1 |              6 |         6.00 |
|  clk_i_IBUF_BUFG | u_soc/u_tx_top/u_huffman_aes_tx_top/u_dynamic_huffman_encoder/u_input_collect_unit/u_block_buffer/start_collect_d_reg_247[0]           | u_uart_dmem_loader/rst_i                            |                1 |              6 |         6.00 |
|  clk_i_IBUF_BUFG | u_soc/u_tx_top/u_huffman_aes_tx_top/u_dynamic_huffman_encoder/u_input_collect_unit/u_block_buffer/start_collect_d_reg_35[0]            | u_uart_dmem_loader/rst_i                            |                1 |              6 |         6.00 |
|  clk_i_IBUF_BUFG | u_soc/u_tx_top/u_huffman_aes_tx_top/u_dynamic_huffman_encoder/u_input_collect_unit/u_block_buffer/start_collect_d_reg_236[0]           | u_uart_dmem_loader/rst_i                            |                1 |              6 |         6.00 |
|  clk_i_IBUF_BUFG | u_soc/u_tx_top/u_huffman_aes_tx_top/u_dynamic_huffman_encoder/u_input_collect_unit/u_block_buffer/start_collect_d_reg_225[0]           | u_uart_dmem_loader/rst_i                            |                1 |              6 |         6.00 |
|  clk_i_IBUF_BUFG | u_soc/u_tx_top/u_huffman_aes_tx_top/u_dynamic_huffman_encoder/u_input_collect_unit/u_block_buffer/start_collect_d_reg_42[0]            | u_uart_dmem_loader/rst_i                            |                1 |              6 |         6.00 |
|  clk_i_IBUF_BUFG | u_soc/u_tx_top/u_huffman_aes_tx_top/u_dynamic_huffman_encoder/u_input_collect_unit/u_block_buffer/start_collect_d_reg_4[0]             | u_uart_dmem_loader/rst_i                            |                1 |              6 |         6.00 |
|  clk_i_IBUF_BUFG | u_soc/u_tx_top/u_huffman_aes_tx_top/u_dynamic_huffman_encoder/u_input_collect_unit/u_block_buffer/start_collect_d_reg_234[0]           | u_uart_dmem_loader/rst_i                            |                1 |              6 |         6.00 |
|  clk_i_IBUF_BUFG | u_soc/u_tx_top/u_huffman_aes_tx_top/u_dynamic_huffman_encoder/u_input_collect_unit/u_block_buffer/start_collect_d_reg_223[0]           | u_uart_dmem_loader/rst_i                            |                1 |              6 |         6.00 |
|  clk_i_IBUF_BUFG | u_soc/u_tx_top/u_huffman_aes_tx_top/u_dynamic_huffman_encoder/u_input_collect_unit/u_block_buffer/start_collect_d_reg_40[0]            | u_uart_dmem_loader/rst_i                            |                1 |              6 |         6.00 |
|  clk_i_IBUF_BUFG | u_soc/u_tx_top/u_huffman_aes_tx_top/u_dynamic_huffman_encoder/u_input_collect_unit/u_block_buffer/start_collect_d_reg_251[0]           | u_uart_dmem_loader/rst_i                            |                1 |              6 |         6.00 |
|  clk_i_IBUF_BUFG | u_soc/u_tx_top/u_huffman_aes_tx_top/u_dynamic_huffman_encoder/u_input_collect_unit/u_block_buffer/start_collect_d_reg_246[0]           | u_uart_dmem_loader/rst_i                            |                1 |              6 |         6.00 |
|  clk_i_IBUF_BUFG | u_soc/u_tx_top/u_huffman_aes_tx_top/u_dynamic_huffman_encoder/u_input_collect_unit/u_block_buffer/start_collect_d_reg_228[0]           | u_uart_dmem_loader/rst_i                            |                1 |              6 |         6.00 |
|  clk_i_IBUF_BUFG | u_soc/u_tx_top/u_huffman_aes_tx_top/u_dynamic_huffman_encoder/u_input_collect_unit/u_block_buffer/start_collect_d_reg_33[0]            | u_uart_dmem_loader/rst_i                            |                1 |              6 |         6.00 |
|  clk_i_IBUF_BUFG | u_soc/u_tx_top/u_huffman_aes_tx_top/u_dynamic_huffman_encoder/u_input_collect_unit/u_block_buffer/start_collect_d_reg_235[0]           | u_uart_dmem_loader/rst_i                            |                1 |              6 |         6.00 |
|  clk_i_IBUF_BUFG | u_soc/u_tx_top/u_huffman_aes_tx_top/u_dynamic_huffman_encoder/u_input_collect_unit/u_block_buffer/start_collect_d_reg_240[0]           | u_uart_dmem_loader/rst_i                            |                1 |              6 |         6.00 |
|  clk_i_IBUF_BUFG | u_soc/u_tx_top/u_huffman_aes_tx_top/u_dynamic_huffman_encoder/u_input_collect_unit/u_block_buffer/start_collect_d_reg_27[0]            | u_uart_dmem_loader/rst_i                            |                1 |              6 |         6.00 |
|  clk_i_IBUF_BUFG | u_soc/u_tx_top/u_huffman_aes_tx_top/u_dynamic_huffman_encoder/u_input_collect_unit/u_block_buffer/start_collect_d_reg_26[0]            | u_uart_dmem_loader/rst_i                            |                1 |              6 |         6.00 |
|  clk_i_IBUF_BUFG | u_soc/u_tx_top/u_huffman_aes_tx_top/u_dynamic_huffman_encoder/u_input_collect_unit/u_block_buffer/start_collect_d_reg_241[0]           | u_uart_dmem_loader/rst_i                            |                1 |              6 |         6.00 |
|  clk_i_IBUF_BUFG | u_soc/u_tx_top/u_huffman_aes_tx_top/u_dynamic_huffman_encoder/u_input_collect_unit/u_block_buffer/start_collect_d_reg_24[0]            | u_uart_dmem_loader/rst_i                            |                1 |              6 |         6.00 |
|  clk_i_IBUF_BUFG | u_soc/u_tx_top/u_huffman_aes_tx_top/u_dynamic_huffman_encoder/u_input_collect_unit/u_block_buffer/start_collect_d_reg_252[0]           | u_uart_dmem_loader/rst_i                            |                1 |              6 |         6.00 |
|  clk_i_IBUF_BUFG | u_soc/u_tx_top/u_huffman_aes_tx_top/u_dynamic_huffman_encoder/u_input_collect_unit/u_block_buffer/start_collect_d_reg_229[0]           | u_uart_dmem_loader/rst_i                            |                1 |              6 |         6.00 |
|  clk_i_IBUF_BUFG | u_soc/u_tx_top/u_huffman_aes_tx_top/u_dynamic_huffman_encoder/u_input_collect_unit/u_block_buffer/start_collect_d_reg_52[0]            | u_uart_dmem_loader/rst_i                            |                1 |              6 |         6.00 |
|  clk_i_IBUF_BUFG | u_soc/u_tx_top/u_huffman_aes_tx_top/u_dynamic_huffman_encoder/u_input_collect_unit/u_block_buffer/start_collect_d_reg_239[0]           | u_uart_dmem_loader/rst_i                            |                1 |              6 |         6.00 |
|  clk_i_IBUF_BUFG | u_soc/u_tx_top/u_huffman_aes_tx_top/u_dynamic_huffman_encoder/u_input_collect_unit/u_block_buffer/start_collect_d_reg_51[0]            | u_uart_dmem_loader/rst_i                            |                1 |              6 |         6.00 |
|  clk_i_IBUF_BUFG | u_soc/u_tx_top/u_huffman_aes_tx_top/u_dynamic_huffman_encoder/u_input_collect_unit/u_block_buffer/start_collect_d_reg_50[0]            | u_uart_dmem_loader/rst_i                            |                1 |              6 |         6.00 |
|  clk_i_IBUF_BUFG | u_soc/u_tx_top/u_huffman_aes_tx_top/u_dynamic_huffman_encoder/u_input_collect_unit/u_block_buffer/start_collect_d_reg_5[0]             | u_uart_dmem_loader/rst_i                            |                1 |              6 |         6.00 |
|  clk_i_IBUF_BUFG | u_soc/u_tx_top/u_huffman_aes_tx_top/u_dynamic_huffman_encoder/u_input_collect_unit/u_block_buffer/start_collect_d_reg_44[0]            | u_uart_dmem_loader/rst_i                            |                1 |              6 |         6.00 |
|  clk_i_IBUF_BUFG | u_soc/u_tx_top/u_huffman_aes_tx_top/u_dynamic_huffman_encoder/u_input_collect_unit/u_block_buffer/start_collect_d_reg_48[0]            | u_uart_dmem_loader/rst_i                            |                1 |              6 |         6.00 |
|  clk_i_IBUF_BUFG | u_soc/u_tx_top/u_huffman_aes_tx_top/u_dynamic_huffman_encoder/u_input_collect_unit/u_block_buffer/start_collect_d_reg_237[0]           | u_uart_dmem_loader/rst_i                            |                1 |              6 |         6.00 |
|  clk_i_IBUF_BUFG | u_soc/u_tx_top/u_huffman_aes_tx_top/u_dynamic_huffman_encoder/u_input_collect_unit/u_block_buffer/start_collect_d_reg_47[0]            | u_uart_dmem_loader/rst_i                            |                1 |              6 |         6.00 |
|  clk_i_IBUF_BUFG | u_soc/u_tx_top/u_huffman_aes_tx_top/u_dynamic_huffman_encoder/u_input_collect_unit/u_block_buffer/start_collect_d_reg_36[0]            | u_uart_dmem_loader/rst_i                            |                1 |              6 |         6.00 |
|  clk_i_IBUF_BUFG | u_soc/u_tx_top/u_huffman_aes_tx_top/u_dynamic_huffman_encoder/u_input_collect_unit/u_block_buffer/start_collect_d_reg_38[0]            | u_uart_dmem_loader/rst_i                            |                1 |              6 |         6.00 |
|  clk_i_IBUF_BUFG | u_soc/u_tx_top/u_huffman_aes_tx_top/u_dynamic_huffman_encoder/u_input_collect_unit/u_block_buffer/start_collect_d_reg_242[0]           | u_uart_dmem_loader/rst_i                            |                1 |              6 |         6.00 |
|  clk_i_IBUF_BUFG | u_soc/u_tx_top/u_huffman_aes_tx_top/u_dynamic_huffman_encoder/u_input_collect_unit/u_block_buffer/start_collect_d_reg_29[0]            | u_uart_dmem_loader/rst_i                            |                1 |              6 |         6.00 |
|  clk_i_IBUF_BUFG | u_soc/u_tx_top/u_huffman_aes_tx_top/u_dynamic_huffman_encoder/u_input_collect_unit/u_block_buffer/start_collect_d_reg_243[0]           | u_uart_dmem_loader/rst_i                            |                1 |              6 |         6.00 |
|  clk_i_IBUF_BUFG | u_soc/u_tx_top/u_huffman_aes_tx_top/u_dynamic_huffman_encoder/u_input_collect_unit/u_block_buffer/start_collect_d_reg_34[0]            | u_uart_dmem_loader/rst_i                            |                1 |              6 |         6.00 |
|  clk_i_IBUF_BUFG | u_soc/u_tx_top/u_huffman_aes_tx_top/u_dynamic_huffman_encoder/u_input_collect_unit/u_block_buffer/start_collect_d_reg_28[0]            | u_uart_dmem_loader/rst_i                            |                1 |              6 |         6.00 |
|  clk_i_IBUF_BUFG | u_soc/u_tx_top/u_huffman_aes_tx_top/u_dynamic_huffman_encoder/u_input_collect_unit/u_block_buffer/start_collect_d_reg_39[0]            | u_uart_dmem_loader/rst_i                            |                3 |              6 |         2.00 |
|  clk_i_IBUF_BUFG | u_soc/u_tx_top/u_huffman_aes_tx_top/u_dynamic_huffman_encoder/u_input_collect_unit/u_block_buffer/start_collect_d_reg_37[0]            | u_uart_dmem_loader/rst_i                            |                1 |              6 |         6.00 |
|  clk_i_IBUF_BUFG | u_soc/u_tx_top/u_huffman_aes_tx_top/u_dynamic_huffman_encoder/u_emit_backend/u_stream_output_interface/start_block_o_reg_0[0]          | u_uart_dmem_loader/rst_i                            |                3 |              6 |         2.00 |
|  clk_i_IBUF_BUFG | u_soc/u_cpu/u_id_stage/FSM_sequential_state_r_reg                                                                                      | u_soc/u_cpu/u_id_stage/idex_imm_o[10]_i_1_n_0       |                2 |              6 |         3.00 |
|  clk_i_IBUF_BUFG | u_soc/u_tx_top/u_huffman_aes_tx_top/u_dynamic_huffman_encoder/u_input_collect_unit/u_block_buffer/start_collect_d_reg_212[0]           | u_uart_dmem_loader/rst_i                            |                1 |              6 |         6.00 |
|  clk_i_IBUF_BUFG | u_soc/u_tx_top/u_huffman_aes_tx_top/u_dynamic_huffman_encoder/u_input_collect_unit/u_block_buffer/start_collect_d_reg_197[0]           | u_uart_dmem_loader/rst_i                            |                1 |              6 |         6.00 |
|  clk_i_IBUF_BUFG | u_soc/u_tx_top/u_huffman_aes_tx_top/u_dynamic_huffman_encoder/u_input_collect_unit/u_block_buffer/start_collect_d_reg_215[0]           | u_uart_dmem_loader/rst_i                            |                1 |              6 |         6.00 |
|  clk_i_IBUF_BUFG | u_soc/u_tx_top/u_huffman_aes_tx_top/u_dynamic_huffman_encoder/u_input_collect_unit/u_block_buffer/start_collect_d_reg_166[0]           | u_uart_dmem_loader/rst_i                            |                1 |              6 |         6.00 |
|  clk_i_IBUF_BUFG | u_soc/u_tx_top/u_huffman_aes_tx_top/u_dynamic_huffman_encoder/u_input_collect_unit/u_block_buffer/start_collect_d_reg_210[0]           | u_uart_dmem_loader/rst_i                            |                1 |              6 |         6.00 |
|  clk_i_IBUF_BUFG | u_soc/u_tx_top/u_huffman_aes_tx_top/u_dynamic_huffman_encoder/u_input_collect_unit/u_block_buffer/start_collect_d_reg_188[0]           | u_uart_dmem_loader/rst_i                            |                1 |              6 |         6.00 |
|  clk_i_IBUF_BUFG | u_soc/u_tx_top/u_huffman_aes_tx_top/u_dynamic_huffman_encoder/u_input_collect_unit/u_block_buffer/start_collect_d_reg_21[0]            | u_uart_dmem_loader/rst_i                            |                1 |              6 |         6.00 |
|  clk_i_IBUF_BUFG | u_soc/u_tx_top/u_huffman_aes_tx_top/u_dynamic_huffman_encoder/u_input_collect_unit/u_block_buffer/start_collect_d_reg_193[0]           | u_uart_dmem_loader/rst_i                            |                1 |              6 |         6.00 |
|  clk_i_IBUF_BUFG | u_soc/u_tx_top/u_huffman_aes_tx_top/u_dynamic_huffman_encoder/u_input_collect_unit/u_block_buffer/start_collect_d_reg_2[0]             | u_uart_dmem_loader/rst_i                            |                1 |              6 |         6.00 |
|  clk_i_IBUF_BUFG | u_soc/u_tx_top/u_huffman_aes_tx_top/u_dynamic_huffman_encoder/u_input_collect_unit/u_block_buffer/start_collect_d_reg_173[0]           | u_uart_dmem_loader/rst_i                            |                1 |              6 |         6.00 |
|  clk_i_IBUF_BUFG | u_soc/u_tx_top/u_huffman_aes_tx_top/u_dynamic_huffman_encoder/u_input_collect_unit/u_block_buffer/start_collect_d_reg_217[0]           | u_uart_dmem_loader/rst_i                            |                1 |              6 |         6.00 |
|  clk_i_IBUF_BUFG | u_soc/u_tx_top/u_huffman_aes_tx_top/u_dynamic_huffman_encoder/u_input_collect_unit/u_block_buffer/start_collect_d_reg_218[0]           | u_uart_dmem_loader/rst_i                            |                1 |              6 |         6.00 |
|  clk_i_IBUF_BUFG | u_soc/u_tx_top/u_huffman_aes_tx_top/u_dynamic_huffman_encoder/u_input_collect_unit/u_block_buffer/start_collect_d_reg_167[0]           | u_uart_dmem_loader/rst_i                            |                1 |              6 |         6.00 |
|  clk_i_IBUF_BUFG | u_soc/u_tx_top/u_huffman_aes_tx_top/u_dynamic_huffman_encoder/u_input_collect_unit/u_block_buffer/start_collect_d_reg_189[0]           | u_uart_dmem_loader/rst_i                            |                1 |              6 |         6.00 |
|  clk_i_IBUF_BUFG | u_soc/u_tx_top/u_huffman_aes_tx_top/u_dynamic_huffman_encoder/u_input_collect_unit/u_block_buffer/start_collect_d_reg_169[0]           | u_uart_dmem_loader/rst_i                            |                1 |              6 |         6.00 |
|  clk_i_IBUF_BUFG | u_soc/u_tx_top/u_huffman_aes_tx_top/u_dynamic_huffman_encoder/u_input_collect_unit/u_block_buffer/start_collect_d_reg_213[0]           | u_uart_dmem_loader/rst_i                            |                2 |              6 |         3.00 |
|  clk_i_IBUF_BUFG | u_soc/u_tx_top/u_huffman_aes_tx_top/u_dynamic_huffman_encoder/u_input_collect_unit/u_block_buffer/start_collect_d_reg_187[0]           | u_uart_dmem_loader/rst_i                            |                1 |              6 |         6.00 |
|  clk_i_IBUF_BUFG | u_soc/u_tx_top/u_huffman_aes_tx_top/u_dynamic_huffman_encoder/u_input_collect_unit/u_block_buffer/start_collect_d_reg_185[0]           | u_uart_dmem_loader/rst_i                            |                1 |              6 |         6.00 |
|  clk_i_IBUF_BUFG | u_soc/u_tx_top/u_huffman_aes_tx_top/u_dynamic_huffman_encoder/u_input_collect_unit/u_block_buffer/start_collect_d_reg_207[0]           | u_uart_dmem_loader/rst_i                            |                1 |              6 |         6.00 |
|  clk_i_IBUF_BUFG | u_soc/u_tx_top/u_huffman_aes_tx_top/u_dynamic_huffman_encoder/u_input_collect_unit/u_block_buffer/start_collect_d_reg_172[0]           | u_uart_dmem_loader/rst_i                            |                1 |              6 |         6.00 |
|  clk_i_IBUF_BUFG | u_soc/u_tx_top/u_huffman_aes_tx_top/u_dynamic_huffman_encoder/u_input_collect_unit/u_block_buffer/start_collect_d_reg_190[0]           | u_uart_dmem_loader/rst_i                            |                1 |              6 |         6.00 |
|  clk_i_IBUF_BUFG | u_soc/u_tx_top/u_huffman_aes_tx_top/u_dynamic_huffman_encoder/u_input_collect_unit/u_block_buffer/start_collect_d_reg_209[0]           | u_uart_dmem_loader/rst_i                            |                1 |              6 |         6.00 |
|  clk_i_IBUF_BUFG | u_soc/u_tx_top/u_huffman_aes_tx_top/u_dynamic_huffman_encoder/u_input_collect_unit/u_block_buffer/block_size[5]_i_1_n_0                | u_uart_dmem_loader/rst_i                            |                1 |              6 |         6.00 |
|  clk_i_IBUF_BUFG | u_soc/u_tx_top/u_huffman_aes_tx_top/u_dynamic_huffman_encoder/u_input_collect_unit/u_block_buffer/start_collect_d_reg_214[0]           | u_uart_dmem_loader/rst_i                            |                1 |              6 |         6.00 |
|  clk_i_IBUF_BUFG | u_soc/u_tx_top/u_huffman_aes_tx_top/u_dynamic_huffman_encoder/u_input_collect_unit/u_block_buffer/start_collect_d_reg_216[0]           | u_uart_dmem_loader/rst_i                            |                3 |              6 |         2.00 |
|  clk_i_IBUF_BUFG | u_soc/u_tx_top/u_huffman_aes_tx_top/u_dynamic_huffman_encoder/u_input_collect_unit/u_block_buffer/start_collect_d_reg_219[0]           | u_uart_dmem_loader/rst_i                            |                1 |              6 |         6.00 |
|  clk_i_IBUF_BUFG | u_soc/u_tx_top/u_huffman_aes_tx_top/u_dynamic_huffman_encoder/u_input_collect_unit/u_block_buffer/start_collect_d_reg_22[0]            | u_uart_dmem_loader/rst_i                            |                1 |              6 |         6.00 |
|  clk_i_IBUF_BUFG | u_soc/u_tx_top/u_huffman_aes_tx_top/u_dynamic_huffman_encoder/u_input_collect_unit/u_block_buffer/start_collect_d_reg_220[0]           | u_uart_dmem_loader/rst_i                            |                1 |              6 |         6.00 |
|  clk_i_IBUF_BUFG | u_soc/u_tx_top/u_huffman_aes_tx_top/u_dynamic_huffman_encoder/u_input_collect_unit/u_block_buffer/start_collect_d_reg_221[0]           | u_uart_dmem_loader/rst_i                            |                1 |              6 |         6.00 |
|  clk_i_IBUF_BUFG | u_soc/u_tx_top/u_huffman_aes_tx_top/u_dynamic_huffman_encoder/u_input_collect_unit/u_block_buffer/start_collect_d_reg_222[0]           | u_uart_dmem_loader/rst_i                            |                1 |              6 |         6.00 |
|  clk_i_IBUF_BUFG | u_soc/u_tx_top/u_huffman_aes_tx_top/u_dynamic_huffman_encoder/u_input_collect_unit/u_block_buffer/start_collect_d_reg_184[0]           | u_uart_dmem_loader/rst_i                            |                1 |              6 |         6.00 |
|  clk_i_IBUF_BUFG | u_soc/u_tx_top/u_huffman_aes_tx_top/u_dynamic_huffman_encoder/u_input_collect_unit/u_block_buffer/start_collect_d_reg_206[0]           | u_uart_dmem_loader/rst_i                            |                1 |              6 |         6.00 |
|  clk_i_IBUF_BUFG | u_soc/u_tx_top/u_huffman_aes_tx_top/u_dynamic_huffman_encoder/u_input_collect_unit/u_block_buffer/start_collect_d_reg_30[0]            | u_uart_dmem_loader/rst_i                            |                1 |              6 |         6.00 |
|  clk_i_IBUF_BUFG | u_soc/u_dma_tx_engine/final_empty_polls_r                                                                                              | u_soc/u_dma_regfile/SR[0]                           |                2 |              7 |         3.50 |
|  clk_i_IBUF_BUFG | u_soc/u_tx_top/u_huffman_aes_tx_top/u_dynamic_huffman_encoder/u_emit_backend/u_payload_emitter/FSM_onehot_state[6]_i_1_n_0             | u_uart_dmem_loader/rst_i                            |                2 |              7 |         3.50 |
|  clk_i_IBUF_BUFG | u_soc/u_dma_tx_engine/words_loaded_r                                                                                                   | u_uart_dmem_loader/rst_i                            |                2 |              7 |         3.50 |
|  clk_i_IBUF_BUFG | u_soc/u_tx_top/u_apb_huffman_tx_if/start_block_o_reg_1[0]                                                                              | u_uart_dmem_loader/rst_i                            |                1 |              7 |         7.00 |
|  clk_i_IBUF_BUFG | u_soc/u_cpu/u_id_stage/FSM_sequential_state_r_reg                                                                                      | u_soc/u_cpu/u_if_stage/ifid_instruction_r_reg[31]_3 |                3 |              8 |         2.67 |
|  clk_i_IBUF_BUFG | u_soc/u_tx_top/u_huffman_aes_tx_top/u_file_huffman_builder/u_symbol_list_builder/symbol_list_mem[18][7]_i_1_n_0                        |                                                     |                2 |              8 |         4.00 |
|  clk_i_IBUF_BUFG | u_soc/u_tx_top/u_huffman_aes_tx_top/u_file_huffman_builder/u_symbol_list_builder/symbol_list_mem[221][7]_i_1_n_0                       |                                                     |                2 |              8 |         4.00 |
|  clk_i_IBUF_BUFG | u_soc/u_tx_top/u_huffman_aes_tx_top/u_file_huffman_builder/u_symbol_list_builder/symbol_list_mem[241][7]_i_1_n_0                       |                                                     |                2 |              8 |         4.00 |
|  clk_i_IBUF_BUFG | u_soc/u_tx_top/u_huffman_aes_tx_top/u_file_huffman_builder/u_symbol_list_builder/symbol_list_mem[223][7]_i_1_n_0                       |                                                     |                2 |              8 |         4.00 |
|  clk_i_IBUF_BUFG | u_soc/u_tx_top/u_huffman_aes_tx_top/u_file_huffman_builder/u_symbol_list_builder/symbol_list_mem[218][7]_i_1_n_0                       |                                                     |                2 |              8 |         4.00 |
|  clk_i_IBUF_BUFG | u_soc/u_tx_top/u_huffman_aes_tx_top/u_file_huffman_builder/u_symbol_list_builder/symbol_list_mem[209][7]_i_1_n_0                       |                                                     |                2 |              8 |         4.00 |
|  clk_i_IBUF_BUFG | u_soc/u_tx_top/u_huffman_aes_tx_top/u_file_huffman_builder/u_symbol_list_builder/symbol_list_mem[1][7]_i_1_n_0                         |                                                     |                2 |              8 |         4.00 |
|  clk_i_IBUF_BUFG | u_soc/u_tx_top/u_huffman_aes_tx_top/u_file_huffman_builder/u_symbol_list_builder/symbol_list_mem[203][7]_i_1_n_0                       |                                                     |                2 |              8 |         4.00 |
|  clk_i_IBUF_BUFG | u_soc/u_tx_top/u_huffman_aes_tx_top/u_file_huffman_builder/u_symbol_list_builder/symbol_list_mem[204][7]_i_1_n_0                       |                                                     |                3 |              8 |         2.67 |
|  clk_i_IBUF_BUFG | u_soc/u_tx_top/u_huffman_aes_tx_top/u_file_huffman_builder/u_symbol_list_builder/symbol_list_mem[201][7]_i_1_n_0                       |                                                     |                2 |              8 |         4.00 |
|  clk_i_IBUF_BUFG | u_soc/u_tx_top/u_huffman_aes_tx_top/u_file_huffman_builder/u_symbol_list_builder/symbol_list_mem[227][7]_i_1_n_0                       |                                                     |                3 |              8 |         2.67 |
|  clk_i_IBUF_BUFG | u_soc/u_tx_top/u_huffman_aes_tx_top/u_file_huffman_builder/u_symbol_list_builder/symbol_list_mem[5][7]_i_1_n_0                         |                                                     |                2 |              8 |         4.00 |
|  clk_i_IBUF_BUFG | u_soc/u_tx_top/u_huffman_aes_tx_top/u_file_huffman_builder/u_symbol_list_builder/symbol_list_mem[60][7]_i_1_n_0                        |                                                     |                3 |              8 |         2.67 |
|  clk_i_IBUF_BUFG | u_soc/u_tx_top/u_huffman_aes_tx_top/u_file_huffman_builder/u_symbol_list_builder/symbol_list_mem[57][7]_i_1_n_0                        |                                                     |                2 |              8 |         4.00 |
|  clk_i_IBUF_BUFG | u_soc/u_tx_top/u_huffman_aes_tx_top/u_file_huffman_builder/u_symbol_list_builder/symbol_list_mem[252][7]_i_1_n_0                       |                                                     |                2 |              8 |         4.00 |
|  clk_i_IBUF_BUFG | u_soc/u_tx_top/u_huffman_aes_tx_top/u_file_huffman_builder/u_symbol_list_builder/symbol_list_mem[61][7]_i_1_n_0                        |                                                     |                2 |              8 |         4.00 |
|  clk_i_IBUF_BUFG | u_soc/u_tx_top/u_huffman_aes_tx_top/u_file_huffman_builder/u_symbol_list_builder/symbol_list_mem[28][7]_i_1_n_0                        |                                                     |                2 |              8 |         4.00 |
|  clk_i_IBUF_BUFG | u_soc/u_tx_top/u_huffman_aes_tx_top/u_file_huffman_builder/u_symbol_list_builder/symbol_list_mem[33][7]_i_1_n_0                        |                                                     |                2 |              8 |         4.00 |
|  clk_i_IBUF_BUFG | u_soc/u_tx_top/u_huffman_aes_tx_top/u_file_huffman_builder/u_symbol_list_builder/symbol_list_mem[59][7]_i_1_n_0                        |                                                     |                2 |              8 |         4.00 |
|  clk_i_IBUF_BUFG | u_soc/u_tx_top/u_huffman_aes_tx_top/u_file_huffman_builder/u_symbol_list_builder/symbol_list_mem[62][7]_i_1_n_0                        |                                                     |                2 |              8 |         4.00 |
|  clk_i_IBUF_BUFG | u_soc/u_tx_top/u_huffman_aes_tx_top/u_file_huffman_builder/u_symbol_list_builder/symbol_list_mem[250][7]_i_1_n_0                       |                                                     |                3 |              8 |         2.67 |
|  clk_i_IBUF_BUFG | u_soc/u_tx_top/u_huffman_aes_tx_top/u_file_huffman_builder/u_symbol_list_builder/symbol_list_mem[52][7]_i_1_n_0                        |                                                     |                2 |              8 |         4.00 |
|  clk_i_IBUF_BUFG | u_soc/u_tx_top/u_huffman_aes_tx_top/u_file_huffman_builder/u_symbol_list_builder/symbol_list_mem[27][7]_i_1_n_0                        |                                                     |                2 |              8 |         4.00 |
|  clk_i_IBUF_BUFG | u_soc/u_tx_top/u_huffman_aes_tx_top/u_file_huffman_builder/u_symbol_list_builder/symbol_list_mem[63][7]_i_1_n_0                        |                                                     |                3 |              8 |         2.67 |
|  clk_i_IBUF_BUFG | u_soc/u_tx_top/u_huffman_aes_tx_top/u_file_huffman_builder/u_symbol_list_builder/symbol_list_mem[64][7]_i_1_n_0                        |                                                     |                1 |              8 |         8.00 |
|  clk_i_IBUF_BUFG | u_soc/u_tx_top/u_huffman_aes_tx_top/u_file_huffman_builder/u_symbol_list_builder/symbol_list_mem[65][7]_i_1_n_0                        |                                                     |                1 |              8 |         8.00 |
|  clk_i_IBUF_BUFG | u_soc/u_tx_top/u_huffman_aes_tx_top/u_file_huffman_builder/u_symbol_list_builder/symbol_list_mem[247][7]_i_1_n_0                       |                                                     |                2 |              8 |         4.00 |
|  clk_i_IBUF_BUFG | u_soc/u_tx_top/u_huffman_aes_tx_top/u_file_huffman_builder/u_symbol_list_builder/symbol_list_mem[53][7]_i_1_n_0                        |                                                     |                2 |              8 |         4.00 |
|  clk_i_IBUF_BUFG | u_soc/u_tx_top/u_huffman_aes_tx_top/u_file_huffman_builder/u_symbol_list_builder/symbol_list_mem[31][7]_i_1_n_0                        |                                                     |                3 |              8 |         2.67 |
|  clk_i_IBUF_BUFG | u_soc/u_tx_top/u_huffman_aes_tx_top/u_file_huffman_builder/u_symbol_list_builder/symbol_list_mem[253][7]_i_1_n_0                       |                                                     |                2 |              8 |         4.00 |
|  clk_i_IBUF_BUFG | u_soc/u_tx_top/u_huffman_aes_tx_top/u_file_huffman_builder/u_symbol_list_builder/symbol_list_mem[248][7]_i_1_n_0                       |                                                     |                2 |              8 |         4.00 |
|  clk_i_IBUF_BUFG | u_soc/u_tx_top/u_huffman_aes_tx_top/u_file_huffman_builder/u_symbol_list_builder/symbol_list_mem[251][7]_i_1_n_0                       |                                                     |                2 |              8 |         4.00 |
|  clk_i_IBUF_BUFG | u_soc/u_tx_top/u_huffman_aes_tx_top/u_file_huffman_builder/u_symbol_list_builder/symbol_list_mem[29][7]_i_1_n_0                        |                                                     |                2 |              8 |         4.00 |
|  clk_i_IBUF_BUFG | u_soc/u_tx_top/u_huffman_aes_tx_top/u_file_huffman_builder/u_symbol_list_builder/symbol_list_mem[30][7]_i_1_n_0                        |                                                     |                2 |              8 |         4.00 |
|  clk_i_IBUF_BUFG | u_soc/u_tx_top/u_huffman_aes_tx_top/u_file_huffman_builder/u_symbol_list_builder/symbol_list_mem[38][7]_i_1_n_0                        |                                                     |                3 |              8 |         2.67 |
|  clk_i_IBUF_BUFG | u_soc/u_tx_top/u_huffman_aes_tx_top/u_file_huffman_builder/u_symbol_list_builder/symbol_list_mem[37][7]_i_1_n_0                        |                                                     |                2 |              8 |         4.00 |
|  clk_i_IBUF_BUFG | u_soc/u_tx_top/u_huffman_aes_tx_top/u_file_huffman_builder/u_symbol_list_builder/symbol_list_mem[3][7]_i_1_n_0                         |                                                     |                2 |              8 |         4.00 |
|  clk_i_IBUF_BUFG | u_soc/u_tx_top/u_huffman_aes_tx_top/u_file_huffman_builder/u_symbol_list_builder/symbol_list_mem[44][7]_i_1_n_0                        |                                                     |                2 |              8 |         4.00 |
|  clk_i_IBUF_BUFG | u_soc/u_tx_top/u_huffman_aes_tx_top/u_file_huffman_builder/u_symbol_list_builder/symbol_list_mem[34][7]_i_1_n_0                        |                                                     |                2 |              8 |         4.00 |
|  clk_i_IBUF_BUFG | u_soc/u_tx_top/u_huffman_aes_tx_top/u_file_huffman_builder/u_symbol_list_builder/symbol_list_mem[47][7]_i_1_n_0                        |                                                     |                2 |              8 |         4.00 |
|  clk_i_IBUF_BUFG | u_soc/u_tx_top/u_huffman_aes_tx_top/u_file_huffman_builder/u_symbol_list_builder/symbol_list_mem[2][7]_i_1_n_0                         |                                                     |                2 |              8 |         4.00 |
|  clk_i_IBUF_BUFG | u_soc/u_tx_top/u_huffman_aes_tx_top/u_file_huffman_builder/u_symbol_list_builder/symbol_list_mem[254][7]_i_1_n_0                       |                                                     |                4 |              8 |         2.00 |
|  clk_i_IBUF_BUFG | u_soc/u_tx_top/u_huffman_aes_tx_top/u_file_huffman_builder/u_symbol_list_builder/symbol_list_mem[49][7]_i_1_n_0                        |                                                     |                2 |              8 |         4.00 |
|  clk_i_IBUF_BUFG | u_soc/u_tx_top/u_huffman_aes_tx_top/u_file_huffman_builder/u_symbol_list_builder/symbol_list_mem[25][7]_i_1_n_0                        |                                                     |                2 |              8 |         4.00 |
|  clk_i_IBUF_BUFG | u_soc/u_tx_top/u_huffman_aes_tx_top/u_file_huffman_builder/u_symbol_list_builder/symbol_list_mem[36][7]_i_1_n_0                        |                                                     |                2 |              8 |         4.00 |
|  clk_i_IBUF_BUFG | u_soc/u_tx_top/u_huffman_aes_tx_top/u_file_huffman_builder/u_symbol_list_builder/symbol_list_mem[249][7]_i_1_n_0                       |                                                     |                2 |              8 |         4.00 |
|  clk_i_IBUF_BUFG | u_soc/u_tx_top/u_huffman_aes_tx_top/u_file_huffman_builder/u_symbol_list_builder/symbol_list_mem[39][7]_i_1_n_0                        |                                                     |                2 |              8 |         4.00 |
|  clk_i_IBUF_BUFG | u_soc/u_tx_top/u_huffman_aes_tx_top/u_file_huffman_builder/u_symbol_list_builder/symbol_list_mem[32][7]_i_1_n_0                        |                                                     |                2 |              8 |         4.00 |
|  clk_i_IBUF_BUFG | u_soc/u_tx_top/u_huffman_aes_tx_top/u_file_huffman_builder/u_symbol_list_builder/symbol_list_mem[35][7]_i_1_n_0                        |                                                     |                2 |              8 |         4.00 |
|  clk_i_IBUF_BUFG | u_soc/u_tx_top/u_huffman_aes_tx_top/u_file_huffman_builder/u_symbol_list_builder/symbol_list_mem[45][7]_i_1_n_0                        |                                                     |                2 |              8 |         4.00 |
|  clk_i_IBUF_BUFG | u_soc/u_tx_top/u_huffman_aes_tx_top/u_file_huffman_builder/u_symbol_list_builder/symbol_list_mem[4][7]_i_1_n_0                         |                                                     |                2 |              8 |         4.00 |
|  clk_i_IBUF_BUFG | u_soc/u_tx_top/u_huffman_aes_tx_top/u_file_huffman_builder/u_symbol_list_builder/symbol_list_mem[40][7]_i_1_n_0                        |                                                     |                2 |              8 |         4.00 |
|  clk_i_IBUF_BUFG | u_soc/u_tx_top/u_huffman_aes_tx_top/u_file_huffman_builder/u_symbol_list_builder/symbol_list_mem[48][7]_i_1_n_0                        |                                                     |                2 |              8 |         4.00 |
|  clk_i_IBUF_BUFG | u_soc/u_tx_top/u_huffman_aes_tx_top/u_file_huffman_builder/u_symbol_list_builder/symbol_list_mem[41][7]_i_1_n_0                        |                                                     |                2 |              8 |         4.00 |
|  clk_i_IBUF_BUFG | u_soc/u_tx_top/u_huffman_aes_tx_top/u_file_huffman_builder/u_symbol_list_builder/symbol_list_mem[255][7]_i_1_n_0                       |                                                     |                3 |              8 |         2.67 |
|  clk_i_IBUF_BUFG | u_soc/u_tx_top/u_huffman_aes_tx_top/u_file_huffman_builder/u_symbol_list_builder/symbol_list_mem[46][7]_i_1_n_0                        |                                                     |                2 |              8 |         4.00 |
|  clk_i_IBUF_BUFG | u_soc/u_tx_top/u_huffman_aes_tx_top/u_file_huffman_builder/u_symbol_list_builder/symbol_list_mem[50][7]_i_1_n_0                        |                                                     |                2 |              8 |         4.00 |
|  clk_i_IBUF_BUFG | u_soc/u_tx_top/u_huffman_aes_tx_top/u_file_huffman_builder/u_symbol_list_builder/symbol_list_mem[51][7]_i_1_n_0                        |                                                     |                2 |              8 |         4.00 |
|  clk_i_IBUF_BUFG | u_soc/u_tx_top/u_huffman_aes_tx_top/u_file_huffman_builder/u_symbol_list_builder/symbol_list_mem[54][7]_i_1_n_0                        |                                                     |                2 |              8 |         4.00 |
|  clk_i_IBUF_BUFG | u_soc/u_tx_top/u_huffman_aes_tx_top/u_file_huffman_builder/u_symbol_list_builder/symbol_list_mem[55][7]_i_1_n_0                        |                                                     |                2 |              8 |         4.00 |
|  clk_i_IBUF_BUFG | u_soc/u_tx_top/u_huffman_aes_tx_top/u_file_huffman_builder/u_symbol_list_builder/symbol_list_mem[42][7]_i_1_n_0                        |                                                     |                3 |              8 |         2.67 |
|  clk_i_IBUF_BUFG | u_soc/u_tx_top/u_huffman_aes_tx_top/u_file_huffman_builder/u_symbol_list_builder/symbol_list_mem[26][7]_i_1_n_0                        |                                                     |                2 |              8 |         4.00 |
|  clk_i_IBUF_BUFG | u_soc/u_tx_top/u_huffman_aes_tx_top/u_file_huffman_builder/u_symbol_list_builder/symbol_list_mem[43][7]_i_1_n_0                        |                                                     |                2 |              8 |         4.00 |
|  clk_i_IBUF_BUFG | u_soc/u_tx_top/u_huffman_aes_tx_top/u_file_huffman_builder/u_symbol_list_builder/symbol_list_mem[24][7]_i_1_n_0                        |                                                     |                1 |              8 |         8.00 |
|  clk_i_IBUF_BUFG | u_soc/u_tx_top/u_huffman_aes_tx_top/u_file_huffman_builder/u_symbol_list_builder/symbol_list_mem[56][7]_i_1_n_0                        |                                                     |                2 |              8 |         4.00 |
|  clk_i_IBUF_BUFG | u_soc/u_tx_top/u_huffman_aes_tx_top/u_file_huffman_builder/u_symbol_list_builder/symbol_list_mem[58][7]_i_1_n_0                        |                                                     |                2 |              8 |         4.00 |
|  clk_i_IBUF_BUFG | u_soc/u_tx_top/u_huffman_aes_tx_top/u_file_huffman_builder/u_symbol_list_builder/symbol_list_mem[79][7]_i_1_n_0                        |                                                     |                1 |              8 |         8.00 |
|  clk_i_IBUF_BUFG | u_soc/u_tx_top/u_huffman_aes_tx_top/u_file_huffman_builder/u_symbol_list_builder/symbol_list_mem[88][7]_i_1_n_0                        |                                                     |                2 |              8 |         4.00 |
|  clk_i_IBUF_BUFG | u_soc/u_tx_top/u_huffman_aes_tx_top/u_file_huffman_builder/u_symbol_list_builder/symbol_list_mem[78][7]_i_1_n_0                        |                                                     |                1 |              8 |         8.00 |
|  clk_i_IBUF_BUFG | u_soc/u_tx_top/u_huffman_aes_tx_top/u_file_huffman_builder/u_symbol_list_builder/symbol_list_mem[84][7]_i_1_n_0                        |                                                     |                2 |              8 |         4.00 |
|  clk_i_IBUF_BUFG | u_soc/u_tx_top/u_huffman_aes_tx_top/u_file_huffman_builder/u_symbol_list_builder/symbol_list_mem[70][7]_i_1_n_0                        |                                                     |                1 |              8 |         8.00 |
|  clk_i_IBUF_BUFG | u_soc/u_tx_top/u_huffman_aes_tx_top/u_file_huffman_builder/u_symbol_list_builder/symbol_list_mem[94][7]_i_1_n_0                        |                                                     |                2 |              8 |         4.00 |
|  clk_i_IBUF_BUFG | u_soc/u_tx_top/u_huffman_aes_tx_top/u_file_huffman_builder/u_symbol_list_builder/symbol_list_mem[68][7]_i_1_n_0                        |                                                     |                1 |              8 |         8.00 |
|  clk_i_IBUF_BUFG | u_soc/u_tx_top/u_huffman_aes_tx_top/u_file_huffman_builder/u_symbol_list_builder/symbol_list_mem[91][7]_i_1_n_0                        |                                                     |                2 |              8 |         4.00 |
|  clk_i_IBUF_BUFG | u_soc/u_tx_top/u_huffman_aes_tx_top/u_file_huffman_builder/u_symbol_list_builder/symbol_list_mem[6][7]_i_1_n_0                         |                                                     |                2 |              8 |         4.00 |
|  clk_i_IBUF_BUFG | u_soc/u_tx_top/u_huffman_aes_tx_top/u_file_huffman_builder/u_symbol_list_builder/symbol_list_mem[76][7]_i_1_n_0                        |                                                     |                1 |              8 |         8.00 |
|  clk_i_IBUF_BUFG | u_soc/u_tx_top/u_huffman_aes_tx_top/u_file_huffman_builder/u_symbol_list_builder/symbol_list_mem[82][7]_i_1_n_0                        |                                                     |                2 |              8 |         4.00 |
|  clk_i_IBUF_BUFG | u_soc/u_tx_top/u_huffman_aes_tx_top/u_file_huffman_builder/u_symbol_list_builder/symbol_list_mem[93][7]_i_1_n_0                        |                                                     |                2 |              8 |         4.00 |
|  clk_i_IBUF_BUFG | u_soc/u_tx_top/u_huffman_aes_tx_top/u_file_huffman_builder/u_symbol_list_builder/symbol_list_mem[80][7]_i_1_n_0                        |                                                     |                2 |              8 |         4.00 |
|  clk_i_IBUF_BUFG | u_soc/u_tx_top/u_huffman_aes_tx_top/u_file_huffman_builder/u_symbol_list_builder/symbol_list_mem[66][7]_i_1_n_0                        |                                                     |                1 |              8 |         8.00 |
|  clk_i_IBUF_BUFG | u_soc/u_tx_top/u_huffman_aes_tx_top/u_file_huffman_builder/u_symbol_list_builder/symbol_list_mem[8][7]_i_1_n_0                         |                                                     |                2 |              8 |         4.00 |
|  clk_i_IBUF_BUFG | u_soc/u_tx_top/u_huffman_aes_tx_top/u_file_huffman_builder/u_symbol_list_builder/symbol_list_mem[71][7]_i_1_n_0                        |                                                     |                1 |              8 |         8.00 |
|  clk_i_IBUF_BUFG | u_soc/u_tx_top/u_huffman_aes_tx_top/u_file_huffman_builder/u_symbol_list_builder/symbol_list_mem[95][7]_i_1_n_0                        |                                                     |                2 |              8 |         4.00 |
|  clk_i_IBUF_BUFG | u_soc/u_tx_top/u_huffman_aes_tx_top/u_file_huffman_builder/u_symbol_list_builder/symbol_list_mem[73][7]_i_1_n_0                        |                                                     |                1 |              8 |         8.00 |
|  clk_i_IBUF_BUFG | u_soc/u_tx_top/u_huffman_aes_tx_top/u_file_huffman_builder/u_symbol_list_builder/symbol_list_mem[97][7]_i_1_n_0                        |                                                     |                2 |              8 |         4.00 |
|  clk_i_IBUF_BUFG | u_soc/u_tx_top/u_huffman_aes_tx_top/u_file_huffman_builder/u_symbol_list_builder/symbol_list_mem[72][7]_i_1_n_0                        |                                                     |                1 |              8 |         8.00 |
|  clk_i_IBUF_BUFG | u_soc/u_tx_top/u_huffman_aes_tx_top/u_file_huffman_builder/u_symbol_list_builder/symbol_list_mem[96][7]_i_1_n_0                        |                                                     |                1 |              8 |         8.00 |
|  clk_i_IBUF_BUFG | u_soc/u_tx_top/u_huffman_aes_tx_top/u_file_huffman_builder/u_symbol_list_builder/symbol_list_mem[98][7]_i_1_n_0                        |                                                     |                2 |              8 |         4.00 |
|  clk_i_IBUF_BUFG | u_soc/u_tx_top/u_huffman_aes_tx_top/u_file_huffman_builder/u_symbol_list_builder/symbol_list_mem[87][7]_i_1_n_0                        |                                                     |                2 |              8 |         4.00 |
|  clk_i_IBUF_BUFG | u_soc/u_tx_top/u_huffman_aes_tx_top/u_file_huffman_builder/u_symbol_list_builder/symbol_list_mem[75][7]_i_1_n_0                        |                                                     |                1 |              8 |         8.00 |
|  clk_i_IBUF_BUFG | u_soc/u_tx_top/u_huffman_aes_tx_top/u_file_huffman_builder/u_symbol_list_builder/symbol_list_mem[81][7]_i_1_n_0                        |                                                     |                2 |              8 |         4.00 |
|  clk_i_IBUF_BUFG | u_soc/u_tx_top/u_huffman_aes_tx_top/u_file_huffman_builder/u_symbol_list_builder/symbol_list_mem[83][7]_i_1_n_0                        |                                                     |                2 |              8 |         4.00 |
|  clk_i_IBUF_BUFG | u_soc/u_tx_top/u_huffman_aes_tx_top/u_file_huffman_builder/u_symbol_list_builder/symbol_list_mem[86][7]_i_1_n_0                        |                                                     |                2 |              8 |         4.00 |
|  clk_i_IBUF_BUFG | u_soc/u_tx_top/u_huffman_aes_tx_top/u_file_huffman_builder/u_symbol_list_builder/symbol_list_mem[67][7]_i_1_n_0                        |                                                     |                1 |              8 |         8.00 |
|  clk_i_IBUF_BUFG | u_soc/u_tx_top/u_huffman_aes_tx_top/u_file_huffman_builder/u_symbol_list_builder/symbol_list_mem[74][7]_i_1_n_0                        |                                                     |                1 |              8 |         8.00 |
|  clk_i_IBUF_BUFG | u_soc/u_tx_top/u_huffman_aes_tx_top/u_file_huffman_builder/u_symbol_list_builder/symbol_list_mem[7][7]_i_1_n_0                         |                                                     |                2 |              8 |         4.00 |
|  clk_i_IBUF_BUFG | u_soc/u_tx_top/u_huffman_aes_tx_top/u_file_huffman_builder/u_symbol_list_builder/symbol_list_mem[89][7]_i_1_n_0                        |                                                     |                2 |              8 |         4.00 |
|  clk_i_IBUF_BUFG | u_soc/u_tx_top/u_huffman_aes_tx_top/u_file_huffman_builder/u_symbol_list_builder/symbol_list_mem[90][7]_i_1_n_0                        |                                                     |                2 |              8 |         4.00 |
|  clk_i_IBUF_BUFG | u_soc/u_tx_top/u_huffman_aes_tx_top/u_file_huffman_builder/u_symbol_list_builder/symbol_list_mem[99][7]_i_1_n_0                        |                                                     |                2 |              8 |         4.00 |
|  clk_i_IBUF_BUFG | u_soc/u_tx_top/u_huffman_aes_tx_top/u_file_huffman_builder/u_symbol_list_builder/symbol_list_mem[9][7]_i_1_n_0                         |                                                     |                2 |              8 |         4.00 |
|  clk_i_IBUF_BUFG | u_soc/u_tx_top/u_huffman_aes_tx_top/u_file_huffman_builder/u_symbol_list_builder/symbol_list_mem[69][7]_i_1_n_0                        |                                                     |                1 |              8 |         8.00 |
|  clk_i_IBUF_BUFG | u_soc/u_tx_top/u_huffman_aes_tx_top/u_file_huffman_builder/u_symbol_list_builder/symbol_list_mem[77][7]_i_1_n_0                        |                                                     |                1 |              8 |         8.00 |
|  clk_i_IBUF_BUFG | u_soc/u_tx_top/u_huffman_aes_tx_top/u_file_huffman_builder/u_symbol_list_builder/symbol_list_mem[85][7]_i_1_n_0                        |                                                     |                3 |              8 |         2.67 |
|  clk_i_IBUF_BUFG | u_soc/u_tx_top/u_huffman_aes_tx_top/u_file_huffman_builder/u_symbol_list_builder/symbol_list_mem[92][7]_i_1_n_0                        |                                                     |                2 |              8 |         4.00 |
|  clk_i_IBUF_BUFG | u_soc/u_tx_top/u_huffman_aes_tx_top/u_file_huffman_builder/u_code_length_builder/clear_index                                           | u_uart_dmem_loader/rst_i                            |                2 |              8 |         4.00 |
|  clk_i_IBUF_BUFG | u_soc/u_tx_top/u_huffman_aes_tx_top/u_file_huffman_builder/u_code_length_builder/code_len_mem_reg_128_191_0_2_i_1_n_0                  |                                                     |                2 |              8 |         4.00 |
|  clk_i_IBUF_BUFG | u_soc/u_tx_top/u_huffman_aes_tx_top/u_file_huffman_builder/u_code_length_builder/code_len_mem_reg_192_255_0_2_i_1_n_0                  |                                                     |                2 |              8 |         4.00 |
|  clk_i_IBUF_BUFG | u_soc/u_tx_top/u_huffman_aes_tx_top/u_dynamic_huffman_encoder/u_input_collect_unit/u_block_buffer/block_mem[10][7]_i_1_n_0             | u_uart_dmem_loader/rst_i                            |                2 |              8 |         4.00 |
|  clk_i_IBUF_BUFG | u_soc/u_tx_top/u_huffman_aes_tx_top/u_dynamic_huffman_encoder/u_input_collect_unit/u_block_buffer/block_mem[11][7]_i_1_n_0             | u_uart_dmem_loader/rst_i                            |                2 |              8 |         4.00 |
|  clk_i_IBUF_BUFG | u_soc/u_tx_top/u_huffman_aes_tx_top/u_dynamic_huffman_encoder/u_input_collect_unit/u_block_buffer/block_mem[12][7]_i_1_n_0             | u_uart_dmem_loader/rst_i                            |                3 |              8 |         2.67 |
|  clk_i_IBUF_BUFG | u_soc/u_tx_top/u_huffman_aes_tx_top/u_dynamic_huffman_encoder/u_input_collect_unit/u_block_buffer/block_mem[13][7]_i_1_n_0             | u_uart_dmem_loader/rst_i                            |                2 |              8 |         4.00 |
|  clk_i_IBUF_BUFG | u_soc/u_tx_top/u_huffman_aes_tx_top/u_dynamic_huffman_encoder/u_input_collect_unit/u_block_buffer/block_mem[14][7]_i_1_n_0             | u_uart_dmem_loader/rst_i                            |                2 |              8 |         4.00 |
|  clk_i_IBUF_BUFG | u_soc/u_tx_top/u_huffman_aes_tx_top/u_dynamic_huffman_encoder/u_input_collect_unit/u_block_buffer/block_mem[0][7]_i_1_n_0              | u_uart_dmem_loader/rst_i                            |                2 |              8 |         4.00 |
|  clk_i_IBUF_BUFG | u_soc/u_tx_top/u_huffman_aes_tx_top/u_dynamic_huffman_encoder/u_input_collect_unit/u_block_buffer/block_mem[22][7]_i_1_n_0             | u_uart_dmem_loader/rst_i                            |                2 |              8 |         4.00 |
|  clk_i_IBUF_BUFG | u_soc/u_tx_top/u_huffman_aes_tx_top/u_dynamic_huffman_encoder/u_input_collect_unit/u_block_buffer/block_mem[27][7]_i_1_n_0             | u_uart_dmem_loader/rst_i                            |                2 |              8 |         4.00 |
|  clk_i_IBUF_BUFG | u_soc/u_tx_top/u_huffman_aes_tx_top/u_dynamic_huffman_encoder/u_input_collect_unit/u_block_buffer/block_mem[20][7]_i_1_n_0             | u_uart_dmem_loader/rst_i                            |                2 |              8 |         4.00 |
|  clk_i_IBUF_BUFG | u_soc/u_tx_top/u_huffman_aes_tx_top/u_dynamic_huffman_encoder/u_input_collect_unit/u_block_buffer/block_mem[5][7]_i_1_n_0              | u_uart_dmem_loader/rst_i                            |                2 |              8 |         4.00 |
|  clk_i_IBUF_BUFG | u_soc/u_tx_top/u_huffman_aes_tx_top/u_dynamic_huffman_encoder/u_input_collect_unit/u_block_buffer/block_mem[28][7]_i_1_n_0             | u_uart_dmem_loader/rst_i                            |                2 |              8 |         4.00 |
|  clk_i_IBUF_BUFG | u_soc/u_tx_top/u_huffman_aes_tx_top/u_dynamic_huffman_encoder/u_input_collect_unit/u_block_buffer/block_mem[7][7]_i_1_n_0              | u_uart_dmem_loader/rst_i                            |                2 |              8 |         4.00 |
|  clk_i_IBUF_BUFG | u_soc/u_tx_top/u_huffman_aes_tx_top/u_dynamic_huffman_encoder/u_input_collect_unit/u_block_buffer/block_mem[6][7]_i_1_n_0              | u_uart_dmem_loader/rst_i                            |                2 |              8 |         4.00 |
|  clk_i_IBUF_BUFG | u_soc/u_tx_top/u_huffman_aes_tx_top/u_dynamic_huffman_encoder/u_input_collect_unit/u_block_buffer/block_mem[30][7]_i_1_n_0             | u_uart_dmem_loader/rst_i                            |                2 |              8 |         4.00 |
|  clk_i_IBUF_BUFG | u_soc/u_tx_top/u_huffman_aes_tx_top/u_dynamic_huffman_encoder/u_input_collect_unit/u_block_buffer/block_mem[18][7]_i_1_n_0             | u_uart_dmem_loader/rst_i                            |                2 |              8 |         4.00 |
|  clk_i_IBUF_BUFG | u_soc/u_tx_top/u_huffman_aes_tx_top/u_dynamic_huffman_encoder/u_input_collect_unit/u_block_buffer/block_mem[3][7]_i_1_n_0              | u_uart_dmem_loader/rst_i                            |                2 |              8 |         4.00 |
|  clk_i_IBUF_BUFG | u_soc/u_tx_top/u_huffman_aes_tx_top/u_dynamic_huffman_encoder/u_input_collect_unit/u_block_buffer/block_mem[16][7]_i_1_n_0             | u_uart_dmem_loader/rst_i                            |                2 |              8 |         4.00 |
|  clk_i_IBUF_BUFG | u_soc/u_tx_top/u_huffman_aes_tx_top/u_dynamic_huffman_encoder/u_input_collect_unit/u_block_buffer/block_mem[19][7]_i_1_n_0             | u_uart_dmem_loader/rst_i                            |                2 |              8 |         4.00 |
|  clk_i_IBUF_BUFG | u_soc/u_tx_top/u_huffman_aes_tx_top/u_dynamic_huffman_encoder/u_input_collect_unit/u_block_buffer/block_mem[25][7]_i_1_n_0             | u_uart_dmem_loader/rst_i                            |                3 |              8 |         2.67 |
|  clk_i_IBUF_BUFG | u_soc/u_tx_top/u_huffman_aes_tx_top/u_dynamic_huffman_encoder/u_input_collect_unit/u_block_buffer/block_mem[8][7]_i_1_n_0              | u_uart_dmem_loader/rst_i                            |                2 |              8 |         4.00 |
|  clk_i_IBUF_BUFG | u_soc/u_tx_top/u_huffman_aes_tx_top/u_dynamic_huffman_encoder/u_input_collect_unit/u_block_buffer/block_mem[29][7]_i_1_n_0             | u_uart_dmem_loader/rst_i                            |                2 |              8 |         4.00 |
|  clk_i_IBUF_BUFG | u_soc/u_tx_top/u_huffman_aes_tx_top/u_dynamic_huffman_encoder/u_input_collect_unit/u_block_buffer/block_mem[4][7]_i_1_n_0              | u_uart_dmem_loader/rst_i                            |                2 |              8 |         4.00 |
|  clk_i_IBUF_BUFG | u_soc/u_tx_top/u_huffman_aes_tx_top/u_dynamic_huffman_encoder/u_input_collect_unit/u_block_buffer/block_mem[24][7]_i_1_n_0             | u_uart_dmem_loader/rst_i                            |                2 |              8 |         4.00 |
|  clk_i_IBUF_BUFG | u_soc/u_tx_top/u_huffman_aes_tx_top/u_dynamic_huffman_encoder/u_input_collect_unit/u_block_buffer/block_mem[17][7]_i_1_n_0             | u_uart_dmem_loader/rst_i                            |                2 |              8 |         4.00 |
|  clk_i_IBUF_BUFG | u_soc/u_tx_top/u_huffman_aes_tx_top/u_dynamic_huffman_encoder/u_input_collect_unit/u_block_buffer/block_mem[9][7]_i_1_n_0              | u_uart_dmem_loader/rst_i                            |                2 |              8 |         4.00 |
|  clk_i_IBUF_BUFG | u_soc/u_tx_top/u_huffman_aes_tx_top/u_dynamic_huffman_encoder/u_input_collect_unit/u_block_buffer/block_mem[31][7]_i_1_n_0             | u_uart_dmem_loader/rst_i                            |                2 |              8 |         4.00 |
|  clk_i_IBUF_BUFG | u_soc/u_tx_top/u_huffman_aes_tx_top/u_dynamic_huffman_encoder/u_input_collect_unit/u_block_buffer/block_mem[23][7]_i_1_n_0             | u_uart_dmem_loader/rst_i                            |                2 |              8 |         4.00 |
|  clk_i_IBUF_BUFG | u_soc/u_tx_top/u_huffman_aes_tx_top/u_dynamic_huffman_encoder/u_input_collect_unit/u_block_buffer/block_mem[15][7]_i_1_n_0             | u_uart_dmem_loader/rst_i                            |                2 |              8 |         4.00 |
|  clk_i_IBUF_BUFG | u_soc/u_tx_top/u_huffman_aes_tx_top/u_dynamic_huffman_encoder/u_input_collect_unit/u_block_buffer/block_mem[21][7]_i_1_n_0             | u_uart_dmem_loader/rst_i                            |                2 |              8 |         4.00 |
|  clk_i_IBUF_BUFG | u_soc/u_tx_top/u_huffman_aes_tx_top/u_dynamic_huffman_encoder/u_input_collect_unit/u_block_buffer/block_mem[26][7]_i_1_n_0             | u_uart_dmem_loader/rst_i                            |                2 |              8 |         4.00 |
|  clk_i_IBUF_BUFG | u_soc/u_tx_top/u_huffman_aes_tx_top/u_dynamic_huffman_encoder/u_input_collect_unit/u_block_buffer/block_mem[2][7]_i_1_n_0              | u_uart_dmem_loader/rst_i                            |                2 |              8 |         4.00 |
|  clk_i_IBUF_BUFG | u_soc/u_tx_top/u_huffman_aes_tx_top/u_dynamic_huffman_encoder/u_input_collect_unit/u_block_buffer/block_mem[1][7]_i_1_n_0              | u_uart_dmem_loader/rst_i                            |                2 |              8 |         4.00 |
|  clk_i_IBUF_BUFG | u_soc/u_tx_top/u_huffman_aes_tx_top/u_file_huffman_builder/u_symbol_list_builder/symbol_list_mem[199][7]_i_1_n_0                       |                                                     |                2 |              8 |         4.00 |
|  clk_i_IBUF_BUFG | u_uart_dmem_loader/u_uart_tx/shift_r[7]_i_1_n_0                                                                                        | u_uart_dmem_loader/u_uart_rx/SR[0]                  |                2 |              8 |         4.00 |
|  clk_i_IBUF_BUFG | u_uart_dmem_loader/u_uart_rx/E[1]                                                                                                      | u_uart_dmem_loader/u_uart_rx/SR[0]                  |                3 |              8 |         2.67 |
|  clk_i_IBUF_BUFG | u_uart_dmem_loader/u_uart_rx/data_valid_o_i_1_n_0                                                                                      | u_uart_dmem_loader/u_uart_rx/SR[0]                  |                2 |              8 |         4.00 |
|  clk_i_IBUF_BUFG | u_uart_dmem_loader/u_uart_rx/E[3]                                                                                                      | u_uart_dmem_loader/u_uart_rx/SR[0]                  |                3 |              8 |         2.67 |
|  clk_i_IBUF_BUFG | u_uart_dmem_loader/u_uart_rx/E[0]                                                                                                      | u_uart_dmem_loader/u_uart_rx/SR[0]                  |                4 |              8 |         2.00 |
|  clk_i_IBUF_BUFG | u_uart_dmem_loader/u_uart_rx/E[2]                                                                                                      | u_uart_dmem_loader/u_uart_rx/SR[0]                  |                4 |              8 |         2.00 |
|  clk_i_IBUF_BUFG | u_soc/u_tx_top/u_huffman_aes_tx_top/u_dynamic_huffman_encoder/u_emit_backend/u_header_formatter/symbol_data_r[7]_i_1_n_0               | u_uart_dmem_loader/rst_i                            |                2 |              8 |         4.00 |
|  clk_i_IBUF_BUFG | u_soc/u_tx_top/u_huffman_aes_tx_top/u_file_huffman_builder/u_code_length_builder/code_len_mem_reg_64_127_0_2_i_1_n_0                   |                                                     |                2 |              8 |         4.00 |
|  clk_i_IBUF_BUFG | u_soc/u_tx_top/u_huffman_aes_tx_top/u_file_huffman_builder/u_canonical_code_generator/assign_index__0                                  | u_uart_dmem_loader/rst_i                            |                2 |              8 |         4.00 |
|  clk_i_IBUF_BUFG | u_soc/u_tx_top/u_huffman_aes_tx_top/u_file_huffman_builder/u_canonical_code_generator/load_index_0                                     | u_uart_dmem_loader/rst_i                            |                3 |              8 |         2.67 |
|  clk_i_IBUF_BUFG | u_soc/u_tx_top/u_huffman_aes_tx_top/u_file_huffman_builder/u_canonical_code_generator/E[0]                                             | u_uart_dmem_loader/rst_i                            |                3 |              8 |         2.67 |
|  clk_i_IBUF_BUFG | u_soc/u_tx_top/u_huffman_aes_tx_top/u_file_huffman_builder/u_code_length_builder/code_len_mem_reg_0_63_0_2_i_4_n_0                     |                                                     |                2 |              8 |         4.00 |
|  clk_i_IBUF_BUFG | u_soc/u_tx_top/u_huffman_aes_tx_top/u_file_huffman_builder/u_symbol_list_builder/symbol_list_mem[110][7]_i_1_n_0                       |                                                     |                2 |              8 |         4.00 |
|  clk_i_IBUF_BUFG | u_soc/u_tx_top/u_huffman_aes_tx_top/u_file_huffman_builder/u_symbol_list_builder/symbol_list_mem[100][7]_i_1_n_0                       |                                                     |                2 |              8 |         4.00 |
|  clk_i_IBUF_BUFG | u_soc/u_tx_top/u_huffman_aes_tx_top/u_file_huffman_builder/u_symbol_list_builder/symbol_list_mem[115][7]_i_1_n_0                       |                                                     |                1 |              8 |         8.00 |
|  clk_i_IBUF_BUFG | u_soc/u_tx_top/u_huffman_aes_tx_top/u_file_huffman_builder/u_symbol_list_builder/symbol_list_mem[104][7]_i_1_n_0                       |                                                     |                2 |              8 |         4.00 |
|  clk_i_IBUF_BUFG | u_soc/u_tx_top/u_huffman_aes_tx_top/u_file_huffman_builder/u_symbol_list_builder/symbol_list_mem[102][7]_i_1_n_0                       |                                                     |                2 |              8 |         4.00 |
|  clk_i_IBUF_BUFG | u_soc/u_tx_top/u_huffman_aes_tx_top/u_file_huffman_builder/u_symbol_list_builder/symbol_list_mem[111][7]_i_1_n_0                       |                                                     |                2 |              8 |         4.00 |
|  clk_i_IBUF_BUFG | u_soc/u_tx_top/u_huffman_aes_tx_top/u_file_huffman_builder/u_symbol_list_builder/symbol_list_mem[116][7]_i_1_n_0                       |                                                     |                1 |              8 |         8.00 |
|  clk_i_IBUF_BUFG | u_soc/u_tx_top/u_huffman_aes_tx_top/u_file_huffman_builder/u_symbol_list_builder/symbol_list_mem[125][7]_i_1_n_0                       |                                                     |                2 |              8 |         4.00 |
|  clk_i_IBUF_BUFG | u_soc/u_tx_top/u_huffman_aes_tx_top/u_file_huffman_builder/u_symbol_list_builder/symbol_list_mem[123][7]_i_1_n_0                       |                                                     |                1 |              8 |         8.00 |
|  clk_i_IBUF_BUFG | u_soc/u_tx_top/u_huffman_aes_tx_top/u_file_huffman_builder/u_symbol_list_builder/symbol_list_mem[126][7]_i_1_n_0                       |                                                     |                1 |              8 |         8.00 |
|  clk_i_IBUF_BUFG | u_soc/u_tx_top/u_huffman_aes_tx_top/u_file_huffman_builder/u_symbol_list_builder/symbol_list_mem[127][7]_i_1_n_0                       |                                                     |                1 |              8 |         8.00 |
|  clk_i_IBUF_BUFG | u_soc/u_tx_top/u_huffman_aes_tx_top/u_file_huffman_builder/u_symbol_list_builder/symbol_list_mem[0][7]_i_1_n_0                         |                                                     |                2 |              8 |         4.00 |
|  clk_i_IBUF_BUFG | u_soc/u_tx_top/u_huffman_aes_tx_top/u_file_huffman_builder/u_symbol_list_builder/symbol_list_mem[10][7]_i_1_n_0                        |                                                     |                2 |              8 |         4.00 |
|  clk_i_IBUF_BUFG | u_soc/u_tx_top/u_huffman_aes_tx_top/u_file_huffman_builder/u_symbol_list_builder/symbol_list_mem[117][7]_i_1_n_0                       |                                                     |                2 |              8 |         4.00 |
|  clk_i_IBUF_BUFG | u_soc/u_tx_top/u_huffman_aes_tx_top/u_file_huffman_builder/u_symbol_list_builder/symbol_list_mem[119][7]_i_1_n_0                       |                                                     |                2 |              8 |         4.00 |
|  clk_i_IBUF_BUFG | u_soc/u_tx_top/u_huffman_aes_tx_top/u_file_huffman_builder/u_symbol_list_builder/symbol_list_mem[11][7]_i_1_n_0                        |                                                     |                2 |              8 |         4.00 |
|  clk_i_IBUF_BUFG | u_soc/u_tx_top/u_huffman_aes_tx_top/u_file_huffman_builder/u_symbol_list_builder/symbol_list_mem[124][7]_i_1_n_0                       |                                                     |                2 |              8 |         4.00 |
|  clk_i_IBUF_BUFG | u_soc/u_tx_top/u_huffman_aes_tx_top/u_file_huffman_builder/u_symbol_list_builder/symbol_list_mem[129][7]_i_1_n_0                       |                                                     |                2 |              8 |         4.00 |
|  clk_i_IBUF_BUFG | u_soc/u_tx_top/u_huffman_aes_tx_top/u_file_huffman_builder/u_symbol_list_builder/symbol_list_mem[109][7]_i_1_n_0                       |                                                     |                1 |              8 |         8.00 |
|  clk_i_IBUF_BUFG | u_soc/u_tx_top/u_huffman_aes_tx_top/u_file_huffman_builder/u_symbol_list_builder/symbol_list_mem[12][7]_i_1_n_0                        |                                                     |                2 |              8 |         4.00 |
|  clk_i_IBUF_BUFG | u_soc/u_tx_top/u_huffman_aes_tx_top/u_file_huffman_builder/u_symbol_list_builder/symbol_list_mem[121][7]_i_1_n_0                       |                                                     |                1 |              8 |         8.00 |
|  clk_i_IBUF_BUFG | u_soc/u_tx_top/u_huffman_aes_tx_top/u_file_huffman_builder/u_symbol_list_builder/symbol_list_mem[130][7]_i_1_n_0                       |                                                     |                2 |              8 |         4.00 |
|  clk_i_IBUF_BUFG | u_soc/u_tx_top/u_huffman_aes_tx_top/u_file_huffman_builder/u_symbol_list_builder/symbol_list_mem[113][7]_i_1_n_0                       |                                                     |                1 |              8 |         8.00 |
|  clk_i_IBUF_BUFG | u_soc/u_tx_top/u_huffman_aes_tx_top/u_file_huffman_builder/u_symbol_list_builder/symbol_list_mem[112][7]_i_1_n_0                       |                                                     |                1 |              8 |         8.00 |
|  clk_i_IBUF_BUFG | u_soc/u_tx_top/u_huffman_aes_tx_top/u_file_huffman_builder/u_symbol_list_builder/symbol_list_mem[118][7]_i_1_n_0                       |                                                     |                2 |              8 |         4.00 |
|  clk_i_IBUF_BUFG | u_soc/u_tx_top/u_huffman_aes_tx_top/u_file_huffman_builder/u_symbol_list_builder/symbol_list_mem[120][7]_i_1_n_0                       |                                                     |                2 |              8 |         4.00 |
|  clk_i_IBUF_BUFG | u_soc/u_tx_top/u_huffman_aes_tx_top/u_file_huffman_builder/u_symbol_list_builder/symbol_list_mem[101][7]_i_1_n_0                       |                                                     |                2 |              8 |         4.00 |
|  clk_i_IBUF_BUFG | u_soc/u_tx_top/u_huffman_aes_tx_top/u_file_huffman_builder/u_symbol_list_builder/symbol_list_mem[114][7]_i_1_n_0                       |                                                     |                1 |              8 |         8.00 |
|  clk_i_IBUF_BUFG | u_soc/u_tx_top/u_huffman_aes_tx_top/u_file_huffman_builder/u_symbol_list_builder/symbol_list_mem[122][7]_i_1_n_0                       |                                                     |                1 |              8 |         8.00 |
|  clk_i_IBUF_BUFG | u_soc/u_tx_top/u_huffman_aes_tx_top/u_file_huffman_builder/u_symbol_list_builder/symbol_list_mem[106][7]_i_1_n_0                       |                                                     |                2 |              8 |         4.00 |
|  clk_i_IBUF_BUFG | u_soc/u_tx_top/u_huffman_aes_tx_top/u_file_huffman_builder/u_symbol_list_builder/symbol_list_mem[108][7]_i_1_n_0                       |                                                     |                2 |              8 |         4.00 |
|  clk_i_IBUF_BUFG | u_soc/u_tx_top/u_huffman_aes_tx_top/u_file_huffman_builder/u_symbol_list_builder/symbol_list_mem[128][7]_i_1_n_0                       |                                                     |                2 |              8 |         4.00 |
|  clk_i_IBUF_BUFG | u_soc/u_tx_top/u_huffman_aes_tx_top/u_file_huffman_builder/u_symbol_list_builder/symbol_list_mem[103][7]_i_1_n_0                       |                                                     |                2 |              8 |         4.00 |
|  clk_i_IBUF_BUFG | u_soc/u_tx_top/u_huffman_aes_tx_top/u_file_huffman_builder/u_symbol_list_builder/symbol_list_mem[105][7]_i_1_n_0                       |                                                     |                2 |              8 |         4.00 |
|  clk_i_IBUF_BUFG | u_soc/u_tx_top/u_huffman_aes_tx_top/u_file_huffman_builder/u_symbol_list_builder/symbol_list_mem[107][7]_i_1_n_0                       |                                                     |                2 |              8 |         4.00 |
|  clk_i_IBUF_BUFG | u_soc/u_tx_top/u_huffman_aes_tx_top/u_file_huffman_builder/u_symbol_list_builder/symbol_list_mem[185][7]_i_1_n_0                       |                                                     |                2 |              8 |         4.00 |
|  clk_i_IBUF_BUFG | u_soc/u_tx_top/u_huffman_aes_tx_top/u_file_huffman_builder/u_symbol_list_builder/symbol_list_mem[187][7]_i_1_n_0                       |                                                     |                1 |              8 |         8.00 |
|  clk_i_IBUF_BUFG | u_soc/u_tx_top/u_huffman_aes_tx_top/u_file_huffman_builder/u_symbol_list_builder/symbol_list_mem[188][7]_i_1_n_0                       |                                                     |                1 |              8 |         8.00 |
|  clk_i_IBUF_BUFG | u_soc/u_tx_top/u_huffman_aes_tx_top/u_file_huffman_builder/u_symbol_list_builder/symbol_list_mem[139][7]_i_1_n_0                       |                                                     |                2 |              8 |         4.00 |
|  clk_i_IBUF_BUFG | u_soc/u_tx_top/u_huffman_aes_tx_top/u_file_huffman_builder/u_symbol_list_builder/symbol_list_mem[178][7]_i_1_n_0                       |                                                     |                1 |              8 |         8.00 |
|  clk_i_IBUF_BUFG | u_soc/u_tx_top/u_huffman_aes_tx_top/u_file_huffman_builder/u_symbol_list_builder/symbol_list_mem[151][7]_i_1_n_0                       |                                                     |                2 |              8 |         4.00 |
|  clk_i_IBUF_BUFG | u_soc/u_tx_top/u_huffman_aes_tx_top/u_file_huffman_builder/u_symbol_list_builder/symbol_list_mem[149][7]_i_1_n_0                       |                                                     |                2 |              8 |         4.00 |
|  clk_i_IBUF_BUFG | u_soc/u_tx_top/u_huffman_aes_tx_top/u_file_huffman_builder/u_symbol_list_builder/symbol_list_mem[14][7]_i_1_n_0                        |                                                     |                1 |              8 |         8.00 |
|  clk_i_IBUF_BUFG | u_soc/u_tx_top/u_huffman_aes_tx_top/u_file_huffman_builder/u_symbol_list_builder/symbol_list_mem[155][7]_i_1_n_0                       |                                                     |                2 |              8 |         4.00 |
|  clk_i_IBUF_BUFG | u_soc/u_tx_top/u_huffman_aes_tx_top/u_file_huffman_builder/u_symbol_list_builder/symbol_list_mem[168][7]_i_1_n_0                       |                                                     |                1 |              8 |         8.00 |
|  clk_i_IBUF_BUFG | u_soc/u_tx_top/u_huffman_aes_tx_top/u_file_huffman_builder/u_symbol_list_builder/symbol_list_mem[162][7]_i_1_n_0                       |                                                     |                1 |              8 |         8.00 |
|  clk_i_IBUF_BUFG | u_soc/u_tx_top/u_huffman_aes_tx_top/u_file_huffman_builder/u_symbol_list_builder/symbol_list_mem[160][7]_i_1_n_0                       |                                                     |                1 |              8 |         8.00 |
|  clk_i_IBUF_BUFG | u_soc/u_tx_top/u_huffman_aes_tx_top/u_file_huffman_builder/u_symbol_list_builder/symbol_list_mem[134][7]_i_1_n_0                       |                                                     |                2 |              8 |         4.00 |
|  clk_i_IBUF_BUFG | u_soc/u_tx_top/u_huffman_aes_tx_top/u_file_huffman_builder/u_symbol_list_builder/symbol_list_mem[170][7]_i_1_n_0                       |                                                     |                1 |              8 |         8.00 |
|  clk_i_IBUF_BUFG | u_soc/u_tx_top/u_huffman_aes_tx_top/u_file_huffman_builder/u_symbol_list_builder/symbol_list_mem[157][7]_i_1_n_0                       |                                                     |                2 |              8 |         4.00 |
|  clk_i_IBUF_BUFG | u_soc/u_tx_top/u_huffman_aes_tx_top/u_file_huffman_builder/u_symbol_list_builder/symbol_list_mem[16][7]_i_1_n_0                        |                                                     |                2 |              8 |         4.00 |
|  clk_i_IBUF_BUFG | u_soc/u_tx_top/u_huffman_aes_tx_top/u_file_huffman_builder/u_symbol_list_builder/symbol_list_mem[177][7]_i_1_n_0                       |                                                     |                2 |              8 |         4.00 |
|  clk_i_IBUF_BUFG | u_soc/u_tx_top/u_huffman_aes_tx_top/u_file_huffman_builder/u_symbol_list_builder/symbol_list_mem[181][7]_i_1_n_0                       |                                                     |                2 |              8 |         4.00 |
|  clk_i_IBUF_BUFG | u_soc/u_tx_top/u_huffman_aes_tx_top/u_file_huffman_builder/u_symbol_list_builder/symbol_list_mem[135][7]_i_1_n_0                       |                                                     |                2 |              8 |         4.00 |
|  clk_i_IBUF_BUFG | u_soc/u_tx_top/u_huffman_aes_tx_top/u_file_huffman_builder/u_symbol_list_builder/symbol_list_mem[189][7]_i_1_n_0                       |                                                     |                1 |              8 |         8.00 |
|  clk_i_IBUF_BUFG | u_soc/u_tx_top/u_huffman_aes_tx_top/u_file_huffman_builder/u_symbol_list_builder/symbol_list_mem[163][7]_i_1_n_0                       |                                                     |                1 |              8 |         8.00 |
|  clk_i_IBUF_BUFG | u_soc/u_tx_top/u_huffman_aes_tx_top/u_file_huffman_builder/u_symbol_list_builder/symbol_list_mem[166][7]_i_1_n_0                       |                                                     |                1 |              8 |         8.00 |
|  clk_i_IBUF_BUFG | u_soc/u_tx_top/u_huffman_aes_tx_top/u_file_huffman_builder/u_symbol_list_builder/symbol_list_mem[174][7]_i_1_n_0                       |                                                     |                1 |              8 |         8.00 |
|  clk_i_IBUF_BUFG | u_soc/u_tx_top/u_huffman_aes_tx_top/u_file_huffman_builder/u_symbol_list_builder/symbol_list_mem[171][7]_i_1_n_0                       |                                                     |                1 |              8 |         8.00 |
|  clk_i_IBUF_BUFG | u_soc/u_tx_top/u_huffman_aes_tx_top/u_file_huffman_builder/u_symbol_list_builder/symbol_list_mem[186][7]_i_1_n_0                       |                                                     |                2 |              8 |         4.00 |
|  clk_i_IBUF_BUFG | u_soc/u_tx_top/u_huffman_aes_tx_top/u_file_huffman_builder/u_symbol_list_builder/symbol_list_mem[132][7]_i_1_n_0                       |                                                     |                2 |              8 |         4.00 |
|  clk_i_IBUF_BUFG | u_soc/u_tx_top/u_huffman_aes_tx_top/u_file_huffman_builder/u_symbol_list_builder/symbol_list_mem[144][7]_i_1_n_0                       |                                                     |                2 |              8 |         4.00 |
|  clk_i_IBUF_BUFG | u_soc/u_tx_top/u_huffman_aes_tx_top/u_file_huffman_builder/u_symbol_list_builder/symbol_list_mem[136][7]_i_1_n_0                       |                                                     |                2 |              8 |         4.00 |
|  clk_i_IBUF_BUFG | u_soc/u_tx_top/u_huffman_aes_tx_top/u_file_huffman_builder/u_symbol_list_builder/symbol_list_mem[146][7]_i_1_n_0                       |                                                     |                2 |              8 |         4.00 |
|  clk_i_IBUF_BUFG | u_soc/u_tx_top/u_huffman_aes_tx_top/u_file_huffman_builder/u_symbol_list_builder/symbol_list_mem[138][7]_i_1_n_0                       |                                                     |                2 |              8 |         4.00 |
|  clk_i_IBUF_BUFG | u_soc/u_tx_top/u_huffman_aes_tx_top/u_file_huffman_builder/u_symbol_list_builder/symbol_list_mem[133][7]_i_1_n_0                       |                                                     |                2 |              8 |         4.00 |
|  clk_i_IBUF_BUFG | u_soc/u_tx_top/u_huffman_aes_tx_top/u_file_huffman_builder/u_symbol_list_builder/symbol_list_mem[142][7]_i_1_n_0                       |                                                     |                2 |              8 |         4.00 |
|  clk_i_IBUF_BUFG | u_soc/u_tx_top/u_huffman_aes_tx_top/u_file_huffman_builder/u_symbol_list_builder/symbol_list_mem[143][7]_i_1_n_0                       |                                                     |                2 |              8 |         4.00 |
|  clk_i_IBUF_BUFG | u_soc/u_tx_top/u_huffman_aes_tx_top/u_file_huffman_builder/u_symbol_list_builder/symbol_list_mem[145][7]_i_1_n_0                       |                                                     |                2 |              8 |         4.00 |
|  clk_i_IBUF_BUFG | u_soc/u_tx_top/u_huffman_aes_tx_top/u_file_huffman_builder/u_symbol_list_builder/symbol_list_mem[164][7]_i_1_n_0                       |                                                     |                1 |              8 |         8.00 |
|  clk_i_IBUF_BUFG | u_soc/u_tx_top/u_huffman_aes_tx_top/u_file_huffman_builder/u_symbol_list_builder/symbol_list_mem[172][7]_i_1_n_0                       |                                                     |                1 |              8 |         8.00 |
|  clk_i_IBUF_BUFG | u_soc/u_tx_top/u_huffman_aes_tx_top/u_file_huffman_builder/u_symbol_list_builder/symbol_list_mem[159][7]_i_1_n_0                       |                                                     |                2 |              8 |         4.00 |
|  clk_i_IBUF_BUFG | u_soc/u_tx_top/u_huffman_aes_tx_top/u_file_huffman_builder/u_symbol_list_builder/symbol_list_mem[15][7]_i_1_n_0                        |                                                     |                2 |              8 |         4.00 |
|  clk_i_IBUF_BUFG | u_soc/u_tx_top/u_huffman_aes_tx_top/u_file_huffman_builder/u_symbol_list_builder/symbol_list_mem[153][7]_i_1_n_0                       |                                                     |                2 |              8 |         4.00 |
|  clk_i_IBUF_BUFG | u_soc/u_tx_top/u_huffman_aes_tx_top/u_file_huffman_builder/u_symbol_list_builder/symbol_list_mem[165][7]_i_1_n_0                       |                                                     |                1 |              8 |         8.00 |
|  clk_i_IBUF_BUFG | u_soc/u_tx_top/u_huffman_aes_tx_top/u_file_huffman_builder/u_symbol_list_builder/symbol_list_mem[150][7]_i_1_n_0                       |                                                     |                2 |              8 |         4.00 |
|  clk_i_IBUF_BUFG | u_soc/u_tx_top/u_huffman_aes_tx_top/u_file_huffman_builder/u_symbol_list_builder/symbol_list_mem[175][7]_i_1_n_0                       |                                                     |                1 |              8 |         8.00 |
|  clk_i_IBUF_BUFG | u_soc/u_tx_top/u_huffman_aes_tx_top/u_file_huffman_builder/u_symbol_list_builder/symbol_list_mem[161][7]_i_1_n_0                       |                                                     |                1 |              8 |         8.00 |
|  clk_i_IBUF_BUFG | u_soc/u_tx_top/u_huffman_aes_tx_top/u_file_huffman_builder/u_symbol_list_builder/symbol_list_mem[176][7]_i_1_n_0                       |                                                     |                2 |              8 |         4.00 |
|  clk_i_IBUF_BUFG | u_soc/u_tx_top/u_huffman_aes_tx_top/u_file_huffman_builder/u_symbol_list_builder/symbol_list_mem[158][7]_i_1_n_0                       |                                                     |                2 |              8 |         4.00 |
|  clk_i_IBUF_BUFG | u_soc/u_tx_top/u_huffman_aes_tx_top/u_file_huffman_builder/u_symbol_list_builder/symbol_list_mem[173][7]_i_1_n_0                       |                                                     |                1 |              8 |         8.00 |
|  clk_i_IBUF_BUFG | u_soc/u_tx_top/u_huffman_aes_tx_top/u_file_huffman_builder/u_symbol_list_builder/symbol_list_mem[140][7]_i_1_n_0                       |                                                     |                2 |              8 |         4.00 |
|  clk_i_IBUF_BUFG | u_soc/u_tx_top/u_huffman_aes_tx_top/u_file_huffman_builder/u_symbol_list_builder/symbol_list_mem[167][7]_i_1_n_0                       |                                                     |                1 |              8 |         8.00 |
|  clk_i_IBUF_BUFG | u_soc/u_tx_top/u_huffman_aes_tx_top/u_file_huffman_builder/u_symbol_list_builder/symbol_list_mem[147][7]_i_1_n_0                       |                                                     |                2 |              8 |         4.00 |
|  clk_i_IBUF_BUFG | u_soc/u_tx_top/u_huffman_aes_tx_top/u_file_huffman_builder/u_symbol_list_builder/symbol_list_mem[131][7]_i_1_n_0                       |                                                     |                2 |              8 |         4.00 |
|  clk_i_IBUF_BUFG | u_soc/u_tx_top/u_huffman_aes_tx_top/u_file_huffman_builder/u_symbol_list_builder/symbol_list_mem[137][7]_i_1_n_0                       |                                                     |                2 |              8 |         4.00 |
|  clk_i_IBUF_BUFG | u_soc/u_tx_top/u_huffman_aes_tx_top/u_file_huffman_builder/u_symbol_list_builder/symbol_list_mem[156][7]_i_1_n_0                       |                                                     |                2 |              8 |         4.00 |
|  clk_i_IBUF_BUFG | u_soc/u_tx_top/u_huffman_aes_tx_top/u_file_huffman_builder/u_symbol_list_builder/symbol_list_mem[179][7]_i_1_n_0                       |                                                     |                2 |              8 |         4.00 |
|  clk_i_IBUF_BUFG | u_soc/u_tx_top/u_huffman_aes_tx_top/u_file_huffman_builder/u_symbol_list_builder/symbol_list_mem[154][7]_i_1_n_0                       |                                                     |                2 |              8 |         4.00 |
|  clk_i_IBUF_BUFG | u_soc/u_tx_top/u_huffman_aes_tx_top/u_file_huffman_builder/u_symbol_list_builder/symbol_list_mem[17][7]_i_1_n_0                        |                                                     |                2 |              8 |         4.00 |
|  clk_i_IBUF_BUFG | u_soc/u_tx_top/u_huffman_aes_tx_top/u_file_huffman_builder/u_symbol_list_builder/symbol_list_mem[152][7]_i_1_n_0                       |                                                     |                2 |              8 |         4.00 |
|  clk_i_IBUF_BUFG | u_soc/u_tx_top/u_huffman_aes_tx_top/u_file_huffman_builder/u_symbol_list_builder/symbol_list_mem[180][7]_i_1_n_0                       |                                                     |                1 |              8 |         8.00 |
|  clk_i_IBUF_BUFG | u_soc/u_tx_top/u_huffman_aes_tx_top/u_file_huffman_builder/u_symbol_list_builder/symbol_list_mem[182][7]_i_1_n_0                       |                                                     |                2 |              8 |         4.00 |
|  clk_i_IBUF_BUFG | u_soc/u_tx_top/u_huffman_aes_tx_top/u_file_huffman_builder/u_symbol_list_builder/symbol_list_mem[169][7]_i_1_n_0                       |                                                     |                1 |              8 |         8.00 |
|  clk_i_IBUF_BUFG | u_soc/u_tx_top/u_huffman_aes_tx_top/u_file_huffman_builder/u_symbol_list_builder/symbol_list_mem[141][7]_i_1_n_0                       |                                                     |                2 |              8 |         4.00 |
|  clk_i_IBUF_BUFG | u_soc/u_tx_top/u_huffman_aes_tx_top/u_file_huffman_builder/u_symbol_list_builder/symbol_list_mem[148][7]_i_1_n_0                       |                                                     |                2 |              8 |         4.00 |
|  clk_i_IBUF_BUFG | u_soc/u_tx_top/u_huffman_aes_tx_top/u_file_huffman_builder/u_symbol_list_builder/symbol_list_mem[13][7]_i_1_n_0                        |                                                     |                3 |              8 |         2.67 |
|  clk_i_IBUF_BUFG | u_soc/u_tx_top/u_huffman_aes_tx_top/u_file_huffman_builder/u_symbol_list_builder/symbol_list_mem[183][7]_i_1_n_0                       |                                                     |                2 |              8 |         4.00 |
|  clk_i_IBUF_BUFG | u_soc/u_tx_top/u_huffman_aes_tx_top/u_file_huffman_builder/u_symbol_list_builder/symbol_list_mem[184][7]_i_1_n_0                       |                                                     |                1 |              8 |         8.00 |
|  clk_i_IBUF_BUFG | u_soc/u_tx_top/u_huffman_aes_tx_top/u_file_huffman_builder/u_symbol_list_builder/symbol_list_mem[233][7]_i_1_n_0                       |                                                     |                2 |              8 |         4.00 |
|  clk_i_IBUF_BUFG | u_soc/u_tx_top/u_huffman_aes_tx_top/u_file_huffman_builder/u_symbol_list_builder/symbol_list_mem[234][7]_i_1_n_0                       |                                                     |                2 |              8 |         4.00 |
|  clk_i_IBUF_BUFG | u_soc/u_tx_top/u_huffman_aes_tx_top/u_file_huffman_builder/u_symbol_list_builder/symbol_list_mem[211][7]_i_1_n_0                       |                                                     |                2 |              8 |         4.00 |
|  clk_i_IBUF_BUFG | u_soc/u_tx_top/u_huffman_aes_tx_top/u_file_huffman_builder/u_symbol_list_builder/symbol_list_mem[237][7]_i_1_n_0                       |                                                     |                2 |              8 |         4.00 |
|  clk_i_IBUF_BUFG | u_soc/u_tx_top/u_huffman_aes_tx_top/u_file_huffman_builder/u_symbol_list_builder/symbol_list_mem[202][7]_i_1_n_0                       |                                                     |                2 |              8 |         4.00 |
|  clk_i_IBUF_BUFG | u_soc/u_tx_top/u_huffman_aes_tx_top/u_file_huffman_builder/u_symbol_list_builder/symbol_list_mem[208][7]_i_1_n_0                       |                                                     |                2 |              8 |         4.00 |
|  clk_i_IBUF_BUFG | u_soc/u_tx_top/u_huffman_aes_tx_top/u_file_huffman_builder/u_symbol_list_builder/symbol_list_mem[239][7]_i_1_n_0                       |                                                     |                2 |              8 |         4.00 |
|  clk_i_IBUF_BUFG | u_soc/u_tx_top/u_huffman_aes_tx_top/u_file_huffman_builder/u_symbol_list_builder/symbol_list_mem[23][7]_i_1_n_0                        |                                                     |                2 |              8 |         4.00 |
|  clk_i_IBUF_BUFG | u_soc/u_tx_top/u_huffman_aes_tx_top/u_file_huffman_builder/u_symbol_list_builder/symbol_list_mem[217][7]_i_1_n_0                       |                                                     |                2 |              8 |         4.00 |
|  clk_i_IBUF_BUFG | u_soc/u_tx_top/u_huffman_aes_tx_top/u_file_huffman_builder/u_symbol_list_builder/symbol_list_mem[19][7]_i_1_n_0                        |                                                     |                2 |              8 |         4.00 |
|  clk_i_IBUF_BUFG | u_soc/u_tx_top/u_huffman_aes_tx_top/u_file_huffman_builder/u_symbol_list_builder/symbol_list_mem[21][7]_i_1_n_0                        |                                                     |                2 |              8 |         4.00 |
|  clk_i_IBUF_BUFG | u_soc/u_tx_top/u_huffman_aes_tx_top/u_file_huffman_builder/u_symbol_list_builder/symbol_list_mem[192][7]_i_1_n_0                       |                                                     |                2 |              8 |         4.00 |
|  clk_i_IBUF_BUFG | u_soc/u_tx_top/u_huffman_aes_tx_top/u_file_huffman_builder/u_symbol_list_builder/symbol_list_mem[200][7]_i_1_n_0                       |                                                     |                2 |              8 |         4.00 |
|  clk_i_IBUF_BUFG | u_soc/u_tx_top/u_huffman_aes_tx_top/u_file_huffman_builder/u_symbol_list_builder/symbol_list_mem[215][7]_i_1_n_0                       |                                                     |                3 |              8 |         2.67 |
|  clk_i_IBUF_BUFG | u_soc/u_tx_top/u_huffman_aes_tx_top/u_file_huffman_builder/u_symbol_list_builder/symbol_list_mem[235][7]_i_1_n_0                       |                                                     |                2 |              8 |         4.00 |
|  clk_i_IBUF_BUFG | u_soc/u_tx_top/u_huffman_aes_tx_top/u_file_huffman_builder/u_symbol_list_builder/symbol_list_mem[238][7]_i_1_n_0                       |                                                     |                2 |              8 |         4.00 |
|  clk_i_IBUF_BUFG | u_soc/u_tx_top/u_huffman_aes_tx_top/u_file_huffman_builder/u_symbol_list_builder/symbol_list_mem[206][7]_i_1_n_0                       |                                                     |                2 |              8 |         4.00 |
|  clk_i_IBUF_BUFG | u_soc/u_tx_top/u_huffman_aes_tx_top/u_file_huffman_builder/u_symbol_list_builder/symbol_list_mem[240][7]_i_1_n_0                       |                                                     |                2 |              8 |         4.00 |
|  clk_i_IBUF_BUFG | u_soc/u_tx_top/u_huffman_aes_tx_top/u_file_huffman_builder/u_symbol_list_builder/symbol_list_mem[194][7]_i_1_n_0                       |                                                     |                2 |              8 |         4.00 |
|  clk_i_IBUF_BUFG | u_soc/u_tx_top/u_huffman_aes_tx_top/u_file_huffman_builder/u_symbol_list_builder/symbol_list_mem[242][7]_i_1_n_0                       |                                                     |                2 |              8 |         4.00 |
|  clk_i_IBUF_BUFG | u_soc/u_tx_top/u_huffman_aes_tx_top/u_file_huffman_builder/u_symbol_list_builder/symbol_list_mem[243][7]_i_1_n_0                       |                                                     |                2 |              8 |         4.00 |
|  clk_i_IBUF_BUFG | u_soc/u_tx_top/u_huffman_aes_tx_top/u_file_huffman_builder/u_symbol_list_builder/symbol_list_mem[193][7]_i_1_n_0                       |                                                     |                2 |              8 |         4.00 |
|  clk_i_IBUF_BUFG | u_soc/u_tx_top/u_huffman_aes_tx_top/u_file_huffman_builder/u_symbol_list_builder/symbol_list_mem[195][7]_i_1_n_0                       |                                                     |                2 |              8 |         4.00 |
|  clk_i_IBUF_BUFG | u_soc/u_tx_top/u_huffman_aes_tx_top/u_file_huffman_builder/u_symbol_list_builder/symbol_list_mem[216][7]_i_1_n_0                       |                                                     |                2 |              8 |         4.00 |
|  clk_i_IBUF_BUFG | u_soc/u_tx_top/u_huffman_aes_tx_top/u_file_huffman_builder/u_symbol_list_builder/symbol_list_mem[197][7]_i_1_n_0                       |                                                     |                2 |              8 |         4.00 |
|  clk_i_IBUF_BUFG | u_soc/u_tx_top/u_huffman_aes_tx_top/u_file_huffman_builder/u_symbol_list_builder/symbol_list_mem[198][7]_i_1_n_0                       |                                                     |                3 |              8 |         2.67 |
|  clk_i_IBUF_BUFG | u_soc/u_tx_top/u_huffman_aes_tx_top/u_file_huffman_builder/u_symbol_list_builder/symbol_list_mem[191][7]_i_1_n_0                       |                                                     |                2 |              8 |         4.00 |
|  clk_i_IBUF_BUFG | u_soc/u_tx_top/u_huffman_aes_tx_top/u_file_huffman_builder/u_symbol_list_builder/symbol_list_mem[232][7]_i_1_n_0                       |                                                     |                2 |              8 |         4.00 |
|  clk_i_IBUF_BUFG | u_soc/u_tx_top/u_huffman_aes_tx_top/u_file_huffman_builder/u_symbol_list_builder/symbol_list_mem[244][7]_i_1_n_0                       |                                                     |                2 |              8 |         4.00 |
|  clk_i_IBUF_BUFG | u_soc/u_tx_top/u_huffman_aes_tx_top/u_file_huffman_builder/u_symbol_list_builder/symbol_list_mem[220][7]_i_1_n_0                       |                                                     |                2 |              8 |         4.00 |
|  clk_i_IBUF_BUFG | u_soc/u_tx_top/u_huffman_aes_tx_top/u_file_huffman_builder/u_symbol_list_builder/symbol_list_mem[225][7]_i_1_n_0                       |                                                     |                2 |              8 |         4.00 |
|  clk_i_IBUF_BUFG | u_soc/u_tx_top/u_huffman_aes_tx_top/u_file_huffman_builder/u_symbol_list_builder/symbol_list_mem[245][7]_i_1_n_0                       |                                                     |                2 |              8 |         4.00 |
|  clk_i_IBUF_BUFG | u_soc/u_tx_top/u_huffman_aes_tx_top/u_file_huffman_builder/u_symbol_list_builder/symbol_list_mem[246][7]_i_1_n_0                       |                                                     |                2 |              8 |         4.00 |
|  clk_i_IBUF_BUFG | u_soc/u_tx_top/u_huffman_aes_tx_top/u_file_huffman_builder/u_symbol_list_builder/symbol_list_mem[226][7]_i_1_n_0                       |                                                     |                2 |              8 |         4.00 |
|  clk_i_IBUF_BUFG | u_soc/u_tx_top/u_huffman_aes_tx_top/u_file_huffman_builder/u_symbol_list_builder/symbol_list_mem[213][7]_i_1_n_0                       |                                                     |                2 |              8 |         4.00 |
|  clk_i_IBUF_BUFG | u_soc/u_tx_top/u_huffman_aes_tx_top/u_file_huffman_builder/u_symbol_list_builder/symbol_list_mem[222][7]_i_1_n_0                       |                                                     |                2 |              8 |         4.00 |
|  clk_i_IBUF_BUFG | u_soc/u_tx_top/u_huffman_aes_tx_top/u_file_huffman_builder/u_symbol_list_builder/symbol_list_mem[228][7]_i_1_n_0                       |                                                     |                2 |              8 |         4.00 |
|  clk_i_IBUF_BUFG | u_soc/u_tx_top/u_huffman_aes_tx_top/u_file_huffman_builder/u_symbol_list_builder/symbol_list_mem[214][7]_i_1_n_0                       |                                                     |                3 |              8 |         2.67 |
|  clk_i_IBUF_BUFG | u_soc/u_tx_top/u_huffman_aes_tx_top/u_file_huffman_builder/u_symbol_list_builder/symbol_list_mem[229][7]_i_1_n_0                       |                                                     |                2 |              8 |         4.00 |
|  clk_i_IBUF_BUFG | u_soc/u_tx_top/u_huffman_aes_tx_top/u_file_huffman_builder/u_symbol_list_builder/symbol_list_mem[190][7]_i_1_n_0                       |                                                     |                1 |              8 |         8.00 |
|  clk_i_IBUF_BUFG | u_soc/u_tx_top/u_huffman_aes_tx_top/u_file_huffman_builder/u_symbol_list_builder/symbol_list_mem[205][7]_i_1_n_0                       |                                                     |                2 |              8 |         4.00 |
|  clk_i_IBUF_BUFG | u_soc/u_tx_top/u_huffman_aes_tx_top/u_file_huffman_builder/u_symbol_list_builder/symbol_list_mem[207][7]_i_1_n_0                       |                                                     |                2 |              8 |         4.00 |
|  clk_i_IBUF_BUFG | u_soc/u_tx_top/u_huffman_aes_tx_top/u_file_huffman_builder/u_symbol_list_builder/symbol_list_mem[20][7]_i_1_n_0                        |                                                     |                2 |              8 |         4.00 |
|  clk_i_IBUF_BUFG | u_soc/u_tx_top/u_huffman_aes_tx_top/u_file_huffman_builder/u_symbol_list_builder/symbol_list_mem[210][7]_i_1_n_0                       |                                                     |                2 |              8 |         4.00 |
|  clk_i_IBUF_BUFG | u_soc/u_tx_top/u_huffman_aes_tx_top/u_file_huffman_builder/u_symbol_list_builder/symbol_list_mem[212][7]_i_1_n_0                       |                                                     |                2 |              8 |         4.00 |
|  clk_i_IBUF_BUFG | u_soc/u_tx_top/u_huffman_aes_tx_top/u_file_huffman_builder/u_symbol_list_builder/symbol_list_mem[230][7]_i_1_n_0                       |                                                     |                2 |              8 |         4.00 |
|  clk_i_IBUF_BUFG | u_soc/u_tx_top/u_huffman_aes_tx_top/u_file_huffman_builder/u_symbol_list_builder/symbol_list_mem[219][7]_i_1_n_0                       |                                                     |                2 |              8 |         4.00 |
|  clk_i_IBUF_BUFG | u_soc/u_tx_top/u_huffman_aes_tx_top/u_file_huffman_builder/u_symbol_list_builder/symbol_list_mem[231][7]_i_1_n_0                       |                                                     |                2 |              8 |         4.00 |
|  clk_i_IBUF_BUFG | u_soc/u_tx_top/u_huffman_aes_tx_top/u_file_huffman_builder/u_symbol_list_builder/symbol_list_mem[196][7]_i_1_n_0                       |                                                     |                2 |              8 |         4.00 |
|  clk_i_IBUF_BUFG | u_soc/u_tx_top/u_huffman_aes_tx_top/u_file_huffman_builder/u_symbol_list_builder/symbol_list_mem[236][7]_i_1_n_0                       |                                                     |                2 |              8 |         4.00 |
|  clk_i_IBUF_BUFG | u_soc/u_tx_top/u_huffman_aes_tx_top/u_file_huffman_builder/u_symbol_list_builder/symbol_list_mem[224][7]_i_1_n_0                       |                                                     |                3 |              8 |         2.67 |
|  clk_i_IBUF_BUFG | u_soc/u_tx_top/u_huffman_aes_tx_top/u_file_huffman_builder/u_symbol_list_builder/symbol_list_mem[22][7]_i_1_n_0                        |                                                     |                2 |              8 |         4.00 |
|  clk_i_IBUF_BUFG | u_soc/u_tx_top/u_huffman_aes_tx_top/u_dynamic_huffman_encoder/u_emit_backend/u_header_formatter/sym_idx[8]_i_1_n_0                     | u_uart_dmem_loader/rst_i                            |                2 |              9 |         4.50 |
|  clk_i_IBUF_BUFG | u_soc/u_tx_top/u_huffman_aes_tx_top/u_file_huffman_builder/u_canonical_code_generator/sort_pass                                        | u_uart_dmem_loader/rst_i                            |                2 |              9 |         4.50 |
|  clk_i_IBUF_BUFG | u_soc/u_tx_top/u_huffman_aes_tx_top/u_file_huffman_builder/u_canonical_code_generator/sort_idx[8]_i_1_n_0                              | u_uart_dmem_loader/rst_i                            |                2 |              9 |         4.50 |
|  clk_i_IBUF_BUFG | u_soc/u_tx_top/u_huffman_aes_tx_top/u_file_huffman_builder/u_code_length_builder/active_nodes                                          | u_uart_dmem_loader/rst_i                            |                3 |              9 |         3.00 |
|  clk_i_IBUF_BUFG | u_soc/u_cpu/u_id_stage/FSM_sequential_state_r_reg                                                                                      |                                                     |                3 |             10 |         3.33 |
|  clk_i_IBUF_BUFG | u_soc/u_tx_top/u_huffman_aes_tx_top/u_dynamic_huffman_encoder/u_emit_backend/u_payload_emitter/current_byte_valid_r_i_1_n_0            | u_uart_dmem_loader/rst_i                            |                3 |             10 |         3.33 |
|  clk_i_IBUF_BUFG | u_soc/u_dma_tx_engine/apb_addr_r_reg[4]_13                                                                                             | u_uart_dmem_loader/rst_i                            |                3 |             11 |         3.67 |
|  clk_i_IBUF_BUFG | u_soc/u_tx_top/u_huffman_aes_tx_top/u_dynamic_huffman_encoder/u_control_fsm/FSM_onehot_state[10]_i_1__0_n_0                            | u_uart_dmem_loader/rst_i                            |                2 |             11 |         5.50 |
|  clk_i_IBUF_BUFG | u_soc/u_cpu/u_id_stage/FSM_sequential_state_r_reg                                                                                      | u_soc/u_cpu/u_if_stage/ifid_instruction_r_reg[31]_2 |                2 |             12 |         6.00 |
|  clk_i_IBUF_BUFG | u_soc/u_tx_top/u_huffman_aes_tx_top/u_file_huffman_builder/u_canonical_code_generator/code_len_mem_reg_r1_0_63_0_2_i_4_n_0             |                                                     |                3 |             12 |         4.00 |
|  clk_i_IBUF_BUFG | u_soc/u_tx_top/u_huffman_aes_tx_top/u_file_huffman_builder/u_canonical_code_generator/code_len_mem_reg_r1_128_191_0_2_i_1_n_0          |                                                     |                3 |             12 |         4.00 |
|  clk_i_IBUF_BUFG | u_soc/u_tx_top/u_huffman_aes_tx_top/u_file_huffman_builder/u_canonical_code_generator/code_len_mem_reg_r1_192_255_0_2_i_1_n_0          |                                                     |                3 |             12 |         4.00 |
|  clk_i_IBUF_BUFG | u_soc/u_tx_top/u_huffman_aes_tx_top/u_file_huffman_builder/u_canonical_code_generator/code_len_mem_reg_r1_64_127_0_2_i_1_n_0           |                                                     |                3 |             12 |         4.00 |
|  clk_i_IBUF_BUFG | u_soc/u_tx_top/u_huffman_aes_tx_top/u_file_huffman_builder/u_canonical_code_generator/current_code[12]_i_1_n_0                         | u_uart_dmem_loader/rst_i                            |                2 |             13 |         6.50 |
|  clk_i_IBUF_BUFG | u_soc/u_dma_tx_engine/src_ptr_r[14]_i_1_n_0                                                                                            | u_soc/u_dma_regfile/SR[0]                           |                4 |             14 |         3.50 |
|  clk_i_IBUF_BUFG | u_uart_dmem_loader/u_uart_rx/data_valid_o_reg_0[0]                                                                                     | u_uart_dmem_loader/u_uart_rx/SR[0]                  |                4 |             15 |         3.75 |
|  clk_i_IBUF_BUFG | u_uart_dmem_loader/u_uart_rx/SR[0]                                                                                                     |                                                     |                3 |             15 |         5.00 |
|  clk_i_IBUF_BUFG | u_soc/u_tx_top/u_huffman_aes_tx_top/u_file_huffman_builder/u_symbol_list_builder/symbol_count[8]_i_1_n_0                               | u_uart_dmem_loader/rst_i                            |                5 |             15 |         3.00 |
|  clk_i_IBUF_BUFG | u_soc/u_tx_top/u_huffman_aes_tx_top/u_file_frequency_counter/freq_table[126][15]_i_1_n_0                                               | u_uart_dmem_loader/rst_i                            |                2 |             16 |         8.00 |
|  clk_i_IBUF_BUFG | u_soc/u_tx_top/u_huffman_aes_tx_top/u_file_frequency_counter/freq_table[104][15]_i_1_n_0                                               | u_uart_dmem_loader/rst_i                            |                2 |             16 |         8.00 |
|  clk_i_IBUF_BUFG | u_soc/u_tx_top/u_huffman_aes_tx_top/u_file_frequency_counter/freq_table[102][15]_i_1_n_0                                               | u_uart_dmem_loader/rst_i                            |                2 |             16 |         8.00 |
|  clk_i_IBUF_BUFG | u_soc/u_tx_top/u_huffman_aes_tx_top/u_file_frequency_counter/freq_table[108][15]_i_1_n_0                                               | u_uart_dmem_loader/rst_i                            |                2 |             16 |         8.00 |
|  clk_i_IBUF_BUFG | u_soc/u_tx_top/u_huffman_aes_tx_top/u_file_frequency_counter/freq_table[103][15]_i_1_n_0                                               | u_uart_dmem_loader/rst_i                            |                2 |             16 |         8.00 |
|  clk_i_IBUF_BUFG | u_soc/u_tx_top/u_huffman_aes_tx_top/u_file_frequency_counter/freq_table[109][15]_i_1_n_0                                               | u_uart_dmem_loader/rst_i                            |                2 |             16 |         8.00 |
|  clk_i_IBUF_BUFG | u_soc/u_tx_top/u_huffman_aes_tx_top/u_file_frequency_counter/freq_table[100][15]_i_1_n_0                                               | u_uart_dmem_loader/rst_i                            |                2 |             16 |         8.00 |
|  clk_i_IBUF_BUFG | u_soc/u_tx_top/u_huffman_aes_tx_top/u_file_frequency_counter/freq_table[105][15]_i_1_n_0                                               | u_uart_dmem_loader/rst_i                            |                2 |             16 |         8.00 |
|  clk_i_IBUF_BUFG | u_soc/u_tx_top/u_huffman_aes_tx_top/u_file_frequency_counter/freq_table[117][15]_i_1_n_0                                               | u_uart_dmem_loader/rst_i                            |                2 |             16 |         8.00 |
|  clk_i_IBUF_BUFG | u_soc/u_tx_top/u_huffman_aes_tx_top/u_file_frequency_counter/freq_table[101][15]_i_1_n_0                                               | u_uart_dmem_loader/rst_i                            |                2 |             16 |         8.00 |
|  clk_i_IBUF_BUFG | u_soc/u_tx_top/u_huffman_aes_tx_top/u_file_frequency_counter/freq_table[106][15]_i_1_n_0                                               | u_uart_dmem_loader/rst_i                            |                2 |             16 |         8.00 |
|  clk_i_IBUF_BUFG | u_soc/u_tx_top/u_huffman_aes_tx_top/u_file_frequency_counter/freq_table[118][15]_i_1_n_0                                               | u_uart_dmem_loader/rst_i                            |                2 |             16 |         8.00 |
|  clk_i_IBUF_BUFG | u_soc/u_tx_top/u_huffman_aes_tx_top/u_file_frequency_counter/freq_table[123][15]_i_1_n_0                                               | u_uart_dmem_loader/rst_i                            |                2 |             16 |         8.00 |
|  clk_i_IBUF_BUFG | u_soc/u_tx_top/u_huffman_aes_tx_top/u_file_frequency_counter/freq_table[113][15]_i_1_n_0                                               | u_uart_dmem_loader/rst_i                            |                2 |             16 |         8.00 |
|  clk_i_IBUF_BUFG | u_soc/u_tx_top/u_huffman_aes_tx_top/u_file_frequency_counter/freq_table[116][15]_i_1_n_0                                               | u_uart_dmem_loader/rst_i                            |                2 |             16 |         8.00 |
|  clk_i_IBUF_BUFG | u_soc/u_tx_top/u_huffman_aes_tx_top/u_file_frequency_counter/freq_table[11][15]_i_1_n_0                                                | u_uart_dmem_loader/rst_i                            |                2 |             16 |         8.00 |
|  clk_i_IBUF_BUFG | u_soc/u_tx_top/u_huffman_aes_tx_top/u_file_frequency_counter/freq_table[125][15]_i_1_n_0                                               | u_uart_dmem_loader/rst_i                            |                2 |             16 |         8.00 |
|  clk_i_IBUF_BUFG | u_soc/u_tx_top/u_huffman_aes_tx_top/u_file_frequency_counter/freq_table[10][15]_i_1_n_0                                                | u_uart_dmem_loader/rst_i                            |                2 |             16 |         8.00 |
|  clk_i_IBUF_BUFG | u_soc/u_tx_top/u_huffman_aes_tx_top/u_file_frequency_counter/freq_table[168][15]_i_1_n_0                                               | u_uart_dmem_loader/rst_i                            |                4 |             16 |         4.00 |
|  clk_i_IBUF_BUFG | u_soc/u_tx_top/u_huffman_aes_tx_top/u_file_frequency_counter/freq_table[169][15]_i_1_n_0                                               | u_uart_dmem_loader/rst_i                            |                4 |             16 |         4.00 |
|  clk_i_IBUF_BUFG | u_soc/u_tx_top/u_huffman_aes_tx_top/u_file_frequency_counter/freq_table[145][15]_i_1_n_0                                               | u_uart_dmem_loader/rst_i                            |                4 |             16 |         4.00 |
|  clk_i_IBUF_BUFG | u_soc/u_tx_top/u_huffman_aes_tx_top/u_file_frequency_counter/freq_table[16][15]_i_1_n_0                                                | u_uart_dmem_loader/rst_i                            |                2 |             16 |         8.00 |
|  clk_i_IBUF_BUFG | u_soc/u_tx_top/u_huffman_aes_tx_top/u_file_frequency_counter/freq_table[171][15]_i_1_n_0                                               | u_uart_dmem_loader/rst_i                            |                5 |             16 |         3.20 |
|  clk_i_IBUF_BUFG | u_soc/u_tx_top/u_huffman_aes_tx_top/u_file_frequency_counter/freq_table[172][15]_i_1_n_0                                               | u_uart_dmem_loader/rst_i                            |                4 |             16 |         4.00 |
|  clk_i_IBUF_BUFG | u_soc/u_tx_top/u_huffman_aes_tx_top/u_file_frequency_counter/freq_table[173][15]_i_1_n_0                                               | u_uart_dmem_loader/rst_i                            |                4 |             16 |         4.00 |
|  clk_i_IBUF_BUFG | u_soc/u_tx_top/u_huffman_aes_tx_top/u_file_frequency_counter/freq_table[140][15]_i_1_n_0                                               | u_uart_dmem_loader/rst_i                            |                6 |             16 |         2.67 |
|  clk_i_IBUF_BUFG | u_soc/u_tx_top/u_huffman_aes_tx_top/u_file_frequency_counter/freq_table[165][15]_i_1_n_0                                               | u_uart_dmem_loader/rst_i                            |                7 |             16 |         2.29 |
|  clk_i_IBUF_BUFG | u_soc/u_tx_top/u_huffman_aes_tx_top/u_file_frequency_counter/freq_table[154][15]_i_1_n_0                                               | u_uart_dmem_loader/rst_i                            |                3 |             16 |         5.33 |
|  clk_i_IBUF_BUFG | u_soc/u_tx_top/u_huffman_aes_tx_top/u_file_frequency_counter/freq_table[12][15]_i_1_n_0                                                | u_uart_dmem_loader/rst_i                            |                2 |             16 |         8.00 |
|  clk_i_IBUF_BUFG | u_soc/u_tx_top/u_huffman_aes_tx_top/u_file_frequency_counter/freq_table[149][15]_i_1_n_0                                               | u_uart_dmem_loader/rst_i                            |                5 |             16 |         3.20 |
|  clk_i_IBUF_BUFG | u_soc/u_tx_top/u_huffman_aes_tx_top/u_file_frequency_counter/freq_table[166][15]_i_1_n_0                                               | u_uart_dmem_loader/rst_i                            |                6 |             16 |         2.67 |
|  clk_i_IBUF_BUFG | u_soc/u_tx_top/u_huffman_aes_tx_top/u_file_frequency_counter/freq_table[142][15]_i_1_n_0                                               | u_uart_dmem_loader/rst_i                            |                4 |             16 |         4.00 |
|  clk_i_IBUF_BUFG | u_soc/u_tx_top/u_huffman_aes_tx_top/u_file_frequency_counter/freq_table[170][15]_i_1_n_0                                               | u_uart_dmem_loader/rst_i                            |                4 |             16 |         4.00 |
|  clk_i_IBUF_BUFG | u_soc/u_tx_top/u_huffman_aes_tx_top/u_file_frequency_counter/freq_table[174][15]_i_1_n_0                                               | u_uart_dmem_loader/rst_i                            |                4 |             16 |         4.00 |
|  clk_i_IBUF_BUFG | u_soc/u_tx_top/u_huffman_aes_tx_top/u_file_frequency_counter/freq_table[178][15]_i_1_n_0                                               | u_uart_dmem_loader/rst_i                            |                5 |             16 |         3.20 |
|  clk_i_IBUF_BUFG | u_soc/u_tx_top/u_huffman_aes_tx_top/u_file_frequency_counter/freq_table[133][15]_i_1_n_0                                               | u_uart_dmem_loader/rst_i                            |                4 |             16 |         4.00 |
|  clk_i_IBUF_BUFG | u_soc/u_tx_top/u_huffman_aes_tx_top/u_file_frequency_counter/freq_table[139][15]_i_1_n_0                                               | u_uart_dmem_loader/rst_i                            |                4 |             16 |         4.00 |
|  clk_i_IBUF_BUFG | u_soc/u_tx_top/u_huffman_aes_tx_top/u_file_frequency_counter/freq_table[161][15]_i_1_n_0                                               | u_uart_dmem_loader/rst_i                            |                5 |             16 |         3.20 |
|  clk_i_IBUF_BUFG | u_soc/u_tx_top/u_huffman_aes_tx_top/u_file_frequency_counter/freq_table[177][15]_i_1_n_0                                               | u_uart_dmem_loader/rst_i                            |                4 |             16 |         4.00 |
|  clk_i_IBUF_BUFG | u_soc/u_tx_top/u_huffman_aes_tx_top/u_file_frequency_counter/freq_table[163][15]_i_1_n_0                                               | u_uart_dmem_loader/rst_i                            |                5 |             16 |         3.20 |
|  clk_i_IBUF_BUFG | u_soc/u_tx_top/u_huffman_aes_tx_top/u_file_frequency_counter/freq_table[144][15]_i_1_n_0                                               | u_uart_dmem_loader/rst_i                            |                4 |             16 |         4.00 |
|  clk_i_IBUF_BUFG | u_soc/u_tx_top/u_huffman_aes_tx_top/u_file_frequency_counter/freq_table[135][15]_i_1_n_0                                               | u_uart_dmem_loader/rst_i                            |                4 |             16 |         4.00 |
|  clk_i_IBUF_BUFG | u_soc/u_tx_top/u_huffman_aes_tx_top/u_file_frequency_counter/freq_table[175][15]_i_1_n_0                                               | u_uart_dmem_loader/rst_i                            |                4 |             16 |         4.00 |
|  clk_i_IBUF_BUFG | u_soc/u_tx_top/u_huffman_aes_tx_top/u_file_frequency_counter/freq_table[176][15]_i_1_n_0                                               | u_uart_dmem_loader/rst_i                            |                4 |             16 |         4.00 |
|  clk_i_IBUF_BUFG | u_soc/u_tx_top/u_huffman_aes_tx_top/u_file_frequency_counter/freq_table[132][15]_i_1_n_0                                               | u_uart_dmem_loader/rst_i                            |                5 |             16 |         3.20 |
|  clk_i_IBUF_BUFG | u_soc/u_tx_top/u_huffman_aes_tx_top/u_file_frequency_counter/freq_table[157][15]_i_1_n_0                                               | u_uart_dmem_loader/rst_i                            |                6 |             16 |         2.67 |
|  clk_i_IBUF_BUFG | u_soc/u_tx_top/u_huffman_aes_tx_top/u_file_frequency_counter/freq_table[141][15]_i_1_n_0                                               | u_uart_dmem_loader/rst_i                            |                5 |             16 |         3.20 |
|  clk_i_IBUF_BUFG | u_soc/u_tx_top/u_huffman_aes_tx_top/u_file_frequency_counter/freq_table[131][15]_i_1_n_0                                               | u_uart_dmem_loader/rst_i                            |                4 |             16 |         4.00 |
|  clk_i_IBUF_BUFG | u_soc/u_tx_top/u_huffman_aes_tx_top/u_file_frequency_counter/freq_table[143][15]_i_1_n_0                                               | u_uart_dmem_loader/rst_i                            |                5 |             16 |         3.20 |
|  clk_i_IBUF_BUFG | u_soc/u_tx_top/u_huffman_aes_tx_top/u_file_frequency_counter/freq_table[146][15]_i_1_n_0                                               | u_uart_dmem_loader/rst_i                            |                4 |             16 |         4.00 |
|  clk_i_IBUF_BUFG | u_soc/u_tx_top/u_huffman_aes_tx_top/u_file_frequency_counter/freq_table[148][15]_i_1_n_0                                               | u_uart_dmem_loader/rst_i                            |                5 |             16 |         3.20 |
|  clk_i_IBUF_BUFG | u_soc/u_tx_top/u_huffman_aes_tx_top/u_file_frequency_counter/freq_table[130][15]_i_1_n_0                                               | u_uart_dmem_loader/rst_i                            |                3 |             16 |         5.33 |
|  clk_i_IBUF_BUFG | u_soc/u_tx_top/u_huffman_aes_tx_top/u_file_frequency_counter/freq_table[129][15]_i_1_n_0                                               | u_uart_dmem_loader/rst_i                            |                3 |             16 |         5.33 |
|  clk_i_IBUF_BUFG | u_soc/u_tx_top/u_huffman_aes_tx_top/u_file_frequency_counter/freq_table[150][15]_i_1_n_0                                               | u_uart_dmem_loader/rst_i                            |                5 |             16 |         3.20 |
|  clk_i_IBUF_BUFG | u_soc/u_tx_top/u_huffman_aes_tx_top/u_file_frequency_counter/freq_table[136][15]_i_1_n_0                                               | u_uart_dmem_loader/rst_i                            |                3 |             16 |         5.33 |
|  clk_i_IBUF_BUFG | u_soc/u_tx_top/u_huffman_aes_tx_top/u_file_frequency_counter/freq_table[153][15]_i_1_n_0                                               | u_uart_dmem_loader/rst_i                            |                4 |             16 |         4.00 |
|  clk_i_IBUF_BUFG | u_soc/u_tx_top/u_huffman_aes_tx_top/u_file_frequency_counter/freq_table[134][15]_i_1_n_0                                               | u_uart_dmem_loader/rst_i                            |                5 |             16 |         3.20 |
|  clk_i_IBUF_BUFG | u_soc/u_tx_top/u_huffman_aes_tx_top/u_file_frequency_counter/freq_table[13][15]_i_1_n_0                                                | u_uart_dmem_loader/rst_i                            |                2 |             16 |         8.00 |
|  clk_i_IBUF_BUFG | u_soc/u_tx_top/u_huffman_aes_tx_top/u_file_frequency_counter/freq_table[156][15]_i_1_n_0                                               | u_uart_dmem_loader/rst_i                            |                5 |             16 |         3.20 |
|  clk_i_IBUF_BUFG | u_soc/u_tx_top/u_huffman_aes_tx_top/u_file_frequency_counter/freq_table[138][15]_i_1_n_0                                               | u_uart_dmem_loader/rst_i                            |                5 |             16 |         3.20 |
|  clk_i_IBUF_BUFG | u_soc/u_tx_top/u_huffman_aes_tx_top/u_file_frequency_counter/freq_table[147][15]_i_1_n_0                                               | u_uart_dmem_loader/rst_i                            |                4 |             16 |         4.00 |
|  clk_i_IBUF_BUFG | u_soc/u_tx_top/u_huffman_aes_tx_top/u_file_frequency_counter/freq_table[14][15]_i_1_n_0                                                | u_uart_dmem_loader/rst_i                            |                2 |             16 |         8.00 |
|  clk_i_IBUF_BUFG | u_soc/u_tx_top/u_huffman_aes_tx_top/u_file_frequency_counter/freq_table[151][15]_i_1_n_0                                               | u_uart_dmem_loader/rst_i                            |                5 |             16 |         3.20 |
|  clk_i_IBUF_BUFG | u_soc/u_tx_top/u_huffman_aes_tx_top/u_file_frequency_counter/freq_table[155][15]_i_1_n_0                                               | u_uart_dmem_loader/rst_i                            |                4 |             16 |         4.00 |
|  clk_i_IBUF_BUFG | u_soc/u_tx_top/u_huffman_aes_tx_top/u_file_frequency_counter/freq_table[158][15]_i_1_n_0                                               | u_uart_dmem_loader/rst_i                            |                4 |             16 |         4.00 |
|  clk_i_IBUF_BUFG | u_soc/u_tx_top/u_huffman_aes_tx_top/u_file_frequency_counter/freq_table[159][15]_i_1_n_0                                               | u_uart_dmem_loader/rst_i                            |                5 |             16 |         3.20 |
|  clk_i_IBUF_BUFG | u_soc/u_tx_top/u_huffman_aes_tx_top/u_file_frequency_counter/freq_table[15][15]_i_1_n_0                                                | u_uart_dmem_loader/rst_i                            |                2 |             16 |         8.00 |
|  clk_i_IBUF_BUFG | u_soc/u_tx_top/u_huffman_aes_tx_top/u_file_frequency_counter/freq_table[160][15]_i_1_n_0                                               | u_uart_dmem_loader/rst_i                            |                4 |             16 |         4.00 |
|  clk_i_IBUF_BUFG | u_soc/u_tx_top/u_huffman_aes_tx_top/u_file_frequency_counter/freq_table[137][15]_i_1_n_0                                               | u_uart_dmem_loader/rst_i                            |                4 |             16 |         4.00 |
|  clk_i_IBUF_BUFG | u_soc/u_tx_top/u_huffman_aes_tx_top/u_file_frequency_counter/freq_table[152][15]_i_1_n_0                                               | u_uart_dmem_loader/rst_i                            |                4 |             16 |         4.00 |
|  clk_i_IBUF_BUFG | u_soc/u_tx_top/u_huffman_aes_tx_top/u_file_frequency_counter/freq_table[162][15]_i_1_n_0                                               | u_uart_dmem_loader/rst_i                            |                4 |             16 |         4.00 |
|  clk_i_IBUF_BUFG | u_soc/u_tx_top/u_huffman_aes_tx_top/u_file_frequency_counter/freq_table[164][15]_i_1_n_0                                               | u_uart_dmem_loader/rst_i                            |                4 |             16 |         4.00 |
|  clk_i_IBUF_BUFG | u_soc/u_tx_top/u_huffman_aes_tx_top/u_file_frequency_counter/freq_table[167][15]_i_1_n_0                                               | u_uart_dmem_loader/rst_i                            |                4 |             16 |         4.00 |
|  clk_i_IBUF_BUFG | u_soc/u_tx_top/u_huffman_aes_tx_top/u_file_frequency_counter/freq_table[195][15]_i_1_n_0                                               | u_uart_dmem_loader/rst_i                            |                4 |             16 |         4.00 |
|  clk_i_IBUF_BUFG | u_soc/u_tx_top/u_huffman_aes_tx_top/u_file_frequency_counter/freq_table[196][15]_i_1_n_0                                               | u_uart_dmem_loader/rst_i                            |                5 |             16 |         3.20 |
|  clk_i_IBUF_BUFG | u_soc/u_tx_top/u_huffman_aes_tx_top/u_file_frequency_counter/freq_table[197][15]_i_1_n_0                                               | u_uart_dmem_loader/rst_i                            |                3 |             16 |         5.33 |
|  clk_i_IBUF_BUFG | u_soc/u_tx_top/u_huffman_aes_tx_top/u_file_frequency_counter/freq_table[204][15]_i_1_n_0                                               | u_uart_dmem_loader/rst_i                            |                2 |             16 |         8.00 |
|  clk_i_IBUF_BUFG | u_soc/u_tx_top/u_huffman_aes_tx_top/u_file_frequency_counter/freq_table[17][15]_i_1_n_0                                                | u_uart_dmem_loader/rst_i                            |                2 |             16 |         8.00 |
|  clk_i_IBUF_BUFG | u_soc/u_tx_top/u_huffman_aes_tx_top/u_file_frequency_counter/freq_table[191][15]_i_1_n_0                                               | u_uart_dmem_loader/rst_i                            |                5 |             16 |         3.20 |
|  clk_i_IBUF_BUFG | u_soc/u_tx_top/u_huffman_aes_tx_top/u_file_frequency_counter/freq_table[211][15]_i_1_n_0                                               | u_uart_dmem_loader/rst_i                            |                4 |             16 |         4.00 |
|  clk_i_IBUF_BUFG | u_soc/u_tx_top/u_huffman_aes_tx_top/u_file_frequency_counter/freq_table[212][15]_i_1_n_0                                               | u_uart_dmem_loader/rst_i                            |                4 |             16 |         4.00 |
|  clk_i_IBUF_BUFG | u_soc/u_tx_top/u_huffman_aes_tx_top/u_file_frequency_counter/freq_table[183][15]_i_1_n_0                                               | u_uart_dmem_loader/rst_i                            |                5 |             16 |         3.20 |
|  clk_i_IBUF_BUFG | u_soc/u_tx_top/u_huffman_aes_tx_top/u_file_frequency_counter/freq_table[185][15]_i_1_n_0                                               | u_uart_dmem_loader/rst_i                            |                5 |             16 |         3.20 |
|  clk_i_IBUF_BUFG | u_soc/u_tx_top/u_huffman_aes_tx_top/u_file_frequency_counter/freq_table[213][15]_i_1_n_0                                               | u_uart_dmem_loader/rst_i                            |                4 |             16 |         4.00 |
|  clk_i_IBUF_BUFG | u_soc/u_tx_top/u_huffman_aes_tx_top/u_file_frequency_counter/freq_table[180][15]_i_1_n_0                                               | u_uart_dmem_loader/rst_i                            |                4 |             16 |         4.00 |
|  clk_i_IBUF_BUFG | u_soc/u_tx_top/u_huffman_aes_tx_top/u_file_frequency_counter/freq_table[189][15]_i_1_n_0                                               | u_uart_dmem_loader/rst_i                            |                4 |             16 |         4.00 |
|  clk_i_IBUF_BUFG | u_soc/u_tx_top/u_huffman_aes_tx_top/u_file_frequency_counter/freq_table[209][15]_i_1_n_0                                               | u_uart_dmem_loader/rst_i                            |                3 |             16 |         5.33 |
|  clk_i_IBUF_BUFG | u_soc/u_tx_top/u_huffman_aes_tx_top/u_file_frequency_counter/freq_table[210][15]_i_1_n_0                                               | u_uart_dmem_loader/rst_i                            |                5 |             16 |         3.20 |
|  clk_i_IBUF_BUFG | u_soc/u_tx_top/u_huffman_aes_tx_top/u_file_frequency_counter/freq_table[214][15]_i_1_n_0                                               | u_uart_dmem_loader/rst_i                            |                3 |             16 |         5.33 |
|  clk_i_IBUF_BUFG | u_soc/u_tx_top/u_huffman_aes_tx_top/u_file_frequency_counter/freq_table[215][15]_i_1_n_0                                               | u_uart_dmem_loader/rst_i                            |                6 |             16 |         2.67 |
|  clk_i_IBUF_BUFG | u_soc/u_tx_top/u_huffman_aes_tx_top/u_file_frequency_counter/freq_table[216][15]_i_1_n_0                                               | u_uart_dmem_loader/rst_i                            |                5 |             16 |         3.20 |
|  clk_i_IBUF_BUFG | u_soc/u_tx_top/u_huffman_aes_tx_top/u_file_frequency_counter/freq_table[194][15]_i_1_n_0                                               | u_uart_dmem_loader/rst_i                            |                3 |             16 |         5.33 |
|  clk_i_IBUF_BUFG | u_soc/u_tx_top/u_huffman_aes_tx_top/u_file_frequency_counter/freq_table[199][15]_i_1_n_0                                               | u_uart_dmem_loader/rst_i                            |                3 |             16 |         5.33 |
|  clk_i_IBUF_BUFG | u_soc/u_tx_top/u_huffman_aes_tx_top/u_file_frequency_counter/freq_table[233][15]_i_1_n_0                                               | u_uart_dmem_loader/rst_i                            |                4 |             16 |         4.00 |
|  clk_i_IBUF_BUFG | u_soc/u_tx_top/u_huffman_aes_tx_top/u_file_frequency_counter/freq_table[253][15]_i_1_n_0                                               | u_uart_dmem_loader/rst_i                            |                4 |             16 |         4.00 |
|  clk_i_IBUF_BUFG | u_soc/u_tx_top/u_huffman_aes_tx_top/u_file_frequency_counter/freq_table[32][15]_i_1_n_0                                                | u_uart_dmem_loader/rst_i                            |                2 |             16 |         8.00 |
|  clk_i_IBUF_BUFG | u_soc/u_tx_top/u_huffman_aes_tx_top/u_file_frequency_counter/freq_table[2][15]_i_1_n_0                                                 | u_uart_dmem_loader/rst_i                            |                3 |             16 |         5.33 |
|  clk_i_IBUF_BUFG | u_soc/u_tx_top/u_huffman_aes_tx_top/u_file_frequency_counter/freq_table[31][15]_i_1_n_0                                                | u_uart_dmem_loader/rst_i                            |                2 |             16 |         8.00 |
|  clk_i_IBUF_BUFG | u_soc/u_tx_top/u_huffman_aes_tx_top/u_file_frequency_counter/freq_table[29][15]_i_1_n_0                                                | u_uart_dmem_loader/rst_i                            |                2 |             16 |         8.00 |
|  clk_i_IBUF_BUFG | u_soc/u_tx_top/u_huffman_aes_tx_top/u_file_frequency_counter/freq_table[255][15]_i_1_n_0                                               | u_uart_dmem_loader/rst_i                            |                5 |             16 |         3.20 |
|  clk_i_IBUF_BUFG | u_soc/u_tx_top/u_huffman_aes_tx_top/u_file_frequency_counter/freq_table[243][15]_i_1_n_0                                               | u_uart_dmem_loader/rst_i                            |                5 |             16 |         3.20 |
|  clk_i_IBUF_BUFG | u_soc/u_tx_top/u_huffman_aes_tx_top/u_file_frequency_counter/freq_table[23][15]_i_1_n_0                                                | u_uart_dmem_loader/rst_i                            |                2 |             16 |         8.00 |
|  clk_i_IBUF_BUFG | u_soc/u_tx_top/u_huffman_aes_tx_top/u_file_frequency_counter/freq_table[235][15]_i_1_n_0                                               | u_uart_dmem_loader/rst_i                            |                3 |             16 |         5.33 |
|  clk_i_IBUF_BUFG | u_soc/u_tx_top/u_huffman_aes_tx_top/u_file_frequency_counter/freq_table[223][15]_i_1_n_0                                               | u_uart_dmem_loader/rst_i                            |                4 |             16 |         4.00 |
|  clk_i_IBUF_BUFG | u_soc/u_tx_top/u_huffman_aes_tx_top/u_file_frequency_counter/freq_table[9][15]_i_1_n_0                                                 | u_uart_dmem_loader/rst_i                            |                2 |             16 |         8.00 |
|  clk_i_IBUF_BUFG | u_soc/u_tx_top/u_huffman_aes_tx_top/u_file_frequency_counter/freq_table[27][15]_i_1_n_0                                                | u_uart_dmem_loader/rst_i                            |                2 |             16 |         8.00 |
|  clk_i_IBUF_BUFG | u_soc/u_tx_top/u_huffman_aes_tx_top/u_file_frequency_counter/freq_table[242][15]_i_1_n_0                                               | u_uart_dmem_loader/rst_i                            |                5 |             16 |         3.20 |
|  clk_i_IBUF_BUFG | u_soc/u_tx_top/u_huffman_aes_tx_top/u_file_frequency_counter/freq_table[93][15]_i_1_n_0                                                | u_uart_dmem_loader/rst_i                            |                2 |             16 |         8.00 |
|  clk_i_IBUF_BUFG | u_soc/u_tx_top/u_huffman_aes_tx_top/u_file_frequency_counter/freq_table[96][15]_i_1_n_0                                                | u_uart_dmem_loader/rst_i                            |                3 |             16 |         5.33 |
|  clk_i_IBUF_BUFG | u_soc/u_tx_top/u_huffman_aes_tx_top/u_file_frequency_counter/freq_table[234][15]_i_1_n_0                                               | u_uart_dmem_loader/rst_i                            |                3 |             16 |         5.33 |
|  clk_i_IBUF_BUFG | u_soc/u_tx_top/u_huffman_aes_tx_top/u_file_frequency_counter/freq_table[99][15]_i_1_n_0                                                | u_uart_dmem_loader/rst_i                            |                2 |             16 |         8.00 |
|  clk_i_IBUF_BUFG | u_soc/u_tx_top/u_huffman_aes_tx_top/u_file_frequency_counter/freq_table[94][15]_i_1_n_0                                                | u_uart_dmem_loader/rst_i                            |                2 |             16 |         8.00 |
|  clk_i_IBUF_BUFG | u_soc/u_tx_top/u_huffman_aes_tx_top/u_file_frequency_counter/freq_table[92][15]_i_1_n_0                                                | u_uart_dmem_loader/rst_i                            |                3 |             16 |         5.33 |
|  clk_i_IBUF_BUFG | u_soc/u_tx_top/u_huffman_aes_tx_top/u_file_frequency_counter/freq_table[229][15]_i_1_n_0                                               | u_uart_dmem_loader/rst_i                            |                4 |             16 |         4.00 |
|  clk_i_IBUF_BUFG | u_uart_dmem_loader/u_uart_rx/baud_cnt_r_0                                                                                              | u_uart_dmem_loader/u_uart_rx/SR[0]                  |                3 |             16 |         5.33 |
|  clk_i_IBUF_BUFG | u_soc/u_tx_top/u_huffman_aes_tx_top/u_file_frequency_counter/freq_table[22][15]_i_1_n_0                                                | u_uart_dmem_loader/rst_i                            |                2 |             16 |         8.00 |
|  clk_i_IBUF_BUFG | u_soc/u_tx_top/u_huffman_aes_tx_top/u_file_frequency_counter/freq_table[251][15]_i_1_n_0                                               | u_uart_dmem_loader/rst_i                            |                4 |             16 |         4.00 |
|  clk_i_IBUF_BUFG | u_soc/u_tx_top/u_huffman_aes_tx_top/u_file_frequency_counter/freq_table[30][15]_i_1_n_0                                                | u_uart_dmem_loader/rst_i                            |                2 |             16 |         8.00 |
|  clk_i_IBUF_BUFG | u_soc/u_tx_top/u_huffman_aes_tx_top/u_file_frequency_counter/freq_table[26][15]_i_1_n_0                                                | u_uart_dmem_loader/rst_i                            |                2 |             16 |         8.00 |
|  clk_i_IBUF_BUFG | u_soc/u_tx_top/u_huffman_aes_tx_top/u_file_frequency_counter/freq_table[219][15]_i_1_n_0                                               | u_uart_dmem_loader/rst_i                            |                4 |             16 |         4.00 |
|  clk_i_IBUF_BUFG | u_soc/u_tx_top/u_huffman_aes_tx_top/u_file_frequency_counter/freq_table[252][15]_i_1_n_0                                               | u_uart_dmem_loader/rst_i                            |                5 |             16 |         3.20 |
|  clk_i_IBUF_BUFG | u_soc/u_tx_top/u_huffman_aes_tx_top/u_file_frequency_counter/freq_table[184][15]_i_1_n_0                                               | u_uart_dmem_loader/rst_i                            |                4 |             16 |         4.00 |
|  clk_i_IBUF_BUFG | u_soc/u_tx_top/u_huffman_aes_tx_top/u_file_frequency_counter/freq_table[186][15]_i_1_n_0                                               | u_uart_dmem_loader/rst_i                            |                4 |             16 |         4.00 |
|  clk_i_IBUF_BUFG | u_soc/u_tx_top/u_huffman_aes_tx_top/u_file_frequency_counter/freq_table[198][15]_i_1_n_0                                               | u_uart_dmem_loader/rst_i                            |                2 |             16 |         8.00 |
|  clk_i_IBUF_BUFG | u_soc/u_tx_top/u_huffman_aes_tx_top/u_file_frequency_counter/freq_table[111][15]_i_1_n_0                                               | u_uart_dmem_loader/rst_i                            |                2 |             16 |         8.00 |
|  clk_i_IBUF_BUFG | u_soc/u_tx_top/u_huffman_aes_tx_top/u_file_frequency_counter/freq_table[20][15]_i_1_n_0                                                | u_uart_dmem_loader/rst_i                            |                2 |             16 |         8.00 |
|  clk_i_IBUF_BUFG | u_soc/u_tx_top/u_huffman_aes_tx_top/u_file_frequency_counter/freq_table[208][15]_i_1_n_0                                               | u_uart_dmem_loader/rst_i                            |                4 |             16 |         4.00 |
|  clk_i_IBUF_BUFG | u_soc/u_tx_top/u_huffman_aes_tx_top/u_file_frequency_counter/freq_table[203][15]_i_1_n_0                                               | u_uart_dmem_loader/rst_i                            |                3 |             16 |         5.33 |
|  clk_i_IBUF_BUFG | u_soc/u_tx_top/u_huffman_aes_tx_top/u_file_frequency_counter/freq_table[182][15]_i_1_n_0                                               | u_uart_dmem_loader/rst_i                            |                4 |             16 |         4.00 |
|  clk_i_IBUF_BUFG | u_soc/u_tx_top/u_huffman_aes_tx_top/u_file_frequency_counter/freq_table[207][15]_i_1_n_0                                               | u_uart_dmem_loader/rst_i                            |                3 |             16 |         5.33 |
|  clk_i_IBUF_BUFG | u_soc/u_tx_top/u_huffman_aes_tx_top/u_file_frequency_counter/freq_table[206][15]_i_1_n_0                                               | u_uart_dmem_loader/rst_i                            |                3 |             16 |         5.33 |
|  clk_i_IBUF_BUFG | u_soc/u_tx_top/u_huffman_aes_tx_top/u_file_frequency_counter/freq_table[112][15]_i_1_n_0                                               | u_uart_dmem_loader/rst_i                            |                2 |             16 |         8.00 |
|  clk_i_IBUF_BUFG | u_soc/u_tx_top/u_huffman_aes_tx_top/u_file_frequency_counter/freq_table[95][15]_i_1_n_0                                                | u_uart_dmem_loader/rst_i                            |                2 |             16 |         8.00 |
|  clk_i_IBUF_BUFG | u_soc/u_tx_top/u_huffman_aes_tx_top/u_file_frequency_counter/freq_table[179][15]_i_1_n_0                                               | u_uart_dmem_loader/rst_i                            |                4 |             16 |         4.00 |
|  clk_i_IBUF_BUFG | u_soc/u_tx_top/u_huffman_aes_tx_top/u_file_frequency_counter/freq_table[181][15]_i_1_n_0                                               | u_uart_dmem_loader/rst_i                            |                7 |             16 |         2.29 |
|  clk_i_IBUF_BUFG | u_soc/u_tx_top/u_huffman_aes_tx_top/u_file_frequency_counter/freq_table[200][15]_i_1_n_0                                               | u_uart_dmem_loader/rst_i                            |                3 |             16 |         5.33 |
|  clk_i_IBUF_BUFG | u_soc/u_tx_top/u_huffman_aes_tx_top/u_file_frequency_counter/freq_table[192][15]_i_1_n_0                                               | u_uart_dmem_loader/rst_i                            |                3 |             16 |         5.33 |
|  clk_i_IBUF_BUFG | u_soc/u_tx_top/u_huffman_aes_tx_top/u_file_frequency_counter/freq_table[119][15]_i_1_n_0                                               | u_uart_dmem_loader/rst_i                            |                2 |             16 |         8.00 |
|  clk_i_IBUF_BUFG | u_soc/u_tx_top/u_huffman_aes_tx_top/u_file_frequency_counter/freq_table[98][15]_i_1_n_0                                                | u_uart_dmem_loader/rst_i                            |                2 |             16 |         8.00 |
|  clk_i_IBUF_BUFG | u_soc/u_tx_top/u_huffman_aes_tx_top/u_file_frequency_counter/freq_table[18][15]_i_1_n_0                                                | u_uart_dmem_loader/rst_i                            |                2 |             16 |         8.00 |
|  clk_i_IBUF_BUFG | u_soc/u_tx_top/u_huffman_aes_tx_top/u_file_frequency_counter/freq_table[190][15]_i_1_n_0                                               | u_uart_dmem_loader/rst_i                            |                4 |             16 |         4.00 |
|  clk_i_IBUF_BUFG | u_soc/u_tx_top/u_huffman_aes_tx_top/u_file_frequency_counter/freq_table[205][15]_i_1_n_0                                               | u_uart_dmem_loader/rst_i                            |                3 |             16 |         5.33 |
|  clk_i_IBUF_BUFG | u_soc/u_tx_top/u_huffman_aes_tx_top/u_file_frequency_counter/freq_table[0][15]_i_1_n_0                                                 | u_uart_dmem_loader/rst_i                            |                2 |             16 |         8.00 |
|  clk_i_IBUF_BUFG | u_soc/u_tx_top/u_huffman_aes_tx_top/u_file_frequency_counter/freq_table[122][15]_i_1_n_0                                               | u_uart_dmem_loader/rst_i                            |                2 |             16 |         8.00 |
|  clk_i_IBUF_BUFG | u_soc/u_tx_top/u_huffman_aes_tx_top/u_file_frequency_counter/freq_table[97][15]_i_1_n_0                                                | u_uart_dmem_loader/rst_i                            |                2 |             16 |         8.00 |
|  clk_i_IBUF_BUFG | u_soc/u_tx_top/u_huffman_aes_tx_top/u_file_frequency_counter/freq_table[193][15]_i_1_n_0                                               | u_uart_dmem_loader/rst_i                            |                3 |             16 |         5.33 |
|  clk_i_IBUF_BUFG | u_soc/u_tx_top/u_huffman_aes_tx_top/u_file_frequency_counter/freq_table[202][15]_i_1_n_0                                               | u_uart_dmem_loader/rst_i                            |                3 |             16 |         5.33 |
|  clk_i_IBUF_BUFG | u_soc/u_tx_top/u_huffman_aes_tx_top/u_file_frequency_counter/freq_table[187][15]_i_1_n_0                                               | u_uart_dmem_loader/rst_i                            |                4 |             16 |         4.00 |
|  clk_i_IBUF_BUFG | u_soc/u_tx_top/u_huffman_aes_tx_top/u_file_frequency_counter/freq_table[110][15]_i_1_n_0                                               | u_uart_dmem_loader/rst_i                            |                2 |             16 |         8.00 |
|  clk_i_IBUF_BUFG | u_soc/u_tx_top/u_huffman_aes_tx_top/u_file_frequency_counter/freq_table[121][15]_i_1_n_0                                               | u_uart_dmem_loader/rst_i                            |                2 |             16 |         8.00 |
|  clk_i_IBUF_BUFG | u_soc/u_tx_top/u_huffman_aes_tx_top/u_file_frequency_counter/freq_table[124][15]_i_1_n_0                                               | u_uart_dmem_loader/rst_i                            |                2 |             16 |         8.00 |
|  clk_i_IBUF_BUFG | u_soc/u_tx_top/u_huffman_aes_tx_top/u_file_frequency_counter/freq_table[128][15]_i_1_n_0                                               | u_uart_dmem_loader/rst_i                            |                4 |             16 |         4.00 |
|  clk_i_IBUF_BUFG | u_soc/u_tx_top/u_huffman_aes_tx_top/u_file_frequency_counter/freq_table[188][15]_i_1_n_0                                               | u_uart_dmem_loader/rst_i                            |                4 |             16 |         4.00 |
|  clk_i_IBUF_BUFG | u_soc/u_tx_top/u_huffman_aes_tx_top/u_file_frequency_counter/freq_table[120][15]_i_1_n_0                                               | u_uart_dmem_loader/rst_i                            |                2 |             16 |         8.00 |
|  clk_i_IBUF_BUFG | u_soc/u_tx_top/u_huffman_aes_tx_top/u_file_huffman_builder/u_code_length_builder/load_freq_count_r__0                                  | u_uart_dmem_loader/rst_i                            |                3 |             16 |         5.33 |
|  clk_i_IBUF_BUFG | u_soc/u_tx_top/u_huffman_aes_tx_top/u_file_frequency_counter/freq_table[91][15]_i_1_n_0                                                | u_uart_dmem_loader/rst_i                            |                2 |             16 |         8.00 |
|  clk_i_IBUF_BUFG | u_soc/u_tx_top/u_huffman_aes_tx_top/u_file_frequency_counter/freq_table[201][15]_i_1_n_0                                               | u_uart_dmem_loader/rst_i                            |                3 |             16 |         5.33 |
|  clk_i_IBUF_BUFG | u_soc/u_tx_top/u_huffman_aes_tx_top/u_file_frequency_counter/freq_table[114][15]_i_1_n_0                                               | u_uart_dmem_loader/rst_i                            |                2 |             16 |         8.00 |
|  clk_i_IBUF_BUFG | u_soc/u_tx_top/u_huffman_aes_tx_top/u_file_frequency_counter/freq_table[115][15]_i_1_n_0                                               | u_uart_dmem_loader/rst_i                            |                3 |             16 |         5.33 |
|  clk_i_IBUF_BUFG | u_soc/u_tx_top/u_huffman_aes_tx_top/u_file_frequency_counter/freq_table[90][15]_i_1_n_0                                                | u_uart_dmem_loader/rst_i                            |                2 |             16 |         8.00 |
|  clk_i_IBUF_BUFG | u_soc/u_tx_top/u_huffman_aes_tx_top/u_file_frequency_counter/freq_table[73][15]_i_1_n_0                                                | u_uart_dmem_loader/rst_i                            |                2 |             16 |         8.00 |
|  clk_i_IBUF_BUFG | u_soc/u_tx_top/u_huffman_aes_tx_top/u_file_frequency_counter/freq_table[79][15]_i_1_n_0                                                | u_uart_dmem_loader/rst_i                            |                2 |             16 |         8.00 |
|  clk_i_IBUF_BUFG | u_soc/u_tx_top/u_huffman_aes_tx_top/u_file_frequency_counter/freq_table[77][15]_i_1_n_0                                                | u_uart_dmem_loader/rst_i                            |                2 |             16 |         8.00 |
|  clk_i_IBUF_BUFG | u_soc/u_tx_top/u_huffman_aes_tx_top/u_file_frequency_counter/freq_table[6][15]_i_1_n_0                                                 | u_uart_dmem_loader/rst_i                            |                2 |             16 |         8.00 |
|  clk_i_IBUF_BUFG | u_soc/u_tx_top/u_huffman_aes_tx_top/u_file_frequency_counter/freq_table[67][15]_i_1_n_0                                                | u_uart_dmem_loader/rst_i                            |                2 |             16 |         8.00 |
|  clk_i_IBUF_BUFG | u_soc/u_tx_top/u_huffman_aes_tx_top/u_file_frequency_counter/freq_table[76][15]_i_1_n_0                                                | u_uart_dmem_loader/rst_i                            |                2 |             16 |         8.00 |
|  clk_i_IBUF_BUFG | u_soc/u_tx_top/u_huffman_aes_tx_top/u_file_frequency_counter/freq_table[78][15]_i_1_n_0                                                | u_uart_dmem_loader/rst_i                            |                2 |             16 |         8.00 |
|  clk_i_IBUF_BUFG | u_soc/u_tx_top/u_huffman_aes_tx_top/u_file_frequency_counter/freq_table[87][15]_i_1_n_0                                                | u_uart_dmem_loader/rst_i                            |                2 |             16 |         8.00 |
|  clk_i_IBUF_BUFG | u_soc/u_tx_top/u_huffman_aes_tx_top/u_file_frequency_counter/freq_table[86][15]_i_1_n_0                                                | u_uart_dmem_loader/rst_i                            |                2 |             16 |         8.00 |
|  clk_i_IBUF_BUFG | u_soc/u_tx_top/u_huffman_aes_tx_top/u_file_frequency_counter/freq_table[81][15]_i_1_n_0                                                | u_uart_dmem_loader/rst_i                            |                2 |             16 |         8.00 |
|  clk_i_IBUF_BUFG | u_soc/u_tx_top/u_huffman_aes_tx_top/u_file_frequency_counter/freq_table[74][15]_i_1_n_0                                                | u_uart_dmem_loader/rst_i                            |                2 |             16 |         8.00 |
|  clk_i_IBUF_BUFG | u_soc/u_tx_top/u_huffman_aes_tx_top/u_file_frequency_counter/freq_table[75][15]_i_1_n_0                                                | u_uart_dmem_loader/rst_i                            |                2 |             16 |         8.00 |
|  clk_i_IBUF_BUFG | u_soc/u_tx_top/u_huffman_aes_tx_top/u_file_frequency_counter/freq_table[69][15]_i_1_n_0                                                | u_uart_dmem_loader/rst_i                            |                2 |             16 |         8.00 |
|  clk_i_IBUF_BUFG | u_soc/u_tx_top/u_huffman_aes_tx_top/u_file_frequency_counter/freq_table[8][15]_i_1_n_0                                                 | u_uart_dmem_loader/rst_i                            |                2 |             16 |         8.00 |
|  clk_i_IBUF_BUFG | u_soc/u_tx_top/u_huffman_aes_tx_top/u_file_frequency_counter/freq_table[84][15]_i_1_n_0                                                | u_uart_dmem_loader/rst_i                            |                2 |             16 |         8.00 |
|  clk_i_IBUF_BUFG | u_soc/u_tx_top/u_huffman_aes_tx_top/u_file_frequency_counter/freq_table[89][15]_i_1_n_0                                                | u_uart_dmem_loader/rst_i                            |                2 |             16 |         8.00 |
|  clk_i_IBUF_BUFG | u_soc/u_tx_top/u_huffman_aes_tx_top/u_file_frequency_counter/freq_table[88][15]_i_1_n_0                                                | u_uart_dmem_loader/rst_i                            |                2 |             16 |         8.00 |
|  clk_i_IBUF_BUFG | u_soc/u_tx_top/u_huffman_aes_tx_top/u_file_frequency_counter/freq_table[82][15]_i_1_n_0                                                | u_uart_dmem_loader/rst_i                            |                2 |             16 |         8.00 |
|  clk_i_IBUF_BUFG | u_soc/u_tx_top/u_huffman_aes_tx_top/u_file_frequency_counter/freq_table[71][15]_i_1_n_0                                                | u_uart_dmem_loader/rst_i                            |                2 |             16 |         8.00 |
|  clk_i_IBUF_BUFG | u_soc/u_tx_top/u_huffman_aes_tx_top/u_file_frequency_counter/freq_table[70][15]_i_1_n_0                                                | u_uart_dmem_loader/rst_i                            |                2 |             16 |         8.00 |
|  clk_i_IBUF_BUFG | u_soc/u_tx_top/u_huffman_aes_tx_top/u_file_frequency_counter/freq_table[72][15]_i_1_n_0                                                | u_uart_dmem_loader/rst_i                            |                2 |             16 |         8.00 |
|  clk_i_IBUF_BUFG | u_soc/u_tx_top/u_huffman_aes_tx_top/u_file_frequency_counter/freq_table[68][15]_i_1_n_0                                                | u_uart_dmem_loader/rst_i                            |                2 |             16 |         8.00 |
|  clk_i_IBUF_BUFG | u_soc/u_tx_top/u_huffman_aes_tx_top/u_file_frequency_counter/freq_table[64][15]_i_1_n_0                                                | u_uart_dmem_loader/rst_i                            |                2 |             16 |         8.00 |
|  clk_i_IBUF_BUFG | u_soc/u_tx_top/u_huffman_aes_tx_top/u_file_frequency_counter/freq_table[65][15]_i_1_n_0                                                | u_uart_dmem_loader/rst_i                            |                2 |             16 |         8.00 |
|  clk_i_IBUF_BUFG | u_soc/u_tx_top/u_huffman_aes_tx_top/u_file_frequency_counter/freq_table[63][15]_i_1_n_0                                                | u_uart_dmem_loader/rst_i                            |                2 |             16 |         8.00 |
|  clk_i_IBUF_BUFG | u_soc/u_tx_top/u_huffman_aes_tx_top/u_file_frequency_counter/freq_table[85][15]_i_1_n_0                                                | u_uart_dmem_loader/rst_i                            |                2 |             16 |         8.00 |
|  clk_i_IBUF_BUFG | u_soc/u_tx_top/u_huffman_aes_tx_top/u_file_frequency_counter/freq_table[66][15]_i_1_n_0                                                | u_uart_dmem_loader/rst_i                            |                2 |             16 |         8.00 |
|  clk_i_IBUF_BUFG | u_soc/u_tx_top/u_huffman_aes_tx_top/u_file_frequency_counter/freq_table[127][15]_i_1_n_0                                               | u_uart_dmem_loader/rst_i                            |                2 |             16 |         8.00 |
|  clk_i_IBUF_BUFG | u_soc/u_tx_top/u_huffman_aes_tx_top/u_file_frequency_counter/freq_table[83][15]_i_1_n_0                                                | u_uart_dmem_loader/rst_i                            |                2 |             16 |         8.00 |
|  clk_i_IBUF_BUFG | u_soc/u_tx_top/u_huffman_aes_tx_top/u_file_frequency_counter/freq_table[107][15]_i_1_n_0                                               | u_uart_dmem_loader/rst_i                            |                2 |             16 |         8.00 |
|  clk_i_IBUF_BUFG | u_soc/u_tx_top/u_huffman_aes_tx_top/u_file_frequency_counter/freq_table[80][15]_i_1_n_0                                                | u_uart_dmem_loader/rst_i                            |                2 |             16 |         8.00 |
|  clk_i_IBUF_BUFG | u_soc/u_tx_top/u_huffman_aes_tx_top/u_file_frequency_counter/freq_table[7][15]_i_1_n_0                                                 | u_uart_dmem_loader/rst_i                            |                2 |             16 |         8.00 |
|  clk_i_IBUF_BUFG | u_soc/u_tx_top/u_huffman_aes_tx_top/u_file_frequency_counter/freq_table[5][15]_i_1_n_0                                                 | u_uart_dmem_loader/rst_i                            |                2 |             16 |         8.00 |
|  clk_i_IBUF_BUFG | u_soc/u_tx_top/u_huffman_aes_tx_top/u_file_frequency_counter/freq_table[56][15]_i_1_n_0                                                | u_uart_dmem_loader/rst_i                            |                2 |             16 |         8.00 |
|  clk_i_IBUF_BUFG | u_soc/u_tx_top/u_huffman_aes_tx_top/u_file_frequency_counter/freq_table[58][15]_i_1_n_0                                                | u_uart_dmem_loader/rst_i                            |                2 |             16 |         8.00 |
|  clk_i_IBUF_BUFG | u_soc/u_tx_top/u_huffman_aes_tx_top/u_file_frequency_counter/freq_table[57][15]_i_1_n_0                                                | u_uart_dmem_loader/rst_i                            |                3 |             16 |         5.33 |
|  clk_i_IBUF_BUFG | u_soc/u_tx_top/u_huffman_aes_tx_top/u_file_frequency_counter/freq_table[55][15]_i_1_n_0                                                | u_uart_dmem_loader/rst_i                            |                2 |             16 |         8.00 |
|  clk_i_IBUF_BUFG | u_soc/u_tx_top/u_huffman_aes_tx_top/u_file_frequency_counter/freq_table[54][15]_i_1_n_0                                                | u_uart_dmem_loader/rst_i                            |                2 |             16 |         8.00 |
|  clk_i_IBUF_BUFG | u_soc/u_tx_top/u_huffman_aes_tx_top/u_file_frequency_counter/freq_table[53][15]_i_1_n_0                                                | u_uart_dmem_loader/rst_i                            |                2 |             16 |         8.00 |
|  clk_i_IBUF_BUFG | u_soc/u_tx_top/u_huffman_aes_tx_top/u_file_frequency_counter/freq_table[50][15]_i_1_n_0                                                | u_uart_dmem_loader/rst_i                            |                2 |             16 |         8.00 |
|  clk_i_IBUF_BUFG | u_soc/u_tx_top/u_huffman_aes_tx_top/u_file_frequency_counter/freq_table[4][15]_i_1_n_0                                                 | u_uart_dmem_loader/rst_i                            |                2 |             16 |         8.00 |
|  clk_i_IBUF_BUFG | u_soc/u_tx_top/u_huffman_aes_tx_top/u_file_frequency_counter/freq_table[49][15]_i_1_n_0                                                | u_uart_dmem_loader/rst_i                            |                2 |             16 |         8.00 |
|  clk_i_IBUF_BUFG | u_soc/u_tx_top/u_huffman_aes_tx_top/u_file_frequency_counter/freq_table[48][15]_i_1_n_0                                                | u_uart_dmem_loader/rst_i                            |                2 |             16 |         8.00 |
|  clk_i_IBUF_BUFG | u_soc/u_tx_top/u_huffman_aes_tx_top/u_file_frequency_counter/freq_table[47][15]_i_1_n_0                                                | u_uart_dmem_loader/rst_i                            |                2 |             16 |         8.00 |
|  clk_i_IBUF_BUFG | u_soc/u_tx_top/u_huffman_aes_tx_top/u_file_frequency_counter/freq_table[39][15]_i_1_n_0                                                | u_uart_dmem_loader/rst_i                            |                2 |             16 |         8.00 |
|  clk_i_IBUF_BUFG | u_soc/u_tx_top/u_huffman_aes_tx_top/u_file_frequency_counter/freq_table[34][15]_i_1_n_0                                                | u_uart_dmem_loader/rst_i                            |                3 |             16 |         5.33 |
|  clk_i_IBUF_BUFG | u_soc/u_tx_top/u_huffman_aes_tx_top/u_file_frequency_counter/freq_table[35][15]_i_1_n_0                                                | u_uart_dmem_loader/rst_i                            |                3 |             16 |         5.33 |
|  clk_i_IBUF_BUFG | u_soc/u_tx_top/u_huffman_aes_tx_top/u_file_frequency_counter/freq_table[46][15]_i_1_n_0                                                | u_uart_dmem_loader/rst_i                            |                2 |             16 |         8.00 |
|  clk_i_IBUF_BUFG | u_soc/u_tx_top/u_huffman_aes_tx_top/u_file_frequency_counter/freq_table[42][15]_i_1_n_0                                                | u_uart_dmem_loader/rst_i                            |                2 |             16 |         8.00 |
|  clk_i_IBUF_BUFG | u_soc/u_tx_top/u_huffman_aes_tx_top/u_file_frequency_counter/freq_table[41][15]_i_1_n_0                                                | u_uart_dmem_loader/rst_i                            |                2 |             16 |         8.00 |
|  clk_i_IBUF_BUFG | u_soc/u_tx_top/u_huffman_aes_tx_top/u_file_frequency_counter/freq_table[45][15]_i_1_n_0                                                | u_uart_dmem_loader/rst_i                            |                2 |             16 |         8.00 |
|  clk_i_IBUF_BUFG | u_soc/u_tx_top/u_huffman_aes_tx_top/u_file_frequency_counter/freq_table[38][15]_i_1_n_0                                                | u_uart_dmem_loader/rst_i                            |                2 |             16 |         8.00 |
|  clk_i_IBUF_BUFG | u_soc/u_tx_top/u_huffman_aes_tx_top/u_file_frequency_counter/freq_table[33][15]_i_1_n_0                                                | u_uart_dmem_loader/rst_i                            |                2 |             16 |         8.00 |
|  clk_i_IBUF_BUFG | u_soc/u_tx_top/u_huffman_aes_tx_top/u_file_frequency_counter/freq_table[61][15]_i_1_n_0                                                | u_uart_dmem_loader/rst_i                            |                2 |             16 |         8.00 |
|  clk_i_IBUF_BUFG | u_soc/u_tx_top/u_huffman_aes_tx_top/u_file_frequency_counter/freq_table[36][15]_i_1_n_0                                                | u_uart_dmem_loader/rst_i                            |                2 |             16 |         8.00 |
|  clk_i_IBUF_BUFG | u_soc/u_tx_top/u_huffman_aes_tx_top/u_file_frequency_counter/freq_table[51][15]_i_1_n_0                                                | u_uart_dmem_loader/rst_i                            |                2 |             16 |         8.00 |
|  clk_i_IBUF_BUFG | u_soc/u_tx_top/u_huffman_aes_tx_top/u_file_frequency_counter/freq_table[40][15]_i_1_n_0                                                | u_uart_dmem_loader/rst_i                            |                2 |             16 |         8.00 |
|  clk_i_IBUF_BUFG | u_soc/u_tx_top/u_huffman_aes_tx_top/u_file_frequency_counter/freq_table[44][15]_i_1_n_0                                                | u_uart_dmem_loader/rst_i                            |                2 |             16 |         8.00 |
|  clk_i_IBUF_BUFG | u_soc/u_tx_top/u_huffman_aes_tx_top/u_file_frequency_counter/freq_table[43][15]_i_1_n_0                                                | u_uart_dmem_loader/rst_i                            |                2 |             16 |         8.00 |
|  clk_i_IBUF_BUFG | u_soc/u_tx_top/u_huffman_aes_tx_top/u_file_frequency_counter/freq_table[3][15]_i_1_n_0                                                 | u_uart_dmem_loader/rst_i                            |                2 |             16 |         8.00 |
|  clk_i_IBUF_BUFG | u_soc/u_tx_top/u_huffman_aes_tx_top/u_file_frequency_counter/freq_table[52][15]_i_1_n_0                                                | u_uart_dmem_loader/rst_i                            |                2 |             16 |         8.00 |
|  clk_i_IBUF_BUFG | u_soc/u_tx_top/u_huffman_aes_tx_top/u_file_frequency_counter/freq_table[37][15]_i_1_n_0                                                | u_uart_dmem_loader/rst_i                            |                2 |             16 |         8.00 |
|  clk_i_IBUF_BUFG | u_soc/u_tx_top/u_huffman_aes_tx_top/u_file_frequency_counter/freq_table[59][15]_i_1_n_0                                                | u_uart_dmem_loader/rst_i                            |                2 |             16 |         8.00 |
|  clk_i_IBUF_BUFG | u_soc/u_tx_top/u_huffman_aes_tx_top/u_file_frequency_counter/freq_table[62][15]_i_1_n_0                                                | u_uart_dmem_loader/rst_i                            |                3 |             16 |         5.33 |
|  clk_i_IBUF_BUFG | u_soc/u_tx_top/u_huffman_aes_tx_top/u_file_frequency_counter/freq_table[231][15]_i_1_n_0                                               | u_uart_dmem_loader/rst_i                            |                4 |             16 |         4.00 |
|  clk_i_IBUF_BUFG | u_soc/u_tx_top/u_huffman_aes_tx_top/u_file_frequency_counter/freq_table[238][15]_i_1_n_0                                               | u_uart_dmem_loader/rst_i                            |                5 |             16 |         3.20 |
|  clk_i_IBUF_BUFG | u_soc/u_tx_top/u_huffman_aes_tx_top/u_file_frequency_counter/freq_table[21][15]_i_1_n_0                                                | u_uart_dmem_loader/rst_i                            |                2 |             16 |         8.00 |
|  clk_i_IBUF_BUFG | u_soc/u_tx_top/u_huffman_aes_tx_top/u_file_frequency_counter/freq_table[220][15]_i_1_n_0                                               | u_uart_dmem_loader/rst_i                            |                4 |             16 |         4.00 |
|  clk_i_IBUF_BUFG | u_soc/u_tx_top/u_huffman_aes_tx_top/u_file_frequency_counter/freq_table[250][15]_i_1_n_0                                               | u_uart_dmem_loader/rst_i                            |                4 |             16 |         4.00 |
|  clk_i_IBUF_BUFG | u_soc/u_tx_top/u_huffman_aes_tx_top/u_file_frequency_counter/freq_table[225][15]_i_1_n_0                                               | u_uart_dmem_loader/rst_i                            |                4 |             16 |         4.00 |
|  clk_i_IBUF_BUFG | u_soc/u_tx_top/u_huffman_aes_tx_top/u_file_frequency_counter/freq_table[244][15]_i_1_n_0                                               | u_uart_dmem_loader/rst_i                            |                4 |             16 |         4.00 |
|  clk_i_IBUF_BUFG | u_soc/u_tx_top/u_huffman_aes_tx_top/u_file_frequency_counter/freq_table[236][15]_i_1_n_0                                               | u_uart_dmem_loader/rst_i                            |                3 |             16 |         5.33 |
|  clk_i_IBUF_BUFG | u_soc/u_tx_top/u_huffman_aes_tx_top/u_file_frequency_counter/freq_table[28][15]_i_1_n_0                                                | u_uart_dmem_loader/rst_i                            |                2 |             16 |         8.00 |
|  clk_i_IBUF_BUFG | u_soc/u_tx_top/u_huffman_aes_tx_top/u_file_frequency_counter/freq_table[25][15]_i_1_n_0                                                | u_uart_dmem_loader/rst_i                            |                2 |             16 |         8.00 |
|  clk_i_IBUF_BUFG | u_soc/u_tx_top/u_huffman_aes_tx_top/u_file_frequency_counter/freq_table[230][15]_i_1_n_0                                               | u_uart_dmem_loader/rst_i                            |                3 |             16 |         5.33 |
|  clk_i_IBUF_BUFG | u_soc/u_tx_top/u_huffman_aes_tx_top/u_file_frequency_counter/freq_table[224][15]_i_1_n_0                                               | u_uart_dmem_loader/rst_i                            |                3 |             16 |         5.33 |
|  clk_i_IBUF_BUFG | u_soc/u_tx_top/u_huffman_aes_tx_top/u_file_frequency_counter/freq_table[254][15]_i_1_n_0                                               | u_uart_dmem_loader/rst_i                            |                4 |             16 |         4.00 |
|  clk_i_IBUF_BUFG | u_soc/u_tx_top/u_huffman_aes_tx_top/u_file_frequency_counter/freq_table[24][15]_i_1_n_0                                                | u_uart_dmem_loader/rst_i                            |                2 |             16 |         8.00 |
|  clk_i_IBUF_BUFG | u_soc/u_tx_top/u_huffman_aes_tx_top/u_file_frequency_counter/freq_table[249][15]_i_1_n_0                                               | u_uart_dmem_loader/rst_i                            |                5 |             16 |         3.20 |
|  clk_i_IBUF_BUFG | u_soc/u_tx_top/u_huffman_aes_tx_top/u_file_frequency_counter/freq_table[248][15]_i_1_n_0                                               | u_uart_dmem_loader/rst_i                            |                4 |             16 |         4.00 |
|  clk_i_IBUF_BUFG | u_soc/u_tx_top/u_huffman_aes_tx_top/u_file_frequency_counter/freq_table[245][15]_i_1_n_0                                               | u_uart_dmem_loader/rst_i                            |                4 |             16 |         4.00 |
|  clk_i_IBUF_BUFG | u_soc/u_tx_top/u_huffman_aes_tx_top/u_file_frequency_counter/freq_table[240][15]_i_1_n_0                                               | u_uart_dmem_loader/rst_i                            |                6 |             16 |         2.67 |
|  clk_i_IBUF_BUFG | u_soc/u_tx_top/u_huffman_aes_tx_top/u_file_frequency_counter/freq_table[226][15]_i_1_n_0                                               | u_uart_dmem_loader/rst_i                            |                3 |             16 |         5.33 |
|  clk_i_IBUF_BUFG | u_soc/u_tx_top/u_huffman_aes_tx_top/u_file_frequency_counter/freq_table[228][15]_i_1_n_0                                               | u_uart_dmem_loader/rst_i                            |                4 |             16 |         4.00 |
|  clk_i_IBUF_BUFG | u_soc/u_tx_top/u_huffman_aes_tx_top/u_file_frequency_counter/freq_table[227][15]_i_1_n_0                                               | u_uart_dmem_loader/rst_i                            |                4 |             16 |         4.00 |
|  clk_i_IBUF_BUFG | u_soc/u_tx_top/u_huffman_aes_tx_top/u_file_frequency_counter/freq_table[239][15]_i_1_n_0                                               | u_uart_dmem_loader/rst_i                            |                4 |             16 |         4.00 |
|  clk_i_IBUF_BUFG | u_soc/u_tx_top/u_huffman_aes_tx_top/u_file_frequency_counter/freq_table[237][15]_i_1_n_0                                               | u_uart_dmem_loader/rst_i                            |                4 |             16 |         4.00 |
|  clk_i_IBUF_BUFG | u_soc/u_tx_top/u_huffman_aes_tx_top/u_file_frequency_counter/freq_table[232][15]_i_1_n_0                                               | u_uart_dmem_loader/rst_i                            |                4 |             16 |         4.00 |
|  clk_i_IBUF_BUFG | u_soc/u_tx_top/u_huffman_aes_tx_top/u_file_frequency_counter/freq_table[221][15]_i_1_n_0                                               | u_uart_dmem_loader/rst_i                            |                4 |             16 |         4.00 |
|  clk_i_IBUF_BUFG | u_soc/u_tx_top/u_huffman_aes_tx_top/u_file_frequency_counter/freq_table[217][15]_i_1_n_0                                               | u_uart_dmem_loader/rst_i                            |                3 |             16 |         5.33 |
|  clk_i_IBUF_BUFG | u_soc/u_tx_top/u_huffman_aes_tx_top/u_file_frequency_counter/freq_table[222][15]_i_1_n_0                                               | u_uart_dmem_loader/rst_i                            |                3 |             16 |         5.33 |
|  clk_i_IBUF_BUFG | u_soc/u_tx_top/u_huffman_aes_tx_top/u_file_frequency_counter/freq_table[218][15]_i_1_n_0                                               | u_uart_dmem_loader/rst_i                            |                4 |             16 |         4.00 |
|  clk_i_IBUF_BUFG | u_soc/u_tx_top/u_huffman_aes_tx_top/u_file_frequency_counter/freq_table[247][15]_i_1_n_0                                               | u_uart_dmem_loader/rst_i                            |                4 |             16 |         4.00 |
|  clk_i_IBUF_BUFG | u_soc/u_tx_top/u_huffman_aes_tx_top/u_file_frequency_counter/freq_table[246][15]_i_1_n_0                                               | u_uart_dmem_loader/rst_i                            |                4 |             16 |         4.00 |
|  clk_i_IBUF_BUFG | u_soc/u_tx_top/u_huffman_aes_tx_top/u_file_frequency_counter/freq_table[1][15]_i_1_n_0                                                 | u_uart_dmem_loader/rst_i                            |                2 |             16 |         8.00 |
|  clk_i_IBUF_BUFG | u_soc/u_tx_top/u_huffman_aes_tx_top/u_file_frequency_counter/freq_table[241][15]_i_1_n_0                                               | u_uart_dmem_loader/rst_i                            |                4 |             16 |         4.00 |
|  clk_i_IBUF_BUFG | u_soc/u_tx_top/u_huffman_aes_tx_top/u_file_frequency_counter/freq_table[19][15]_i_1_n_0                                                | u_uart_dmem_loader/rst_i                            |                2 |             16 |         8.00 |
|  clk_i_IBUF_BUFG | u_soc/u_tx_top/u_huffman_aes_tx_top/u_file_frequency_counter/freq_table[60][15]_i_1_n_0                                                | u_uart_dmem_loader/rst_i                            |                2 |             16 |         8.00 |
|  clk_i_IBUF_BUFG | u_soc/u_tx_top/u_huffman_aes_tx_top/u_dynamic_huffman_encoder/u_emit_backend/u_payload_emitter/current_code_len_r[4]_i_1_n_0           | u_uart_dmem_loader/rst_i                            |                5 |             17 |         3.40 |
|  clk_i_IBUF_BUFG | u_soc/u_tx_top/u_huffman_aes_tx_top/u_dynamic_huffman_encoder/u_emit_backend/u_payload_emitter/payload_data[12]_i_1_n_0                | u_uart_dmem_loader/rst_i                            |                3 |             17 |         5.67 |
|  clk_i_IBUF_BUFG | u_soc/u_tx_top/u_huffman_aes_tx_top/u_file_huffman_builder/u_code_length_builder/leaf_node_index[28][8]_i_1_n_0                        |                                                     |                5 |             17 |         3.40 |
|  clk_i_IBUF_BUFG | u_soc/u_tx_top/u_huffman_aes_tx_top/u_file_huffman_builder/u_code_length_builder/leaf_node_index[104][8]_i_1_n_0                       |                                                     |                4 |             17 |         4.25 |
|  clk_i_IBUF_BUFG | u_soc/u_tx_top/u_huffman_aes_tx_top/u_file_huffman_builder/u_code_length_builder/leaf_node_index[107][8]_i_1_n_0                       |                                                     |                4 |             17 |         4.25 |
|  clk_i_IBUF_BUFG | u_soc/u_tx_top/u_huffman_aes_tx_top/u_file_huffman_builder/u_code_length_builder/leaf_node_index[105][8]_i_1_n_0                       |                                                     |                7 |             17 |         2.43 |
|  clk_i_IBUF_BUFG | u_soc/u_tx_top/u_huffman_aes_tx_top/u_file_huffman_builder/u_code_length_builder/leaf_node_index[109][8]_i_1_n_0                       |                                                     |                3 |             17 |         5.67 |
|  clk_i_IBUF_BUFG | u_soc/u_tx_top/u_huffman_aes_tx_top/u_file_huffman_builder/u_code_length_builder/leaf_node_index[0][8]_i_1_n_0                         |                                                     |                5 |             17 |         3.40 |
|  clk_i_IBUF_BUFG | u_soc/u_tx_top/u_huffman_aes_tx_top/u_file_huffman_builder/u_code_length_builder/leaf_node_index[101][8]_i_1_n_0                       |                                                     |                6 |             17 |         2.83 |
|  clk_i_IBUF_BUFG | u_soc/u_tx_top/u_huffman_aes_tx_top/u_file_huffman_builder/u_code_length_builder/leaf_node_index[102][8]_i_1_n_0                       |                                                     |                3 |             17 |         5.67 |
|  clk_i_IBUF_BUFG | u_soc/u_tx_top/u_huffman_aes_tx_top/u_file_huffman_builder/u_code_length_builder/leaf_node_index[10][8]_i_1_n_0                        |                                                     |                4 |             17 |         4.25 |
|  clk_i_IBUF_BUFG | u_soc/u_tx_top/u_huffman_aes_tx_top/u_file_huffman_builder/u_code_length_builder/leaf_node_index[110][8]_i_1_n_0                       |                                                     |                3 |             17 |         5.67 |
|  clk_i_IBUF_BUFG | u_soc/u_tx_top/u_huffman_aes_tx_top/u_file_huffman_builder/u_code_length_builder/leaf_node_index[100][8]_i_1_n_0                       |                                                     |                3 |             17 |         5.67 |
|  clk_i_IBUF_BUFG | u_soc/u_tx_top/u_huffman_aes_tx_top/u_file_huffman_builder/u_code_length_builder/leaf_node_index[103][8]_i_1_n_0                       |                                                     |                5 |             17 |         3.40 |
|  clk_i_IBUF_BUFG | u_soc/u_tx_top/u_huffman_aes_tx_top/u_file_huffman_builder/u_code_length_builder/leaf_node_index[106][8]_i_1_n_0                       |                                                     |                4 |             17 |         4.25 |
|  clk_i_IBUF_BUFG | u_soc/u_tx_top/u_huffman_aes_tx_top/u_file_huffman_builder/u_code_length_builder/leaf_node_index[108][8]_i_1_n_0                       |                                                     |                4 |             17 |         4.25 |
|  clk_i_IBUF_BUFG | u_soc/u_tx_top/u_huffman_aes_tx_top/u_file_huffman_builder/u_code_length_builder/leaf_node_index[156][8]_i_1_n_0                       |                                                     |                3 |             17 |         5.67 |
|  clk_i_IBUF_BUFG | u_soc/u_tx_top/u_huffman_aes_tx_top/u_file_huffman_builder/u_code_length_builder/leaf_node_index[157][8]_i_1_n_0                       |                                                     |                3 |             17 |         5.67 |
|  clk_i_IBUF_BUFG | u_soc/u_tx_top/u_huffman_aes_tx_top/u_file_huffman_builder/u_code_length_builder/leaf_node_index[119][8]_i_1_n_0                       |                                                     |                3 |             17 |         5.67 |
|  clk_i_IBUF_BUFG | u_soc/u_tx_top/u_huffman_aes_tx_top/u_file_huffman_builder/u_code_length_builder/leaf_node_index[123][8]_i_1_n_0                       |                                                     |                4 |             17 |         4.25 |
|  clk_i_IBUF_BUFG | u_soc/u_tx_top/u_huffman_aes_tx_top/u_file_huffman_builder/u_code_length_builder/leaf_node_index[145][8]_i_1_n_0                       |                                                     |                4 |             17 |         4.25 |
|  clk_i_IBUF_BUFG | u_soc/u_tx_top/u_huffman_aes_tx_top/u_file_huffman_builder/u_code_length_builder/leaf_node_index[125][8]_i_1_n_0                       |                                                     |                3 |             17 |         5.67 |
|  clk_i_IBUF_BUFG | u_soc/u_tx_top/u_huffman_aes_tx_top/u_file_huffman_builder/u_code_length_builder/leaf_node_index[127][8]_i_1_n_0                       |                                                     |                3 |             17 |         5.67 |
|  clk_i_IBUF_BUFG | u_soc/u_tx_top/u_huffman_aes_tx_top/u_file_huffman_builder/u_code_length_builder/leaf_node_index[138][8]_i_1_n_0                       |                                                     |                3 |             17 |         5.67 |
|  clk_i_IBUF_BUFG | u_soc/u_tx_top/u_huffman_aes_tx_top/u_file_huffman_builder/u_code_length_builder/leaf_node_index[149][8]_i_1_n_0                       |                                                     |                3 |             17 |         5.67 |
|  clk_i_IBUF_BUFG | u_soc/u_tx_top/u_huffman_aes_tx_top/u_file_huffman_builder/u_code_length_builder/leaf_node_index[152][8]_i_1_n_0                       |                                                     |                3 |             17 |         5.67 |
|  clk_i_IBUF_BUFG | u_soc/u_tx_top/u_huffman_aes_tx_top/u_file_huffman_builder/u_code_length_builder/leaf_node_index[136][8]_i_1_n_0                       |                                                     |                6 |             17 |         2.83 |
|  clk_i_IBUF_BUFG | u_soc/u_tx_top/u_huffman_aes_tx_top/u_file_huffman_builder/u_code_length_builder/leaf_node_index[130][8]_i_1_n_0                       |                                                     |                3 |             17 |         5.67 |
|  clk_i_IBUF_BUFG | u_soc/u_tx_top/u_huffman_aes_tx_top/u_file_huffman_builder/u_code_length_builder/leaf_node_index[154][8]_i_1_n_0                       |                                                     |                5 |             17 |         3.40 |
|  clk_i_IBUF_BUFG | u_soc/u_tx_top/u_huffman_aes_tx_top/u_file_huffman_builder/u_code_length_builder/leaf_node_index[155][8]_i_1_n_0                       |                                                     |                5 |             17 |         3.40 |
|  clk_i_IBUF_BUFG | u_soc/u_tx_top/u_huffman_aes_tx_top/u_file_huffman_builder/u_code_length_builder/leaf_node_index[118][8]_i_1_n_0                       |                                                     |                3 |             17 |         5.67 |
|  clk_i_IBUF_BUFG | u_soc/u_tx_top/u_huffman_aes_tx_top/u_file_huffman_builder/u_code_length_builder/leaf_node_index[111][8]_i_1_n_0                       |                                                     |                4 |             17 |         4.25 |
|  clk_i_IBUF_BUFG | u_soc/u_tx_top/u_huffman_aes_tx_top/u_file_huffman_builder/u_code_length_builder/leaf_node_index[122][8]_i_1_n_0                       |                                                     |                4 |             17 |         4.25 |
|  clk_i_IBUF_BUFG | u_soc/u_tx_top/u_huffman_aes_tx_top/u_file_huffman_builder/u_code_length_builder/leaf_node_index[12][8]_i_1_n_0                        |                                                     |                4 |             17 |         4.25 |
|  clk_i_IBUF_BUFG | u_soc/u_tx_top/u_huffman_aes_tx_top/u_file_huffman_builder/u_code_length_builder/leaf_node_index[112][8]_i_1_n_0                       |                                                     |                4 |             17 |         4.25 |
|  clk_i_IBUF_BUFG | u_soc/u_tx_top/u_huffman_aes_tx_top/u_file_huffman_builder/u_code_length_builder/leaf_node_index[144][8]_i_1_n_0                       |                                                     |                3 |             17 |         5.67 |
|  clk_i_IBUF_BUFG | u_soc/u_tx_top/u_huffman_aes_tx_top/u_file_huffman_builder/u_code_length_builder/leaf_node_index[153][8]_i_1_n_0                       |                                                     |                3 |             17 |         5.67 |
|  clk_i_IBUF_BUFG | u_soc/u_tx_top/u_huffman_aes_tx_top/u_file_huffman_builder/u_code_length_builder/leaf_node_index[158][8]_i_1_n_0                       |                                                     |                4 |             17 |         4.25 |
|  clk_i_IBUF_BUFG | u_soc/u_tx_top/u_huffman_aes_tx_top/u_file_huffman_builder/u_code_length_builder/leaf_node_index[131][8]_i_1_n_0                       |                                                     |                3 |             17 |         5.67 |
|  clk_i_IBUF_BUFG | u_soc/u_tx_top/u_huffman_aes_tx_top/u_file_huffman_builder/u_code_length_builder/leaf_node_index[133][8]_i_1_n_0                       |                                                     |                4 |             17 |         4.25 |
|  clk_i_IBUF_BUFG | u_soc/u_tx_top/u_huffman_aes_tx_top/u_file_huffman_builder/u_code_length_builder/leaf_node_index[159][8]_i_1_n_0                       |                                                     |                4 |             17 |         4.25 |
|  clk_i_IBUF_BUFG | u_soc/u_tx_top/u_huffman_aes_tx_top/u_file_huffman_builder/u_code_length_builder/leaf_node_index[137][8]_i_1_n_0                       |                                                     |                3 |             17 |         5.67 |
|  clk_i_IBUF_BUFG | u_soc/u_tx_top/u_huffman_aes_tx_top/u_file_huffman_builder/u_code_length_builder/leaf_node_index[11][8]_i_1_n_0                        |                                                     |                4 |             17 |         4.25 |
|  clk_i_IBUF_BUFG | u_soc/u_tx_top/u_huffman_aes_tx_top/u_file_huffman_builder/u_code_length_builder/leaf_node_index[124][8]_i_1_n_0                       |                                                     |                3 |             17 |         5.67 |
|  clk_i_IBUF_BUFG | u_soc/u_tx_top/u_huffman_aes_tx_top/u_file_huffman_builder/u_code_length_builder/leaf_node_index[13][8]_i_1_n_0                        |                                                     |                4 |             17 |         4.25 |
|  clk_i_IBUF_BUFG | u_soc/u_tx_top/u_huffman_aes_tx_top/u_file_huffman_builder/u_code_length_builder/leaf_node_index[141][8]_i_1_n_0                       |                                                     |                3 |             17 |         5.67 |
|  clk_i_IBUF_BUFG | u_soc/u_tx_top/u_huffman_aes_tx_top/u_file_huffman_builder/u_code_length_builder/leaf_node_index[128][8]_i_1_n_0                       |                                                     |                4 |             17 |         4.25 |
|  clk_i_IBUF_BUFG | u_soc/u_tx_top/u_huffman_aes_tx_top/u_file_huffman_builder/u_code_length_builder/leaf_node_index[146][8]_i_1_n_0                       |                                                     |                4 |             17 |         4.25 |
|  clk_i_IBUF_BUFG | u_soc/u_tx_top/u_huffman_aes_tx_top/u_file_huffman_builder/u_code_length_builder/leaf_node_index[135][8]_i_1_n_0                       |                                                     |                4 |             17 |         4.25 |
|  clk_i_IBUF_BUFG | u_soc/u_tx_top/u_huffman_aes_tx_top/u_file_huffman_builder/u_code_length_builder/leaf_node_index[132][8]_i_1_n_0                       |                                                     |                4 |             17 |         4.25 |
|  clk_i_IBUF_BUFG | u_soc/u_tx_top/u_huffman_aes_tx_top/u_file_huffman_builder/u_code_length_builder/leaf_node_index[134][8]_i_1_n_0                       |                                                     |                4 |             17 |         4.25 |
|  clk_i_IBUF_BUFG | u_soc/u_tx_top/u_huffman_aes_tx_top/u_file_huffman_builder/u_code_length_builder/leaf_node_index[116][8]_i_1_n_0                       |                                                     |                3 |             17 |         5.67 |
|  clk_i_IBUF_BUFG | u_soc/u_tx_top/u_huffman_aes_tx_top/u_file_huffman_builder/u_code_length_builder/leaf_node_index[117][8]_i_1_n_0                       |                                                     |                4 |             17 |         4.25 |
|  clk_i_IBUF_BUFG | u_soc/u_tx_top/u_huffman_aes_tx_top/u_file_huffman_builder/u_code_length_builder/leaf_node_index[120][8]_i_1_n_0                       |                                                     |                3 |             17 |         5.67 |
|  clk_i_IBUF_BUFG | u_soc/u_tx_top/u_huffman_aes_tx_top/u_file_huffman_builder/u_code_length_builder/leaf_node_index[121][8]_i_1_n_0                       |                                                     |                3 |             17 |         5.67 |
|  clk_i_IBUF_BUFG | u_soc/u_tx_top/u_huffman_aes_tx_top/u_file_huffman_builder/u_code_length_builder/leaf_node_index[113][8]_i_1_n_0                       |                                                     |                5 |             17 |         3.40 |
|  clk_i_IBUF_BUFG | u_soc/u_tx_top/u_huffman_aes_tx_top/u_file_huffman_builder/u_code_length_builder/leaf_node_index[126][8]_i_1_n_0                       |                                                     |                3 |             17 |         5.67 |
|  clk_i_IBUF_BUFG | u_soc/u_tx_top/u_huffman_aes_tx_top/u_file_huffman_builder/u_code_length_builder/leaf_node_index[140][8]_i_1_n_0                       |                                                     |                3 |             17 |         5.67 |
|  clk_i_IBUF_BUFG | u_soc/u_tx_top/u_huffman_aes_tx_top/u_file_huffman_builder/u_code_length_builder/leaf_node_index[143][8]_i_1_n_0                       |                                                     |                3 |             17 |         5.67 |
|  clk_i_IBUF_BUFG | u_soc/u_tx_top/u_huffman_aes_tx_top/u_file_huffman_builder/u_code_length_builder/leaf_node_index[114][8]_i_1_n_0                       |                                                     |                3 |             17 |         5.67 |
|  clk_i_IBUF_BUFG | u_soc/u_tx_top/u_huffman_aes_tx_top/u_file_huffman_builder/u_code_length_builder/leaf_node_index[147][8]_i_1_n_0                       |                                                     |                4 |             17 |         4.25 |
|  clk_i_IBUF_BUFG | u_soc/u_tx_top/u_huffman_aes_tx_top/u_file_huffman_builder/u_code_length_builder/leaf_node_index[148][8]_i_1_n_0                       |                                                     |                3 |             17 |         5.67 |
|  clk_i_IBUF_BUFG | u_soc/u_tx_top/u_huffman_aes_tx_top/u_file_huffman_builder/u_code_length_builder/leaf_node_index[14][8]_i_1_n_0                        |                                                     |                5 |             17 |         3.40 |
|  clk_i_IBUF_BUFG | u_soc/u_tx_top/u_huffman_aes_tx_top/u_file_huffman_builder/u_code_length_builder/leaf_node_index[150][8]_i_1_n_0                       |                                                     |                3 |             17 |         5.67 |
|  clk_i_IBUF_BUFG | u_soc/u_tx_top/u_huffman_aes_tx_top/u_file_huffman_builder/u_code_length_builder/leaf_node_index[139][8]_i_1_n_0                       |                                                     |                4 |             17 |         4.25 |
|  clk_i_IBUF_BUFG | u_soc/u_tx_top/u_huffman_aes_tx_top/u_file_huffman_builder/u_code_length_builder/leaf_node_index[151][8]_i_1_n_0                       |                                                     |                3 |             17 |         5.67 |
|  clk_i_IBUF_BUFG | u_soc/u_tx_top/u_huffman_aes_tx_top/u_file_huffman_builder/u_code_length_builder/leaf_node_index[142][8]_i_1_n_0                       |                                                     |                4 |             17 |         4.25 |
|  clk_i_IBUF_BUFG | u_soc/u_tx_top/u_huffman_aes_tx_top/u_file_huffman_builder/u_code_length_builder/leaf_node_index[115][8]_i_1_n_0                       |                                                     |                4 |             17 |         4.25 |
|  clk_i_IBUF_BUFG | u_soc/u_tx_top/u_huffman_aes_tx_top/u_file_huffman_builder/u_code_length_builder/leaf_node_index[129][8]_i_1_n_0                       |                                                     |                6 |             17 |         2.83 |
|  clk_i_IBUF_BUFG | u_soc/u_tx_top/u_huffman_aes_tx_top/u_file_huffman_builder/u_code_length_builder/leaf_node_index[179][8]_i_1_n_0                       |                                                     |                3 |             17 |         5.67 |
|  clk_i_IBUF_BUFG | u_soc/u_tx_top/u_huffman_aes_tx_top/u_file_huffman_builder/u_code_length_builder/leaf_node_index[190][8]_i_1_n_0                       |                                                     |                4 |             17 |         4.25 |
|  clk_i_IBUF_BUFG | u_soc/u_tx_top/u_huffman_aes_tx_top/u_file_huffman_builder/u_code_length_builder/leaf_node_index[1][8]_i_1_n_0                         |                                                     |                4 |             17 |         4.25 |
|  clk_i_IBUF_BUFG | u_soc/u_tx_top/u_huffman_aes_tx_top/u_file_huffman_builder/u_code_length_builder/leaf_node_index[164][8]_i_1_n_0                       |                                                     |                5 |             17 |         3.40 |
|  clk_i_IBUF_BUFG | u_soc/u_tx_top/u_huffman_aes_tx_top/u_file_huffman_builder/u_code_length_builder/leaf_node_index[162][8]_i_1_n_0                       |                                                     |                6 |             17 |         2.83 |
|  clk_i_IBUF_BUFG | u_soc/u_tx_top/u_huffman_aes_tx_top/u_file_huffman_builder/u_code_length_builder/leaf_node_index[184][8]_i_1_n_0                       |                                                     |                4 |             17 |         4.25 |
|  clk_i_IBUF_BUFG | u_soc/u_tx_top/u_huffman_aes_tx_top/u_file_huffman_builder/u_code_length_builder/leaf_node_index[160][8]_i_1_n_0                       |                                                     |                5 |             17 |         3.40 |
|  clk_i_IBUF_BUFG | u_soc/u_tx_top/u_huffman_aes_tx_top/u_file_huffman_builder/u_code_length_builder/leaf_node_index[172][8]_i_1_n_0                       |                                                     |                4 |             17 |         4.25 |
|  clk_i_IBUF_BUFG | u_soc/u_tx_top/u_huffman_aes_tx_top/u_file_huffman_builder/u_code_length_builder/leaf_node_index[163][8]_i_1_n_0                       |                                                     |                6 |             17 |         2.83 |
|  clk_i_IBUF_BUFG | u_soc/u_tx_top/u_huffman_aes_tx_top/u_file_huffman_builder/u_code_length_builder/leaf_node_index[178][8]_i_1_n_0                       |                                                     |                4 |             17 |         4.25 |
|  clk_i_IBUF_BUFG | u_soc/u_tx_top/u_huffman_aes_tx_top/u_file_huffman_builder/u_code_length_builder/leaf_node_index[183][8]_i_1_n_0                       |                                                     |                3 |             17 |         5.67 |
|  clk_i_IBUF_BUFG | u_soc/u_tx_top/u_huffman_aes_tx_top/u_file_huffman_builder/u_code_length_builder/leaf_node_index[185][8]_i_1_n_0                       |                                                     |                3 |             17 |         5.67 |
|  clk_i_IBUF_BUFG | u_soc/u_tx_top/u_huffman_aes_tx_top/u_file_huffman_builder/u_code_length_builder/leaf_node_index[187][8]_i_1_n_0                       |                                                     |                3 |             17 |         5.67 |
|  clk_i_IBUF_BUFG | u_soc/u_tx_top/u_huffman_aes_tx_top/u_file_huffman_builder/u_code_length_builder/leaf_node_index[16][8]_i_1_n_0                        |                                                     |                3 |             17 |         5.67 |
|  clk_i_IBUF_BUFG | u_soc/u_tx_top/u_huffman_aes_tx_top/u_file_huffman_builder/u_code_length_builder/leaf_node_index[174][8]_i_1_n_0                       |                                                     |                7 |             17 |         2.43 |
|  clk_i_IBUF_BUFG | u_soc/u_tx_top/u_huffman_aes_tx_top/u_file_huffman_builder/u_code_length_builder/leaf_node_index[175][8]_i_1_n_0                       |                                                     |                4 |             17 |         4.25 |
|  clk_i_IBUF_BUFG | u_soc/u_tx_top/u_huffman_aes_tx_top/u_file_huffman_builder/u_code_length_builder/leaf_node_index[167][8]_i_1_n_0                       |                                                     |                4 |             17 |         4.25 |
|  clk_i_IBUF_BUFG | u_soc/u_tx_top/u_huffman_aes_tx_top/u_file_huffman_builder/u_code_length_builder/leaf_node_index[173][8]_i_1_n_0                       |                                                     |                4 |             17 |         4.25 |
|  clk_i_IBUF_BUFG | u_soc/u_tx_top/u_huffman_aes_tx_top/u_file_huffman_builder/u_code_length_builder/leaf_node_index[18][8]_i_1_n_0                        |                                                     |                3 |             17 |         5.67 |
|  clk_i_IBUF_BUFG | u_soc/u_tx_top/u_huffman_aes_tx_top/u_file_huffman_builder/u_code_length_builder/leaf_node_index[191][8]_i_1_n_0                       |                                                     |                4 |             17 |         4.25 |
|  clk_i_IBUF_BUFG | u_soc/u_tx_top/u_huffman_aes_tx_top/u_file_huffman_builder/u_code_length_builder/leaf_node_index[193][8]_i_1_n_0                       |                                                     |                5 |             17 |         3.40 |
|  clk_i_IBUF_BUFG | u_soc/u_tx_top/u_huffman_aes_tx_top/u_file_huffman_builder/u_code_length_builder/leaf_node_index[17][8]_i_1_n_0                        |                                                     |                3 |             17 |         5.67 |
|  clk_i_IBUF_BUFG | u_soc/u_tx_top/u_huffman_aes_tx_top/u_file_huffman_builder/u_code_length_builder/leaf_node_index[197][8]_i_1_n_0                       |                                                     |                4 |             17 |         4.25 |
|  clk_i_IBUF_BUFG | u_soc/u_tx_top/u_huffman_aes_tx_top/u_file_huffman_builder/u_code_length_builder/leaf_node_index[198][8]_i_1_n_0                       |                                                     |                5 |             17 |         3.40 |
|  clk_i_IBUF_BUFG | u_soc/u_tx_top/u_huffman_aes_tx_top/u_file_huffman_builder/u_code_length_builder/leaf_node_index[19][8]_i_1_n_0                        |                                                     |                3 |             17 |         5.67 |
|  clk_i_IBUF_BUFG | u_soc/u_tx_top/u_huffman_aes_tx_top/u_file_huffman_builder/u_code_length_builder/leaf_node_index[200][8]_i_1_n_0                       |                                                     |                5 |             17 |         3.40 |
|  clk_i_IBUF_BUFG | u_soc/u_tx_top/u_huffman_aes_tx_top/u_file_huffman_builder/u_code_length_builder/leaf_node_index[201][8]_i_1_n_0                       |                                                     |                4 |             17 |         4.25 |
|  clk_i_IBUF_BUFG | u_soc/u_tx_top/u_huffman_aes_tx_top/u_file_huffman_builder/u_code_length_builder/leaf_node_index[202][8]_i_1_n_0                       |                                                     |                5 |             17 |         3.40 |
|  clk_i_IBUF_BUFG | u_soc/u_tx_top/u_huffman_aes_tx_top/u_file_huffman_builder/u_code_length_builder/leaf_node_index[15][8]_i_1_n_0                        |                                                     |                4 |             17 |         4.25 |
|  clk_i_IBUF_BUFG | u_soc/u_tx_top/u_huffman_aes_tx_top/u_file_huffman_builder/u_code_length_builder/leaf_node_index[171][8]_i_1_n_0                       |                                                     |                6 |             17 |         2.83 |
|  clk_i_IBUF_BUFG | u_soc/u_tx_top/u_huffman_aes_tx_top/u_file_huffman_builder/u_code_length_builder/leaf_node_index[194][8]_i_1_n_0                       |                                                     |                4 |             17 |         4.25 |
|  clk_i_IBUF_BUFG | u_soc/u_tx_top/u_huffman_aes_tx_top/u_file_huffman_builder/u_code_length_builder/leaf_node_index[182][8]_i_1_n_0                       |                                                     |                4 |             17 |         4.25 |
|  clk_i_IBUF_BUFG | u_soc/u_tx_top/u_huffman_aes_tx_top/u_file_huffman_builder/u_code_length_builder/leaf_node_index[203][8]_i_1_n_0                       |                                                     |                5 |             17 |         3.40 |
|  clk_i_IBUF_BUFG | u_soc/u_tx_top/u_huffman_aes_tx_top/u_file_huffman_builder/u_code_length_builder/leaf_node_index[170][8]_i_1_n_0                       |                                                     |                5 |             17 |         3.40 |
|  clk_i_IBUF_BUFG | u_soc/u_tx_top/u_huffman_aes_tx_top/u_file_huffman_builder/u_code_length_builder/leaf_node_index[204][8]_i_1_n_0                       |                                                     |                4 |             17 |         4.25 |
|  clk_i_IBUF_BUFG | u_soc/u_tx_top/u_huffman_aes_tx_top/u_file_huffman_builder/u_code_length_builder/leaf_node_index[189][8]_i_1_n_0                       |                                                     |                3 |             17 |         5.67 |
|  clk_i_IBUF_BUFG | u_soc/u_tx_top/u_huffman_aes_tx_top/u_file_huffman_builder/u_code_length_builder/leaf_node_index[165][8]_i_1_n_0                       |                                                     |                5 |             17 |         3.40 |
|  clk_i_IBUF_BUFG | u_soc/u_tx_top/u_huffman_aes_tx_top/u_file_huffman_builder/u_code_length_builder/leaf_node_index[166][8]_i_1_n_0                       |                                                     |                4 |             17 |         4.25 |
|  clk_i_IBUF_BUFG | u_soc/u_tx_top/u_huffman_aes_tx_top/u_file_huffman_builder/u_code_length_builder/leaf_node_index[177][8]_i_1_n_0                       |                                                     |                3 |             17 |         5.67 |
|  clk_i_IBUF_BUFG | u_soc/u_tx_top/u_huffman_aes_tx_top/u_file_huffman_builder/u_code_length_builder/leaf_node_index[169][8]_i_1_n_0                       |                                                     |                4 |             17 |         4.25 |
|  clk_i_IBUF_BUFG | u_soc/u_tx_top/u_huffman_aes_tx_top/u_file_huffman_builder/u_code_length_builder/leaf_node_index[188][8]_i_1_n_0                       |                                                     |                4 |             17 |         4.25 |
|  clk_i_IBUF_BUFG | u_soc/u_tx_top/u_huffman_aes_tx_top/u_file_huffman_builder/u_code_length_builder/leaf_node_index[186][8]_i_1_n_0                       |                                                     |                3 |             17 |         5.67 |
|  clk_i_IBUF_BUFG | u_soc/u_tx_top/u_huffman_aes_tx_top/u_file_huffman_builder/u_code_length_builder/leaf_node_index[176][8]_i_1_n_0                       |                                                     |                4 |             17 |         4.25 |
|  clk_i_IBUF_BUFG | u_soc/u_tx_top/u_huffman_aes_tx_top/u_file_huffman_builder/u_code_length_builder/leaf_node_index[181][8]_i_1_n_0                       |                                                     |                3 |             17 |         5.67 |
|  clk_i_IBUF_BUFG | u_soc/u_tx_top/u_huffman_aes_tx_top/u_file_huffman_builder/u_code_length_builder/leaf_node_index[192][8]_i_1_n_0                       |                                                     |                4 |             17 |         4.25 |
|  clk_i_IBUF_BUFG | u_soc/u_tx_top/u_huffman_aes_tx_top/u_file_huffman_builder/u_code_length_builder/leaf_node_index[195][8]_i_1_n_0                       |                                                     |                4 |             17 |         4.25 |
|  clk_i_IBUF_BUFG | u_soc/u_tx_top/u_huffman_aes_tx_top/u_file_huffman_builder/u_code_length_builder/leaf_node_index[161][8]_i_1_n_0                       |                                                     |                5 |             17 |         3.40 |
|  clk_i_IBUF_BUFG | u_soc/u_tx_top/u_huffman_aes_tx_top/u_file_huffman_builder/u_code_length_builder/leaf_node_index[196][8]_i_1_n_0                       |                                                     |                4 |             17 |         4.25 |
|  clk_i_IBUF_BUFG | u_soc/u_tx_top/u_huffman_aes_tx_top/u_file_huffman_builder/u_code_length_builder/leaf_node_index[180][8]_i_1_n_0                       |                                                     |                4 |             17 |         4.25 |
|  clk_i_IBUF_BUFG | u_soc/u_tx_top/u_huffman_aes_tx_top/u_file_huffman_builder/u_code_length_builder/leaf_node_index[168][8]_i_1_n_0                       |                                                     |                5 |             17 |         3.40 |
|  clk_i_IBUF_BUFG | u_soc/u_tx_top/u_huffman_aes_tx_top/u_file_huffman_builder/u_code_length_builder/leaf_node_index[199][8]_i_1_n_0                       |                                                     |                4 |             17 |         4.25 |
|  clk_i_IBUF_BUFG | u_soc/u_tx_top/u_huffman_aes_tx_top/u_file_huffman_builder/u_code_length_builder/leaf_node_index[217][8]_i_1_n_0                       |                                                     |                4 |             17 |         4.25 |
|  clk_i_IBUF_BUFG | u_soc/u_tx_top/u_huffman_aes_tx_top/u_file_huffman_builder/u_code_length_builder/leaf_node_index[224][8]_i_1_n_0                       |                                                     |                4 |             17 |         4.25 |
|  clk_i_IBUF_BUFG | u_soc/u_tx_top/u_huffman_aes_tx_top/u_file_huffman_builder/u_code_length_builder/leaf_node_index[209][8]_i_1_n_0                       |                                                     |                4 |             17 |         4.25 |
|  clk_i_IBUF_BUFG | u_soc/u_tx_top/u_huffman_aes_tx_top/u_file_huffman_builder/u_code_length_builder/leaf_node_index[227][8]_i_1_n_0                       |                                                     |                3 |             17 |         5.67 |
|  clk_i_IBUF_BUFG | u_soc/u_tx_top/u_huffman_aes_tx_top/u_file_huffman_builder/u_code_length_builder/leaf_node_index[230][8]_i_1_n_0                       |                                                     |                4 |             17 |         4.25 |
|  clk_i_IBUF_BUFG | u_soc/u_tx_top/u_huffman_aes_tx_top/u_file_huffman_builder/u_code_length_builder/leaf_node_index[236][8]_i_1_n_0                       |                                                     |                5 |             17 |         3.40 |
|  clk_i_IBUF_BUFG | u_soc/u_tx_top/u_huffman_aes_tx_top/u_file_huffman_builder/u_code_length_builder/leaf_node_index[206][8]_i_1_n_0                       |                                                     |                4 |             17 |         4.25 |
|  clk_i_IBUF_BUFG | u_soc/u_tx_top/u_huffman_aes_tx_top/u_file_huffman_builder/u_code_length_builder/leaf_node_index[213][8]_i_1_n_0                       |                                                     |                4 |             17 |         4.25 |
|  clk_i_IBUF_BUFG | u_soc/u_tx_top/u_huffman_aes_tx_top/u_file_huffman_builder/u_code_length_builder/leaf_node_index[215][8]_i_1_n_0                       |                                                     |                4 |             17 |         4.25 |
|  clk_i_IBUF_BUFG | u_soc/u_tx_top/u_huffman_aes_tx_top/u_file_huffman_builder/u_code_length_builder/leaf_node_index[218][8]_i_1_n_0                       |                                                     |                5 |             17 |         3.40 |
|  clk_i_IBUF_BUFG | u_soc/u_tx_top/u_huffman_aes_tx_top/u_file_huffman_builder/u_code_length_builder/leaf_node_index[235][8]_i_1_n_0                       |                                                     |                6 |             17 |         2.83 |
|  clk_i_IBUF_BUFG | u_soc/u_tx_top/u_huffman_aes_tx_top/u_file_huffman_builder/u_code_length_builder/leaf_node_index[23][8]_i_1_n_0                        |                                                     |                5 |             17 |         3.40 |
|  clk_i_IBUF_BUFG | u_soc/u_tx_top/u_huffman_aes_tx_top/u_file_huffman_builder/u_code_length_builder/leaf_node_index[241][8]_i_1_n_0                       |                                                     |                3 |             17 |         5.67 |
|  clk_i_IBUF_BUFG | u_soc/u_tx_top/u_huffman_aes_tx_top/u_file_huffman_builder/u_code_length_builder/leaf_node_index[244][8]_i_1_n_0                       |                                                     |                4 |             17 |         4.25 |
|  clk_i_IBUF_BUFG | u_soc/u_tx_top/u_huffman_aes_tx_top/u_file_huffman_builder/u_code_length_builder/leaf_node_index[211][8]_i_1_n_0                       |                                                     |                5 |             17 |         3.40 |
|  clk_i_IBUF_BUFG | u_soc/u_tx_top/u_huffman_aes_tx_top/u_file_huffman_builder/u_code_length_builder/leaf_node_index[221][8]_i_1_n_0                       |                                                     |                5 |             17 |         3.40 |
|  clk_i_IBUF_BUFG | u_soc/u_tx_top/u_huffman_aes_tx_top/u_file_huffman_builder/u_code_length_builder/leaf_node_index[208][8]_i_1_n_0                       |                                                     |                5 |             17 |         3.40 |
|  clk_i_IBUF_BUFG | u_soc/u_tx_top/u_huffman_aes_tx_top/u_file_huffman_builder/u_code_length_builder/leaf_node_index[245][8]_i_1_n_0                       |                                                     |                3 |             17 |         5.67 |
|  clk_i_IBUF_BUFG | u_soc/u_tx_top/u_huffman_aes_tx_top/u_file_huffman_builder/u_code_length_builder/leaf_node_index[22][8]_i_1_n_0                        |                                                     |                3 |             17 |         5.67 |
|  clk_i_IBUF_BUFG | u_soc/u_tx_top/u_huffman_aes_tx_top/u_file_huffman_builder/u_code_length_builder/leaf_node_index[246][8]_i_1_n_0                       |                                                     |                4 |             17 |         4.25 |
|  clk_i_IBUF_BUFG | u_soc/u_tx_top/u_huffman_aes_tx_top/u_file_huffman_builder/u_code_length_builder/leaf_node_index[249][8]_i_1_n_0                       |                                                     |                4 |             17 |         4.25 |
|  clk_i_IBUF_BUFG | u_soc/u_tx_top/u_huffman_aes_tx_top/u_file_huffman_builder/u_code_length_builder/leaf_node_index[207][8]_i_1_n_0                       |                                                     |                4 |             17 |         4.25 |
|  clk_i_IBUF_BUFG | u_soc/u_tx_top/u_huffman_aes_tx_top/u_file_huffman_builder/u_code_length_builder/leaf_node_index[233][8]_i_1_n_0                       |                                                     |                5 |             17 |         3.40 |
|  clk_i_IBUF_BUFG | u_soc/u_tx_top/u_huffman_aes_tx_top/u_file_huffman_builder/u_code_length_builder/leaf_node_index[237][8]_i_1_n_0                       |                                                     |                3 |             17 |         5.67 |
|  clk_i_IBUF_BUFG | u_soc/u_tx_top/u_huffman_aes_tx_top/u_file_huffman_builder/u_code_length_builder/leaf_node_index[232][8]_i_1_n_0                       |                                                     |                6 |             17 |         2.83 |
|  clk_i_IBUF_BUFG | u_soc/u_tx_top/u_huffman_aes_tx_top/u_file_huffman_builder/u_code_length_builder/leaf_node_index[210][8]_i_1_n_0                       |                                                     |                4 |             17 |         4.25 |
|  clk_i_IBUF_BUFG | u_soc/u_tx_top/u_huffman_aes_tx_top/u_file_huffman_builder/u_code_length_builder/leaf_node_index[220][8]_i_1_n_0                       |                                                     |                4 |             17 |         4.25 |
|  clk_i_IBUF_BUFG | u_soc/u_tx_top/u_huffman_aes_tx_top/u_file_huffman_builder/u_code_length_builder/leaf_node_index[24][8]_i_1_n_0                        |                                                     |                3 |             17 |         5.67 |
|  clk_i_IBUF_BUFG | u_soc/u_tx_top/u_huffman_aes_tx_top/u_file_huffman_builder/u_code_length_builder/leaf_node_index[214][8]_i_1_n_0                       |                                                     |                7 |             17 |         2.43 |
|  clk_i_IBUF_BUFG | u_soc/u_tx_top/u_huffman_aes_tx_top/u_file_huffman_builder/u_code_length_builder/leaf_node_index[20][8]_i_1_n_0                        |                                                     |                3 |             17 |         5.67 |
|  clk_i_IBUF_BUFG | u_soc/u_tx_top/u_huffman_aes_tx_top/u_file_huffman_builder/u_code_length_builder/leaf_node_index[222][8]_i_1_n_0                       |                                                     |                4 |             17 |         4.25 |
|  clk_i_IBUF_BUFG | u_soc/u_tx_top/u_huffman_aes_tx_top/u_file_huffman_builder/u_code_length_builder/leaf_node_index[243][8]_i_1_n_0                       |                                                     |                5 |             17 |         3.40 |
|  clk_i_IBUF_BUFG | u_soc/u_tx_top/u_huffman_aes_tx_top/u_file_huffman_builder/u_code_length_builder/leaf_node_index[250][8]_i_1_n_0                       |                                                     |                4 |             17 |         4.25 |
|  clk_i_IBUF_BUFG | u_soc/u_tx_top/u_huffman_aes_tx_top/u_file_huffman_builder/u_code_length_builder/leaf_node_index[231][8]_i_1_n_0                       |                                                     |                3 |             17 |         5.67 |
|  clk_i_IBUF_BUFG | u_soc/u_tx_top/u_huffman_aes_tx_top/u_file_huffman_builder/u_code_length_builder/leaf_node_index[21][8]_i_1_n_0                        |                                                     |                3 |             17 |         5.67 |
|  clk_i_IBUF_BUFG | u_soc/u_tx_top/u_huffman_aes_tx_top/u_file_huffman_builder/u_code_length_builder/leaf_node_index[228][8]_i_1_n_0                       |                                                     |                5 |             17 |         3.40 |
|  clk_i_IBUF_BUFG | u_soc/u_tx_top/u_huffman_aes_tx_top/u_file_huffman_builder/u_code_length_builder/leaf_node_index[216][8]_i_1_n_0                       |                                                     |                4 |             17 |         4.25 |
|  clk_i_IBUF_BUFG | u_soc/u_tx_top/u_huffman_aes_tx_top/u_file_huffman_builder/u_code_length_builder/leaf_node_index[219][8]_i_1_n_0                       |                                                     |                5 |             17 |         3.40 |
|  clk_i_IBUF_BUFG | u_soc/u_tx_top/u_huffman_aes_tx_top/u_file_huffman_builder/u_code_length_builder/leaf_node_index[229][8]_i_1_n_0                       |                                                     |                4 |             17 |         4.25 |
|  clk_i_IBUF_BUFG | u_soc/u_tx_top/u_huffman_aes_tx_top/u_file_huffman_builder/u_code_length_builder/leaf_node_index[240][8]_i_1_n_0                       |                                                     |                5 |             17 |         3.40 |
|  clk_i_IBUF_BUFG | u_soc/u_tx_top/u_huffman_aes_tx_top/u_file_huffman_builder/u_code_length_builder/leaf_node_index[225][8]_i_1_n_0                       |                                                     |                5 |             17 |         3.40 |
|  clk_i_IBUF_BUFG | u_soc/u_tx_top/u_huffman_aes_tx_top/u_file_huffman_builder/u_code_length_builder/leaf_node_index[212][8]_i_1_n_0                       |                                                     |                5 |             17 |         3.40 |
|  clk_i_IBUF_BUFG | u_soc/u_tx_top/u_huffman_aes_tx_top/u_file_huffman_builder/u_code_length_builder/leaf_node_index[205][8]_i_1_n_0                       |                                                     |                5 |             17 |         3.40 |
|  clk_i_IBUF_BUFG | u_soc/u_tx_top/u_huffman_aes_tx_top/u_file_huffman_builder/u_code_length_builder/leaf_node_index[234][8]_i_1_n_0                       |                                                     |                5 |             17 |         3.40 |
|  clk_i_IBUF_BUFG | u_soc/u_tx_top/u_huffman_aes_tx_top/u_file_huffman_builder/u_code_length_builder/leaf_node_index[239][8]_i_1_n_0                       |                                                     |                4 |             17 |         4.25 |
|  clk_i_IBUF_BUFG | u_soc/u_tx_top/u_huffman_aes_tx_top/u_file_huffman_builder/u_code_length_builder/leaf_node_index[242][8]_i_1_n_0                       |                                                     |                5 |             17 |         3.40 |
|  clk_i_IBUF_BUFG | u_soc/u_tx_top/u_huffman_aes_tx_top/u_file_huffman_builder/u_code_length_builder/leaf_node_index[226][8]_i_1_n_0                       |                                                     |                3 |             17 |         5.67 |
|  clk_i_IBUF_BUFG | u_soc/u_tx_top/u_huffman_aes_tx_top/u_file_huffman_builder/u_code_length_builder/leaf_node_index[247][8]_i_1_n_0                       |                                                     |                3 |             17 |         5.67 |
|  clk_i_IBUF_BUFG | u_soc/u_tx_top/u_huffman_aes_tx_top/u_file_huffman_builder/u_code_length_builder/leaf_node_index[248][8]_i_1_n_0                       |                                                     |                4 |             17 |         4.25 |
|  clk_i_IBUF_BUFG | u_soc/u_tx_top/u_huffman_aes_tx_top/u_file_huffman_builder/u_code_length_builder/leaf_node_index[223][8]_i_1_n_0                       |                                                     |                5 |             17 |         3.40 |
|  clk_i_IBUF_BUFG | u_soc/u_tx_top/u_huffman_aes_tx_top/u_file_huffman_builder/u_code_length_builder/leaf_node_index[238][8]_i_1_n_0                       |                                                     |                4 |             17 |         4.25 |
|  clk_i_IBUF_BUFG | u_soc/u_tx_top/u_huffman_aes_tx_top/u_file_huffman_builder/u_code_length_builder/leaf_node_index[251][8]_i_1_n_0                       |                                                     |                4 |             17 |         4.25 |
|  clk_i_IBUF_BUFG | u_soc/u_tx_top/u_huffman_aes_tx_top/u_file_huffman_builder/u_code_length_builder/leaf_node_index[30][8]_i_1_n_0                        |                                                     |                4 |             17 |         4.25 |
|  clk_i_IBUF_BUFG | u_soc/u_tx_top/u_huffman_aes_tx_top/u_file_huffman_builder/u_code_length_builder/leaf_node_index[34][8]_i_1_n_0                        |                                                     |                5 |             17 |         3.40 |
|  clk_i_IBUF_BUFG | u_soc/u_tx_top/u_huffman_aes_tx_top/u_file_huffman_builder/u_code_length_builder/leaf_node_index[53][8]_i_1_n_0                        |                                                     |                4 |             17 |         4.25 |
|  clk_i_IBUF_BUFG | u_soc/u_tx_top/u_huffman_aes_tx_top/u_file_huffman_builder/u_code_length_builder/leaf_node_index[26][8]_i_1_n_0                        |                                                     |                3 |             17 |         5.67 |
|  clk_i_IBUF_BUFG | u_soc/u_tx_top/u_huffman_aes_tx_top/u_file_huffman_builder/u_code_length_builder/leaf_node_index[48][8]_i_1_n_0                        |                                                     |                4 |             17 |         4.25 |
|  clk_i_IBUF_BUFG | u_soc/u_tx_top/u_huffman_aes_tx_top/u_file_huffman_builder/u_code_length_builder/leaf_node_index[25][8]_i_1_n_0                        |                                                     |                3 |             17 |         5.67 |
|  clk_i_IBUF_BUFG | u_soc/u_tx_top/u_huffman_aes_tx_top/u_file_huffman_builder/u_code_length_builder/leaf_node_index[57][8]_i_1_n_0                        |                                                     |                4 |             17 |         4.25 |
|  clk_i_IBUF_BUFG | u_soc/u_tx_top/u_huffman_aes_tx_top/u_file_huffman_builder/u_code_length_builder/leaf_node_index[58][8]_i_1_n_0                        |                                                     |                4 |             17 |         4.25 |
|  clk_i_IBUF_BUFG | u_soc/u_tx_top/u_huffman_aes_tx_top/u_file_huffman_builder/u_code_length_builder/leaf_node_index[29][8]_i_1_n_0                        |                                                     |                4 |             17 |         4.25 |
|  clk_i_IBUF_BUFG | u_soc/u_tx_top/u_huffman_aes_tx_top/u_file_huffman_builder/u_code_length_builder/leaf_node_index[33][8]_i_1_n_0                        |                                                     |                6 |             17 |         2.83 |
|  clk_i_IBUF_BUFG | u_soc/u_tx_top/u_huffman_aes_tx_top/u_file_huffman_builder/u_code_length_builder/leaf_node_index[46][8]_i_1_n_0                        |                                                     |                4 |             17 |         4.25 |
|  clk_i_IBUF_BUFG | u_soc/u_tx_top/u_huffman_aes_tx_top/u_file_huffman_builder/u_code_length_builder/leaf_node_index[40][8]_i_1_n_0                        |                                                     |                6 |             17 |         2.83 |
|  clk_i_IBUF_BUFG | u_soc/u_tx_top/u_huffman_aes_tx_top/u_file_huffman_builder/u_code_length_builder/leaf_node_index[41][8]_i_1_n_0                        |                                                     |                5 |             17 |         3.40 |
|  clk_i_IBUF_BUFG | u_soc/u_tx_top/u_huffman_aes_tx_top/u_file_huffman_builder/u_code_length_builder/leaf_node_index[252][8]_i_1_n_0                       |                                                     |                4 |             17 |         4.25 |
|  clk_i_IBUF_BUFG | u_soc/u_tx_top/u_huffman_aes_tx_top/u_file_huffman_builder/u_code_length_builder/leaf_node_index[255][8]_i_1_n_0                       |                                                     |                4 |             17 |         4.25 |
|  clk_i_IBUF_BUFG | u_soc/u_tx_top/u_huffman_aes_tx_top/u_file_huffman_builder/u_code_length_builder/leaf_node_index[37][8]_i_1_n_0                        |                                                     |                4 |             17 |         4.25 |
|  clk_i_IBUF_BUFG | u_soc/u_tx_top/u_huffman_aes_tx_top/u_file_huffman_builder/u_code_length_builder/leaf_node_index[55][8]_i_1_n_0                        |                                                     |                4 |             17 |         4.25 |
|  clk_i_IBUF_BUFG | u_soc/u_tx_top/u_huffman_aes_tx_top/u_file_huffman_builder/u_code_length_builder/leaf_node_index[3][8]_i_1_n_0                         |                                                     |                7 |             17 |         2.43 |
|  clk_i_IBUF_BUFG | u_soc/u_tx_top/u_huffman_aes_tx_top/u_file_huffman_builder/u_code_length_builder/leaf_node_index[254][8]_i_1_n_0                       |                                                     |                6 |             17 |         2.83 |
|  clk_i_IBUF_BUFG | u_soc/u_tx_top/u_huffman_aes_tx_top/u_file_huffman_builder/u_code_length_builder/leaf_node_index[44][8]_i_1_n_0                        |                                                     |                5 |             17 |         3.40 |
|  clk_i_IBUF_BUFG | u_soc/u_tx_top/u_huffman_aes_tx_top/u_file_huffman_builder/u_code_length_builder/leaf_node_index[39][8]_i_1_n_0                        |                                                     |                4 |             17 |         4.25 |
|  clk_i_IBUF_BUFG | u_soc/u_tx_top/u_huffman_aes_tx_top/u_file_huffman_builder/u_code_length_builder/leaf_node_index[45][8]_i_1_n_0                        |                                                     |                3 |             17 |         5.67 |
|  clk_i_IBUF_BUFG | u_soc/u_tx_top/u_huffman_aes_tx_top/u_file_huffman_builder/u_code_length_builder/leaf_node_index[4][8]_i_1_n_0                         |                                                     |                6 |             17 |         2.83 |
|  clk_i_IBUF_BUFG | u_soc/u_tx_top/u_huffman_aes_tx_top/u_file_huffman_builder/u_code_length_builder/leaf_node_index[51][8]_i_1_n_0                        |                                                     |                3 |             17 |         5.67 |
|  clk_i_IBUF_BUFG | u_soc/u_tx_top/u_huffman_aes_tx_top/u_file_huffman_builder/u_code_length_builder/leaf_node_index[54][8]_i_1_n_0                        |                                                     |                3 |             17 |         5.67 |
|  clk_i_IBUF_BUFG | u_soc/u_tx_top/u_huffman_aes_tx_top/u_file_huffman_builder/u_code_length_builder/leaf_node_index[49][8]_i_1_n_0                        |                                                     |                3 |             17 |         5.67 |
|  clk_i_IBUF_BUFG | u_soc/u_tx_top/u_huffman_aes_tx_top/u_file_huffman_builder/u_code_length_builder/leaf_node_index[50][8]_i_1_n_0                        |                                                     |                3 |             17 |         5.67 |
|  clk_i_IBUF_BUFG | u_soc/u_tx_top/u_huffman_aes_tx_top/u_file_huffman_builder/u_code_length_builder/leaf_node_index[56][8]_i_1_n_0                        |                                                     |                3 |             17 |         5.67 |
|  clk_i_IBUF_BUFG | u_soc/u_tx_top/u_huffman_aes_tx_top/u_file_huffman_builder/u_code_length_builder/leaf_node_index[59][8]_i_1_n_0                        |                                                     |                4 |             17 |         4.25 |
|  clk_i_IBUF_BUFG | u_soc/u_tx_top/u_huffman_aes_tx_top/u_file_huffman_builder/u_code_length_builder/leaf_node_index[2][8]_i_1_n_0                         |                                                     |                5 |             17 |         3.40 |
|  clk_i_IBUF_BUFG | u_soc/u_tx_top/u_huffman_aes_tx_top/u_file_huffman_builder/u_code_length_builder/leaf_node_index[5][8]_i_1_n_0                         |                                                     |                6 |             17 |         2.83 |
|  clk_i_IBUF_BUFG | u_soc/u_tx_top/u_huffman_aes_tx_top/u_file_huffman_builder/u_code_length_builder/leaf_node_index[52][8]_i_1_n_0                        |                                                     |                3 |             17 |         5.67 |
|  clk_i_IBUF_BUFG | u_soc/u_tx_top/u_huffman_aes_tx_top/u_file_huffman_builder/u_code_length_builder/leaf_node_index[32][8]_i_1_n_0                        |                                                     |                4 |             17 |         4.25 |
|  clk_i_IBUF_BUFG | u_soc/u_tx_top/u_huffman_aes_tx_top/u_file_huffman_builder/u_code_length_builder/leaf_node_index[62][8]_i_1_n_0                        |                                                     |                3 |             17 |         5.67 |
|  clk_i_IBUF_BUFG | u_soc/u_tx_top/u_huffman_aes_tx_top/u_file_huffman_builder/u_code_length_builder/leaf_node_index[63][8]_i_1_n_0                        |                                                     |                3 |             17 |         5.67 |
|  clk_i_IBUF_BUFG | u_soc/u_tx_top/u_huffman_aes_tx_top/u_file_huffman_builder/u_code_length_builder/leaf_node_index[64][8]_i_1_n_0                        |                                                     |                7 |             17 |         2.43 |
|  clk_i_IBUF_BUFG | u_soc/u_tx_top/u_huffman_aes_tx_top/u_file_huffman_builder/u_code_length_builder/leaf_node_index[65][8]_i_1_n_0                        |                                                     |                5 |             17 |         3.40 |
|  clk_i_IBUF_BUFG | u_soc/u_tx_top/u_huffman_aes_tx_top/u_file_huffman_builder/u_code_length_builder/leaf_node_index[36][8]_i_1_n_0                        |                                                     |                3 |             17 |         5.67 |
|  clk_i_IBUF_BUFG | u_soc/u_tx_top/u_huffman_aes_tx_top/u_file_huffman_builder/u_code_length_builder/leaf_node_index[27][8]_i_1_n_0                        |                                                     |                4 |             17 |         4.25 |
|  clk_i_IBUF_BUFG | u_soc/u_tx_top/u_huffman_aes_tx_top/u_file_huffman_builder/u_code_length_builder/leaf_node_index[43][8]_i_1_n_0                        |                                                     |                4 |             17 |         4.25 |
|  clk_i_IBUF_BUFG | u_soc/u_tx_top/u_huffman_aes_tx_top/u_file_huffman_builder/u_code_length_builder/leaf_node_index[67][8]_i_1_n_0                        |                                                     |                3 |             17 |         5.67 |
|  clk_i_IBUF_BUFG | u_soc/u_tx_top/u_huffman_aes_tx_top/u_file_huffman_builder/u_code_length_builder/leaf_node_index[35][8]_i_1_n_0                        |                                                     |                4 |             17 |         4.25 |
|  clk_i_IBUF_BUFG | u_soc/u_tx_top/u_huffman_aes_tx_top/u_file_huffman_builder/u_code_length_builder/leaf_node_index[68][8]_i_1_n_0                        |                                                     |                3 |             17 |         5.67 |
|  clk_i_IBUF_BUFG | u_soc/u_tx_top/u_huffman_aes_tx_top/u_file_huffman_builder/u_code_length_builder/leaf_node_index[47][8]_i_1_n_0                        |                                                     |                4 |             17 |         4.25 |
|  clk_i_IBUF_BUFG | u_soc/u_tx_top/u_huffman_aes_tx_top/u_file_huffman_builder/u_code_length_builder/leaf_node_index[61][8]_i_1_n_0                        |                                                     |                4 |             17 |         4.25 |
|  clk_i_IBUF_BUFG | u_soc/u_tx_top/u_huffman_aes_tx_top/u_file_huffman_builder/u_code_length_builder/leaf_node_index[42][8]_i_1_n_0                        |                                                     |                4 |             17 |         4.25 |
|  clk_i_IBUF_BUFG | u_soc/u_tx_top/u_huffman_aes_tx_top/u_file_huffman_builder/u_code_length_builder/leaf_node_index[60][8]_i_1_n_0                        |                                                     |                5 |             17 |         3.40 |
|  clk_i_IBUF_BUFG | u_soc/u_tx_top/u_huffman_aes_tx_top/u_file_huffman_builder/u_code_length_builder/leaf_node_index[31][8]_i_1_n_0                        |                                                     |                5 |             17 |         3.40 |
|  clk_i_IBUF_BUFG | u_soc/u_tx_top/u_huffman_aes_tx_top/u_file_huffman_builder/u_code_length_builder/leaf_node_index[69][8]_i_1_n_0                        |                                                     |                5 |             17 |         3.40 |
|  clk_i_IBUF_BUFG | u_soc/u_tx_top/u_huffman_aes_tx_top/u_file_huffman_builder/u_code_length_builder/leaf_node_index[6][8]_i_1_n_0                         |                                                     |                4 |             17 |         4.25 |
|  clk_i_IBUF_BUFG | u_soc/u_tx_top/u_huffman_aes_tx_top/u_file_huffman_builder/u_code_length_builder/leaf_node_index[70][8]_i_1_n_0                        |                                                     |                3 |             17 |         5.67 |
|  clk_i_IBUF_BUFG | u_soc/u_tx_top/u_huffman_aes_tx_top/u_file_huffman_builder/u_code_length_builder/leaf_node_index[71][8]_i_1_n_0                        |                                                     |                5 |             17 |         3.40 |
|  clk_i_IBUF_BUFG | u_soc/u_tx_top/u_huffman_aes_tx_top/u_file_huffman_builder/u_code_length_builder/leaf_node_index[253][8]_i_1_n_0                       |                                                     |                4 |             17 |         4.25 |
|  clk_i_IBUF_BUFG | u_soc/u_tx_top/u_huffman_aes_tx_top/u_file_huffman_builder/u_code_length_builder/leaf_node_index[66][8]_i_1_n_0                        |                                                     |                4 |             17 |         4.25 |
|  clk_i_IBUF_BUFG | u_soc/u_tx_top/u_huffman_aes_tx_top/u_file_huffman_builder/u_code_length_builder/leaf_node_index[38][8]_i_1_n_0                        |                                                     |                4 |             17 |         4.25 |
|  clk_i_IBUF_BUFG | u_soc/u_tx_top/u_huffman_aes_tx_top/u_file_huffman_builder/u_code_length_builder/leaf_node_index[79][8]_i_1_n_0                        |                                                     |                3 |             17 |         5.67 |
|  clk_i_IBUF_BUFG | u_soc/u_tx_top/u_huffman_aes_tx_top/u_file_huffman_builder/u_code_length_builder/leaf_node_index[8][8]_i_1_n_0                         |                                                     |                4 |             17 |         4.25 |
|  clk_i_IBUF_BUFG | u_soc/u_tx_top/u_huffman_aes_tx_top/u_file_huffman_builder/u_code_length_builder/leaf_node_index[88][8]_i_1_n_0                        |                                                     |                4 |             17 |         4.25 |
|  clk_i_IBUF_BUFG | u_soc/u_tx_top/u_huffman_aes_tx_top/u_file_huffman_builder/u_code_length_builder/leaf_node_index[9][8]_i_1_n_0                         |                                                     |                4 |             17 |         4.25 |
|  clk_i_IBUF_BUFG | u_soc/u_tx_top/u_huffman_aes_tx_top/u_file_huffman_builder/u_code_length_builder/leaf_node_index[98][8]_i_1_n_0                        |                                                     |                3 |             17 |         5.67 |
|  clk_i_IBUF_BUFG | u_soc/u_tx_top/u_huffman_aes_tx_top/u_file_huffman_builder/u_code_length_builder/leaf_node_index[72][8]_i_1_n_0                        |                                                     |                4 |             17 |         4.25 |
|  clk_i_IBUF_BUFG | u_soc/u_tx_top/u_huffman_aes_tx_top/u_file_huffman_builder/u_code_length_builder/leaf_node_index[86][8]_i_1_n_0                        |                                                     |                3 |             17 |         5.67 |
|  clk_i_IBUF_BUFG | u_soc/u_tx_top/u_huffman_aes_tx_top/u_file_huffman_builder/u_code_length_builder/leaf_node_index[95][8]_i_1_n_0                        |                                                     |                3 |             17 |         5.67 |
|  clk_i_IBUF_BUFG | u_soc/u_tx_top/u_huffman_aes_tx_top/u_file_huffman_builder/u_code_length_builder/leaf_node_index[77][8]_i_1_n_0                        |                                                     |                3 |             17 |         5.67 |
|  clk_i_IBUF_BUFG | u_soc/u_tx_top/u_huffman_aes_tx_top/u_file_huffman_builder/u_code_length_builder/leaf_node_index[7][8]_i_1_n_0                         |                                                     |                6 |             17 |         2.83 |
|  clk_i_IBUF_BUFG | u_soc/u_tx_top/u_huffman_aes_tx_top/u_file_huffman_builder/u_code_length_builder/leaf_node_index[74][8]_i_1_n_0                        |                                                     |                5 |             17 |         3.40 |
|  clk_i_IBUF_BUFG | u_soc/u_tx_top/u_huffman_aes_tx_top/u_file_huffman_builder/u_code_length_builder/leaf_node_index[81][8]_i_1_n_0                        |                                                     |                5 |             17 |         3.40 |
|  clk_i_IBUF_BUFG | u_soc/u_tx_top/u_huffman_aes_tx_top/u_file_huffman_builder/u_code_length_builder/leaf_node_index[75][8]_i_1_n_0                        |                                                     |                4 |             17 |         4.25 |
|  clk_i_IBUF_BUFG | u_soc/u_tx_top/u_huffman_aes_tx_top/u_file_huffman_builder/u_code_length_builder/leaf_node_index[82][8]_i_1_n_0                        |                                                     |                3 |             17 |         5.67 |
|  clk_i_IBUF_BUFG | u_soc/u_tx_top/u_huffman_aes_tx_top/u_file_huffman_builder/u_code_length_builder/leaf_node_index[96][8]_i_1_n_0                        |                                                     |                4 |             17 |         4.25 |
|  clk_i_IBUF_BUFG | u_soc/u_tx_top/u_huffman_aes_tx_top/u_file_huffman_builder/u_code_length_builder/leaf_node_index[85][8]_i_1_n_0                        |                                                     |                4 |             17 |         4.25 |
|  clk_i_IBUF_BUFG | u_soc/u_tx_top/u_huffman_aes_tx_top/u_file_huffman_builder/u_code_length_builder/leaf_node_index[89][8]_i_1_n_0                        |                                                     |                3 |             17 |         5.67 |
|  clk_i_IBUF_BUFG | u_soc/u_tx_top/u_huffman_aes_tx_top/u_file_huffman_builder/u_code_length_builder/leaf_node_index[99][8]_i_1_n_0                        |                                                     |                4 |             17 |         4.25 |
|  clk_i_IBUF_BUFG | u_soc/u_tx_top/u_huffman_aes_tx_top/u_file_huffman_builder/u_code_length_builder/leaf_node_index[97][8]_i_1_n_0                        |                                                     |                3 |             17 |         5.67 |
|  clk_i_IBUF_BUFG | u_soc/u_tx_top/u_huffman_aes_tx_top/u_file_huffman_builder/u_code_length_builder/leaf_node_index[73][8]_i_1_n_0                        |                                                     |                3 |             17 |         5.67 |
|  clk_i_IBUF_BUFG | u_soc/u_tx_top/u_huffman_aes_tx_top/u_file_huffman_builder/u_code_length_builder/leaf_node_index[80][8]_i_1_n_0                        |                                                     |                4 |             17 |         4.25 |
|  clk_i_IBUF_BUFG | u_soc/u_tx_top/u_huffman_aes_tx_top/u_file_huffman_builder/u_code_length_builder/leaf_node_index[93][8]_i_1_n_0                        |                                                     |                3 |             17 |         5.67 |
|  clk_i_IBUF_BUFG | u_soc/u_tx_top/u_huffman_aes_tx_top/u_file_huffman_builder/u_code_length_builder/leaf_node_index[78][8]_i_1_n_0                        |                                                     |                3 |             17 |         5.67 |
|  clk_i_IBUF_BUFG | u_soc/u_tx_top/u_huffman_aes_tx_top/u_file_huffman_builder/u_code_length_builder/leaf_node_index[76][8]_i_1_n_0                        |                                                     |                6 |             17 |         2.83 |
|  clk_i_IBUF_BUFG | u_soc/u_tx_top/u_huffman_aes_tx_top/u_file_huffman_builder/u_code_length_builder/leaf_node_index[83][8]_i_1_n_0                        |                                                     |                3 |             17 |         5.67 |
|  clk_i_IBUF_BUFG | u_soc/u_tx_top/u_huffman_aes_tx_top/u_file_huffman_builder/u_code_length_builder/leaf_node_index[92][8]_i_1_n_0                        |                                                     |                3 |             17 |         5.67 |
|  clk_i_IBUF_BUFG | u_soc/u_tx_top/u_huffman_aes_tx_top/u_file_huffman_builder/u_code_length_builder/leaf_node_index[87][8]_i_1_n_0                        |                                                     |                3 |             17 |         5.67 |
|  clk_i_IBUF_BUFG | u_soc/u_tx_top/u_huffman_aes_tx_top/u_file_huffman_builder/u_code_length_builder/leaf_node_index[84][8]_i_1_n_0                        |                                                     |                3 |             17 |         5.67 |
|  clk_i_IBUF_BUFG | u_soc/u_tx_top/u_huffman_aes_tx_top/u_file_huffman_builder/u_code_length_builder/leaf_node_index[91][8]_i_1_n_0                        |                                                     |                3 |             17 |         5.67 |
|  clk_i_IBUF_BUFG | u_soc/u_tx_top/u_huffman_aes_tx_top/u_file_huffman_builder/u_code_length_builder/leaf_node_index[90][8]_i_1_n_0                        |                                                     |                3 |             17 |         5.67 |
|  clk_i_IBUF_BUFG | u_soc/u_tx_top/u_huffman_aes_tx_top/u_file_huffman_builder/u_code_length_builder/leaf_node_index[94][8]_i_1_n_0                        |                                                     |                3 |             17 |         5.67 |
|  clk_i_IBUF_BUFG | u_soc/u_tx_top/u_huffman_aes_tx_top/u_file_huffman_builder/u_code_length_builder/FSM_onehot_state[12]_i_1_n_0                          | u_uart_dmem_loader/rst_i                            |                4 |             18 |         4.50 |
|  clk_i_IBUF_BUFG | u_soc/u_tx_top/u_huffman_aes_tx_top/u_file_huffman_builder/u_canonical_code_generator/code_mem_reg_64_127_0_2_i_1_n_0                  |                                                     |                5 |             18 |         3.60 |
|  clk_i_IBUF_BUFG | u_soc/u_tx_top/u_huffman_aes_tx_top/u_file_huffman_builder/u_canonical_code_generator/code_mem_reg_0_63_0_2_i_4_n_0                    |                                                     |                5 |             18 |         3.60 |
|  clk_i_IBUF_BUFG | u_soc/u_tx_top/u_huffman_aes_tx_top/u_file_huffman_builder/u_canonical_code_generator/code_mem_reg_128_191_0_2_i_1_n_0                 |                                                     |                5 |             18 |         3.60 |
|  clk_i_IBUF_BUFG | u_soc/u_tx_top/u_huffman_aes_tx_top/u_file_huffman_builder/u_canonical_code_generator/code_mem_reg_192_255_0_2_i_1_n_0                 |                                                     |                5 |             18 |         3.60 |
|  clk_i_IBUF_BUFG | u_uart_dmem_loader/u_uart_tx/baud_cnt_r[18]_i_1_n_0                                                                                    | u_uart_dmem_loader/u_uart_rx/SR[0]                  |                3 |             19 |         6.33 |
|  clk_i_IBUF_BUFG | u_soc/u_tx_top/u_huffman_aes_tx_top/u_file_huffman_builder/u_code_length_builder/depth_node_idx_r                                      | u_uart_dmem_loader/rst_i                            |                9 |             22 |         2.44 |
|  clk_i_IBUF_BUFG | u_soc/u_tx_top/u_huffman_aes_tx_top/u_dynamic_huffman_encoder/u_emit_backend/u_header_formatter/after_field_r                          | u_uart_dmem_loader/rst_i                            |                5 |             23 |         4.60 |
|  clk_i_IBUF_BUFG | u_soc/u_tx_top/u_huffman_aes_tx_top/u_file_huffman_builder/u_code_length_builder/map_index                                             | u_uart_dmem_loader/rst_i                            |                4 |             27 |         6.75 |
|  clk_i_IBUF_BUFG | u_uart_dmem_loader/u_uart_rx/FSM_onehot_state_r_reg[10][0]                                                                             | u_uart_dmem_loader/u_uart_rx/SR[0]                  |                8 |             30 |         3.75 |
|  clk_i_IBUF_BUFG | u_soc/u_cpu_mmio_to_apb_bridge/FSM_sequential_state_r_reg_0[0]                                                                         | u_soc/u_cpu/u_id_stage/idex_aluop_o_reg[3]_0[0]     |                8 |             31 |         3.88 |
|  clk_i_IBUF_BUFG | u_soc/u_cpu/u_ex_stage/req_write_r_reg[0]                                                                                              | u_uart_dmem_loader/rst_i                            |               10 |             32 |         3.20 |
|  clk_i_IBUF_BUFG | u_soc/u_cpu/u_mem_stage/memwb_rd_addr_o_reg[3]_14[0]                                                                                   | u_uart_dmem_loader/rst_i                            |               16 |             32 |         2.00 |
|  clk_i_IBUF_BUFG | u_soc/u_cpu/u_ex_stage/len_bytes_o[31]_i_4_0[0]                                                                                        | u_uart_dmem_loader/rst_i                            |                7 |             32 |         4.57 |
|  clk_i_IBUF_BUFG | u_soc/u_dma_tx_engine/apb_rdata_r[31]_i_1_n_0                                                                                          | u_soc/u_dma_regfile/SR[0]                           |               10 |             32 |         3.20 |
|  clk_i_IBUF_BUFG | u_soc/u_dma_tx_engine/bytes_remaining_r[31]_i_1_n_0                                                                                    | u_soc/u_dma_regfile/SR[0]                           |                9 |             32 |         3.56 |
|  clk_i_IBUF_BUFG | u_soc/u_cpu/u_ex_stage/req_addr_r_reg[4]_1[0]                                                                                          | u_uart_dmem_loader/rst_i                            |               11 |             32 |         2.91 |
|  clk_i_IBUF_BUFG | u_soc/u_tx_top/u_huffman_aes_tx_top/u_file_huffman_builder/u_code_length_builder/load_symbol_r__0                                      | u_uart_dmem_loader/rst_i                            |                7 |             32 |         4.57 |
|  clk_i_IBUF_BUFG | u_soc/u_cpu/u_mem_stage/memwb_rd_addr_o_reg[3]_4[0]                                                                                    | u_uart_dmem_loader/rst_i                            |               13 |             32 |         2.46 |
|  clk_i_IBUF_BUFG | u_soc/u_cpu/u_ex_stage/exmem_rd_addr_o_reg[4]_2[0]                                                                                     | u_soc/u_cpu/u_if_stage/ifid_pc_r[31]_i_1_n_0        |                6 |             32 |         5.33 |
|  clk_i_IBUF_BUFG | u_soc/u_cpu/u_ex_stage/exmem_rd_addr_o_reg[4]_2[0]                                                                                     | u_soc/u_cpu/u_id_stage/idex_jalr_o_reg_2            |                9 |             32 |         3.56 |
|  clk_i_IBUF_BUFG | u_soc/u_cpu/u_mem_stage/memwb_rd_addr_o_reg[3]_13[0]                                                                                   | u_uart_dmem_loader/rst_i                            |               15 |             32 |         2.13 |
|  clk_i_IBUF_BUFG | u_soc/u_dma_tx_engine/wr_ptr_r_reg[2][0]                                                                                               | u_uart_dmem_loader/rst_i                            |                9 |             32 |         3.56 |
|  clk_i_IBUF_BUFG | u_soc/u_cpu/u_mem_stage/memwb_rd_addr_o_reg[3]_10[0]                                                                                   | u_uart_dmem_loader/rst_i                            |               15 |             32 |         2.13 |
|  clk_i_IBUF_BUFG | u_soc/u_cpu/u_ex_stage/req_wdata_r_reg[1]_0[0]                                                                                         | u_uart_dmem_loader/rst_i                            |               13 |             32 |         2.46 |
|  clk_i_IBUF_BUFG | u_soc/u_cpu/u_mem_stage/memwb_rd_addr_o_reg[3]_12[0]                                                                                   | u_uart_dmem_loader/rst_i                            |               13 |             32 |         2.46 |
|  clk_i_IBUF_BUFG | u_soc/u_cpu/u_mem_stage/memwb_rd_addr_o_reg[3]_11[0]                                                                                   | u_uart_dmem_loader/rst_i                            |               14 |             32 |         2.29 |
|  clk_i_IBUF_BUFG | u_soc/u_dma_tx_engine/wr_ptr_r_reg[2]_3[0]                                                                                             | u_uart_dmem_loader/rst_i                            |                9 |             32 |         3.56 |
|  clk_i_IBUF_BUFG | u_soc/u_dma_tx_engine/wr_ptr_r_reg[2]_2[0]                                                                                             | u_uart_dmem_loader/rst_i                            |               12 |             32 |         2.67 |
|  clk_i_IBUF_BUFG | u_soc/u_cpu/u_ex_stage/exmem_rd_addr_o_reg[4]_1[0]                                                                                     | u_uart_dmem_loader/rst_i                            |                8 |             32 |         4.00 |
|  clk_i_IBUF_BUFG | u_soc/u_dma_tx_engine/wr_ptr_r_reg[2]_4[0]                                                                                             | u_uart_dmem_loader/rst_i                            |               12 |             32 |         2.67 |
|  clk_i_IBUF_BUFG | u_soc/u_dma_tx_engine/output_word_r[31]_i_1_n_0                                                                                        | u_soc/u_dma_regfile/SR[0]                           |                7 |             32 |         4.57 |
|  clk_i_IBUF_BUFG | u_soc/u_cpu/u_mem_stage/memwb_rd_addr_o_reg[3]_1[0]                                                                                    | u_uart_dmem_loader/rst_i                            |               13 |             32 |         2.46 |
|  clk_i_IBUF_BUFG | u_soc/u_cpu/u_ex_stage/req_addr_r_reg[4]_0[0]                                                                                          | u_uart_dmem_loader/rst_i                            |               14 |             32 |         2.29 |
|  clk_i_IBUF_BUFG | u_soc/u_cpu/u_ex_stage/req_addr_r_reg[4]_3[0]                                                                                          | u_uart_dmem_loader/rst_i                            |               12 |             32 |         2.67 |
|  clk_i_IBUF_BUFG | u_soc/u_cpu/u_ex_stage/req_wdata_r_reg[1][0]                                                                                           | u_uart_dmem_loader/rst_i                            |               12 |             32 |         2.67 |
|  clk_i_IBUF_BUFG | u_soc/u_cpu/u_mem_stage/memwb_rd_addr_o_reg[3]_0[0]                                                                                    | u_uart_dmem_loader/rst_i                            |               12 |             32 |         2.67 |
|  clk_i_IBUF_BUFG | u_soc/u_tx_top/u_apb_huffman_tx_if/fifo_mem[3][31]_i_1_n_0                                                                             | u_uart_dmem_loader/rst_i                            |               12 |             32 |         2.67 |
|  clk_i_IBUF_BUFG | u_soc/u_cpu/u_id_stage/exmem_rd_addr_o_reg[4]_1[0]                                                                                     | u_uart_dmem_loader/rst_i                            |               29 |             32 |         1.10 |
|  clk_i_IBUF_BUFG | u_soc/u_dma_tx_engine/wr_ptr_r_reg[2]_0[0]                                                                                             | u_uart_dmem_loader/rst_i                            |               11 |             32 |         2.91 |
|  clk_i_IBUF_BUFG | u_soc/u_tx_top/u_apb_huffman_tx_if/fifo_mem[7][31]_i_1_n_0                                                                             | u_uart_dmem_loader/rst_i                            |               11 |             32 |         2.91 |
|  clk_i_IBUF_BUFG | u_soc/u_cpu/u_ex_stage/req_addr_r_reg[4]_2[0]                                                                                          | u_uart_dmem_loader/rst_i                            |               14 |             32 |         2.29 |
|  clk_i_IBUF_BUFG | u_soc/u_dma_tx_engine/wr_ptr_r_reg[2]_1[0]                                                                                             | u_uart_dmem_loader/rst_i                            |               13 |             32 |         2.46 |
|  clk_i_IBUF_BUFG | u_soc/u_cpu/u_mem_stage/memwb_rd_addr_o_reg[4]_6[0]                                                                                    | u_uart_dmem_loader/rst_i                            |               16 |             32 |         2.00 |
|  clk_i_IBUF_BUFG | u_soc/u_cpu/u_mem_stage/memwb_rd_addr_o_reg[4]_8[0]                                                                                    | u_uart_dmem_loader/rst_i                            |               16 |             32 |         2.00 |
|  clk_i_IBUF_BUFG | u_soc/u_cpu/u_mem_stage/memwb_rd_addr_o_reg[4]_7[0]                                                                                    | u_uart_dmem_loader/rst_i                            |               15 |             32 |         2.13 |
|  clk_i_IBUF_BUFG | u_soc/u_cpu/u_mem_stage/memwb_rd_addr_o_reg[4]_3[0]                                                                                    | u_uart_dmem_loader/rst_i                            |               14 |             32 |         2.29 |
|  clk_i_IBUF_BUFG | u_soc/u_cpu/u_mem_stage/memwb_rd_addr_o_reg[3]_3[0]                                                                                    | u_uart_dmem_loader/rst_i                            |               16 |             32 |         2.00 |
|  clk_i_IBUF_BUFG | u_soc/u_cpu/u_mem_stage/memwb_rd_addr_o_reg[3]_2[0]                                                                                    | u_uart_dmem_loader/rst_i                            |               15 |             32 |         2.13 |
|  clk_i_IBUF_BUFG | u_soc/u_cpu/u_mem_stage/memwb_rd_addr_o_reg[3]_9[0]                                                                                    | u_uart_dmem_loader/rst_i                            |               18 |             32 |         1.78 |
|  clk_i_IBUF_BUFG | u_soc/u_cpu/u_mem_stage/memwb_rd_addr_o_reg[3]_7[0]                                                                                    | u_uart_dmem_loader/rst_i                            |               15 |             32 |         2.13 |
|  clk_i_IBUF_BUFG | u_soc/u_cpu/u_mem_stage/memwb_rd_addr_o_reg[3]_22[0]                                                                                   | u_uart_dmem_loader/rst_i                            |               15 |             32 |         2.13 |
|  clk_i_IBUF_BUFG | u_soc/u_cpu/u_mem_stage/memwb_rd_addr_o_reg[3]_20[0]                                                                                   | u_uart_dmem_loader/rst_i                            |               13 |             32 |         2.46 |
|  clk_i_IBUF_BUFG | u_soc/u_cpu/u_mem_stage/memwb_rd_addr_o_reg[4]_1[0]                                                                                    | u_uart_dmem_loader/rst_i                            |               14 |             32 |         2.29 |
|  clk_i_IBUF_BUFG | u_soc/u_cpu/u_mem_stage/memwb_rd_addr_o_reg[3]_5[0]                                                                                    | u_uart_dmem_loader/rst_i                            |               14 |             32 |         2.29 |
|  clk_i_IBUF_BUFG | u_soc/u_cpu/u_mem_stage/memwb_rd_addr_o_reg[4]_2[0]                                                                                    | u_uart_dmem_loader/rst_i                            |               14 |             32 |         2.29 |
|  clk_i_IBUF_BUFG | u_soc/u_cpu/u_mem_stage/memwb_rd_addr_o_reg[4]_4[0]                                                                                    | u_uart_dmem_loader/rst_i                            |               16 |             32 |         2.00 |
|  clk_i_IBUF_BUFG | u_soc/u_cpu/u_mem_stage/memwb_rd_addr_o_reg[4]_5[0]                                                                                    | u_uart_dmem_loader/rst_i                            |               14 |             32 |         2.29 |
|  clk_i_IBUF_BUFG | u_soc/u_cpu/u_mem_stage/memwb_rd_addr_o_reg[3]_8[0]                                                                                    | u_uart_dmem_loader/rst_i                            |               13 |             32 |         2.46 |
|  clk_i_IBUF_BUFG | u_soc/u_cpu/u_mem_stage/memwb_rd_addr_o_reg[3]_21[0]                                                                                   | u_uart_dmem_loader/rst_i                            |               17 |             32 |         1.88 |
|  clk_i_IBUF_BUFG | u_soc/u_cpu/u_mem_stage/memwb_rd_addr_o_reg[3]_6[0]                                                                                    | u_uart_dmem_loader/rst_i                            |               13 |             32 |         2.46 |
|  clk_i_IBUF_BUFG | u_soc/u_cpu/u_mem_stage/memwb_rd_addr_o_reg[3]_19[0]                                                                                   | u_uart_dmem_loader/rst_i                            |               16 |             32 |         2.00 |
|  clk_i_IBUF_BUFG | u_soc/u_cpu/u_mem_stage/memwb_rd_addr_o_reg[3]_18[0]                                                                                   | u_uart_dmem_loader/rst_i                            |               12 |             32 |         2.67 |
|  clk_i_IBUF_BUFG | u_soc/u_cpu/u_mem_stage/memwb_rd_addr_o_reg[3]_17[0]                                                                                   | u_uart_dmem_loader/rst_i                            |               13 |             32 |         2.46 |
|  clk_i_IBUF_BUFG | u_soc/u_cpu/u_mem_stage/memwb_rd_addr_o_reg[3]_16[0]                                                                                   | u_uart_dmem_loader/rst_i                            |               13 |             32 |         2.46 |
|  clk_i_IBUF_BUFG | u_soc/u_cpu/u_mem_stage/memwb_rd_addr_o_reg[3]_15[0]                                                                                   | u_uart_dmem_loader/rst_i                            |               13 |             32 |         2.46 |
|  clk_i_IBUF_BUFG | u_soc/u_tx_top/u_huffman_aes_tx_top/u_file_huffman_builder/u_code_length_builder/node_weight[130][15]_i_1_n_0                          |                                                     |               19 |             33 |         1.74 |
|  clk_i_IBUF_BUFG | u_soc/u_tx_top/u_huffman_aes_tx_top/u_file_huffman_builder/u_code_length_builder/node_weight[89][15]_i_1_n_0                           |                                                     |               18 |             33 |         1.83 |
|  clk_i_IBUF_BUFG | u_soc/u_tx_top/u_huffman_aes_tx_top/u_file_huffman_builder/u_code_length_builder/node_weight[88][15]_i_1_n_0                           |                                                     |               19 |             33 |         1.74 |
|  clk_i_IBUF_BUFG | u_soc/u_tx_top/u_huffman_aes_tx_top/u_file_huffman_builder/u_code_length_builder/node_weight[97][15]_i_1_n_0                           |                                                     |               15 |             33 |         2.20 |
|  clk_i_IBUF_BUFG | u_soc/u_tx_top/u_huffman_aes_tx_top/u_file_huffman_builder/u_code_length_builder/node_weight[9][15]_i_1_n_0                            |                                                     |               16 |             33 |         2.06 |
|  clk_i_IBUF_BUFG | u_soc/u_tx_top/u_huffman_aes_tx_top/u_file_huffman_builder/u_code_length_builder/node_weight[93][15]_i_1_n_0                           |                                                     |               20 |             33 |         1.65 |
|  clk_i_IBUF_BUFG | u_soc/u_tx_top/u_huffman_aes_tx_top/u_file_huffman_builder/u_code_length_builder/node_weight[85][15]_i_1_n_0                           |                                                     |               17 |             33 |         1.94 |
|  clk_i_IBUF_BUFG | u_soc/u_tx_top/u_huffman_aes_tx_top/u_file_huffman_builder/u_code_length_builder/node_weight[86][15]_i_1_n_0                           |                                                     |               15 |             33 |         2.20 |
|  clk_i_IBUF_BUFG | u_soc/u_tx_top/u_huffman_aes_tx_top/u_file_huffman_builder/u_code_length_builder/node_weight[75][15]_i_1_n_0                           |                                                     |               16 |             33 |         2.06 |
|  clk_i_IBUF_BUFG | u_soc/u_tx_top/u_huffman_aes_tx_top/u_file_huffman_builder/u_code_length_builder/node_weight[70][15]_i_1_n_0                           |                                                     |               14 |             33 |         2.36 |
|  clk_i_IBUF_BUFG | u_soc/u_tx_top/u_huffman_aes_tx_top/u_file_huffman_builder/u_code_length_builder/node_weight[71][15]_i_1_n_0                           |                                                     |               16 |             33 |         2.06 |
|  clk_i_IBUF_BUFG | u_soc/u_tx_top/u_huffman_aes_tx_top/u_file_huffman_builder/u_code_length_builder/node_weight[64][15]_i_1_n_0                           |                                                     |               15 |             33 |         2.20 |
|  clk_i_IBUF_BUFG | u_soc/u_tx_top/u_huffman_aes_tx_top/u_file_huffman_builder/u_code_length_builder/node_weight[79][15]_i_1_n_0                           |                                                     |               16 |             33 |         2.06 |
|  clk_i_IBUF_BUFG | u_soc/u_tx_top/u_huffman_aes_tx_top/u_file_huffman_builder/u_code_length_builder/node_weight[7][15]_i_1_n_0                            |                                                     |               17 |             33 |         1.94 |
|  clk_i_IBUF_BUFG | u_soc/u_tx_top/u_huffman_aes_tx_top/u_file_huffman_builder/u_code_length_builder/node_weight[91][15]_i_1_n_0                           |                                                     |               17 |             33 |         1.94 |
|  clk_i_IBUF_BUFG | u_soc/u_tx_top/u_huffman_aes_tx_top/u_file_huffman_builder/u_code_length_builder/node_weight[6][15]_i_1_n_0                            |                                                     |               14 |             33 |         2.36 |
|  clk_i_IBUF_BUFG | u_soc/u_tx_top/u_huffman_aes_tx_top/u_file_huffman_builder/u_code_length_builder/node_weight[95][15]_i_1_n_0                           |                                                     |               18 |             33 |         1.83 |
|  clk_i_IBUF_BUFG | u_soc/u_tx_top/u_huffman_aes_tx_top/u_file_huffman_builder/u_code_length_builder/node_weight[68][15]_i_1_n_0                           |                                                     |               15 |             33 |         2.20 |
|  clk_i_IBUF_BUFG | u_soc/u_tx_top/u_huffman_aes_tx_top/u_file_huffman_builder/u_code_length_builder/node_weight[92][15]_i_1_n_0                           |                                                     |               16 |             33 |         2.06 |
|  clk_i_IBUF_BUFG | u_soc/u_tx_top/u_huffman_aes_tx_top/u_file_huffman_builder/u_code_length_builder/node_weight[8][15]_i_1_n_0                            |                                                     |               13 |             33 |         2.54 |
|  clk_i_IBUF_BUFG | u_soc/u_tx_top/u_huffman_aes_tx_top/u_file_huffman_builder/u_code_length_builder/node_weight[76][15]_i_1_n_0                           |                                                     |               17 |             33 |         1.94 |
|  clk_i_IBUF_BUFG | u_soc/u_dma_tx_engine/current_block_continue_r                                                                                         | u_soc/u_dma_regfile/SR[0]                           |                5 |             33 |         6.60 |
|  clk_i_IBUF_BUFG | u_soc/u_tx_top/u_apb_huffman_tx_if/out_fifo_last_mem[7]_i_1_n_0                                                                        | u_uart_dmem_loader/rst_i                            |                9 |             33 |         3.67 |
|  clk_i_IBUF_BUFG | u_soc/u_tx_top/u_apb_huffman_tx_if/out_fifo_last_mem[4]_i_1_n_0                                                                        | u_uart_dmem_loader/rst_i                            |               16 |             33 |         2.06 |
|  clk_i_IBUF_BUFG | u_soc/u_tx_top/u_apb_huffman_tx_if/out_fifo_last_mem[2]_i_1_n_0                                                                        | u_uart_dmem_loader/rst_i                            |               14 |             33 |         2.36 |
|  clk_i_IBUF_BUFG | u_soc/u_tx_top/u_apb_huffman_tx_if/out_fifo_last_mem[12]_i_1_n_0                                                                       | u_uart_dmem_loader/rst_i                            |               12 |             33 |         2.75 |
|  clk_i_IBUF_BUFG | u_soc/u_tx_top/u_apb_huffman_tx_if/out_fifo_last_mem[0]_i_1_n_0                                                                        | u_uart_dmem_loader/rst_i                            |               16 |             33 |         2.06 |
|  clk_i_IBUF_BUFG | u_soc/u_tx_top/u_apb_huffman_tx_if/out_fifo_last_mem[9]_i_1_n_0                                                                        | u_uart_dmem_loader/rst_i                            |               13 |             33 |         2.54 |
|  clk_i_IBUF_BUFG | u_soc/u_tx_top/u_apb_huffman_tx_if/out_fifo_last_mem[8]_i_1_n_0                                                                        | u_uart_dmem_loader/rst_i                            |               14 |             33 |         2.36 |
|  clk_i_IBUF_BUFG | u_soc/u_tx_top/u_apb_huffman_tx_if/out_fifo_last_mem[5]_i_1_n_0                                                                        | u_uart_dmem_loader/rst_i                            |               15 |             33 |         2.20 |
|  clk_i_IBUF_BUFG | u_soc/u_tx_top/u_apb_huffman_tx_if/out_fifo_last_mem[11]_i_1_n_0                                                                       | u_uart_dmem_loader/rst_i                            |               12 |             33 |         2.75 |
|  clk_i_IBUF_BUFG | u_soc/u_tx_top/u_apb_huffman_tx_if/out_fifo_last_mem[3]_i_1_n_0                                                                        | u_uart_dmem_loader/rst_i                            |               14 |             33 |         2.36 |
|  clk_i_IBUF_BUFG | u_soc/u_tx_top/u_apb_huffman_tx_if/out_fifo_last_mem[1]_i_1_n_0                                                                        | u_uart_dmem_loader/rst_i                            |               15 |             33 |         2.20 |
|  clk_i_IBUF_BUFG | u_soc/u_tx_top/u_apb_huffman_tx_if/out_fifo_last_mem[10]_i_1_n_0                                                                       | u_uart_dmem_loader/rst_i                            |               15 |             33 |         2.20 |
|  clk_i_IBUF_BUFG | u_soc/u_tx_top/u_apb_huffman_tx_if/out_fifo_last_mem[15]_i_1_n_0                                                                       | u_uart_dmem_loader/rst_i                            |               15 |             33 |         2.20 |
|  clk_i_IBUF_BUFG | u_soc/u_tx_top/u_apb_huffman_tx_if/out_fifo_last_mem[6]_i_1_n_0                                                                        | u_uart_dmem_loader/rst_i                            |               14 |             33 |         2.36 |
|  clk_i_IBUF_BUFG | u_soc/u_tx_top/u_apb_huffman_tx_if/out_fifo_last_mem[14]_i_1_n_0                                                                       | u_uart_dmem_loader/rst_i                            |               15 |             33 |         2.20 |
|  clk_i_IBUF_BUFG | u_soc/u_tx_top/u_apb_huffman_tx_if/out_fifo_last_mem[13]_i_1_n_0                                                                       | u_uart_dmem_loader/rst_i                            |               14 |             33 |         2.36 |
|  clk_i_IBUF_BUFG | u_soc/u_tx_top/u_huffman_aes_tx_top/u_file_huffman_builder/u_code_length_builder/node_weight[112][15]_i_1_n_0                          |                                                     |               18 |             33 |         1.83 |
|  clk_i_IBUF_BUFG | u_soc/u_tx_top/u_huffman_aes_tx_top/u_file_huffman_builder/u_code_length_builder/node_weight[119][15]_i_1_n_0                          |                                                     |               19 |             33 |         1.74 |
|  clk_i_IBUF_BUFG | u_soc/u_tx_top/u_huffman_aes_tx_top/u_file_huffman_builder/u_code_length_builder/node_weight[113][15]_i_1_n_0                          |                                                     |               18 |             33 |         1.83 |
|  clk_i_IBUF_BUFG | u_soc/u_tx_top/u_huffman_aes_tx_top/u_file_huffman_builder/u_code_length_builder/node_weight[125][15]_i_1_n_0                          |                                                     |               17 |             33 |         1.94 |
|  clk_i_IBUF_BUFG | u_soc/u_tx_top/u_huffman_aes_tx_top/u_file_huffman_builder/u_code_length_builder/node_weight[122][15]_i_1_n_0                          |                                                     |               20 |             33 |         1.65 |
|  clk_i_IBUF_BUFG | u_soc/u_tx_top/u_huffman_aes_tx_top/u_file_huffman_builder/u_code_length_builder/node_weight[128][15]_i_1_n_0                          |                                                     |               15 |             33 |         2.20 |
|  clk_i_IBUF_BUFG | u_soc/u_tx_top/u_huffman_aes_tx_top/u_file_huffman_builder/u_code_length_builder/node_weight[101][15]_i_1_n_0                          |                                                     |               18 |             33 |         1.83 |
|  clk_i_IBUF_BUFG | u_soc/u_tx_top/u_huffman_aes_tx_top/u_file_huffman_builder/u_code_length_builder/node_weight[0][15]_i_1_n_0                            |                                                     |               13 |             33 |         2.54 |
|  clk_i_IBUF_BUFG | u_soc/u_tx_top/u_huffman_aes_tx_top/u_file_huffman_builder/u_code_length_builder/node_weight[124][15]_i_1_n_0                          |                                                     |               17 |             33 |         1.94 |
|  clk_i_IBUF_BUFG | u_soc/u_tx_top/u_huffman_aes_tx_top/u_file_huffman_builder/u_code_length_builder/node_weight[129][15]_i_1_n_0                          |                                                     |               15 |             33 |         2.20 |
|  clk_i_IBUF_BUFG | u_soc/u_tx_top/u_huffman_aes_tx_top/u_file_huffman_builder/u_code_length_builder/node_weight[12][15]_i_1_n_0                           |                                                     |               17 |             33 |         1.94 |
|  clk_i_IBUF_BUFG | u_soc/u_tx_top/u_huffman_aes_tx_top/u_file_huffman_builder/u_code_length_builder/node_weight[152][15]_i_1_n_0                          |                                                     |               15 |             33 |         2.20 |
|  clk_i_IBUF_BUFG | u_soc/u_tx_top/u_huffman_aes_tx_top/u_file_huffman_builder/u_code_length_builder/node_weight[123][15]_i_1_n_0                          |                                                     |               18 |             33 |         1.83 |
|  clk_i_IBUF_BUFG | u_soc/u_tx_top/u_huffman_aes_tx_top/u_file_huffman_builder/u_code_length_builder/node_weight[131][15]_i_1_n_0                          |                                                     |               16 |             33 |         2.06 |
|  clk_i_IBUF_BUFG | u_soc/u_tx_top/u_huffman_aes_tx_top/u_file_huffman_builder/u_code_length_builder/node_weight[127][15]_i_1_n_0                          |                                                     |               17 |             33 |         1.94 |
|  clk_i_IBUF_BUFG | u_soc/u_tx_top/u_huffman_aes_tx_top/u_file_huffman_builder/u_code_length_builder/node_weight[132][15]_i_1_n_0                          |                                                     |               17 |             33 |         1.94 |
|  clk_i_IBUF_BUFG | u_soc/u_tx_top/u_huffman_aes_tx_top/u_file_huffman_builder/u_code_length_builder/node_weight[111][15]_i_1_n_0                          |                                                     |               16 |             33 |         2.06 |
|  clk_i_IBUF_BUFG | u_soc/u_tx_top/u_huffman_aes_tx_top/u_file_huffman_builder/u_code_length_builder/node_weight[116][15]_i_1_n_0                          |                                                     |               17 |             33 |         1.94 |
|  clk_i_IBUF_BUFG | u_soc/u_tx_top/u_huffman_aes_tx_top/u_file_huffman_builder/u_code_length_builder/node_weight[115][15]_i_1_n_0                          |                                                     |               18 |             33 |         1.83 |
|  clk_i_IBUF_BUFG | u_soc/u_tx_top/u_huffman_aes_tx_top/u_file_huffman_builder/u_code_length_builder/node_weight[108][15]_i_1_n_0                          |                                                     |               16 |             33 |         2.06 |
|  clk_i_IBUF_BUFG | u_soc/u_tx_top/u_huffman_aes_tx_top/u_file_huffman_builder/u_code_length_builder/node_weight[10][15]_i_1_n_0                           |                                                     |               13 |             33 |         2.54 |
|  clk_i_IBUF_BUFG | u_soc/u_tx_top/u_huffman_aes_tx_top/u_file_huffman_builder/u_code_length_builder/node_weight[102][15]_i_1_n_0                          |                                                     |               14 |             33 |         2.36 |
|  clk_i_IBUF_BUFG | u_soc/u_tx_top/u_huffman_aes_tx_top/u_file_huffman_builder/u_code_length_builder/node_weight[121][15]_i_1_n_0                          |                                                     |               17 |             33 |         1.94 |
|  clk_i_IBUF_BUFG | u_soc/u_tx_top/u_huffman_aes_tx_top/u_file_huffman_builder/u_code_length_builder/node_weight[103][15]_i_1_n_0                          |                                                     |               17 |             33 |         1.94 |
|  clk_i_IBUF_BUFG | u_soc/u_tx_top/u_huffman_aes_tx_top/u_file_huffman_builder/u_code_length_builder/node_weight[105][15]_i_1_n_0                          |                                                     |               12 |             33 |         2.75 |
|  clk_i_IBUF_BUFG | u_soc/u_tx_top/u_huffman_aes_tx_top/u_file_huffman_builder/u_code_length_builder/node_weight[118][15]_i_1_n_0                          |                                                     |               17 |             33 |         1.94 |
|  clk_i_IBUF_BUFG | u_soc/u_tx_top/u_huffman_aes_tx_top/u_file_huffman_builder/u_code_length_builder/node_weight[126][15]_i_1_n_0                          |                                                     |               17 |             33 |         1.94 |
|  clk_i_IBUF_BUFG | u_soc/u_tx_top/u_huffman_aes_tx_top/u_file_huffman_builder/u_code_length_builder/node_weight[107][15]_i_1_n_0                          |                                                     |               17 |             33 |         1.94 |
|  clk_i_IBUF_BUFG | u_soc/u_tx_top/u_huffman_aes_tx_top/u_file_huffman_builder/u_code_length_builder/node_weight[106][15]_i_1_n_0                          |                                                     |               17 |             33 |         1.94 |
|  clk_i_IBUF_BUFG | u_soc/u_tx_top/u_huffman_aes_tx_top/u_file_huffman_builder/u_code_length_builder/node_weight[109][15]_i_1_n_0                          |                                                     |               16 |             33 |         2.06 |
|  clk_i_IBUF_BUFG | u_soc/u_tx_top/u_huffman_aes_tx_top/u_file_huffman_builder/u_code_length_builder/node_weight[114][15]_i_1_n_0                          |                                                     |               17 |             33 |         1.94 |
|  clk_i_IBUF_BUFG | u_soc/u_tx_top/u_huffman_aes_tx_top/u_file_huffman_builder/u_code_length_builder/node_weight[120][15]_i_1_n_0                          |                                                     |               19 |             33 |         1.74 |
|  clk_i_IBUF_BUFG | u_soc/u_tx_top/u_huffman_aes_tx_top/u_file_huffman_builder/u_code_length_builder/node_weight[117][15]_i_1_n_0                          |                                                     |               17 |             33 |         1.94 |
|  clk_i_IBUF_BUFG | u_soc/u_tx_top/u_huffman_aes_tx_top/u_file_huffman_builder/u_code_length_builder/node_weight[11][15]_i_1_n_0                           |                                                     |               16 |             33 |         2.06 |
|  clk_i_IBUF_BUFG | u_soc/u_tx_top/u_huffman_aes_tx_top/u_file_huffman_builder/u_code_length_builder/node_weight[110][15]_i_1_n_0                          |                                                     |               14 |             33 |         2.36 |
|  clk_i_IBUF_BUFG | u_soc/u_tx_top/u_huffman_aes_tx_top/u_file_huffman_builder/u_code_length_builder/node_weight[104][15]_i_1_n_0                          |                                                     |               15 |             33 |         2.20 |
|  clk_i_IBUF_BUFG | u_soc/u_tx_top/u_huffman_aes_tx_top/u_file_huffman_builder/u_code_length_builder/node_weight[100][15]_i_1_n_0                          |                                                     |               15 |             33 |         2.20 |
|  clk_i_IBUF_BUFG | u_soc/u_tx_top/u_huffman_aes_tx_top/u_file_huffman_builder/u_code_length_builder/node_weight[135][15]_i_1_n_0                          |                                                     |               16 |             33 |         2.06 |
|  clk_i_IBUF_BUFG | u_soc/u_tx_top/u_huffman_aes_tx_top/u_file_huffman_builder/u_code_length_builder/node_weight[149][15]_i_1_n_0                          |                                                     |               14 |             33 |         2.36 |
|  clk_i_IBUF_BUFG | u_soc/u_tx_top/u_huffman_aes_tx_top/u_file_huffman_builder/u_code_length_builder/node_weight[156][15]_i_1_n_0                          |                                                     |               14 |             33 |         2.36 |
|  clk_i_IBUF_BUFG | u_soc/u_tx_top/u_huffman_aes_tx_top/u_file_huffman_builder/u_code_length_builder/node_weight[165][15]_i_1_n_0                          |                                                     |               14 |             33 |         2.36 |
|  clk_i_IBUF_BUFG | u_soc/u_tx_top/u_huffman_aes_tx_top/u_file_huffman_builder/u_code_length_builder/node_weight[144][15]_i_1_n_0                          |                                                     |               13 |             33 |         2.54 |
|  clk_i_IBUF_BUFG | u_soc/u_tx_top/u_huffman_aes_tx_top/u_file_huffman_builder/u_code_length_builder/node_weight[146][15]_i_1_n_0                          |                                                     |               17 |             33 |         1.94 |
|  clk_i_IBUF_BUFG | u_soc/u_tx_top/u_huffman_aes_tx_top/u_file_huffman_builder/u_code_length_builder/node_weight[159][15]_i_1_n_0                          |                                                     |               16 |             33 |         2.06 |
|  clk_i_IBUF_BUFG | u_soc/u_tx_top/u_huffman_aes_tx_top/u_file_huffman_builder/u_code_length_builder/node_weight[137][15]_i_1_n_0                          |                                                     |               18 |             33 |         1.83 |
|  clk_i_IBUF_BUFG | u_soc/u_tx_top/u_huffman_aes_tx_top/u_file_huffman_builder/u_code_length_builder/node_weight[161][15]_i_1_n_0                          |                                                     |               17 |             33 |         1.94 |
|  clk_i_IBUF_BUFG | u_soc/u_tx_top/u_huffman_aes_tx_top/u_file_huffman_builder/u_code_length_builder/node_weight[147][15]_i_1_n_0                          |                                                     |               18 |             33 |         1.83 |
|  clk_i_IBUF_BUFG | u_soc/u_tx_top/u_huffman_aes_tx_top/u_file_huffman_builder/u_code_length_builder/node_weight[153][15]_i_1_n_0                          |                                                     |               13 |             33 |         2.54 |
|  clk_i_IBUF_BUFG | u_soc/u_tx_top/u_huffman_aes_tx_top/u_file_huffman_builder/u_code_length_builder/node_weight[162][15]_i_1_n_0                          |                                                     |               18 |             33 |         1.83 |
|  clk_i_IBUF_BUFG | u_soc/u_tx_top/u_huffman_aes_tx_top/u_file_huffman_builder/u_code_length_builder/node_weight[168][15]_i_1_n_0                          |                                                     |               15 |             33 |         2.20 |
|  clk_i_IBUF_BUFG | u_soc/u_tx_top/u_huffman_aes_tx_top/u_file_huffman_builder/u_code_length_builder/node_weight[166][15]_i_1_n_0                          |                                                     |               16 |             33 |         2.06 |
|  clk_i_IBUF_BUFG | u_soc/u_tx_top/u_huffman_aes_tx_top/u_file_huffman_builder/u_code_length_builder/node_weight[178][15]_i_1_n_0                          |                                                     |               16 |             33 |         2.06 |
|  clk_i_IBUF_BUFG | u_soc/u_tx_top/u_huffman_aes_tx_top/u_file_huffman_builder/u_code_length_builder/node_weight[151][15]_i_1_n_0                          |                                                     |               16 |             33 |         2.06 |
|  clk_i_IBUF_BUFG | u_soc/u_tx_top/u_huffman_aes_tx_top/u_file_huffman_builder/u_code_length_builder/node_weight[158][15]_i_1_n_0                          |                                                     |               17 |             33 |         1.94 |
|  clk_i_IBUF_BUFG | u_soc/u_tx_top/u_huffman_aes_tx_top/u_file_huffman_builder/u_code_length_builder/node_weight[182][15]_i_1_n_0                          |                                                     |               17 |             33 |         1.94 |
|  clk_i_IBUF_BUFG | u_soc/u_tx_top/u_huffman_aes_tx_top/u_file_huffman_builder/u_code_length_builder/node_weight[186][15]_i_1_n_0                          |                                                     |               18 |             33 |         1.83 |
|  clk_i_IBUF_BUFG | u_soc/u_tx_top/u_huffman_aes_tx_top/u_file_huffman_builder/u_code_length_builder/node_weight[177][15]_i_1_n_0                          |                                                     |               15 |             33 |         2.20 |
|  clk_i_IBUF_BUFG | u_soc/u_tx_top/u_huffman_aes_tx_top/u_file_huffman_builder/u_code_length_builder/node_weight[188][15]_i_1_n_0                          |                                                     |               16 |             33 |         2.06 |
|  clk_i_IBUF_BUFG | u_soc/u_tx_top/u_huffman_aes_tx_top/u_file_huffman_builder/u_code_length_builder/node_weight[148][15]_i_1_n_0                          |                                                     |               16 |             33 |         2.06 |
|  clk_i_IBUF_BUFG | u_soc/u_tx_top/u_huffman_aes_tx_top/u_file_huffman_builder/u_code_length_builder/node_weight[134][15]_i_1_n_0                          |                                                     |               18 |             33 |         1.83 |
|  clk_i_IBUF_BUFG | u_soc/u_tx_top/u_huffman_aes_tx_top/u_file_huffman_builder/u_code_length_builder/node_weight[14][15]_i_1_n_0                           |                                                     |               15 |             33 |         2.20 |
|  clk_i_IBUF_BUFG | u_soc/u_tx_top/u_huffman_aes_tx_top/u_file_huffman_builder/u_code_length_builder/node_weight[140][15]_i_1_n_0                          |                                                     |               17 |             33 |         1.94 |
|  clk_i_IBUF_BUFG | u_soc/u_tx_top/u_huffman_aes_tx_top/u_file_huffman_builder/u_code_length_builder/node_weight[154][15]_i_1_n_0                          |                                                     |               17 |             33 |         1.94 |
|  clk_i_IBUF_BUFG | u_soc/u_tx_top/u_huffman_aes_tx_top/u_file_huffman_builder/u_code_length_builder/node_weight[155][15]_i_1_n_0                          |                                                     |               15 |             33 |         2.20 |
|  clk_i_IBUF_BUFG | u_soc/u_tx_top/u_huffman_aes_tx_top/u_file_huffman_builder/u_code_length_builder/node_weight[160][15]_i_1_n_0                          |                                                     |               20 |             33 |         1.65 |
|  clk_i_IBUF_BUFG | u_soc/u_tx_top/u_huffman_aes_tx_top/u_file_huffman_builder/u_code_length_builder/node_weight[136][15]_i_1_n_0                          |                                                     |               15 |             33 |         2.20 |
|  clk_i_IBUF_BUFG | u_soc/u_tx_top/u_huffman_aes_tx_top/u_file_huffman_builder/u_code_length_builder/node_weight[139][15]_i_1_n_0                          |                                                     |               17 |             33 |         1.94 |
|  clk_i_IBUF_BUFG | u_soc/u_tx_top/u_huffman_aes_tx_top/u_file_huffman_builder/u_code_length_builder/node_weight[138][15]_i_1_n_0                          |                                                     |               16 |             33 |         2.06 |
|  clk_i_IBUF_BUFG | u_soc/u_tx_top/u_huffman_aes_tx_top/u_file_huffman_builder/u_code_length_builder/node_weight[143][15]_i_1_n_0                          |                                                     |               17 |             33 |         1.94 |
|  clk_i_IBUF_BUFG | u_soc/u_tx_top/u_huffman_aes_tx_top/u_file_huffman_builder/u_code_length_builder/node_weight[150][15]_i_1_n_0                          |                                                     |               17 |             33 |         1.94 |
|  clk_i_IBUF_BUFG | u_soc/u_tx_top/u_huffman_aes_tx_top/u_file_huffman_builder/u_code_length_builder/node_weight[164][15]_i_1_n_0                          |                                                     |               16 |             33 |         2.06 |
|  clk_i_IBUF_BUFG | u_soc/u_tx_top/u_huffman_aes_tx_top/u_file_huffman_builder/u_code_length_builder/node_weight[16][15]_i_1_n_0                           |                                                     |               13 |             33 |         2.54 |
|  clk_i_IBUF_BUFG | u_soc/u_tx_top/u_huffman_aes_tx_top/u_file_huffman_builder/u_code_length_builder/node_weight[172][15]_i_1_n_0                          |                                                     |               17 |             33 |         1.94 |
|  clk_i_IBUF_BUFG | u_soc/u_tx_top/u_huffman_aes_tx_top/u_file_huffman_builder/u_code_length_builder/node_weight[15][15]_i_1_n_0                           |                                                     |               14 |             33 |         2.36 |
|  clk_i_IBUF_BUFG | u_soc/u_tx_top/u_huffman_aes_tx_top/u_file_huffman_builder/u_code_length_builder/node_weight[157][15]_i_1_n_0                          |                                                     |               17 |             33 |         1.94 |
|  clk_i_IBUF_BUFG | u_soc/u_tx_top/u_huffman_aes_tx_top/u_file_huffman_builder/u_code_length_builder/node_weight[173][15]_i_1_n_0                          |                                                     |               16 |             33 |         2.06 |
|  clk_i_IBUF_BUFG | u_soc/u_tx_top/u_huffman_aes_tx_top/u_file_huffman_builder/u_code_length_builder/node_weight[176][15]_i_1_n_0                          |                                                     |               18 |             33 |         1.83 |
|  clk_i_IBUF_BUFG | u_soc/u_tx_top/u_huffman_aes_tx_top/u_file_huffman_builder/u_code_length_builder/node_weight[17][15]_i_1_n_0                           |                                                     |               13 |             33 |         2.54 |
|  clk_i_IBUF_BUFG | u_soc/u_tx_top/u_huffman_aes_tx_top/u_file_huffman_builder/u_code_length_builder/node_weight[180][15]_i_1_n_0                          |                                                     |               18 |             33 |         1.83 |
|  clk_i_IBUF_BUFG | u_soc/u_tx_top/u_huffman_aes_tx_top/u_file_huffman_builder/u_code_length_builder/node_weight[183][15]_i_1_n_0                          |                                                     |               14 |             33 |         2.36 |
|  clk_i_IBUF_BUFG | u_soc/u_tx_top/u_huffman_aes_tx_top/u_file_huffman_builder/u_code_length_builder/node_weight[185][15]_i_1_n_0                          |                                                     |               17 |             33 |         1.94 |
|  clk_i_IBUF_BUFG | u_soc/u_tx_top/u_huffman_aes_tx_top/u_file_huffman_builder/u_code_length_builder/node_weight[170][15]_i_1_n_0                          |                                                     |               14 |             33 |         2.36 |
|  clk_i_IBUF_BUFG | u_soc/u_tx_top/u_huffman_aes_tx_top/u_file_huffman_builder/u_code_length_builder/node_weight[187][15]_i_1_n_0                          |                                                     |               14 |             33 |         2.36 |
|  clk_i_IBUF_BUFG | u_soc/u_tx_top/u_huffman_aes_tx_top/u_file_huffman_builder/u_code_length_builder/node_weight[13][15]_i_1_n_0                           |                                                     |               12 |             33 |         2.75 |
|  clk_i_IBUF_BUFG | u_soc/u_tx_top/u_huffman_aes_tx_top/u_file_huffman_builder/u_code_length_builder/node_weight[133][15]_i_1_n_0                          |                                                     |               15 |             33 |         2.20 |
|  clk_i_IBUF_BUFG | u_soc/u_tx_top/u_huffman_aes_tx_top/u_file_huffman_builder/u_code_length_builder/node_weight[189][15]_i_1_n_0                          |                                                     |               18 |             33 |         1.83 |
|  clk_i_IBUF_BUFG | u_soc/u_tx_top/u_huffman_aes_tx_top/u_file_huffman_builder/u_code_length_builder/node_weight[145][15]_i_1_n_0                          |                                                     |               17 |             33 |         1.94 |
|  clk_i_IBUF_BUFG | u_soc/u_tx_top/u_huffman_aes_tx_top/u_file_huffman_builder/u_code_length_builder/node_weight[142][15]_i_1_n_0                          |                                                     |               17 |             33 |         1.94 |
|  clk_i_IBUF_BUFG | u_soc/u_tx_top/u_huffman_aes_tx_top/u_file_huffman_builder/u_code_length_builder/node_weight[141][15]_i_1_n_0                          |                                                     |               15 |             33 |         2.20 |
|  clk_i_IBUF_BUFG | u_soc/u_tx_top/u_huffman_aes_tx_top/u_file_huffman_builder/u_code_length_builder/node_weight[167][15]_i_1_n_0                          |                                                     |               15 |             33 |         2.20 |
|  clk_i_IBUF_BUFG | u_soc/u_tx_top/u_huffman_aes_tx_top/u_file_huffman_builder/u_code_length_builder/node_weight[171][15]_i_1_n_0                          |                                                     |               14 |             33 |         2.36 |
|  clk_i_IBUF_BUFG | u_soc/u_tx_top/u_huffman_aes_tx_top/u_file_huffman_builder/u_code_length_builder/node_weight[174][15]_i_1_n_0                          |                                                     |               16 |             33 |         2.06 |
|  clk_i_IBUF_BUFG | u_soc/u_tx_top/u_huffman_aes_tx_top/u_file_huffman_builder/u_code_length_builder/node_weight[175][15]_i_1_n_0                          |                                                     |               15 |             33 |         2.20 |
|  clk_i_IBUF_BUFG | u_soc/u_tx_top/u_huffman_aes_tx_top/u_file_huffman_builder/u_code_length_builder/node_weight[163][15]_i_1_n_0                          |                                                     |               15 |             33 |         2.20 |
|  clk_i_IBUF_BUFG | u_soc/u_tx_top/u_huffman_aes_tx_top/u_file_huffman_builder/u_code_length_builder/node_weight[200][15]_i_1_n_0                          |                                                     |               16 |             33 |         2.06 |
|  clk_i_IBUF_BUFG | u_soc/u_tx_top/u_huffman_aes_tx_top/u_file_huffman_builder/u_code_length_builder/node_weight[194][15]_i_1_n_0                          |                                                     |               15 |             33 |         2.20 |
|  clk_i_IBUF_BUFG | u_soc/u_tx_top/u_huffman_aes_tx_top/u_file_huffman_builder/u_code_length_builder/node_weight[204][15]_i_1_n_0                          |                                                     |               13 |             33 |         2.54 |
|  clk_i_IBUF_BUFG | u_soc/u_tx_top/u_huffman_aes_tx_top/u_file_huffman_builder/u_code_length_builder/node_weight[205][15]_i_1_n_0                          |                                                     |               15 |             33 |         2.20 |
|  clk_i_IBUF_BUFG | u_soc/u_tx_top/u_huffman_aes_tx_top/u_file_huffman_builder/u_code_length_builder/node_weight[18][15]_i_1_n_0                           |                                                     |               14 |             33 |         2.36 |
|  clk_i_IBUF_BUFG | u_soc/u_tx_top/u_huffman_aes_tx_top/u_file_huffman_builder/u_code_length_builder/node_weight[207][15]_i_1_n_0                          |                                                     |               13 |             33 |         2.54 |
|  clk_i_IBUF_BUFG | u_soc/u_tx_top/u_huffman_aes_tx_top/u_file_huffman_builder/u_code_length_builder/node_weight[212][15]_i_1_n_0                          |                                                     |               15 |             33 |         2.20 |
|  clk_i_IBUF_BUFG | u_soc/u_tx_top/u_huffman_aes_tx_top/u_file_huffman_builder/u_code_length_builder/node_weight[196][15]_i_1_n_0                          |                                                     |               14 |             33 |         2.36 |
|  clk_i_IBUF_BUFG | u_soc/u_tx_top/u_huffman_aes_tx_top/u_file_huffman_builder/u_code_length_builder/node_weight[206][15]_i_1_n_0                          |                                                     |               16 |             33 |         2.06 |
|  clk_i_IBUF_BUFG | u_soc/u_tx_top/u_huffman_aes_tx_top/u_file_huffman_builder/u_code_length_builder/node_weight[213][15]_i_1_n_0                          |                                                     |               14 |             33 |         2.36 |
|  clk_i_IBUF_BUFG | u_soc/u_tx_top/u_huffman_aes_tx_top/u_file_huffman_builder/u_code_length_builder/node_weight[1][15]_i_1_n_0                            |                                                     |               15 |             33 |         2.20 |
|  clk_i_IBUF_BUFG | u_soc/u_tx_top/u_huffman_aes_tx_top/u_file_huffman_builder/u_code_length_builder/node_weight[190][15]_i_1_n_0                          |                                                     |               18 |             33 |         1.83 |
|  clk_i_IBUF_BUFG | u_soc/u_tx_top/u_huffman_aes_tx_top/u_file_huffman_builder/u_code_length_builder/node_weight[209][15]_i_1_n_0                          |                                                     |               16 |             33 |         2.06 |
|  clk_i_IBUF_BUFG | u_soc/u_tx_top/u_huffman_aes_tx_top/u_file_huffman_builder/u_code_length_builder/node_weight[193][15]_i_1_n_0                          |                                                     |               15 |             33 |         2.20 |
|  clk_i_IBUF_BUFG | u_soc/u_tx_top/u_huffman_aes_tx_top/u_file_huffman_builder/u_code_length_builder/node_weight[214][15]_i_1_n_0                          |                                                     |               15 |             33 |         2.20 |
|  clk_i_IBUF_BUFG | u_soc/u_tx_top/u_huffman_aes_tx_top/u_file_huffman_builder/u_code_length_builder/node_weight[216][15]_i_1_n_0                          |                                                     |               16 |             33 |         2.06 |
|  clk_i_IBUF_BUFG | u_soc/u_tx_top/u_huffman_aes_tx_top/u_file_huffman_builder/u_code_length_builder/node_weight[218][15]_i_1_n_0                          |                                                     |               14 |             33 |         2.36 |
|  clk_i_IBUF_BUFG | u_soc/u_tx_top/u_huffman_aes_tx_top/u_file_huffman_builder/u_code_length_builder/node_weight[191][15]_i_1_n_0                          |                                                     |               17 |             33 |         1.94 |
|  clk_i_IBUF_BUFG | u_soc/u_tx_top/u_huffman_aes_tx_top/u_file_huffman_builder/u_code_length_builder/node_weight[219][15]_i_1_n_0                          |                                                     |               15 |             33 |         2.20 |
|  clk_i_IBUF_BUFG | u_soc/u_tx_top/u_huffman_aes_tx_top/u_file_huffman_builder/u_code_length_builder/node_weight[19][15]_i_1_n_0                           |                                                     |               14 |             33 |         2.36 |
|  clk_i_IBUF_BUFG | u_soc/u_tx_top/u_huffman_aes_tx_top/u_file_huffman_builder/u_code_length_builder/node_weight[203][15]_i_1_n_0                          |                                                     |               16 |             33 |         2.06 |
|  clk_i_IBUF_BUFG | u_soc/u_tx_top/u_huffman_aes_tx_top/u_file_huffman_builder/u_code_length_builder/node_weight[210][15]_i_1_n_0                          |                                                     |               14 |             33 |         2.36 |
|  clk_i_IBUF_BUFG | u_soc/u_tx_top/u_huffman_aes_tx_top/u_file_huffman_builder/u_code_length_builder/node_weight[21][15]_i_1_n_0                           |                                                     |               14 |             33 |         2.36 |
|  clk_i_IBUF_BUFG | u_soc/u_tx_top/u_huffman_aes_tx_top/u_file_huffman_builder/u_code_length_builder/node_weight[222][15]_i_1_n_0                          |                                                     |               13 |             33 |         2.54 |
|  clk_i_IBUF_BUFG | u_soc/u_tx_top/u_huffman_aes_tx_top/u_file_huffman_builder/u_code_length_builder/node_weight[198][15]_i_1_n_0                          |                                                     |               16 |             33 |         2.06 |
|  clk_i_IBUF_BUFG | u_soc/u_tx_top/u_huffman_aes_tx_top/u_file_huffman_builder/u_code_length_builder/node_weight[20][15]_i_1_n_0                           |                                                     |               14 |             33 |         2.36 |
|  clk_i_IBUF_BUFG | u_soc/u_tx_top/u_huffman_aes_tx_top/u_file_huffman_builder/u_code_length_builder/node_weight[211][15]_i_1_n_0                          |                                                     |               14 |             33 |         2.36 |
|  clk_i_IBUF_BUFG | u_soc/u_tx_top/u_huffman_aes_tx_top/u_file_huffman_builder/u_code_length_builder/node_weight[224][15]_i_1_n_0                          |                                                     |               20 |             33 |         1.65 |
|  clk_i_IBUF_BUFG | u_soc/u_tx_top/u_huffman_aes_tx_top/u_file_huffman_builder/u_code_length_builder/node_weight[225][15]_i_1_n_0                          |                                                     |               19 |             33 |         1.74 |
|  clk_i_IBUF_BUFG | u_soc/u_tx_top/u_huffman_aes_tx_top/u_file_huffman_builder/u_code_length_builder/node_weight[227][15]_i_1_n_0                          |                                                     |               18 |             33 |         1.83 |
|  clk_i_IBUF_BUFG | u_soc/u_tx_top/u_huffman_aes_tx_top/u_file_huffman_builder/u_code_length_builder/node_weight[228][15]_i_1_n_0                          |                                                     |               16 |             33 |         2.06 |
|  clk_i_IBUF_BUFG | u_soc/u_tx_top/u_huffman_aes_tx_top/u_file_huffman_builder/u_code_length_builder/node_weight[221][15]_i_1_n_0                          |                                                     |               14 |             33 |         2.36 |
|  clk_i_IBUF_BUFG | u_soc/u_tx_top/u_huffman_aes_tx_top/u_file_huffman_builder/u_code_length_builder/node_weight[197][15]_i_1_n_0                          |                                                     |               15 |             33 |         2.20 |
|  clk_i_IBUF_BUFG | u_soc/u_tx_top/u_huffman_aes_tx_top/u_file_huffman_builder/u_code_length_builder/node_weight[256][15]_i_1_n_0                          |                                                     |               13 |             33 |         2.54 |
|  clk_i_IBUF_BUFG | u_soc/u_tx_top/u_huffman_aes_tx_top/u_file_huffman_builder/u_code_length_builder/node_weight[258][15]_i_1_n_0                          |                                                     |               12 |             33 |         2.75 |
|  clk_i_IBUF_BUFG | u_soc/u_tx_top/u_huffman_aes_tx_top/u_file_huffman_builder/u_code_length_builder/node_weight[255][15]_i_1_n_0                          |                                                     |               18 |             33 |         1.83 |
|  clk_i_IBUF_BUFG | u_soc/u_tx_top/u_huffman_aes_tx_top/u_file_huffman_builder/u_code_length_builder/node_weight[250][15]_i_1_n_0                          |                                                     |               16 |             33 |         2.06 |
|  clk_i_IBUF_BUFG | u_soc/u_tx_top/u_huffman_aes_tx_top/u_file_huffman_builder/u_code_length_builder/node_weight[262][15]_i_1_n_0                          |                                                     |               11 |             33 |         3.00 |
|  clk_i_IBUF_BUFG | u_soc/u_tx_top/u_huffman_aes_tx_top/u_file_huffman_builder/u_code_length_builder/node_weight[246][15]_i_1_n_0                          |                                                     |               15 |             33 |         2.20 |
|  clk_i_IBUF_BUFG | u_soc/u_tx_top/u_huffman_aes_tx_top/u_file_huffman_builder/u_code_length_builder/node_weight[22][15]_i_1_n_0                           |                                                     |               17 |             33 |         1.94 |
|  clk_i_IBUF_BUFG | u_soc/u_tx_top/u_huffman_aes_tx_top/u_file_huffman_builder/u_code_length_builder/node_weight[237][15]_i_1_n_0                          |                                                     |               15 |             33 |         2.20 |
|  clk_i_IBUF_BUFG | u_soc/u_tx_top/u_huffman_aes_tx_top/u_file_huffman_builder/u_code_length_builder/node_weight[244][15]_i_1_n_0                          |                                                     |               16 |             33 |         2.06 |
|  clk_i_IBUF_BUFG | u_soc/u_tx_top/u_huffman_aes_tx_top/u_file_huffman_builder/u_code_length_builder/node_weight[25][15]_i_1_n_0                           |                                                     |               15 |             33 |         2.20 |
|  clk_i_IBUF_BUFG | u_soc/u_tx_top/u_huffman_aes_tx_top/u_file_huffman_builder/u_code_length_builder/node_weight[253][15]_i_1_n_0                          |                                                     |               18 |             33 |         1.83 |
|  clk_i_IBUF_BUFG | u_soc/u_tx_top/u_huffman_aes_tx_top/u_file_huffman_builder/u_code_length_builder/node_weight[249][15]_i_1_n_0                          |                                                     |               16 |             33 |         2.06 |
|  clk_i_IBUF_BUFG | u_soc/u_tx_top/u_huffman_aes_tx_top/u_file_huffman_builder/u_code_length_builder/node_weight[239][15]_i_1_n_0                          |                                                     |               17 |             33 |         1.94 |
|  clk_i_IBUF_BUFG | u_soc/u_tx_top/u_huffman_aes_tx_top/u_file_huffman_builder/u_code_length_builder/node_weight[241][15]_i_1_n_0                          |                                                     |               14 |             33 |         2.36 |
|  clk_i_IBUF_BUFG | u_soc/u_tx_top/u_huffman_aes_tx_top/u_file_huffman_builder/u_code_length_builder/node_weight[247][15]_i_1_n_0                          |                                                     |               17 |             33 |         1.94 |
|  clk_i_IBUF_BUFG | u_soc/u_tx_top/u_huffman_aes_tx_top/u_file_huffman_builder/u_code_length_builder/node_weight[248][15]_i_1_n_0                          |                                                     |               14 |             33 |         2.36 |
|  clk_i_IBUF_BUFG | u_soc/u_tx_top/u_huffman_aes_tx_top/u_file_huffman_builder/u_code_length_builder/node_weight[234][15]_i_1_n_0                          |                                                     |               15 |             33 |         2.20 |
|  clk_i_IBUF_BUFG | u_soc/u_tx_top/u_huffman_aes_tx_top/u_file_huffman_builder/u_code_length_builder/node_weight[232][15]_i_1_n_0                          |                                                     |               19 |             33 |         1.74 |
|  clk_i_IBUF_BUFG | u_soc/u_tx_top/u_huffman_aes_tx_top/u_file_huffman_builder/u_code_length_builder/node_weight[233][15]_i_1_n_0                          |                                                     |               15 |             33 |         2.20 |
|  clk_i_IBUF_BUFG | u_soc/u_tx_top/u_huffman_aes_tx_top/u_file_huffman_builder/u_code_length_builder/node_weight[23][15]_i_1_n_0                           |                                                     |               17 |             33 |         1.94 |
|  clk_i_IBUF_BUFG | u_soc/u_tx_top/u_huffman_aes_tx_top/u_file_huffman_builder/u_code_length_builder/node_weight[231][15]_i_1_n_0                          |                                                     |               14 |             33 |         2.36 |
|  clk_i_IBUF_BUFG | u_soc/u_tx_top/u_huffman_aes_tx_top/u_file_huffman_builder/u_code_length_builder/node_weight[235][15]_i_1_n_0                          |                                                     |               17 |             33 |         1.94 |
|  clk_i_IBUF_BUFG | u_soc/u_tx_top/u_huffman_aes_tx_top/u_file_huffman_builder/u_code_length_builder/node_weight[245][15]_i_1_n_0                          |                                                     |               17 |             33 |         1.94 |
|  clk_i_IBUF_BUFG | u_soc/u_tx_top/u_huffman_aes_tx_top/u_file_huffman_builder/u_code_length_builder/node_weight[24][15]_i_1_n_0                           |                                                     |               13 |             33 |         2.54 |
|  clk_i_IBUF_BUFG | u_soc/u_tx_top/u_huffman_aes_tx_top/u_file_huffman_builder/u_code_length_builder/node_weight[229][15]_i_1_n_0                          |                                                     |               14 |             33 |         2.36 |
|  clk_i_IBUF_BUFG | u_soc/u_tx_top/u_huffman_aes_tx_top/u_file_huffman_builder/u_code_length_builder/node_weight[242][15]_i_1_n_0                          |                                                     |               16 |             33 |         2.06 |
|  clk_i_IBUF_BUFG | u_soc/u_tx_top/u_huffman_aes_tx_top/u_file_huffman_builder/u_code_length_builder/node_weight[238][15]_i_1_n_0                          |                                                     |               15 |             33 |         2.20 |
|  clk_i_IBUF_BUFG | u_soc/u_tx_top/u_huffman_aes_tx_top/u_file_huffman_builder/u_code_length_builder/node_weight[257][15]_i_1_n_0                          |                                                     |               13 |             33 |         2.54 |
|  clk_i_IBUF_BUFG | u_soc/u_tx_top/u_huffman_aes_tx_top/u_file_huffman_builder/u_code_length_builder/node_weight[261][15]_i_1_n_0                          |                                                     |               12 |             33 |         2.75 |
|  clk_i_IBUF_BUFG | u_soc/u_tx_top/u_huffman_aes_tx_top/u_file_huffman_builder/u_code_length_builder/node_weight[252][15]_i_1_n_0                          |                                                     |               16 |             33 |         2.06 |
|  clk_i_IBUF_BUFG | u_soc/u_tx_top/u_huffman_aes_tx_top/u_file_huffman_builder/u_code_length_builder/node_weight[236][15]_i_1_n_0                          |                                                     |               15 |             33 |         2.20 |
|  clk_i_IBUF_BUFG | u_soc/u_tx_top/u_huffman_aes_tx_top/u_file_huffman_builder/u_code_length_builder/node_weight[243][15]_i_1_n_0                          |                                                     |               15 |             33 |         2.20 |
|  clk_i_IBUF_BUFG | u_soc/u_tx_top/u_huffman_aes_tx_top/u_file_huffman_builder/u_code_length_builder/node_weight[314][15]_i_1_n_0                          |                                                     |               14 |             33 |         2.36 |
|  clk_i_IBUF_BUFG | u_soc/u_tx_top/u_huffman_aes_tx_top/u_file_huffman_builder/u_code_length_builder/node_weight[332][15]_i_1_n_0                          |                                                     |               12 |             33 |         2.75 |
|  clk_i_IBUF_BUFG | u_soc/u_tx_top/u_huffman_aes_tx_top/u_file_huffman_builder/u_code_length_builder/node_weight[318][15]_i_1_n_0                          |                                                     |               12 |             33 |         2.75 |
|  clk_i_IBUF_BUFG | u_soc/u_tx_top/u_huffman_aes_tx_top/u_file_huffman_builder/u_code_length_builder/node_weight[32][15]_i_1_n_0                           |                                                     |               15 |             33 |         2.20 |
|  clk_i_IBUF_BUFG | u_soc/u_tx_top/u_huffman_aes_tx_top/u_file_huffman_builder/u_code_length_builder/node_weight[344][15]_i_1_n_0                          |                                                     |               10 |             33 |         3.30 |
|  clk_i_IBUF_BUFG | u_soc/u_tx_top/u_huffman_aes_tx_top/u_file_huffman_builder/u_code_length_builder/node_weight[345][15]_i_1_n_0                          |                                                     |                9 |             33 |         3.67 |
|  clk_i_IBUF_BUFG | u_soc/u_tx_top/u_huffman_aes_tx_top/u_file_huffman_builder/u_code_length_builder/node_weight[346][15]_i_1_n_0                          |                                                     |               10 |             33 |         3.30 |
|  clk_i_IBUF_BUFG | u_soc/u_tx_top/u_huffman_aes_tx_top/u_file_huffman_builder/u_code_length_builder/node_weight[327][15]_i_1_n_0                          |                                                     |               11 |             33 |         3.00 |
|  clk_i_IBUF_BUFG | u_soc/u_tx_top/u_huffman_aes_tx_top/u_file_huffman_builder/u_code_length_builder/node_weight[30][15]_i_1_n_0                           |                                                     |               15 |             33 |         2.20 |
|  clk_i_IBUF_BUFG | u_soc/u_tx_top/u_huffman_aes_tx_top/u_file_huffman_builder/u_code_length_builder/node_weight[29][15]_i_1_n_0                           |                                                     |               16 |             33 |         2.06 |
|  clk_i_IBUF_BUFG | u_soc/u_tx_top/u_huffman_aes_tx_top/u_file_huffman_builder/u_code_length_builder/node_weight[324][15]_i_1_n_0                          |                                                     |               11 |             33 |         3.00 |
|  clk_i_IBUF_BUFG | u_soc/u_tx_top/u_huffman_aes_tx_top/u_file_huffman_builder/u_code_length_builder/node_weight[33][15]_i_1_n_0                           |                                                     |               17 |             33 |         1.94 |
|  clk_i_IBUF_BUFG | u_soc/u_tx_top/u_huffman_aes_tx_top/u_file_huffman_builder/u_code_length_builder/node_weight[339][15]_i_1_n_0                          |                                                     |                9 |             33 |         3.67 |
|  clk_i_IBUF_BUFG | u_soc/u_tx_top/u_huffman_aes_tx_top/u_file_huffman_builder/u_code_length_builder/node_weight[2][15]_i_1_n_0                            |                                                     |               15 |             33 |         2.20 |
|  clk_i_IBUF_BUFG | u_soc/u_tx_top/u_huffman_aes_tx_top/u_file_huffman_builder/u_code_length_builder/node_weight[340][15]_i_1_n_0                          |                                                     |                9 |             33 |         3.67 |
|  clk_i_IBUF_BUFG | u_soc/u_tx_top/u_huffman_aes_tx_top/u_file_huffman_builder/u_code_length_builder/node_weight[31][15]_i_1_n_0                           |                                                     |               14 |             33 |         2.36 |
|  clk_i_IBUF_BUFG | u_soc/u_tx_top/u_huffman_aes_tx_top/u_file_huffman_builder/u_code_length_builder/node_weight[341][15]_i_1_n_0                          |                                                     |                9 |             33 |         3.67 |
|  clk_i_IBUF_BUFG | u_soc/u_tx_top/u_huffman_aes_tx_top/u_file_huffman_builder/u_code_length_builder/node_weight[342][15]_i_1_n_0                          |                                                     |                9 |             33 |         3.67 |
|  clk_i_IBUF_BUFG | u_soc/u_tx_top/u_huffman_aes_tx_top/u_file_huffman_builder/u_code_length_builder/node_weight[28][15]_i_1_n_0                           |                                                     |               13 |             33 |         2.54 |
|  clk_i_IBUF_BUFG | u_soc/u_tx_top/u_huffman_aes_tx_top/u_file_huffman_builder/u_code_length_builder/node_weight[337][15]_i_1_n_0                          |                                                     |                9 |             33 |         3.67 |
|  clk_i_IBUF_BUFG | u_soc/u_tx_top/u_huffman_aes_tx_top/u_file_huffman_builder/u_code_length_builder/node_weight[347][15]_i_1_n_0                          |                                                     |               10 |             33 |         3.30 |
|  clk_i_IBUF_BUFG | u_soc/u_tx_top/u_huffman_aes_tx_top/u_file_huffman_builder/u_code_length_builder/node_weight[348][15]_i_1_n_0                          |                                                     |               10 |             33 |         3.30 |
|  clk_i_IBUF_BUFG | u_soc/u_tx_top/u_huffman_aes_tx_top/u_file_huffman_builder/u_code_length_builder/node_weight[34][15]_i_1_n_0                           |                                                     |               15 |             33 |         2.20 |
|  clk_i_IBUF_BUFG | u_soc/u_tx_top/u_huffman_aes_tx_top/u_file_huffman_builder/u_code_length_builder/node_weight[350][15]_i_1_n_0                          |                                                     |               10 |             33 |         3.30 |
|  clk_i_IBUF_BUFG | u_soc/u_tx_top/u_huffman_aes_tx_top/u_file_huffman_builder/u_code_length_builder/node_weight[27][15]_i_1_n_0                           |                                                     |               15 |             33 |         2.20 |
|  clk_i_IBUF_BUFG | u_soc/u_tx_top/u_huffman_aes_tx_top/u_file_huffman_builder/u_code_length_builder/node_weight[343][15]_i_1_n_0                          |                                                     |               12 |             33 |         2.75 |
|  clk_i_IBUF_BUFG | u_soc/u_tx_top/u_huffman_aes_tx_top/u_file_huffman_builder/u_code_length_builder/node_weight[349][15]_i_1_n_0                          |                                                     |                8 |             33 |         4.12 |
|  clk_i_IBUF_BUFG | u_soc/u_tx_top/u_huffman_aes_tx_top/u_file_huffman_builder/u_code_length_builder/node_weight[351][15]_i_1_n_0                          |                                                     |                9 |             33 |         3.67 |
|  clk_i_IBUF_BUFG | u_soc/u_tx_top/u_huffman_aes_tx_top/u_file_huffman_builder/u_code_length_builder/node_weight[26][15]_i_1_n_0                           |                                                     |               13 |             33 |         2.54 |
|  clk_i_IBUF_BUFG | u_soc/u_tx_top/u_huffman_aes_tx_top/u_file_huffman_builder/u_code_length_builder/node_weight[356][15]_i_1_n_0                          |                                                     |               14 |             33 |         2.36 |
|  clk_i_IBUF_BUFG | u_soc/u_tx_top/u_huffman_aes_tx_top/u_file_huffman_builder/u_code_length_builder/node_weight[382][15]_i_1_n_0                          |                                                     |               14 |             33 |         2.36 |
|  clk_i_IBUF_BUFG | u_soc/u_tx_top/u_huffman_aes_tx_top/u_file_huffman_builder/u_code_length_builder/node_weight[37][15]_i_1_n_0                           |                                                     |               15 |             33 |         2.20 |
|  clk_i_IBUF_BUFG | u_soc/u_tx_top/u_huffman_aes_tx_top/u_file_huffman_builder/u_code_length_builder/node_weight[383][15]_i_1_n_0                          |                                                     |                9 |             33 |         3.67 |
|  clk_i_IBUF_BUFG | u_soc/u_tx_top/u_huffman_aes_tx_top/u_file_huffman_builder/u_code_length_builder/node_weight[352][15]_i_1_n_0                          |                                                     |               14 |             33 |         2.36 |
|  clk_i_IBUF_BUFG | u_soc/u_tx_top/u_huffman_aes_tx_top/u_file_huffman_builder/u_code_length_builder/node_weight[370][15]_i_1_n_0                          |                                                     |               11 |             33 |         3.00 |
|  clk_i_IBUF_BUFG | u_soc/u_tx_top/u_huffman_aes_tx_top/u_file_huffman_builder/u_code_length_builder/node_weight[374][15]_i_1_n_0                          |                                                     |               11 |             33 |         3.00 |
|  clk_i_IBUF_BUFG | u_soc/u_tx_top/u_huffman_aes_tx_top/u_file_huffman_builder/u_code_length_builder/node_weight[360][15]_i_1_n_0                          |                                                     |               12 |             33 |         2.75 |
|  clk_i_IBUF_BUFG | u_soc/u_tx_top/u_huffman_aes_tx_top/u_file_huffman_builder/u_code_length_builder/node_weight[359][15]_i_1_n_0                          |                                                     |               12 |             33 |         2.75 |
|  clk_i_IBUF_BUFG | u_soc/u_tx_top/u_huffman_aes_tx_top/u_file_huffman_builder/u_code_length_builder/node_weight[365][15]_i_1_n_0                          |                                                     |               13 |             33 |         2.54 |
|  clk_i_IBUF_BUFG | u_soc/u_tx_top/u_huffman_aes_tx_top/u_file_huffman_builder/u_code_length_builder/node_weight[375][15]_i_1_n_0                          |                                                     |                9 |             33 |         3.67 |
|  clk_i_IBUF_BUFG | u_soc/u_tx_top/u_huffman_aes_tx_top/u_file_huffman_builder/u_code_length_builder/node_weight[353][15]_i_1_n_0                          |                                                     |               15 |             33 |         2.20 |
|  clk_i_IBUF_BUFG | u_soc/u_tx_top/u_huffman_aes_tx_top/u_file_huffman_builder/u_code_length_builder/node_weight[380][15]_i_1_n_0                          |                                                     |                9 |             33 |         3.67 |
|  clk_i_IBUF_BUFG | u_soc/u_tx_top/u_huffman_aes_tx_top/u_file_huffman_builder/u_code_length_builder/node_weight[367][15]_i_1_n_0                          |                                                     |               13 |             33 |         2.54 |
|  clk_i_IBUF_BUFG | u_soc/u_tx_top/u_huffman_aes_tx_top/u_file_huffman_builder/u_code_length_builder/node_weight[355][15]_i_1_n_0                          |                                                     |               12 |             33 |         2.75 |
|  clk_i_IBUF_BUFG | u_soc/u_tx_top/u_huffman_aes_tx_top/u_file_huffman_builder/u_code_length_builder/node_weight[384][15]_i_1_n_0                          |                                                     |               16 |             33 |         2.06 |
|  clk_i_IBUF_BUFG | u_soc/u_tx_top/u_huffman_aes_tx_top/u_file_huffman_builder/u_code_length_builder/node_weight[357][15]_i_1_n_0                          |                                                     |               13 |             33 |         2.54 |
|  clk_i_IBUF_BUFG | u_soc/u_tx_top/u_huffman_aes_tx_top/u_file_huffman_builder/u_code_length_builder/node_weight[385][15]_i_1_n_0                          |                                                     |               16 |             33 |         2.06 |
|  clk_i_IBUF_BUFG | u_soc/u_tx_top/u_huffman_aes_tx_top/u_file_huffman_builder/u_code_length_builder/node_weight[378][15]_i_1_n_0                          |                                                     |                7 |             33 |         4.71 |
|  clk_i_IBUF_BUFG | u_soc/u_tx_top/u_huffman_aes_tx_top/u_file_huffman_builder/u_code_length_builder/node_weight[364][15]_i_1_n_0                          |                                                     |               13 |             33 |         2.54 |
|  clk_i_IBUF_BUFG | u_soc/u_tx_top/u_huffman_aes_tx_top/u_file_huffman_builder/u_code_length_builder/node_weight[354][15]_i_1_n_0                          |                                                     |               13 |             33 |         2.54 |
|  clk_i_IBUF_BUFG | u_soc/u_tx_top/u_huffman_aes_tx_top/u_file_huffman_builder/u_code_length_builder/node_weight[373][15]_i_1_n_0                          |                                                     |               10 |             33 |         3.30 |
|  clk_i_IBUF_BUFG | u_soc/u_tx_top/u_huffman_aes_tx_top/u_file_huffman_builder/u_code_length_builder/node_weight[369][15]_i_1_n_0                          |                                                     |               10 |             33 |         3.30 |
|  clk_i_IBUF_BUFG | u_soc/u_tx_top/u_huffman_aes_tx_top/u_file_huffman_builder/u_code_length_builder/node_weight[35][15]_i_1_n_0                           |                                                     |               14 |             33 |         2.36 |
|  clk_i_IBUF_BUFG | u_soc/u_tx_top/u_huffman_aes_tx_top/u_file_huffman_builder/u_code_length_builder/node_weight[368][15]_i_1_n_0                          |                                                     |                9 |             33 |         3.67 |
|  clk_i_IBUF_BUFG | u_soc/u_tx_top/u_huffman_aes_tx_top/u_file_huffman_builder/u_code_length_builder/node_weight[381][15]_i_1_n_0                          |                                                     |               12 |             33 |         2.75 |
|  clk_i_IBUF_BUFG | u_soc/u_tx_top/u_huffman_aes_tx_top/u_file_huffman_builder/u_code_length_builder/node_weight[363][15]_i_1_n_0                          |                                                     |               13 |             33 |         2.54 |
|  clk_i_IBUF_BUFG | u_soc/u_tx_top/u_huffman_aes_tx_top/u_file_huffman_builder/u_code_length_builder/node_weight[36][15]_i_1_n_0                           |                                                     |               18 |             33 |         1.83 |
|  clk_i_IBUF_BUFG | u_soc/u_tx_top/u_huffman_aes_tx_top/u_file_huffman_builder/u_code_length_builder/node_weight[372][15]_i_1_n_0                          |                                                     |               10 |             33 |         3.30 |
|  clk_i_IBUF_BUFG | u_soc/u_tx_top/u_huffman_aes_tx_top/u_file_huffman_builder/u_code_length_builder/node_weight[362][15]_i_1_n_0                          |                                                     |               13 |             33 |         2.54 |
|  clk_i_IBUF_BUFG | u_soc/u_tx_top/u_huffman_aes_tx_top/u_file_huffman_builder/u_code_length_builder/node_weight[371][15]_i_1_n_0                          |                                                     |               11 |             33 |         3.00 |
|  clk_i_IBUF_BUFG | u_soc/u_tx_top/u_huffman_aes_tx_top/u_file_huffman_builder/u_code_length_builder/node_weight[358][15]_i_1_n_0                          |                                                     |               12 |             33 |         2.75 |
|  clk_i_IBUF_BUFG | u_soc/u_tx_top/u_huffman_aes_tx_top/u_file_huffman_builder/u_code_length_builder/node_weight[361][15]_i_1_n_0                          |                                                     |               15 |             33 |         2.20 |
|  clk_i_IBUF_BUFG | u_soc/u_tx_top/u_huffman_aes_tx_top/u_file_huffman_builder/u_code_length_builder/node_weight[366][15]_i_1_n_0                          |                                                     |               14 |             33 |         2.36 |
|  clk_i_IBUF_BUFG | u_soc/u_tx_top/u_huffman_aes_tx_top/u_file_huffman_builder/u_code_length_builder/node_weight[377][15]_i_1_n_0                          |                                                     |               10 |             33 |         3.30 |
|  clk_i_IBUF_BUFG | u_soc/u_tx_top/u_huffman_aes_tx_top/u_file_huffman_builder/u_code_length_builder/node_weight[379][15]_i_1_n_0                          |                                                     |               10 |             33 |         3.30 |
|  clk_i_IBUF_BUFG | u_soc/u_tx_top/u_huffman_aes_tx_top/u_file_huffman_builder/u_code_length_builder/node_weight[376][15]_i_1_n_0                          |                                                     |                8 |             33 |         4.12 |
|  clk_i_IBUF_BUFG | u_soc/u_tx_top/u_huffman_aes_tx_top/u_file_huffman_builder/u_code_length_builder/node_weight[397][15]_i_1_n_0                          |                                                     |               15 |             33 |         2.20 |
|  clk_i_IBUF_BUFG | u_soc/u_tx_top/u_huffman_aes_tx_top/u_file_huffman_builder/u_code_length_builder/node_weight[401][15]_i_1_n_0                          |                                                     |               13 |             33 |         2.54 |
|  clk_i_IBUF_BUFG | u_soc/u_tx_top/u_huffman_aes_tx_top/u_file_huffman_builder/u_code_length_builder/node_weight[387][15]_i_1_n_0                          |                                                     |               17 |             33 |         1.94 |
|  clk_i_IBUF_BUFG | u_soc/u_tx_top/u_huffman_aes_tx_top/u_file_huffman_builder/u_code_length_builder/node_weight[409][15]_i_1_n_0                          |                                                     |               14 |             33 |         2.36 |
|  clk_i_IBUF_BUFG | u_soc/u_tx_top/u_huffman_aes_tx_top/u_file_huffman_builder/u_code_length_builder/node_weight[40][15]_i_1_n_0                           |                                                     |               17 |             33 |         1.94 |
|  clk_i_IBUF_BUFG | u_soc/u_tx_top/u_huffman_aes_tx_top/u_file_huffman_builder/u_code_length_builder/node_weight[392][15]_i_1_n_0                          |                                                     |               15 |             33 |         2.20 |
|  clk_i_IBUF_BUFG | u_soc/u_tx_top/u_huffman_aes_tx_top/u_file_huffman_builder/u_code_length_builder/node_weight[400][15]_i_1_n_0                          |                                                     |               13 |             33 |         2.54 |
|  clk_i_IBUF_BUFG | u_soc/u_tx_top/u_huffman_aes_tx_top/u_file_huffman_builder/u_code_length_builder/node_weight[39][15]_i_1_n_0                           |                                                     |               17 |             33 |         1.94 |
|  clk_i_IBUF_BUFG | u_soc/u_tx_top/u_huffman_aes_tx_top/u_file_huffman_builder/u_code_length_builder/node_weight[386][15]_i_1_n_0                          |                                                     |               15 |             33 |         2.20 |
|  clk_i_IBUF_BUFG | u_soc/u_tx_top/u_huffman_aes_tx_top/u_file_huffman_builder/u_code_length_builder/node_weight[38][15]_i_1_n_0                           |                                                     |               14 |             33 |         2.36 |
|  clk_i_IBUF_BUFG | u_soc/u_tx_top/u_huffman_aes_tx_top/u_file_huffman_builder/u_code_length_builder/node_weight[390][15]_i_1_n_0                          |                                                     |               17 |             33 |         1.94 |
|  clk_i_IBUF_BUFG | u_soc/u_tx_top/u_huffman_aes_tx_top/u_file_huffman_builder/u_code_length_builder/node_weight[398][15]_i_1_n_0                          |                                                     |               18 |             33 |         1.83 |
|  clk_i_IBUF_BUFG | u_soc/u_tx_top/u_huffman_aes_tx_top/u_file_huffman_builder/u_code_length_builder/node_weight[395][15]_i_1_n_0                          |                                                     |               18 |             33 |         1.83 |
|  clk_i_IBUF_BUFG | u_soc/u_tx_top/u_huffman_aes_tx_top/u_file_huffman_builder/u_code_length_builder/node_weight[405][15]_i_1_n_0                          |                                                     |               15 |             33 |         2.20 |
|  clk_i_IBUF_BUFG | u_soc/u_tx_top/u_huffman_aes_tx_top/u_file_huffman_builder/u_code_length_builder/node_weight[406][15]_i_1_n_0                          |                                                     |               14 |             33 |         2.36 |
|  clk_i_IBUF_BUFG | u_soc/u_tx_top/u_huffman_aes_tx_top/u_file_huffman_builder/u_code_length_builder/node_weight[396][15]_i_1_n_0                          |                                                     |               15 |             33 |         2.20 |
|  clk_i_IBUF_BUFG | u_soc/u_tx_top/u_huffman_aes_tx_top/u_file_huffman_builder/u_code_length_builder/node_weight[407][15]_i_1_n_0                          |                                                     |               12 |             33 |         2.75 |
|  clk_i_IBUF_BUFG | u_soc/u_tx_top/u_huffman_aes_tx_top/u_file_huffman_builder/u_code_length_builder/node_weight[408][15]_i_1_n_0                          |                                                     |               18 |             33 |         1.83 |
|  clk_i_IBUF_BUFG | u_soc/u_tx_top/u_huffman_aes_tx_top/u_file_huffman_builder/u_code_length_builder/node_weight[388][15]_i_1_n_0                          |                                                     |               17 |             33 |         1.94 |
|  clk_i_IBUF_BUFG | u_soc/u_tx_top/u_huffman_aes_tx_top/u_file_huffman_builder/u_code_length_builder/node_weight[403][15]_i_1_n_0                          |                                                     |               16 |             33 |         2.06 |
|  clk_i_IBUF_BUFG | u_soc/u_tx_top/u_huffman_aes_tx_top/u_file_huffman_builder/u_code_length_builder/node_weight[411][15]_i_1_n_0                          |                                                     |               17 |             33 |         1.94 |
|  clk_i_IBUF_BUFG | u_soc/u_tx_top/u_huffman_aes_tx_top/u_file_huffman_builder/u_code_length_builder/node_weight[412][15]_i_1_n_0                          |                                                     |               12 |             33 |         2.75 |
|  clk_i_IBUF_BUFG | u_soc/u_tx_top/u_huffman_aes_tx_top/u_file_huffman_builder/u_code_length_builder/node_weight[402][15]_i_1_n_0                          |                                                     |               17 |             33 |         1.94 |
|  clk_i_IBUF_BUFG | u_soc/u_tx_top/u_huffman_aes_tx_top/u_file_huffman_builder/u_code_length_builder/node_weight[410][15]_i_1_n_0                          |                                                     |               13 |             33 |         2.54 |
|  clk_i_IBUF_BUFG | u_soc/u_tx_top/u_huffman_aes_tx_top/u_file_huffman_builder/u_code_length_builder/node_weight[393][15]_i_1_n_0                          |                                                     |               11 |             33 |         3.00 |
|  clk_i_IBUF_BUFG | u_soc/u_tx_top/u_huffman_aes_tx_top/u_file_huffman_builder/u_code_length_builder/node_weight[413][15]_i_1_n_0                          |                                                     |               11 |             33 |         3.00 |
|  clk_i_IBUF_BUFG | u_soc/u_tx_top/u_huffman_aes_tx_top/u_file_huffman_builder/u_code_length_builder/node_weight[414][15]_i_1_n_0                          |                                                     |               16 |             33 |         2.06 |
|  clk_i_IBUF_BUFG | u_soc/u_tx_top/u_huffman_aes_tx_top/u_file_huffman_builder/u_code_length_builder/node_weight[394][15]_i_1_n_0                          |                                                     |               16 |             33 |         2.06 |
|  clk_i_IBUF_BUFG | u_soc/u_tx_top/u_huffman_aes_tx_top/u_file_huffman_builder/u_code_length_builder/node_weight[415][15]_i_1_n_0                          |                                                     |               12 |             33 |         2.75 |
|  clk_i_IBUF_BUFG | u_soc/u_tx_top/u_huffman_aes_tx_top/u_file_huffman_builder/u_code_length_builder/node_weight[404][15]_i_1_n_0                          |                                                     |               11 |             33 |         3.00 |
|  clk_i_IBUF_BUFG | u_soc/u_tx_top/u_huffman_aes_tx_top/u_file_huffman_builder/u_code_length_builder/node_weight[391][15]_i_1_n_0                          |                                                     |               13 |             33 |         2.54 |
|  clk_i_IBUF_BUFG | u_soc/u_tx_top/u_huffman_aes_tx_top/u_file_huffman_builder/u_code_length_builder/node_weight[399][15]_i_1_n_0                          |                                                     |               16 |             33 |         2.06 |
|  clk_i_IBUF_BUFG | u_soc/u_tx_top/u_huffman_aes_tx_top/u_file_huffman_builder/u_code_length_builder/node_weight[3][15]_i_1_n_0                            |                                                     |               12 |             33 |         2.75 |
|  clk_i_IBUF_BUFG | u_soc/u_tx_top/u_huffman_aes_tx_top/u_file_huffman_builder/u_code_length_builder/node_weight[389][15]_i_1_n_0                          |                                                     |               16 |             33 |         2.06 |
|  clk_i_IBUF_BUFG | u_soc/u_tx_top/u_huffman_aes_tx_top/u_file_huffman_builder/u_code_length_builder/node_weight[423][15]_i_1_n_0                          |                                                     |               15 |             33 |         2.20 |
|  clk_i_IBUF_BUFG | u_soc/u_tx_top/u_huffman_aes_tx_top/u_file_huffman_builder/u_code_length_builder/node_weight[436][15]_i_1_n_0                          |                                                     |                8 |             33 |         4.12 |
|  clk_i_IBUF_BUFG | u_soc/u_tx_top/u_huffman_aes_tx_top/u_file_huffman_builder/u_code_length_builder/node_weight[431][15]_i_1_n_0                          |                                                     |               14 |             33 |         2.36 |
|  clk_i_IBUF_BUFG | u_soc/u_tx_top/u_huffman_aes_tx_top/u_file_huffman_builder/u_code_length_builder/node_weight[43][15]_i_1_n_0                           |                                                     |               15 |             33 |         2.20 |
|  clk_i_IBUF_BUFG | u_soc/u_tx_top/u_huffman_aes_tx_top/u_file_huffman_builder/u_code_length_builder/node_weight[442][15]_i_1_n_0                          |                                                     |               11 |             33 |         3.00 |
|  clk_i_IBUF_BUFG | u_soc/u_tx_top/u_huffman_aes_tx_top/u_file_huffman_builder/u_code_length_builder/node_weight[421][15]_i_1_n_0                          |                                                     |               18 |             33 |         1.83 |
|  clk_i_IBUF_BUFG | u_soc/u_tx_top/u_huffman_aes_tx_top/u_file_huffman_builder/u_code_length_builder/node_weight[42][15]_i_1_n_0                           |                                                     |               18 |             33 |         1.83 |
|  clk_i_IBUF_BUFG | u_soc/u_tx_top/u_huffman_aes_tx_top/u_file_huffman_builder/u_code_length_builder/node_weight[434][15]_i_1_n_0                          |                                                     |               14 |             33 |         2.36 |
|  clk_i_IBUF_BUFG | u_soc/u_tx_top/u_huffman_aes_tx_top/u_file_huffman_builder/u_code_length_builder/node_weight[416][15]_i_1_n_0                          |                                                     |               12 |             33 |         2.75 |
|  clk_i_IBUF_BUFG | u_soc/u_tx_top/u_huffman_aes_tx_top/u_file_huffman_builder/u_code_length_builder/node_weight[430][15]_i_1_n_0                          |                                                     |               18 |             33 |         1.83 |
|  clk_i_IBUF_BUFG | u_soc/u_tx_top/u_huffman_aes_tx_top/u_file_huffman_builder/u_code_length_builder/node_weight[429][15]_i_1_n_0                          |                                                     |               19 |             33 |         1.74 |
|  clk_i_IBUF_BUFG | u_soc/u_tx_top/u_huffman_aes_tx_top/u_file_huffman_builder/u_code_length_builder/node_weight[41][15]_i_1_n_0                           |                                                     |               17 |             33 |         1.94 |
|  clk_i_IBUF_BUFG | u_soc/u_tx_top/u_huffman_aes_tx_top/u_file_huffman_builder/u_code_length_builder/node_weight[424][15]_i_1_n_0                          |                                                     |               18 |             33 |         1.83 |
|  clk_i_IBUF_BUFG | u_soc/u_tx_top/u_huffman_aes_tx_top/u_file_huffman_builder/u_code_length_builder/node_weight[422][15]_i_1_n_0                          |                                                     |               12 |             33 |         2.75 |
|  clk_i_IBUF_BUFG | u_soc/u_tx_top/u_huffman_aes_tx_top/u_file_huffman_builder/u_code_length_builder/node_weight[433][15]_i_1_n_0                          |                                                     |               13 |             33 |         2.54 |
|  clk_i_IBUF_BUFG | u_soc/u_tx_top/u_huffman_aes_tx_top/u_file_huffman_builder/u_code_length_builder/node_weight[444][15]_i_1_n_0                          |                                                     |               13 |             33 |         2.54 |
|  clk_i_IBUF_BUFG | u_soc/u_tx_top/u_huffman_aes_tx_top/u_file_huffman_builder/u_code_length_builder/node_weight[418][15]_i_1_n_0                          |                                                     |               13 |             33 |         2.54 |
|  clk_i_IBUF_BUFG | u_soc/u_tx_top/u_huffman_aes_tx_top/u_file_huffman_builder/u_code_length_builder/node_weight[426][15]_i_1_n_0                          |                                                     |               17 |             33 |         1.94 |
|  clk_i_IBUF_BUFG | u_soc/u_tx_top/u_huffman_aes_tx_top/u_file_huffman_builder/u_code_length_builder/node_weight[428][15]_i_1_n_0                          |                                                     |               18 |             33 |         1.83 |
|  clk_i_IBUF_BUFG | u_soc/u_tx_top/u_huffman_aes_tx_top/u_file_huffman_builder/u_code_length_builder/node_weight[432][15]_i_1_n_0                          |                                                     |               11 |             33 |         3.00 |
|  clk_i_IBUF_BUFG | u_soc/u_tx_top/u_huffman_aes_tx_top/u_file_huffman_builder/u_code_length_builder/node_weight[417][15]_i_1_n_0                          |                                                     |               17 |             33 |         1.94 |
|  clk_i_IBUF_BUFG | u_soc/u_tx_top/u_huffman_aes_tx_top/u_file_huffman_builder/u_code_length_builder/node_weight[427][15]_i_1_n_0                          |                                                     |               19 |             33 |         1.74 |
|  clk_i_IBUF_BUFG | u_soc/u_tx_top/u_huffman_aes_tx_top/u_file_huffman_builder/u_code_length_builder/node_weight[435][15]_i_1_n_0                          |                                                     |               17 |             33 |         1.94 |
|  clk_i_IBUF_BUFG | u_soc/u_tx_top/u_huffman_aes_tx_top/u_file_huffman_builder/u_code_length_builder/node_weight[419][15]_i_1_n_0                          |                                                     |               16 |             33 |         2.06 |
|  clk_i_IBUF_BUFG | u_soc/u_tx_top/u_huffman_aes_tx_top/u_file_huffman_builder/u_code_length_builder/node_weight[420][15]_i_1_n_0                          |                                                     |               16 |             33 |         2.06 |
|  clk_i_IBUF_BUFG | u_soc/u_tx_top/u_huffman_aes_tx_top/u_file_huffman_builder/u_code_length_builder/node_weight[425][15]_i_1_n_0                          |                                                     |               19 |             33 |         1.74 |
|  clk_i_IBUF_BUFG | u_soc/u_tx_top/u_huffman_aes_tx_top/u_file_huffman_builder/u_code_length_builder/node_weight[463][15]_i_1_n_0                          |                                                     |                9 |             33 |         3.67 |
|  clk_i_IBUF_BUFG | u_soc/u_tx_top/u_huffman_aes_tx_top/u_file_huffman_builder/u_code_length_builder/node_weight[476][15]_i_1_n_0                          |                                                     |               10 |             33 |         3.30 |
|  clk_i_IBUF_BUFG | u_soc/u_tx_top/u_huffman_aes_tx_top/u_file_huffman_builder/u_code_length_builder/node_weight[199][15]_i_1_n_0                          |                                                     |               15 |             33 |         2.20 |
|  clk_i_IBUF_BUFG | u_soc/u_tx_top/u_huffman_aes_tx_top/u_file_huffman_builder/u_code_length_builder/node_weight[44][15]_i_1_n_0                           |                                                     |               16 |             33 |         2.06 |
|  clk_i_IBUF_BUFG | u_soc/u_tx_top/u_huffman_aes_tx_top/u_file_huffman_builder/u_code_length_builder/node_weight[46][15]_i_1_n_0                           |                                                     |               17 |             33 |         1.94 |
|  clk_i_IBUF_BUFG | u_soc/u_tx_top/u_huffman_aes_tx_top/u_file_huffman_builder/u_code_length_builder/node_weight[45][15]_i_1_n_0                           |                                                     |               16 |             33 |         2.06 |
|  clk_i_IBUF_BUFG | u_soc/u_tx_top/u_huffman_aes_tx_top/u_file_huffman_builder/u_code_length_builder/node_weight[464][15]_i_1_n_0                          |                                                     |               11 |             33 |         3.00 |
|  clk_i_IBUF_BUFG | u_soc/u_tx_top/u_huffman_aes_tx_top/u_file_huffman_builder/u_code_length_builder/node_weight[48][15]_i_1_n_0                           |                                                     |               18 |             33 |         1.83 |
|  clk_i_IBUF_BUFG | u_soc/u_tx_top/u_huffman_aes_tx_top/u_file_huffman_builder/u_code_length_builder/node_weight[47][15]_i_1_n_0                           |                                                     |               15 |             33 |         2.20 |
|  clk_i_IBUF_BUFG | u_soc/u_tx_top/u_huffman_aes_tx_top/u_file_huffman_builder/u_code_length_builder/node_weight[473][15]_i_1_n_0                          |                                                     |               10 |             33 |         3.30 |
|  clk_i_IBUF_BUFG | u_soc/u_tx_top/u_huffman_aes_tx_top/u_file_huffman_builder/u_code_length_builder/node_weight[49][15]_i_1_n_0                           |                                                     |               15 |             33 |         2.20 |
|  clk_i_IBUF_BUFG | u_soc/u_tx_top/u_huffman_aes_tx_top/u_file_huffman_builder/u_code_length_builder/node_weight[4][15]_i_1_n_0                            |                                                     |               13 |             33 |         2.54 |
|  clk_i_IBUF_BUFG | u_soc/u_tx_top/u_huffman_aes_tx_top/u_file_huffman_builder/u_code_length_builder/node_weight[502][15]_i_1_n_0                          |                                                     |                7 |             33 |         4.71 |
|  clk_i_IBUF_BUFG | u_soc/u_tx_top/u_huffman_aes_tx_top/u_file_huffman_builder/u_code_length_builder/node_weight[53][15]_i_1_n_0                           |                                                     |               17 |             33 |         1.94 |
|  clk_i_IBUF_BUFG | u_soc/u_tx_top/u_huffman_aes_tx_top/u_file_huffman_builder/u_code_length_builder/node_weight[59][15]_i_1_n_0                           |                                                     |               17 |             33 |         1.94 |
|  clk_i_IBUF_BUFG | u_soc/u_tx_top/u_huffman_aes_tx_top/u_file_huffman_builder/u_code_length_builder/node_weight[54][15]_i_1_n_0                           |                                                     |               17 |             33 |         1.94 |
|  clk_i_IBUF_BUFG | u_soc/u_tx_top/u_huffman_aes_tx_top/u_file_huffman_builder/u_code_length_builder/node_weight[5][15]_i_1_n_0                            |                                                     |               16 |             33 |         2.06 |
|  clk_i_IBUF_BUFG | u_soc/u_tx_top/u_huffman_aes_tx_top/u_file_huffman_builder/u_code_length_builder/node_weight[51][15]_i_1_n_0                           |                                                     |               15 |             33 |         2.20 |
|  clk_i_IBUF_BUFG | u_soc/u_tx_top/u_huffman_aes_tx_top/u_file_huffman_builder/u_code_length_builder/node_weight[58][15]_i_1_n_0                           |                                                     |               16 |             33 |         2.06 |
|  clk_i_IBUF_BUFG | u_soc/u_tx_top/u_huffman_aes_tx_top/u_file_huffman_builder/u_code_length_builder/node_weight[63][15]_i_1_n_0                           |                                                     |               17 |             33 |         1.94 |
|  clk_i_IBUF_BUFG | u_soc/u_tx_top/u_huffman_aes_tx_top/u_file_huffman_builder/u_code_length_builder/node_weight[56][15]_i_1_n_0                           |                                                     |               19 |             33 |         1.74 |
|  clk_i_IBUF_BUFG | u_soc/u_tx_top/u_huffman_aes_tx_top/u_file_huffman_builder/u_code_length_builder/node_weight[57][15]_i_1_n_0                           |                                                     |               16 |             33 |         2.06 |
|  clk_i_IBUF_BUFG | u_soc/u_tx_top/u_huffman_aes_tx_top/u_file_huffman_builder/u_code_length_builder/node_weight[61][15]_i_1_n_0                           |                                                     |               13 |             33 |         2.54 |
|  clk_i_IBUF_BUFG | u_soc/u_tx_top/u_huffman_aes_tx_top/u_file_huffman_builder/u_code_length_builder/node_weight[50][15]_i_1_n_0                           |                                                     |               16 |             33 |         2.06 |
|  clk_i_IBUF_BUFG | u_soc/u_tx_top/u_huffman_aes_tx_top/u_file_huffman_builder/u_code_length_builder/node_weight[62][15]_i_1_n_0                           |                                                     |               16 |             33 |         2.06 |
|  clk_i_IBUF_BUFG | u_soc/u_tx_top/u_huffman_aes_tx_top/u_file_huffman_builder/u_code_length_builder/node_weight[55][15]_i_1_n_0                           |                                                     |               14 |             33 |         2.36 |
|  clk_i_IBUF_BUFG | u_soc/u_tx_top/u_huffman_aes_tx_top/u_file_huffman_builder/u_code_length_builder/node_weight[52][15]_i_1_n_0                           |                                                     |               15 |             33 |         2.20 |
|  clk_i_IBUF_BUFG | u_soc/u_tx_top/u_huffman_aes_tx_top/u_file_huffman_builder/u_code_length_builder/node_weight[60][15]_i_1_n_0                           |                                                     |               16 |             33 |         2.06 |
|  clk_i_IBUF_BUFG | u_soc/u_tx_top/u_huffman_aes_tx_top/u_file_huffman_builder/u_code_length_builder/node_weight[67][15]_i_1_n_0                           |                                                     |               15 |             33 |         2.20 |
|  clk_i_IBUF_BUFG | u_soc/u_tx_top/u_huffman_aes_tx_top/u_file_huffman_builder/u_code_length_builder/node_weight[65][15]_i_1_n_0                           |                                                     |               17 |             33 |         1.94 |
|  clk_i_IBUF_BUFG | u_soc/u_tx_top/u_huffman_aes_tx_top/u_file_huffman_builder/u_code_length_builder/node_weight[98][15]_i_1_n_0                           |                                                     |               13 |             33 |         2.54 |
|  clk_i_IBUF_BUFG | u_soc/u_tx_top/u_huffman_aes_tx_top/u_file_huffman_builder/u_code_length_builder/node_weight[99][15]_i_1_n_0                           |                                                     |               17 |             33 |         1.94 |
|  clk_i_IBUF_BUFG | u_soc/u_tx_top/u_huffman_aes_tx_top/u_file_huffman_builder/u_code_length_builder/node_weight[72][15]_i_1_n_0                           |                                                     |               14 |             33 |         2.36 |
|  clk_i_IBUF_BUFG | u_soc/u_tx_top/u_huffman_aes_tx_top/u_file_huffman_builder/u_code_length_builder/node_weight[77][15]_i_1_n_0                           |                                                     |               16 |             33 |         2.06 |
|  clk_i_IBUF_BUFG | u_soc/u_tx_top/u_huffman_aes_tx_top/u_file_huffman_builder/u_code_length_builder/node_weight[81][15]_i_1_n_0                           |                                                     |               16 |             33 |         2.06 |
|  clk_i_IBUF_BUFG | u_soc/u_tx_top/u_huffman_aes_tx_top/u_file_huffman_builder/u_code_length_builder/node_weight[84][15]_i_1_n_0                           |                                                     |               16 |             33 |         2.06 |
|  clk_i_IBUF_BUFG | u_soc/u_tx_top/u_huffman_aes_tx_top/u_file_huffman_builder/u_code_length_builder/node_weight[87][15]_i_1_n_0                           |                                                     |               17 |             33 |         1.94 |
|  clk_i_IBUF_BUFG | u_soc/u_tx_top/u_huffman_aes_tx_top/u_file_huffman_builder/u_code_length_builder/node_weight[78][15]_i_1_n_0                           |                                                     |               16 |             33 |         2.06 |
|  clk_i_IBUF_BUFG | u_soc/u_tx_top/u_huffman_aes_tx_top/u_file_huffman_builder/u_code_length_builder/node_weight[74][15]_i_1_n_0                           |                                                     |               14 |             33 |         2.36 |
|  clk_i_IBUF_BUFG | u_soc/u_tx_top/u_huffman_aes_tx_top/u_file_huffman_builder/u_code_length_builder/node_weight[90][15]_i_1_n_0                           |                                                     |               17 |             33 |         1.94 |
|  clk_i_IBUF_BUFG | u_soc/u_tx_top/u_huffman_aes_tx_top/u_file_huffman_builder/u_code_length_builder/node_weight[73][15]_i_1_n_0                           |                                                     |               15 |             33 |         2.20 |
|  clk_i_IBUF_BUFG | u_soc/u_tx_top/u_huffman_aes_tx_top/u_file_huffman_builder/u_code_length_builder/node_weight[82][15]_i_1_n_0                           |                                                     |               20 |             33 |         1.65 |
|  clk_i_IBUF_BUFG | u_soc/u_tx_top/u_huffman_aes_tx_top/u_file_huffman_builder/u_code_length_builder/node_weight[69][15]_i_1_n_0                           |                                                     |               18 |             33 |         1.83 |
|  clk_i_IBUF_BUFG | u_soc/u_tx_top/u_huffman_aes_tx_top/u_file_huffman_builder/u_code_length_builder/node_weight[94][15]_i_1_n_0                           |                                                     |               16 |             33 |         2.06 |
|  clk_i_IBUF_BUFG | u_soc/u_tx_top/u_huffman_aes_tx_top/u_file_huffman_builder/u_code_length_builder/node_weight[66][15]_i_1_n_0                           |                                                     |               14 |             33 |         2.36 |
|  clk_i_IBUF_BUFG | u_soc/u_tx_top/u_huffman_aes_tx_top/u_file_huffman_builder/u_code_length_builder/node_weight[80][15]_i_1_n_0                           |                                                     |               17 |             33 |         1.94 |
|  clk_i_IBUF_BUFG | u_soc/u_tx_top/u_huffman_aes_tx_top/u_file_huffman_builder/u_code_length_builder/node_weight[83][15]_i_1_n_0                           |                                                     |               17 |             33 |         1.94 |
|  clk_i_IBUF_BUFG | u_soc/u_tx_top/u_huffman_aes_tx_top/u_file_huffman_builder/u_code_length_builder/node_weight[96][15]_i_1_n_0                           |                                                     |               19 |             33 |         1.74 |
|  clk_i_IBUF_BUFG | u_soc/u_tx_top/u_huffman_aes_tx_top/u_file_huffman_builder/u_code_length_builder/node_is_leaf[289][0]_i_1_n_0                          |                                                     |               13 |             34 |         2.62 |
|  clk_i_IBUF_BUFG | u_soc/u_tx_top/u_huffman_aes_tx_top/u_file_huffman_builder/u_code_length_builder/node_is_leaf[336][0]_i_1_n_0                          |                                                     |               11 |             34 |         3.09 |
|  clk_i_IBUF_BUFG | u_soc/u_tx_top/u_huffman_aes_tx_top/u_file_huffman_builder/u_code_length_builder/node_is_leaf[335][0]_i_1_n_0                          |                                                     |               10 |             34 |         3.40 |
|  clk_i_IBUF_BUFG | u_soc/u_tx_top/u_huffman_aes_tx_top/u_file_huffman_builder/u_code_length_builder/node_is_leaf[315][0]_i_1_n_0                          |                                                     |               12 |             34 |         2.83 |
|  clk_i_IBUF_BUFG | u_soc/u_tx_top/u_huffman_aes_tx_top/u_file_huffman_builder/u_code_length_builder/node_is_leaf[331][0]_i_1_n_0                          |                                                     |               12 |             34 |         2.83 |
|  clk_i_IBUF_BUFG | u_soc/u_tx_top/u_huffman_aes_tx_top/u_file_huffman_builder/u_code_length_builder/node_is_leaf[329][0]_i_1_n_0                          |                                                     |               14 |             34 |         2.43 |
|  clk_i_IBUF_BUFG | u_soc/u_tx_top/u_huffman_aes_tx_top/u_file_huffman_builder/u_code_length_builder/node_is_leaf[279][0]_i_1_n_0                          |                                                     |               12 |             34 |         2.83 |
|  clk_i_IBUF_BUFG | u_soc/u_tx_top/u_huffman_aes_tx_top/u_file_huffman_builder/u_code_length_builder/node_is_leaf[282][0]_i_1_n_0                          |                                                     |                8 |             34 |         4.25 |
|  clk_i_IBUF_BUFG | u_soc/u_tx_top/u_huffman_aes_tx_top/u_file_huffman_builder/u_code_length_builder/node_is_leaf[278][0]_i_1_n_0                          |                                                     |               11 |             34 |         3.09 |
|  clk_i_IBUF_BUFG | u_soc/u_tx_top/u_huffman_aes_tx_top/u_file_huffman_builder/u_code_length_builder/node_is_leaf[281][0]_i_1_n_0                          |                                                     |               12 |             34 |         2.83 |
|  clk_i_IBUF_BUFG | u_soc/u_tx_top/u_huffman_aes_tx_top/u_file_huffman_builder/u_code_length_builder/node_is_leaf[286][0]_i_1_n_0                          |                                                     |               11 |             34 |         3.09 |
|  clk_i_IBUF_BUFG | u_soc/u_tx_top/u_huffman_aes_tx_top/u_file_huffman_builder/u_code_length_builder/node_is_leaf[292][0]_i_1_n_0                          |                                                     |               14 |             34 |         2.43 |
|  clk_i_IBUF_BUFG | u_soc/u_tx_top/u_huffman_aes_tx_top/u_file_huffman_builder/u_code_length_builder/node_is_leaf[280][0]_i_1_n_0                          |                                                     |               10 |             34 |         3.40 |
|  clk_i_IBUF_BUFG | u_soc/u_tx_top/u_huffman_aes_tx_top/u_file_huffman_builder/u_code_length_builder/node_is_leaf[287][0]_i_1_n_0                          |                                                     |               10 |             34 |         3.40 |
|  clk_i_IBUF_BUFG | u_soc/u_tx_top/u_huffman_aes_tx_top/u_file_huffman_builder/u_code_length_builder/node_is_leaf[290][0]_i_1_n_0                          |                                                     |               15 |             34 |         2.27 |
|  clk_i_IBUF_BUFG | u_soc/u_tx_top/u_huffman_aes_tx_top/u_file_huffman_builder/u_code_length_builder/node_is_leaf[293][0]_i_1_n_0                          |                                                     |               14 |             34 |         2.43 |
|  clk_i_IBUF_BUFG | u_soc/u_tx_top/u_huffman_aes_tx_top/u_file_huffman_builder/u_code_length_builder/node_is_leaf[291][0]_i_1_n_0                          |                                                     |               14 |             34 |         2.43 |
|  clk_i_IBUF_BUFG | u_soc/u_tx_top/u_huffman_aes_tx_top/u_file_huffman_builder/u_code_length_builder/node_is_leaf[294][0]_i_1_n_0                          |                                                     |               15 |             34 |         2.27 |
|  clk_i_IBUF_BUFG | u_soc/u_tx_top/u_huffman_aes_tx_top/u_file_huffman_builder/u_code_length_builder/node_is_leaf[285][0]_i_1_n_0                          |                                                     |               11 |             34 |         3.09 |
|  clk_i_IBUF_BUFG | u_soc/u_tx_top/u_huffman_aes_tx_top/u_file_huffman_builder/u_code_length_builder/node_is_leaf[284][0]_i_1_n_0                          |                                                     |               10 |             34 |         3.40 |
|  clk_i_IBUF_BUFG | u_soc/u_tx_top/u_huffman_aes_tx_top/u_file_huffman_builder/u_code_length_builder/node_is_leaf[298][0]_i_1_n_0                          |                                                     |               12 |             34 |         2.83 |
|  clk_i_IBUF_BUFG | u_soc/u_tx_top/u_huffman_aes_tx_top/u_file_huffman_builder/u_code_length_builder/node_is_leaf[299][0]_i_1_n_0                          |                                                     |               14 |             34 |         2.43 |
|  clk_i_IBUF_BUFG | u_soc/u_tx_top/u_huffman_aes_tx_top/u_file_huffman_builder/u_code_length_builder/node_is_leaf[300][0]_i_1_n_0                          |                                                     |               14 |             34 |         2.43 |
|  clk_i_IBUF_BUFG | u_soc/u_tx_top/u_huffman_aes_tx_top/u_file_huffman_builder/u_code_length_builder/node_weight[466][15]_i_1_n_0                          |                                                     |               11 |             34 |         3.09 |
|  clk_i_IBUF_BUFG | u_soc/u_tx_top/u_huffman_aes_tx_top/u_file_huffman_builder/u_code_length_builder/node_is_leaf[295][0]_i_1_n_0                          |                                                     |               16 |             34 |         2.12 |
|  clk_i_IBUF_BUFG | u_soc/u_tx_top/u_huffman_aes_tx_top/u_file_huffman_builder/u_code_length_builder/node_is_leaf[301][0]_i_1_n_0                          |                                                     |               15 |             34 |         2.27 |
|  clk_i_IBUF_BUFG | u_soc/u_tx_top/u_huffman_aes_tx_top/u_file_huffman_builder/u_code_length_builder/node_is_leaf[296][0]_i_1_n_0                          |                                                     |               15 |             34 |         2.27 |
|  clk_i_IBUF_BUFG | u_soc/u_tx_top/u_huffman_aes_tx_top/u_file_huffman_builder/u_code_length_builder/node_is_leaf[302][0]_i_1_n_0                          |                                                     |               12 |             34 |         2.83 |
|  clk_i_IBUF_BUFG | u_soc/u_tx_top/u_huffman_aes_tx_top/u_file_huffman_builder/u_code_length_builder/node_is_leaf[303][0]_i_1_n_0                          |                                                     |               13 |             34 |         2.62 |
|  clk_i_IBUF_BUFG | u_soc/u_tx_top/u_huffman_aes_tx_top/u_file_huffman_builder/u_code_length_builder/node_is_leaf[304][0]_i_1_n_0                          |                                                     |               15 |             34 |         2.27 |
|  clk_i_IBUF_BUFG | u_soc/u_tx_top/u_huffman_aes_tx_top/u_file_huffman_builder/u_code_length_builder/node_is_leaf[305][0]_i_1_n_0                          |                                                     |                9 |             34 |         3.78 |
|  clk_i_IBUF_BUFG | u_soc/u_tx_top/u_huffman_aes_tx_top/u_file_huffman_builder/u_code_length_builder/node_is_leaf[283][0]_i_1_n_0                          |                                                     |               12 |             34 |         2.83 |
|  clk_i_IBUF_BUFG | u_soc/u_tx_top/u_huffman_aes_tx_top/u_file_huffman_builder/u_code_length_builder/node_is_leaf[288][0]_i_1_n_0                          |                                                     |               13 |             34 |         2.62 |
|  clk_i_IBUF_BUFG | u_soc/u_tx_top/u_huffman_aes_tx_top/u_file_huffman_builder/u_code_length_builder/node_is_leaf[297][0]_i_1_n_0                          |                                                     |               15 |             34 |         2.27 |
|  clk_i_IBUF_BUFG | u_soc/u_tx_top/u_huffman_aes_tx_top/u_file_huffman_builder/u_code_length_builder/node_is_leaf[306][0]_i_1_n_0                          |                                                     |               15 |             34 |         2.27 |
|  clk_i_IBUF_BUFG | u_soc/u_tx_top/u_huffman_aes_tx_top/u_file_huffman_builder/u_code_length_builder/node_is_leaf[307][0]_i_1_n_0                          |                                                     |               11 |             34 |         3.09 |
|  clk_i_IBUF_BUFG | u_soc/u_tx_top/u_huffman_aes_tx_top/u_file_huffman_builder/u_code_length_builder/node_is_leaf[308][0]_i_1_n_0                          |                                                     |                9 |             34 |         3.78 |
|  clk_i_IBUF_BUFG | u_soc/u_tx_top/u_huffman_aes_tx_top/u_file_huffman_builder/u_code_length_builder/node_weight[508][15]_i_1_n_0                          |                                                     |                7 |             34 |         4.86 |
|  clk_i_IBUF_BUFG | u_soc/u_tx_top/u_huffman_aes_tx_top/u_file_huffman_builder/u_code_length_builder/node_weight[510][15]_i_1_n_0                          |                                                     |                8 |             34 |         4.25 |
|  clk_i_IBUF_BUFG | u_soc/u_tx_top/u_huffman_aes_tx_top/u_file_huffman_builder/u_code_length_builder/node_weight[468][15]_i_1_n_0                          |                                                     |                9 |             34 |         3.78 |
|  clk_i_IBUF_BUFG | u_soc/u_tx_top/u_huffman_aes_tx_top/u_file_huffman_builder/u_code_length_builder/node_weight[465][15]_i_1_n_0                          |                                                     |                9 |             34 |         3.78 |
|  clk_i_IBUF_BUFG | u_soc/u_tx_top/u_huffman_aes_tx_top/u_file_huffman_builder/u_code_length_builder/node_weight[452][15]_i_1_n_0                          |                                                     |               10 |             34 |         3.40 |
|  clk_i_IBUF_BUFG | u_soc/u_tx_top/u_huffman_aes_tx_top/u_file_huffman_builder/u_code_length_builder/node_weight[477][15]_i_1_n_0                          |                                                     |               10 |             34 |         3.40 |
|  clk_i_IBUF_BUFG | u_soc/u_tx_top/u_huffman_aes_tx_top/u_file_huffman_builder/u_code_length_builder/node_weight[439][15]_i_1_n_0                          |                                                     |               13 |             34 |         2.62 |
|  clk_i_IBUF_BUFG | u_soc/u_tx_top/u_huffman_aes_tx_top/u_file_huffman_builder/u_code_length_builder/node_weight[506][15]_i_1_n_0                          |                                                     |                9 |             34 |         3.78 |
|  clk_i_IBUF_BUFG | u_soc/u_tx_top/u_huffman_aes_tx_top/u_file_huffman_builder/u_code_length_builder/node_weight[440][15]_i_1_n_0                          |                                                     |               15 |             34 |         2.27 |
|  clk_i_IBUF_BUFG | u_soc/u_tx_top/u_huffman_aes_tx_top/u_file_huffman_builder/u_code_length_builder/node_is_leaf[325][0]_i_1_n_0                          |                                                     |               14 |             34 |         2.43 |
|  clk_i_IBUF_BUFG | u_soc/u_tx_top/u_huffman_aes_tx_top/u_file_huffman_builder/u_code_length_builder/node_weight[454][15]_i_1_n_0                          |                                                     |               11 |             34 |         3.09 |
|  clk_i_IBUF_BUFG | u_soc/u_tx_top/u_huffman_aes_tx_top/u_file_huffman_builder/u_code_length_builder/node_weight[457][15]_i_1_n_0                          |                                                     |                9 |             34 |         3.78 |
|  clk_i_IBUF_BUFG | u_soc/u_tx_top/u_huffman_aes_tx_top/u_file_huffman_builder/u_code_length_builder/node_weight[456][15]_i_1_n_0                          |                                                     |               10 |             34 |         3.40 |
|  clk_i_IBUF_BUFG | u_soc/u_tx_top/u_huffman_aes_tx_top/u_file_huffman_builder/u_code_length_builder/node_weight[474][15]_i_1_n_0                          |                                                     |               13 |             34 |         2.62 |
|  clk_i_IBUF_BUFG | u_soc/u_tx_top/u_huffman_aes_tx_top/u_file_huffman_builder/u_code_length_builder/node_weight[450][15]_i_1_n_0                          |                                                     |                9 |             34 |         3.78 |
|  clk_i_IBUF_BUFG | u_soc/u_tx_top/u_huffman_aes_tx_top/u_file_huffman_builder/u_code_length_builder/node_weight[455][15]_i_1_n_0                          |                                                     |               11 |             34 |         3.09 |
|  clk_i_IBUF_BUFG | u_soc/u_tx_top/u_huffman_aes_tx_top/u_file_huffman_builder/u_code_length_builder/node_weight[446][15]_i_1_n_0                          |                                                     |               15 |             34 |         2.27 |
|  clk_i_IBUF_BUFG | u_soc/u_tx_top/u_huffman_aes_tx_top/u_file_huffman_builder/u_code_length_builder/node_weight[483][15]_i_1_n_0                          |                                                     |                7 |             34 |         4.86 |
|  clk_i_IBUF_BUFG | u_soc/u_tx_top/u_huffman_aes_tx_top/u_file_huffman_builder/u_code_length_builder/node_weight[470][15]_i_1_n_0                          |                                                     |               10 |             34 |         3.40 |
|  clk_i_IBUF_BUFG | u_soc/u_tx_top/u_huffman_aes_tx_top/u_file_huffman_builder/u_code_length_builder/node_weight[485][15]_i_1_n_0                          |                                                     |                7 |             34 |         4.86 |
|  clk_i_IBUF_BUFG | u_soc/u_tx_top/u_huffman_aes_tx_top/u_file_huffman_builder/u_code_length_builder/node_weight[486][15]_i_1_n_0                          |                                                     |                8 |             34 |         4.25 |
|  clk_i_IBUF_BUFG | u_soc/u_tx_top/u_huffman_aes_tx_top/u_file_huffman_builder/u_code_length_builder/node_weight[487][15]_i_1_n_0                          |                                                     |                7 |             34 |         4.86 |
|  clk_i_IBUF_BUFG | u_soc/u_tx_top/u_huffman_aes_tx_top/u_file_huffman_builder/u_code_length_builder/node_weight[482][15]_i_1_n_0                          |                                                     |                7 |             34 |         4.86 |
|  clk_i_IBUF_BUFG | u_soc/u_tx_top/u_huffman_aes_tx_top/u_file_huffman_builder/u_code_length_builder/node_weight[488][15]_i_1_n_0                          |                                                     |                9 |             34 |         3.78 |
|  clk_i_IBUF_BUFG | u_soc/u_tx_top/u_huffman_aes_tx_top/u_file_huffman_builder/u_code_length_builder/node_weight[467][15]_i_1_n_0                          |                                                     |                9 |             34 |         3.78 |
|  clk_i_IBUF_BUFG | u_soc/u_tx_top/u_huffman_aes_tx_top/u_file_huffman_builder/u_code_length_builder/node_weight[489][15]_i_1_n_0                          |                                                     |               12 |             34 |         2.83 |
|  clk_i_IBUF_BUFG | u_soc/u_tx_top/u_huffman_aes_tx_top/u_file_huffman_builder/u_code_length_builder/node_weight[475][15]_i_1_n_0                          |                                                     |                9 |             34 |         3.78 |
|  clk_i_IBUF_BUFG | u_soc/u_tx_top/u_huffman_aes_tx_top/u_file_huffman_builder/u_code_length_builder/node_weight[451][15]_i_1_n_0                          |                                                     |                9 |             34 |         3.78 |
|  clk_i_IBUF_BUFG | u_soc/u_tx_top/u_huffman_aes_tx_top/u_file_huffman_builder/u_code_length_builder/node_weight[490][15]_i_1_n_0                          |                                                     |                8 |             34 |         4.25 |
|  clk_i_IBUF_BUFG | u_soc/u_tx_top/u_huffman_aes_tx_top/u_file_huffman_builder/u_code_length_builder/node_weight[462][15]_i_1_n_0                          |                                                     |               12 |             34 |         2.83 |
|  clk_i_IBUF_BUFG | u_soc/u_tx_top/u_huffman_aes_tx_top/u_file_huffman_builder/u_code_length_builder/node_weight[459][15]_i_1_n_0                          |                                                     |               10 |             34 |         3.40 |
|  clk_i_IBUF_BUFG | u_soc/u_tx_top/u_huffman_aes_tx_top/u_file_huffman_builder/u_code_length_builder/node_weight[445][15]_i_1_n_0                          |                                                     |               11 |             34 |         3.09 |
|  clk_i_IBUF_BUFG | u_soc/u_tx_top/u_huffman_aes_tx_top/u_file_huffman_builder/u_code_length_builder/node_weight[480][15]_i_1_n_0                          |                                                     |                8 |             34 |         4.25 |
|  clk_i_IBUF_BUFG | u_soc/u_tx_top/u_huffman_aes_tx_top/u_file_huffman_builder/u_code_length_builder/node_weight[448][15]_i_1_n_0                          |                                                     |               12 |             34 |         2.83 |
|  clk_i_IBUF_BUFG | u_soc/u_tx_top/u_huffman_aes_tx_top/u_file_huffman_builder/u_code_length_builder/node_weight[484][15]_i_1_n_0                          |                                                     |                6 |             34 |         5.67 |
|  clk_i_IBUF_BUFG | u_soc/u_tx_top/u_huffman_aes_tx_top/u_file_huffman_builder/u_code_length_builder/node_weight[469][15]_i_1_n_0                          |                                                     |                9 |             34 |         3.78 |
|  clk_i_IBUF_BUFG | u_soc/u_tx_top/u_huffman_aes_tx_top/u_file_huffman_builder/u_code_length_builder/node_weight[491][15]_i_1_n_0                          |                                                     |                9 |             34 |         3.78 |
|  clk_i_IBUF_BUFG | u_soc/u_tx_top/u_huffman_aes_tx_top/u_file_huffman_builder/u_code_length_builder/node_weight[492][15]_i_1_n_0                          |                                                     |                7 |             34 |         4.86 |
|  clk_i_IBUF_BUFG | u_soc/u_tx_top/u_huffman_aes_tx_top/u_file_huffman_builder/u_code_length_builder/node_weight[493][15]_i_1_n_0                          |                                                     |                8 |             34 |         4.25 |
|  clk_i_IBUF_BUFG | u_soc/u_tx_top/u_huffman_aes_tx_top/u_file_huffman_builder/u_code_length_builder/node_weight[494][15]_i_1_n_0                          |                                                     |                6 |             34 |         5.67 |
|  clk_i_IBUF_BUFG | u_soc/u_tx_top/u_huffman_aes_tx_top/u_file_huffman_builder/u_code_length_builder/node_weight[458][15]_i_1_n_0                          |                                                     |               11 |             34 |         3.09 |
|  clk_i_IBUF_BUFG | u_soc/u_tx_top/u_huffman_aes_tx_top/u_file_huffman_builder/u_code_length_builder/node_weight[471][15]_i_1_n_0                          |                                                     |               10 |             34 |         3.40 |
|  clk_i_IBUF_BUFG | u_soc/u_tx_top/u_huffman_aes_tx_top/u_file_huffman_builder/u_code_length_builder/node_weight[460][15]_i_1_n_0                          |                                                     |               10 |             34 |         3.40 |
|  clk_i_IBUF_BUFG | u_soc/u_tx_top/u_huffman_aes_tx_top/u_file_huffman_builder/u_code_length_builder/node_weight[501][15]_i_1_n_0                          |                                                     |                7 |             34 |         4.86 |
|  clk_i_IBUF_BUFG | u_soc/u_tx_top/u_huffman_aes_tx_top/u_file_huffman_builder/u_code_length_builder/node_weight[495][15]_i_1_n_0                          |                                                     |                8 |             34 |         4.25 |
|  clk_i_IBUF_BUFG | u_soc/u_tx_top/u_huffman_aes_tx_top/u_file_huffman_builder/u_code_length_builder/node_weight[443][15]_i_1_n_0                          |                                                     |               15 |             34 |         2.27 |
|  clk_i_IBUF_BUFG | u_soc/u_tx_top/u_huffman_aes_tx_top/u_file_huffman_builder/u_code_length_builder/node_weight[497][15]_i_1_n_0                          |                                                     |                6 |             34 |         5.67 |
|  clk_i_IBUF_BUFG | u_soc/u_tx_top/u_huffman_aes_tx_top/u_file_huffman_builder/u_code_length_builder/node_weight[498][15]_i_1_n_0                          |                                                     |                9 |             34 |         3.78 |
|  clk_i_IBUF_BUFG | u_soc/u_tx_top/u_huffman_aes_tx_top/u_file_huffman_builder/u_code_length_builder/node_weight[496][15]_i_1_n_0                          |                                                     |                6 |             34 |         5.67 |
|  clk_i_IBUF_BUFG | u_soc/u_tx_top/u_huffman_aes_tx_top/u_file_huffman_builder/u_code_length_builder/node_is_leaf[330][0]_i_1_n_0                          |                                                     |               13 |             34 |         2.62 |
|  clk_i_IBUF_BUFG | u_soc/u_tx_top/u_huffman_aes_tx_top/u_file_huffman_builder/u_code_length_builder/node_is_leaf[322][0]_i_1_n_0                          |                                                     |               13 |             34 |         2.62 |
|  clk_i_IBUF_BUFG | u_soc/u_tx_top/u_huffman_aes_tx_top/u_file_huffman_builder/u_code_length_builder/node_is_leaf[311][0]_i_1_n_0                          |                                                     |                9 |             34 |         3.78 |
|  clk_i_IBUF_BUFG | u_soc/u_tx_top/u_huffman_aes_tx_top/u_file_huffman_builder/u_code_length_builder/node_is_leaf[310][0]_i_1_n_0                          |                                                     |               10 |             34 |         3.40 |
|  clk_i_IBUF_BUFG | u_soc/u_tx_top/u_huffman_aes_tx_top/u_file_huffman_builder/u_code_length_builder/node_is_leaf[309][0]_i_1_n_0                          |                                                     |               15 |             34 |         2.27 |
|  clk_i_IBUF_BUFG | u_soc/u_tx_top/u_huffman_aes_tx_top/u_file_huffman_builder/u_code_length_builder/node_weight[265][15]_i_1_n_0                          |                                                     |               13 |             34 |         2.62 |
|  clk_i_IBUF_BUFG | u_soc/u_tx_top/u_huffman_aes_tx_top/u_file_huffman_builder/u_code_length_builder/node_weight[500][15]_i_1_n_0                          |                                                     |                8 |             34 |         4.25 |
|  clk_i_IBUF_BUFG | u_soc/u_tx_top/u_huffman_aes_tx_top/u_file_huffman_builder/u_code_length_builder/node_weight[461][15]_i_1_n_0                          |                                                     |               11 |             34 |         3.09 |
|  clk_i_IBUF_BUFG | u_soc/u_tx_top/u_huffman_aes_tx_top/u_file_huffman_builder/u_code_length_builder/node_weight[266][15]_i_1_n_0                          |                                                     |               12 |             34 |         2.83 |
|  clk_i_IBUF_BUFG | u_soc/u_tx_top/u_huffman_aes_tx_top/u_file_huffman_builder/u_code_length_builder/node_weight[270][15]_i_1_n_0                          |                                                     |               12 |             34 |         2.83 |
|  clk_i_IBUF_BUFG | u_soc/u_tx_top/u_huffman_aes_tx_top/u_file_huffman_builder/u_code_length_builder/node_weight[275][15]_i_1_n_0                          |                                                     |               13 |             34 |         2.62 |
|  clk_i_IBUF_BUFG | u_soc/u_tx_top/u_huffman_aes_tx_top/u_file_huffman_builder/u_code_length_builder/node_weight[273][15]_i_1_n_0                          |                                                     |               12 |             34 |         2.83 |
|  clk_i_IBUF_BUFG | u_soc/u_tx_top/u_huffman_aes_tx_top/u_file_huffman_builder/u_code_length_builder/node_weight[272][15]_i_1_n_0                          |                                                     |               12 |             34 |         2.83 |
|  clk_i_IBUF_BUFG | u_soc/u_tx_top/u_huffman_aes_tx_top/u_file_huffman_builder/u_code_length_builder/node_weight[269][15]_i_1_n_0                          |                                                     |               13 |             34 |         2.62 |
|  clk_i_IBUF_BUFG | u_soc/u_tx_top/u_huffman_aes_tx_top/u_file_huffman_builder/u_code_length_builder/node_weight[271][15]_i_1_n_0                          |                                                     |                9 |             34 |         3.78 |
|  clk_i_IBUF_BUFG | u_soc/u_tx_top/u_huffman_aes_tx_top/u_file_huffman_builder/u_code_length_builder/node_weight[276][15]_i_1_n_0                          |                                                     |               10 |             34 |         3.40 |
|  clk_i_IBUF_BUFG | u_soc/u_tx_top/u_huffman_aes_tx_top/u_file_huffman_builder/u_code_length_builder/node_weight[277][15]_i_1_n_0                          |                                                     |               10 |             34 |         3.40 |
|  clk_i_IBUF_BUFG | u_soc/u_tx_top/u_huffman_aes_tx_top/u_file_huffman_builder/u_code_length_builder/node_weight[274][15]_i_1_n_0                          |                                                     |               10 |             34 |         3.40 |
|  clk_i_IBUF_BUFG | u_soc/u_tx_top/u_huffman_aes_tx_top/u_file_huffman_builder/u_code_length_builder/node_weight[267][15]_i_1_n_0                          |                                                     |               14 |             34 |         2.43 |
|  clk_i_IBUF_BUFG | u_soc/u_tx_top/u_huffman_aes_tx_top/u_file_huffman_builder/u_code_length_builder/node_weight[507][15]_i_1_n_0                          |                                                     |                9 |             34 |         3.78 |
|  clk_i_IBUF_BUFG | u_soc/u_tx_top/u_huffman_aes_tx_top/u_file_huffman_builder/u_code_length_builder/node_weight[499][15]_i_1_n_0                          |                                                     |                6 |             34 |         5.67 |
|  clk_i_IBUF_BUFG | u_soc/u_tx_top/u_huffman_aes_tx_top/u_file_huffman_builder/u_code_length_builder/node_weight[251][15]_i_1_n_0                          |                                                     |               14 |             34 |         2.43 |
|  clk_i_IBUF_BUFG | u_soc/u_tx_top/u_huffman_aes_tx_top/u_file_huffman_builder/u_code_length_builder/node_weight[472][15]_i_1_n_0                          |                                                     |               10 |             34 |         3.40 |
|  clk_i_IBUF_BUFG | u_soc/u_tx_top/u_huffman_aes_tx_top/u_file_huffman_builder/u_code_length_builder/node_weight[505][15]_i_1_n_0                          |                                                     |                8 |             34 |         4.25 |
|  clk_i_IBUF_BUFG | u_soc/u_tx_top/u_huffman_aes_tx_top/u_file_huffman_builder/u_code_length_builder/node_weight[504][15]_i_1_n_0                          |                                                     |                7 |             34 |         4.86 |
|  clk_i_IBUF_BUFG | u_soc/u_tx_top/u_huffman_aes_tx_top/u_file_huffman_builder/u_code_length_builder/node_weight[447][15]_i_1_n_0                          |                                                     |               17 |             34 |         2.00 |
|  clk_i_IBUF_BUFG | u_soc/u_tx_top/u_huffman_aes_tx_top/u_file_huffman_builder/u_code_length_builder/node_weight[453][15]_i_1_n_0                          |                                                     |               12 |             34 |         2.83 |
|  clk_i_IBUF_BUFG | u_soc/u_tx_top/u_huffman_aes_tx_top/u_file_huffman_builder/u_code_length_builder/node_weight[230][15]_i_1_n_0                          |                                                     |               16 |             34 |         2.12 |
|  clk_i_IBUF_BUFG | u_soc/u_tx_top/u_huffman_aes_tx_top/u_file_huffman_builder/u_code_length_builder/node_weight[441][15]_i_1_n_0                          |                                                     |               11 |             34 |         3.09 |
|  clk_i_IBUF_BUFG | u_soc/u_tx_top/u_huffman_aes_tx_top/u_file_huffman_builder/u_code_length_builder/node_weight[479][15]_i_1_n_0                          |                                                     |                8 |             34 |         4.25 |
|  clk_i_IBUF_BUFG | u_soc/u_tx_top/u_huffman_aes_tx_top/u_file_huffman_builder/u_code_length_builder/node_weight[509][15]_i_1_n_0                          |                                                     |                6 |             34 |         5.67 |
|  clk_i_IBUF_BUFG | u_soc/u_tx_top/u_huffman_aes_tx_top/u_file_huffman_builder/u_code_length_builder/node_weight[264][15]_i_1_n_0                          |                                                     |               12 |             34 |         2.83 |
|  clk_i_IBUF_BUFG | u_soc/u_tx_top/u_huffman_aes_tx_top/u_file_huffman_builder/u_code_length_builder/node_weight[438][15]_i_1_n_0                          |                                                     |               13 |             34 |         2.62 |
|  clk_i_IBUF_BUFG | u_soc/u_tx_top/u_huffman_aes_tx_top/u_file_huffman_builder/u_code_length_builder/node_weight[437][15]_i_1_n_0                          |                                                     |               11 |             34 |         3.09 |
|  clk_i_IBUF_BUFG | u_soc/u_tx_top/u_huffman_aes_tx_top/u_file_huffman_builder/u_code_length_builder/node_weight[240][15]_i_1_n_0                          |                                                     |               17 |             34 |         2.00 |
|  clk_i_IBUF_BUFG | u_soc/u_tx_top/u_huffman_aes_tx_top/u_file_huffman_builder/u_code_length_builder/node_weight[478][15]_i_1_n_0                          |                                                     |                9 |             34 |         3.78 |
|  clk_i_IBUF_BUFG | u_soc/u_tx_top/u_huffman_aes_tx_top/u_file_huffman_builder/u_code_length_builder/node_weight[263][15]_i_1_n_0                          |                                                     |               11 |             34 |         3.09 |
|  clk_i_IBUF_BUFG | u_soc/u_tx_top/u_huffman_aes_tx_top/u_file_huffman_builder/u_code_length_builder/node_weight[268][15]_i_1_n_0                          |                                                     |               11 |             34 |         3.09 |
|  clk_i_IBUF_BUFG | u_soc/u_tx_top/u_huffman_aes_tx_top/u_file_huffman_builder/u_code_length_builder/node_weight[481][15]_i_1_n_0                          |                                                     |                7 |             34 |         4.86 |
|  clk_i_IBUF_BUFG | u_soc/u_tx_top/u_huffman_aes_tx_top/u_file_huffman_builder/u_code_length_builder/node_weight[503][15]_i_1_n_0                          |                                                     |                8 |             34 |         4.25 |
|  clk_i_IBUF_BUFG | u_soc/u_tx_top/u_huffman_aes_tx_top/u_file_huffman_builder/u_code_length_builder/node_weight[259][15]_i_1_n_0                          |                                                     |               13 |             34 |         2.62 |
|  clk_i_IBUF_BUFG | u_soc/u_tx_top/u_huffman_aes_tx_top/u_file_huffman_builder/u_code_length_builder/node_weight[260][15]_i_1_n_0                          |                                                     |               11 |             34 |         3.09 |
|  clk_i_IBUF_BUFG | u_soc/u_tx_top/u_huffman_aes_tx_top/u_file_huffman_builder/u_code_length_builder/node_weight[254][15]_i_1_n_0                          |                                                     |               16 |             34 |         2.12 |
|  clk_i_IBUF_BUFG | u_soc/u_tx_top/u_huffman_aes_tx_top/u_file_huffman_builder/u_code_length_builder/node_weight[192][15]_i_1_n_0                          |                                                     |               16 |             34 |         2.12 |
|  clk_i_IBUF_BUFG | u_soc/u_tx_top/u_huffman_aes_tx_top/u_file_huffman_builder/u_code_length_builder/node_weight[226][15]_i_1_n_0                          |                                                     |               17 |             34 |         2.00 |
|  clk_i_IBUF_BUFG | u_soc/u_tx_top/u_huffman_aes_tx_top/u_file_huffman_builder/u_code_length_builder/node_weight[223][15]_i_1_n_0                          |                                                     |               15 |             34 |         2.27 |
|  clk_i_IBUF_BUFG | u_soc/u_tx_top/u_huffman_aes_tx_top/u_file_huffman_builder/u_code_length_builder/node_weight[217][15]_i_1_n_0                          |                                                     |               16 |             34 |         2.12 |
|  clk_i_IBUF_BUFG | u_soc/u_tx_top/u_huffman_aes_tx_top/u_file_huffman_builder/u_code_length_builder/node_weight[208][15]_i_1_n_0                          |                                                     |               17 |             34 |         2.00 |
|  clk_i_IBUF_BUFG | u_soc/u_tx_top/u_huffman_aes_tx_top/u_file_huffman_builder/u_code_length_builder/node_weight[449][15]_i_1_n_0                          |                                                     |               10 |             34 |         3.40 |
|  clk_i_IBUF_BUFG | u_soc/u_tx_top/u_huffman_aes_tx_top/u_file_huffman_builder/u_code_length_builder/node_weight[220][15]_i_1_n_0                          |                                                     |               13 |             34 |         2.62 |
|  clk_i_IBUF_BUFG | u_soc/u_tx_top/u_huffman_aes_tx_top/u_file_huffman_builder/u_code_length_builder/node_weight[215][15]_i_1_n_0                          |                                                     |               14 |             34 |         2.43 |
|  clk_i_IBUF_BUFG | u_soc/u_tx_top/u_huffman_aes_tx_top/u_file_huffman_builder/u_code_length_builder/node_weight[201][15]_i_1_n_0                          |                                                     |               15 |             34 |         2.27 |
|  clk_i_IBUF_BUFG | u_soc/u_tx_top/u_huffman_aes_tx_top/u_file_huffman_builder/u_code_length_builder/node_weight[195][15]_i_1_n_0                          |                                                     |               13 |             34 |         2.62 |
|  clk_i_IBUF_BUFG | u_soc/u_tx_top/u_huffman_aes_tx_top/u_file_huffman_builder/u_code_length_builder/node_weight[202][15]_i_1_n_0                          |                                                     |               13 |             34 |         2.62 |
|  clk_i_IBUF_BUFG | u_soc/u_tx_top/u_huffman_aes_tx_top/u_file_huffman_builder/u_code_length_builder/node_weight[184][15]_i_1_n_0                          |                                                     |               16 |             34 |         2.12 |
|  clk_i_IBUF_BUFG | u_soc/u_tx_top/u_huffman_aes_tx_top/u_file_huffman_builder/u_code_length_builder/node_weight[181][15]_i_1_n_0                          |                                                     |               18 |             34 |         1.89 |
|  clk_i_IBUF_BUFG | u_soc/u_tx_top/u_huffman_aes_tx_top/u_file_huffman_builder/u_code_length_builder/node_weight[179][15]_i_1_n_0                          |                                                     |               16 |             34 |         2.12 |
|  clk_i_IBUF_BUFG | u_soc/u_tx_top/u_huffman_aes_tx_top/u_file_huffman_builder/u_code_length_builder/node_weight[169][15]_i_1_n_0                          |                                                     |               15 |             34 |         2.27 |
|  clk_i_IBUF_BUFG | u_soc/u_tx_top/u_huffman_aes_tx_top/u_file_huffman_builder/u_code_length_builder/node_is_leaf[321][0]_i_1_n_0                          |                                                     |               12 |             34 |         2.83 |
|  clk_i_IBUF_BUFG | u_soc/u_tx_top/u_huffman_aes_tx_top/u_file_huffman_builder/u_code_length_builder/node_is_leaf[319][0]_i_1_n_0                          |                                                     |               16 |             34 |         2.12 |
|  clk_i_IBUF_BUFG | u_soc/u_tx_top/u_huffman_aes_tx_top/u_file_huffman_builder/u_code_length_builder/node_is_leaf[312][0]_i_1_n_0                          |                                                     |               12 |             34 |         2.83 |
|  clk_i_IBUF_BUFG | u_soc/u_tx_top/u_huffman_aes_tx_top/u_file_huffman_builder/u_code_length_builder/node_is_leaf[313][0]_i_1_n_0                          |                                                     |               11 |             34 |         3.09 |
|  clk_i_IBUF_BUFG | u_soc/u_tx_top/u_huffman_aes_tx_top/u_file_huffman_builder/u_code_length_builder/node_is_leaf[334][0]_i_1_n_0                          |                                                     |               11 |             34 |         3.09 |
|  clk_i_IBUF_BUFG | u_soc/u_tx_top/u_huffman_aes_tx_top/u_file_huffman_builder/u_code_length_builder/node_is_leaf[333][0]_i_1_n_0                          |                                                     |                9 |             34 |         3.78 |
|  clk_i_IBUF_BUFG | u_soc/u_tx_top/u_huffman_aes_tx_top/u_file_huffman_builder/u_code_length_builder/node_is_leaf[323][0]_i_1_n_0                          |                                                     |               13 |             34 |         2.62 |
|  clk_i_IBUF_BUFG | u_soc/u_tx_top/u_huffman_aes_tx_top/u_file_huffman_builder/u_code_length_builder/node_is_leaf[328][0]_i_1_n_0                          |                                                     |               13 |             34 |         2.62 |
|  clk_i_IBUF_BUFG | u_soc/u_tx_top/u_huffman_aes_tx_top/u_file_huffman_builder/u_code_length_builder/node_is_leaf[326][0]_i_1_n_0                          |                                                     |               12 |             34 |         2.83 |
|  clk_i_IBUF_BUFG | u_soc/u_tx_top/u_huffman_aes_tx_top/u_file_huffman_builder/u_code_length_builder/node_is_leaf[338][0]_i_1_n_0                          |                                                     |                9 |             34 |         3.78 |
|  clk_i_IBUF_BUFG | u_soc/u_tx_top/u_huffman_aes_tx_top/u_file_huffman_builder/u_code_length_builder/node_is_leaf[316][0]_i_1_n_0                          |                                                     |               12 |             34 |         2.83 |
|  clk_i_IBUF_BUFG | u_soc/u_tx_top/u_huffman_aes_tx_top/u_file_huffman_builder/u_code_length_builder/node_is_leaf[320][0]_i_1_n_0                          |                                                     |               11 |             34 |         3.09 |
|  clk_i_IBUF_BUFG | u_soc/u_tx_top/u_huffman_aes_tx_top/u_file_huffman_builder/u_code_length_builder/node_is_leaf[317][0]_i_1_n_0                          |                                                     |               11 |             34 |         3.09 |
|  clk_i_IBUF_BUFG | u_soc/u_tx_top/u_huffman_aes_tx_top/u_dynamic_huffman_encoder/u_emit_backend/u_header_formatter/chunk_len_r                            | u_uart_dmem_loader/rst_i                            |               10 |             37 |         3.70 |
|  clk_i_IBUF_BUFG | u_soc/u_tx_top/u_apb_huffman_tx_if/bytes_queued_r                                                                                      | u_uart_dmem_loader/rst_i                            |                8 |             38 |         4.75 |
|  clk_i_IBUF_BUFG | u_soc/u_tx_top/u_huffman_aes_tx_top/u_file_huffman_builder/u_symbol_list_builder/scan_index__0                                         | u_uart_dmem_loader/rst_i                            |               12 |             39 |         3.25 |
|  clk_i_IBUF_BUFG | u_soc/u_tx_top/u_huffman_aes_tx_top/u_dynamic_huffman_encoder/u_emit_backend/u_stream_output_interface/transport_word_r_reg[127][0]    | u_uart_dmem_loader/rst_i                            |                9 |             40 |         4.44 |
|  clk_i_IBUF_BUFG | u_soc/u_cpu_mmio_to_apb_bridge/FSM_sequential_state_r_reg_1[0]                                                                         | u_soc/u_cpu/u_ex_stage/SR[0]                        |               19 |             40 |         2.11 |
|  clk_i_IBUF_BUFG | u_soc/u_tx_top/u_huffman_aes_tx_top/u_dynamic_huffman_encoder/u_emit_backend/u_header_formatter/post_send_state_r[1]_i_1_n_0           | u_uart_dmem_loader/rst_i                            |               12 |             40 |         3.33 |
|  clk_i_IBUF_BUFG | u_soc/u_dma_tx_engine/apb_write_r                                                                                                      | u_soc/u_dma_regfile/SR[0]                           |               13 |             42 |         3.23 |
|  clk_i_IBUF_BUFG | u_soc/u_tx_top/u_huffman_aes_tx_top/u_file_huffman_builder/u_code_length_builder/min2_idx_r__0                                         | u_uart_dmem_loader/rst_i                            |               19 |             43 |         2.26 |
|  clk_i_IBUF_BUFG | u_soc/u_tx_top/u_huffman_aes_tx_top/u_file_huffman_builder/u_code_length_builder/found1_r                                              | u_uart_dmem_loader/rst_i                            |               14 |             44 |         3.14 |
|  clk_i_IBUF_BUFG | u_soc/u_dma_tx_engine/dst_ptr_r[14]_i_1_n_0                                                                                            | u_soc/u_dma_regfile/SR[0]                           |                8 |             44 |         5.50 |
|  clk_i_IBUF_BUFG | u_uart_dmem_loader/u_uart_rx/FSM_onehot_state_r_reg[10]_0[0]                                                                           | u_uart_dmem_loader/u_uart_rx/SR[0]                  |               11 |             59 |         5.36 |
|  clk_i_IBUF_BUFG | u_soc/u_cpu/u_if_stage/resp_pc_r                                                                                                       | u_uart_dmem_loader/rst_i                            |               41 |             64 |         1.56 |
|  clk_i_IBUF_BUFG | u_uart_dmem_loader/u_uart_rx/FSM_onehot_state_r_reg[10]_1[0]                                                                           | u_uart_dmem_loader/u_uart_rx/SR[0]                  |               10 |             66 |         6.60 |
|  clk_i_IBUF_BUFG | u_soc/u_cpu/u_ex_stage/FSM_sequential_state_r_reg_0[0]                                                                                 | u_uart_dmem_loader/rst_i                            |               16 |             67 |         4.19 |
|  clk_i_IBUF_BUFG | u_soc/u_dma_tx_engine/compress_only_r                                                                                                  | u_soc/u_dma_regfile/SR[0]                           |               10 |             68 |         6.80 |
|  clk_i_IBUF_BUFG | u_soc/u_cpu/u_ex_stage/FSM_sequential_state_r_reg_3[0]                                                                                 | u_uart_dmem_loader/rst_i                            |               21 |             69 |         3.29 |
|  clk_i_IBUF_BUFG | u_soc/u_cpu/u_ex_stage/exmem_mem_en_o_reg_0[0]                                                                                         | u_uart_dmem_loader/rst_i                            |               31 |             77 |         2.48 |
|  clk_i_IBUF_BUFG | u_soc/u_cpu_mmio_to_apb_bridge/FSM_sequential_state_r_reg_0[0]                                                                         | u_soc/u_cpu/u_id_stage/exmem_alu_result_o1          |               19 |             78 |         4.11 |
|  clk_i_IBUF_BUFG | u_soc/u_tx_top/u_huffman_aes_tx_top/u_file_huffman_builder/u_code_length_builder/next_free_index__0                                    | u_uart_dmem_loader/rst_i                            |               21 |             90 |         4.29 |
|  clk_i_IBUF_BUFG | u_soc/u_tx_top/u_huffman_aes_tx_top/u_file_huffman_builder/u_code_length_builder/scan_node_idx                                         | u_uart_dmem_loader/rst_i                            |               27 |            107 |         3.96 |
|  clk_i_IBUF_BUFG | u_soc/u_tx_top/u_huffman_aes_tx_top/u_file_huffman_builder/u_code_length_builder/load_index__0                                         | u_uart_dmem_loader/rst_i                            |               40 |            108 |         2.70 |
|  clk_i_IBUF_BUFG |                                                                                                                                        | u_uart_dmem_loader/u_uart_rx/SR[0]                  |               20 |            109 |         5.45 |
|  clk_i_IBUF_BUFG | u_soc/u_cpu_mmio_to_apb_bridge/FSM_sequential_state_r_reg_0[0]                                                                         | u_soc/u_cpu/u_id_stage/idex_jal_o_i_1_n_0           |               25 |            119 |         4.76 |
|  clk_i_IBUF_BUFG | u_soc/u_tx_top/u_huffman_aes_tx_top/u_bit_packer_128/transport_word_r[127]_i_1_n_0                                                     | u_uart_dmem_loader/rst_i                            |               48 |            128 |         2.67 |
|  clk_i_IBUF_BUFG | u_soc/u_tx_top/u_apb_huffman_tx_if/E[0]                                                                                                | u_uart_dmem_loader/rst_i                            |               33 |            128 |         3.88 |
|  clk_i_IBUF_BUFG | u_soc/u_dma_tx_engine/compress_only_o_reg_rep[0]                                                                                       | u_uart_dmem_loader/rst_i                            |               44 |            128 |         2.91 |
|  clk_i_IBUF_BUFG | u_soc/u_tx_top/u_apb_huffman_tx_if/aes_emit_valid_r_reg[0]                                                                             | u_uart_dmem_loader/rst_i                            |               33 |            128 |         3.88 |
|  clk_i_IBUF_BUFG | u_soc/u_tx_top/u_apb_huffman_tx_if/aes_emit_valid_r_reg_4[0]                                                                           | u_uart_dmem_loader/rst_i                            |               49 |            128 |         2.61 |
|  clk_i_IBUF_BUFG | u_soc/u_tx_top/u_huffman_aes_tx_top/u_bit_packer_128/payload_count_n                                                                   | u_uart_dmem_loader/rst_i                            |               39 |            143 |         3.67 |
|  clk_i_IBUF_BUFG | u_soc/u_tx_top/u_huffman_aes_tx_top/u_aes_input_wrapper/cipher_ready_reg[0]                                                            |                                                     |               50 |            256 |         5.12 |
|  clk_i_IBUF_BUFG |                                                                                                                                        |                                                     |              106 |            362 |         3.42 |
|  clk_i_IBUF_BUFG |                                                                                                                                        | u_uart_dmem_loader/rst_i                            |              194 |            572 |         2.95 |
|  clk_i_IBUF_BUFG | u_soc/u_tx_top/u_huffman_aes_tx_top/u_file_huffman_builder/u_code_length_builder/node_parent[510][8]_i_1_n_0                           |                                                     |             1410 |           4599 |         3.26 |
+------------------+----------------------------------------------------------------------------------------------------------------------------------------+-----------------------------------------------------+------------------+----------------+--------------+


