Copyright 1986-2022 Xilinx, Inc. All Rights Reserved. Copyright 2022-2024 Advanced Micro Devices, Inc. All Rights Reserved.
---------------------------------------------------------------------------------------------------------------------------------------------------------------------------------------------------------------------------------------------------------------
| Tool Version : Vivado v.2024.2 (win64) Build 5239630 Fri Nov 08 22:35:27 MST 2024
| Date         : Fri May 15 04:11:01 2026
| Host         : An running 64-bit major release  (build 9200)
| Command      : report_timing_summary -max_paths 10 -report_unconstrained -file rv32_soc_fpga_demo_top_timing_summary_routed.rpt -pb rv32_soc_fpga_demo_top_timing_summary_routed.pb -rpx rv32_soc_fpga_demo_top_timing_summary_routed.rpx -warn_on_violation
| Design       : rv32_soc_fpga_demo_top
| Device       : 7z020-clg484
| Speed File   : -1  PRODUCTION 1.12 2019-11-22
| Design State : Routed
---------------------------------------------------------------------------------------------------------------------------------------------------------------------------------------------------------------------------------------------------------------

Timing Summary Report

------------------------------------------------------------------------------------------------
| Timer Settings
| --------------
------------------------------------------------------------------------------------------------

  Enable Multi Corner Analysis               :  Yes
  Enable Pessimism Removal                   :  Yes
  Pessimism Removal Resolution               :  Nearest Common Node
  Enable Input Delay Default Clock           :  No
  Enable Preset / Clear Arcs                 :  No
  Disable Flight Delays                      :  No
  Ignore I/O Paths                           :  No
  Timing Early Launch at Borrowing Latches   :  No
  Borrow Time for Max Delay Exceptions       :  Yes
  Merge Timing Exceptions                    :  Yes
  Inter-SLR Compensation                     :  Conservative

  Corner  Analyze    Analyze    
  Name    Max Paths  Min Paths  
  ------  ---------  ---------  
  Slow    Yes        Yes        
  Fast    Yes        Yes        


------------------------------------------------------------------------------------------------
| Report Methodology
| ------------------
------------------------------------------------------------------------------------------------

Rule       Severity  Description                                  Violations  
---------  --------  -------------------------------------------  ----------  
LUTAR-1    Warning   LUT drives async reset alert                 1           
SYNTH-6    Warning   Timing of a RAM block might be sub-optimal   10          
SYNTH-15   Warning   Byte wide write enable not inferred          8           
TIMING-18  Warning   Missing input or output delay                6           
ULMTCS-1   Warning   Control Sets use limits recommend reduction  1           

Note: This report is based on the most recent report_methodology run and may not be up-to-date. Run report_methodology on the current design for the latest report.



check_timing report

Table of Contents
-----------------
1. checking no_clock (0)
2. checking constant_clock (0)
3. checking pulse_width_clock (0)
4. checking unconstrained_internal_endpoints (0)
5. checking no_input_delay (1)
6. checking no_output_delay (5)
7. checking multiple_clock (0)
8. checking generated_clocks (0)
9. checking loops (0)
10. checking partial_input_delay (0)
11. checking partial_output_delay (0)
12. checking latch_loops (0)

1. checking no_clock (0)
------------------------
 There are 0 register/latch pins with no clock.


2. checking constant_clock (0)
------------------------------
 There are 0 register/latch pins with constant_clock.


3. checking pulse_width_clock (0)
---------------------------------
 There are 0 register/latch pins which need pulse_width check


4. checking unconstrained_internal_endpoints (0)
------------------------------------------------
 There are 0 pins that are not constrained for maximum delay.

 There are 0 pins that are not constrained for maximum delay due to constant clock.


5. checking no_input_delay (1)
------------------------------
 There is 1 input port with no input delay specified. (HIGH)

 There are 0 input ports with no input delay but user has a false path constraint.


6. checking no_output_delay (5)
-------------------------------
 There are 5 ports with no output delay specified. (HIGH)

 There are 0 ports with no output delay but user has a false path constraint

 There are 0 ports with no output delay but with a timing clock defined on it or propagating through it


7. checking multiple_clock (0)
------------------------------
 There are 0 register/latch pins with multiple clocks.


8. checking generated_clocks (0)
--------------------------------
 There are 0 generated clocks that are not connected to a clock source.


9. checking loops (0)
---------------------
 There are 0 combinational loops in the design.


10. checking partial_input_delay (0)
------------------------------------
 There are 0 input ports with partial input delay specified.


11. checking partial_output_delay (0)
-------------------------------------
 There are 0 ports with partial output delay specified.


12. checking latch_loops (0)
----------------------------
 There are 0 combinational latch loops in the design through latch input



------------------------------------------------------------------------------------------------
| Design Timing Summary
| ---------------------
------------------------------------------------------------------------------------------------

    WNS(ns)      TNS(ns)  TNS Failing Endpoints  TNS Total Endpoints      WHS(ns)      THS(ns)  THS Failing Endpoints  THS Total Endpoints     WPWS(ns)     TPWS(ns)  TPWS Failing Endpoints  TPWS Total Endpoints  
    -------      -------  ---------------------  -------------------      -------      -------  ---------------------  -------------------     --------     --------  ----------------------  --------------------  
      0.850        0.000                      0                92904        0.032        0.000                      0                92904        8.750        0.000                       0                 40543  


All user specified timing constraints are met.


------------------------------------------------------------------------------------------------
| Clock Summary
| -------------
------------------------------------------------------------------------------------------------

Clock  Waveform(ns)       Period(ns)      Frequency(MHz)
-----  ------------       ----------      --------------
clk_i  {0.000 10.000}     20.000          50.000          


------------------------------------------------------------------------------------------------
| Intra Clock Table
| -----------------
------------------------------------------------------------------------------------------------

Clock             WNS(ns)      TNS(ns)  TNS Failing Endpoints  TNS Total Endpoints      WHS(ns)      THS(ns)  THS Failing Endpoints  THS Total Endpoints     WPWS(ns)     TPWS(ns)  TPWS Failing Endpoints  TPWS Total Endpoints  
-----             -------      -------  ---------------------  -------------------      -------      -------  ---------------------  -------------------     --------     --------  ----------------------  --------------------  
clk_i               0.850        0.000                      0                83863        0.032        0.000                      0                83863        8.750        0.000                       0                 40543  


------------------------------------------------------------------------------------------------
| Inter Clock Table
| -----------------
------------------------------------------------------------------------------------------------

From Clock    To Clock          WNS(ns)      TNS(ns)  TNS Failing Endpoints  TNS Total Endpoints      WHS(ns)      THS(ns)  THS Failing Endpoints  THS Total Endpoints  
----------    --------          -------      -------  ---------------------  -------------------      -------      -------  ---------------------  -------------------  


------------------------------------------------------------------------------------------------
| Other Path Groups Table
| -----------------------
------------------------------------------------------------------------------------------------

Path Group         From Clock         To Clock               WNS(ns)      TNS(ns)  TNS Failing Endpoints  TNS Total Endpoints      WHS(ns)      THS(ns)  THS Failing Endpoints  THS Total Endpoints  
----------         ----------         --------               -------      -------  ---------------------  -------------------      -------      -------  ---------------------  -------------------  
**async_default**  clk_i              clk_i                    0.974        0.000                      0                 9041        1.337        0.000                      0                 9041  


------------------------------------------------------------------------------------------------
| User Ignored Path Table
| -----------------------
------------------------------------------------------------------------------------------------

Path Group    From Clock    To Clock    
----------    ----------    --------    


------------------------------------------------------------------------------------------------
| Unconstrained Path Table
| ------------------------
------------------------------------------------------------------------------------------------

Path Group    From Clock    To Clock    
----------    ----------    --------    
(none)        clk_i                       
(none)                      clk_i         


------------------------------------------------------------------------------------------------
| Timing Details
| --------------
------------------------------------------------------------------------------------------------


---------------------------------------------------------------------------------------------------
From Clock:  clk_i
  To Clock:  clk_i

Setup :            0  Failing Endpoints,  Worst Slack        0.850ns,  Total Violation        0.000ns
Hold  :            0  Failing Endpoints,  Worst Slack        0.032ns,  Total Violation        0.000ns
PW    :            0  Failing Endpoints,  Worst Slack        8.750ns,  Total Violation        0.000ns
---------------------------------------------------------------------------------------------------


Max Delay Paths
--------------------------------------------------------------------------------------
Slack (MET) :             0.850ns  (required time - arrival time)
  Source:                 u_soc/u_tx_top/u_huffman_aes_tx_top/u_file_huffman_builder/u_code_length_builder/next_free_index_reg[4]_rep__3/C
                            (rising edge-triggered cell FDCE clocked by clk_i  {rise@0.000ns fall@10.000ns period=20.000ns})
  Destination:            u_soc/u_tx_top/u_huffman_aes_tx_top/u_file_huffman_builder/u_code_length_builder/node_parent_reg[464][4]/D
                            (rising edge-triggered cell FDRE clocked by clk_i  {rise@0.000ns fall@10.000ns period=20.000ns})
  Path Group:             clk_i
  Path Type:              Setup (Max at Slow Process Corner)
  Requirement:            20.000ns  (clk_i rise@20.000ns - clk_i rise@0.000ns)
  Data Path Delay:        19.173ns  (logic 0.704ns (3.672%)  route 18.469ns (96.328%))
  Logic Levels:           2  (LUT5=1 LUT6=1)
  Clock Path Skew:        0.027ns (DCD - SCD + CPR)
    Destination Clock Delay (DCD):    5.136ns = ( 25.136 - 20.000 ) 
    Source Clock Delay      (SCD):    5.402ns
    Clock Pessimism Removal (CPR):    0.294ns
  Clock Uncertainty:      0.035ns  ((TSJ^2 + TIJ^2)^1/2 + DJ) / 2 + PE
    Total System Jitter     (TSJ):    0.071ns
    Total Input Jitter      (TIJ):    0.000ns
    Discrete Jitter          (DJ):    0.000ns
    Phase Error              (PE):    0.000ns

    Location             Delay type                Incr(ns)  Path(ns)    Netlist Resource(s)
  -------------------------------------------------------------------    -------------------
                         (clock clk_i rise edge)      0.000     0.000 r  
    Y9                                                0.000     0.000 r  clk_i (IN)
                         net (fo=0)                   0.000     0.000    clk_i
    Y9                   IBUF (Prop_ibuf_I_O)         1.490     1.490 r  clk_i_IBUF_inst/O
                         net (fo=1, routed)           2.171     3.661    clk_i_IBUF
    BUFGCTRL_X0Y0        BUFG (Prop_bufg_I_O)         0.101     3.762 r  clk_i_IBUF_BUFG_inst/O
                         net (fo=40542, routed)       1.640     5.402    u_soc/u_tx_top/u_huffman_aes_tx_top/u_file_huffman_builder/u_code_length_builder/clk_i
    SLICE_X53Y90         FDCE                                         r  u_soc/u_tx_top/u_huffman_aes_tx_top/u_file_huffman_builder/u_code_length_builder/next_free_index_reg[4]_rep__3/C
  -------------------------------------------------------------------    -------------------
    SLICE_X53Y90         FDCE (Prop_fdce_C_Q)         0.456     5.858 r  u_soc/u_tx_top/u_huffman_aes_tx_top/u_file_huffman_builder/u_code_length_builder/next_free_index_reg[4]_rep__3/Q
                         net (fo=124, routed)        17.761    23.619    u_soc/u_tx_top/u_huffman_aes_tx_top/u_file_huffman_builder/u_code_length_builder/next_free_index_reg[4]_rep__3_n_0
    SLICE_X40Y112        LUT5 (Prop_lut5_I1_O)        0.124    23.743 r  u_soc/u_tx_top/u_huffman_aes_tx_top/u_file_huffman_builder/u_code_length_builder/node_parent[464][4]_i_2/O
                         net (fo=1, routed)           0.708    24.452    u_soc/u_tx_top/u_huffman_aes_tx_top/u_file_huffman_builder/u_code_length_builder/node_parent[464][4]_i_2_n_0
    SLICE_X35Y112        LUT6 (Prop_lut6_I4_O)        0.124    24.576 r  u_soc/u_tx_top/u_huffman_aes_tx_top/u_file_huffman_builder/u_code_length_builder/node_parent[464][4]_i_1/O
                         net (fo=1, routed)           0.000    24.576    u_soc/u_tx_top/u_huffman_aes_tx_top/u_file_huffman_builder/u_code_length_builder/node_parent[464][4]_i_1_n_0
    SLICE_X35Y112        FDRE                                         r  u_soc/u_tx_top/u_huffman_aes_tx_top/u_file_huffman_builder/u_code_length_builder/node_parent_reg[464][4]/D
  -------------------------------------------------------------------    -------------------

                         (clock clk_i rise edge)     20.000    20.000 r  
    Y9                                                0.000    20.000 r  clk_i (IN)
                         net (fo=0)                   0.000    20.000    clk_i
    Y9                   IBUF (Prop_ibuf_I_O)         1.420    21.420 r  clk_i_IBUF_inst/O
                         net (fo=1, routed)           1.972    23.392    clk_i_IBUF
    BUFGCTRL_X0Y0        BUFG (Prop_bufg_I_O)         0.091    23.483 r  clk_i_IBUF_BUFG_inst/O
                         net (fo=40542, routed)       1.653    25.136    u_soc/u_tx_top/u_huffman_aes_tx_top/u_file_huffman_builder/u_code_length_builder/clk_i
    SLICE_X35Y112        FDRE                                         r  u_soc/u_tx_top/u_huffman_aes_tx_top/u_file_huffman_builder/u_code_length_builder/node_parent_reg[464][4]/C
                         clock pessimism              0.294    25.429    
                         clock uncertainty           -0.035    25.394    
    SLICE_X35Y112        FDRE (Setup_fdre_C_D)        0.031    25.425    u_soc/u_tx_top/u_huffman_aes_tx_top/u_file_huffman_builder/u_code_length_builder/node_parent_reg[464][4]
  -------------------------------------------------------------------
                         required time                         25.425    
                         arrival time                         -24.576    
  -------------------------------------------------------------------
                         slack                                  0.850    

Slack (MET) :             0.938ns  (required time - arrival time)
  Source:                 u_soc/u_tx_top/u_huffman_aes_tx_top/u_file_huffman_builder/u_code_length_builder/next_free_index_reg[4]_rep__3/C
                            (rising edge-triggered cell FDCE clocked by clk_i  {rise@0.000ns fall@10.000ns period=20.000ns})
  Destination:            u_soc/u_tx_top/u_huffman_aes_tx_top/u_file_huffman_builder/u_code_length_builder/node_parent_reg[339][4]/D
                            (rising edge-triggered cell FDRE clocked by clk_i  {rise@0.000ns fall@10.000ns period=20.000ns})
  Path Group:             clk_i
  Path Type:              Setup (Max at Slow Process Corner)
  Requirement:            20.000ns  (clk_i rise@20.000ns - clk_i rise@0.000ns)
  Data Path Delay:        19.121ns  (logic 0.704ns (3.682%)  route 18.417ns (96.318%))
  Logic Levels:           2  (LUT5=1 LUT6=1)
  Clock Path Skew:        0.018ns (DCD - SCD + CPR)
    Destination Clock Delay (DCD):    5.127ns = ( 25.127 - 20.000 ) 
    Source Clock Delay      (SCD):    5.402ns
    Clock Pessimism Removal (CPR):    0.294ns
  Clock Uncertainty:      0.035ns  ((TSJ^2 + TIJ^2)^1/2 + DJ) / 2 + PE
    Total System Jitter     (TSJ):    0.071ns
    Total Input Jitter      (TIJ):    0.000ns
    Discrete Jitter          (DJ):    0.000ns
    Phase Error              (PE):    0.000ns

    Location             Delay type                Incr(ns)  Path(ns)    Netlist Resource(s)
  -------------------------------------------------------------------    -------------------
                         (clock clk_i rise edge)      0.000     0.000 r  
    Y9                                                0.000     0.000 r  clk_i (IN)
                         net (fo=0)                   0.000     0.000    clk_i
    Y9                   IBUF (Prop_ibuf_I_O)         1.490     1.490 r  clk_i_IBUF_inst/O
                         net (fo=1, routed)           2.171     3.661    clk_i_IBUF
    BUFGCTRL_X0Y0        BUFG (Prop_bufg_I_O)         0.101     3.762 r  clk_i_IBUF_BUFG_inst/O
                         net (fo=40542, routed)       1.640     5.402    u_soc/u_tx_top/u_huffman_aes_tx_top/u_file_huffman_builder/u_code_length_builder/clk_i
    SLICE_X53Y90         FDCE                                         r  u_soc/u_tx_top/u_huffman_aes_tx_top/u_file_huffman_builder/u_code_length_builder/next_free_index_reg[4]_rep__3/C
  -------------------------------------------------------------------    -------------------
    SLICE_X53Y90         FDCE (Prop_fdce_C_Q)         0.456     5.858 r  u_soc/u_tx_top/u_huffman_aes_tx_top/u_file_huffman_builder/u_code_length_builder/next_free_index_reg[4]_rep__3/Q
                         net (fo=124, routed)        17.650    23.508    u_soc/u_tx_top/u_huffman_aes_tx_top/u_file_huffman_builder/u_code_length_builder/next_free_index_reg[4]_rep__3_n_0
    SLICE_X32Y118        LUT6 (Prop_lut6_I3_O)        0.124    23.632 r  u_soc/u_tx_top/u_huffman_aes_tx_top/u_file_huffman_builder/u_code_length_builder/node_parent[339][4]_i_2/O
                         net (fo=1, routed)           0.768    24.400    u_soc/u_tx_top/u_huffman_aes_tx_top/u_file_huffman_builder/u_code_length_builder/node_parent[339][4]_i_2_n_0
    SLICE_X32Y121        LUT5 (Prop_lut5_I4_O)        0.124    24.524 r  u_soc/u_tx_top/u_huffman_aes_tx_top/u_file_huffman_builder/u_code_length_builder/node_parent[339][4]_i_1/O
                         net (fo=1, routed)           0.000    24.524    u_soc/u_tx_top/u_huffman_aes_tx_top/u_file_huffman_builder/u_code_length_builder/node_parent[339][4]_i_1_n_0
    SLICE_X32Y121        FDRE                                         r  u_soc/u_tx_top/u_huffman_aes_tx_top/u_file_huffman_builder/u_code_length_builder/node_parent_reg[339][4]/D
  -------------------------------------------------------------------    -------------------

                         (clock clk_i rise edge)     20.000    20.000 r  
    Y9                                                0.000    20.000 r  clk_i (IN)
                         net (fo=0)                   0.000    20.000    clk_i
    Y9                   IBUF (Prop_ibuf_I_O)         1.420    21.420 r  clk_i_IBUF_inst/O
                         net (fo=1, routed)           1.972    23.392    clk_i_IBUF
    BUFGCTRL_X0Y0        BUFG (Prop_bufg_I_O)         0.091    23.483 r  clk_i_IBUF_BUFG_inst/O
                         net (fo=40542, routed)       1.644    25.127    u_soc/u_tx_top/u_huffman_aes_tx_top/u_file_huffman_builder/u_code_length_builder/clk_i
    SLICE_X32Y121        FDRE                                         r  u_soc/u_tx_top/u_huffman_aes_tx_top/u_file_huffman_builder/u_code_length_builder/node_parent_reg[339][4]/C
                         clock pessimism              0.294    25.420    
                         clock uncertainty           -0.035    25.385    
    SLICE_X32Y121        FDRE (Setup_fdre_C_D)        0.077    25.462    u_soc/u_tx_top/u_huffman_aes_tx_top/u_file_huffman_builder/u_code_length_builder/node_parent_reg[339][4]
  -------------------------------------------------------------------
                         required time                         25.462    
                         arrival time                         -24.524    
  -------------------------------------------------------------------
                         slack                                  0.938    

Slack (MET) :             1.134ns  (required time - arrival time)
  Source:                 u_soc/u_dmem/u_dmem_ip/mem_reg_3_1/CLKBWRCLK
                            (rising edge-triggered cell RAMB36E1 clocked by clk_i  {rise@0.000ns fall@10.000ns period=20.000ns})
  Destination:            u_soc/u_cpu/u_id_stage/idex_rs1_addr_o_reg[4]/R
                            (rising edge-triggered cell FDRE clocked by clk_i  {rise@0.000ns fall@10.000ns period=20.000ns})
  Path Group:             clk_i
  Path Type:              Setup (Max at Slow Process Corner)
  Requirement:            20.000ns  (clk_i rise@20.000ns - clk_i rise@0.000ns)
  Data Path Delay:        18.120ns  (logic 5.197ns (28.681%)  route 12.923ns (71.319%))
  Logic Levels:           17  (CARRY4=3 LUT2=3 LUT3=4 LUT4=1 LUT5=2 LUT6=4)
  Clock Path Skew:        -0.074ns (DCD - SCD + CPR)
    Destination Clock Delay (DCD):    5.100ns = ( 25.100 - 20.000 ) 
    Source Clock Delay      (SCD):    5.468ns
    Clock Pessimism Removal (CPR):    0.294ns
  Clock Uncertainty:      0.035ns  ((TSJ^2 + TIJ^2)^1/2 + DJ) / 2 + PE
    Total System Jitter     (TSJ):    0.071ns
    Total Input Jitter      (TIJ):    0.000ns
    Discrete Jitter          (DJ):    0.000ns
    Phase Error              (PE):    0.000ns

    Location             Delay type                Incr(ns)  Path(ns)    Netlist Resource(s)
  -------------------------------------------------------------------    -------------------
                         (clock clk_i rise edge)      0.000     0.000 r  
    Y9                                                0.000     0.000 r  clk_i (IN)
                         net (fo=0)                   0.000     0.000    clk_i
    Y9                   IBUF (Prop_ibuf_I_O)         1.490     1.490 r  clk_i_IBUF_inst/O
                         net (fo=1, routed)           2.171     3.661    clk_i_IBUF
    BUFGCTRL_X0Y0        BUFG (Prop_bufg_I_O)         0.101     3.762 r  clk_i_IBUF_BUFG_inst/O
                         net (fo=40542, routed)       1.705     5.468    u_soc/u_dmem/u_dmem_ip/clk_i
    RAMB36_X2Y2          RAMB36E1                                     r  u_soc/u_dmem/u_dmem_ip/mem_reg_3_1/CLKBWRCLK
  -------------------------------------------------------------------    -------------------
    RAMB36_X2Y2          RAMB36E1 (Prop_ramb36e1_CLKBWRCLK_DOBDO[3])
                                                      2.454     7.922 r  u_soc/u_dmem/u_dmem_ip/mem_reg_3_1/DOBDO[3]
                         net (fo=1, routed)           1.586     9.508    u_soc/u_cpu_mmio_to_apb_bridge/douta[24]
    SLICE_X59Y12         LUT3 (Prop_lut3_I2_O)        0.124     9.632 r  u_soc/u_cpu_mmio_to_apb_bridge/memwb_mem_data_o[31]_i_6/O
                         net (fo=3, routed)           0.813    10.445    u_soc/u_cpu_mmio_to_apb_bridge/dmem_rdata_w[24]
    SLICE_X62Y13         LUT3 (Prop_lut3_I0_O)        0.153    10.598 r  u_soc/u_cpu_mmio_to_apb_bridge/memwb_mem_data_o[31]_i_9/O
                         net (fo=2, routed)           0.686    11.284    u_soc/u_cpu_mmio_to_apb_bridge/mmio_rdata_o_reg[31]_0
    SLICE_X62Y13         LUT5 (Prop_lut5_I4_O)        0.331    11.615 r  u_soc/u_cpu_mmio_to_apb_bridge/memwb_mem_data_o[7]_i_3/O
                         net (fo=3, routed)           0.563    12.178    u_soc/u_cpu/u_mem_stage/data0[0]
    SLICE_X63Y11         LUT4 (Prop_lut4_I3_O)        0.124    12.302 r  u_soc/u_cpu/u_mem_stage/memwb_mem_data_o[15]_i_3/O
                         net (fo=8, routed)           0.838    13.140    u_soc/u_cpu/u_mem_stage/memwb_mem_data_o[15]_i_3_n_0
    SLICE_X62Y13         LUT6 (Prop_lut6_I2_O)        0.124    13.264 r  u_soc/u_cpu/u_mem_stage/memwb_mem_data_o[10]_i_1/O
                         net (fo=3, routed)           1.421    14.684    u_soc/u_cpu/u_mem_stage/mem_data_w[10]
    SLICE_X93Y10         LUT6 (Prop_lut6_I4_O)        0.124    14.808 r  u_soc/u_cpu/u_mem_stage/exmem_rs2_data_o[10]_i_2/O
                         net (fo=1, routed)           0.431    15.240    u_soc/u_cpu/u_mem_stage/exmem_rs2_data_o[10]_i_2_n_0
    SLICE_X93Y8          LUT6 (Prop_lut6_I0_O)        0.124    15.364 r  u_soc/u_cpu/u_mem_stage/exmem_rs2_data_o[10]_i_1/O
                         net (fo=2, routed)           0.725    16.089    u_soc/u_cpu/u_id_stage/alu_branch_taken3_carry__2_i_5[10]
    SLICE_X86Y8          LUT3 (Prop_lut3_I0_O)        0.124    16.213 r  u_soc/u_cpu/u_id_stage/exmem_alu_result_o[10]_i_4/O
                         net (fo=8, routed)           0.583    16.796    u_soc/u_cpu/u_mem_stage/sub_res_carry__1
    SLICE_X85Y10         LUT2 (Prop_lut2_I1_O)        0.124    16.920 r  u_soc/u_cpu/u_mem_stage/alu_branch_taken0_carry_i_5/O
                         net (fo=6, routed)           1.351    18.271    u_soc/u_cpu/u_mem_stage/memwb_alu_result_o_reg[10]_1
    SLICE_X69Y8          LUT3 (Prop_lut3_I2_O)        0.124    18.395 r  u_soc/u_cpu/u_mem_stage/alu_branch_taken3_carry__0_i_7/O
                         net (fo=1, routed)           0.000    18.395    u_soc/u_cpu/u_ex_stage/alu_branch_taken3_carry__1_1[1]
    SLICE_X69Y8          CARRY4 (Prop_carry4_S[1]_CO[3])
                                                      0.550    18.945 r  u_soc/u_cpu/u_ex_stage/alu_branch_taken3_carry__0/CO[3]
                         net (fo=1, routed)           0.000    18.945    u_soc/u_cpu/u_ex_stage/alu_branch_taken3_carry__0_n_0
    SLICE_X69Y9          CARRY4 (Prop_carry4_CI_CO[3])
                                                      0.114    19.059 r  u_soc/u_cpu/u_ex_stage/alu_branch_taken3_carry__1/CO[3]
                         net (fo=1, routed)           0.000    19.059    u_soc/u_cpu/u_ex_stage/alu_branch_taken3_carry__1_n_0
    SLICE_X69Y10         CARRY4 (Prop_carry4_CI_CO[3])
                                                      0.114    19.173 r  u_soc/u_cpu/u_ex_stage/alu_branch_taken3_carry__2/CO[3]
                         net (fo=1, routed)           0.897    20.070    u_soc/u_cpu/u_id_stage/pc_r[31]_i_5_3[0]
    SLICE_X75Y10         LUT6 (Prop_lut6_I0_O)        0.124    20.194 r  u_soc/u_cpu/u_id_stage/pc_r[31]_i_11/O
                         net (fo=1, routed)           0.433    20.627    u_soc/u_cpu/u_id_stage/pc_r[31]_i_11_n_0
    SLICE_X75Y10         LUT5 (Prop_lut5_I4_O)        0.124    20.751 r  u_soc/u_cpu/u_id_stage/pc_r[31]_i_5/O
                         net (fo=18, routed)          0.475    21.226    u_soc/u_cpu/u_id_stage/id_flush_w
    SLICE_X75Y8          LUT2 (Prop_lut2_I0_O)        0.124    21.350 r  u_soc/u_cpu/u_id_stage/exmem_mem_we_o_i_1/O
                         net (fo=108, routed)         0.492    21.842    u_soc/u_cpu/u_id_stage/exmem_alu_result_o1
    SLICE_X75Y6          LUT2 (Prop_lut2_I0_O)        0.117    21.959 r  u_soc/u_cpu/u_id_stage/idex_jal_o_i_1/O
                         net (fo=119, routed)         1.629    23.588    u_soc/u_cpu/u_id_stage/idex_jal_o_i_1_n_0
    SLICE_X97Y12         FDRE                                         r  u_soc/u_cpu/u_id_stage/idex_rs1_addr_o_reg[4]/R
  -------------------------------------------------------------------    -------------------

                         (clock clk_i rise edge)     20.000    20.000 r  
    Y9                                                0.000    20.000 r  clk_i (IN)
                         net (fo=0)                   0.000    20.000    clk_i
    Y9                   IBUF (Prop_ibuf_I_O)         1.420    21.420 r  clk_i_IBUF_inst/O
                         net (fo=1, routed)           1.972    23.392    clk_i_IBUF
    BUFGCTRL_X0Y0        BUFG (Prop_bufg_I_O)         0.091    23.483 r  clk_i_IBUF_BUFG_inst/O
                         net (fo=40542, routed)       1.617    25.100    u_soc/u_cpu/u_id_stage/clk_i
    SLICE_X97Y12         FDRE                                         r  u_soc/u_cpu/u_id_stage/idex_rs1_addr_o_reg[4]/C
                         clock pessimism              0.294    25.394    
                         clock uncertainty           -0.035    25.358    
    SLICE_X97Y12         FDRE (Setup_fdre_C_R)       -0.637    24.721    u_soc/u_cpu/u_id_stage/idex_rs1_addr_o_reg[4]
  -------------------------------------------------------------------
                         required time                         24.721    
                         arrival time                         -23.588    
  -------------------------------------------------------------------
                         slack                                  1.134    

Slack (MET) :             1.191ns  (required time - arrival time)
  Source:                 u_soc/u_dmem/u_dmem_ip/mem_reg_3_1/CLKBWRCLK
                            (rising edge-triggered cell RAMB36E1 clocked by clk_i  {rise@0.000ns fall@10.000ns period=20.000ns})
  Destination:            u_soc/u_cpu/u_id_stage/idex_imm_o_reg[24]/S
                            (rising edge-triggered cell FDSE clocked by clk_i  {rise@0.000ns fall@10.000ns period=20.000ns})
  Path Group:             clk_i
  Path Type:              Setup (Max at Slow Process Corner)
  Requirement:            20.000ns  (clk_i rise@20.000ns - clk_i rise@0.000ns)
  Data Path Delay:        18.001ns  (logic 5.356ns (29.754%)  route 12.645ns (70.246%))
  Logic Levels:           18  (CARRY4=3 LUT2=3 LUT3=4 LUT4=1 LUT5=3 LUT6=4)
  Clock Path Skew:        -0.136ns (DCD - SCD + CPR)
    Destination Clock Delay (DCD):    5.038ns = ( 25.038 - 20.000 ) 
    Source Clock Delay      (SCD):    5.468ns
    Clock Pessimism Removal (CPR):    0.294ns
  Clock Uncertainty:      0.035ns  ((TSJ^2 + TIJ^2)^1/2 + DJ) / 2 + PE
    Total System Jitter     (TSJ):    0.071ns
    Total Input Jitter      (TIJ):    0.000ns
    Discrete Jitter          (DJ):    0.000ns
    Phase Error              (PE):    0.000ns

    Location             Delay type                Incr(ns)  Path(ns)    Netlist Resource(s)
  -------------------------------------------------------------------    -------------------
                         (clock clk_i rise edge)      0.000     0.000 r  
    Y9                                                0.000     0.000 r  clk_i (IN)
                         net (fo=0)                   0.000     0.000    clk_i
    Y9                   IBUF (Prop_ibuf_I_O)         1.490     1.490 r  clk_i_IBUF_inst/O
                         net (fo=1, routed)           2.171     3.661    clk_i_IBUF
    BUFGCTRL_X0Y0        BUFG (Prop_bufg_I_O)         0.101     3.762 r  clk_i_IBUF_BUFG_inst/O
                         net (fo=40542, routed)       1.705     5.468    u_soc/u_dmem/u_dmem_ip/clk_i
    RAMB36_X2Y2          RAMB36E1                                     r  u_soc/u_dmem/u_dmem_ip/mem_reg_3_1/CLKBWRCLK
  -------------------------------------------------------------------    -------------------
    RAMB36_X2Y2          RAMB36E1 (Prop_ramb36e1_CLKBWRCLK_DOBDO[3])
                                                      2.454     7.922 r  u_soc/u_dmem/u_dmem_ip/mem_reg_3_1/DOBDO[3]
                         net (fo=1, routed)           1.586     9.508    u_soc/u_cpu_mmio_to_apb_bridge/douta[24]
    SLICE_X59Y12         LUT3 (Prop_lut3_I2_O)        0.124     9.632 r  u_soc/u_cpu_mmio_to_apb_bridge/memwb_mem_data_o[31]_i_6/O
                         net (fo=3, routed)           0.813    10.445    u_soc/u_cpu_mmio_to_apb_bridge/dmem_rdata_w[24]
    SLICE_X62Y13         LUT3 (Prop_lut3_I0_O)        0.153    10.598 r  u_soc/u_cpu_mmio_to_apb_bridge/memwb_mem_data_o[31]_i_9/O
                         net (fo=2, routed)           0.686    11.284    u_soc/u_cpu_mmio_to_apb_bridge/mmio_rdata_o_reg[31]_0
    SLICE_X62Y13         LUT5 (Prop_lut5_I4_O)        0.331    11.615 r  u_soc/u_cpu_mmio_to_apb_bridge/memwb_mem_data_o[7]_i_3/O
                         net (fo=3, routed)           0.563    12.178    u_soc/u_cpu/u_mem_stage/data0[0]
    SLICE_X63Y11         LUT4 (Prop_lut4_I3_O)        0.124    12.302 r  u_soc/u_cpu/u_mem_stage/memwb_mem_data_o[15]_i_3/O
                         net (fo=8, routed)           0.838    13.140    u_soc/u_cpu/u_mem_stage/memwb_mem_data_o[15]_i_3_n_0
    SLICE_X62Y13         LUT6 (Prop_lut6_I2_O)        0.124    13.264 r  u_soc/u_cpu/u_mem_stage/memwb_mem_data_o[10]_i_1/O
                         net (fo=3, routed)           1.421    14.684    u_soc/u_cpu/u_mem_stage/mem_data_w[10]
    SLICE_X93Y10         LUT6 (Prop_lut6_I4_O)        0.124    14.808 r  u_soc/u_cpu/u_mem_stage/exmem_rs2_data_o[10]_i_2/O
                         net (fo=1, routed)           0.431    15.240    u_soc/u_cpu/u_mem_stage/exmem_rs2_data_o[10]_i_2_n_0
    SLICE_X93Y8          LUT6 (Prop_lut6_I0_O)        0.124    15.364 r  u_soc/u_cpu/u_mem_stage/exmem_rs2_data_o[10]_i_1/O
                         net (fo=2, routed)           0.725    16.089    u_soc/u_cpu/u_id_stage/alu_branch_taken3_carry__2_i_5[10]
    SLICE_X86Y8          LUT3 (Prop_lut3_I0_O)        0.124    16.213 r  u_soc/u_cpu/u_id_stage/exmem_alu_result_o[10]_i_4/O
                         net (fo=8, routed)           0.583    16.796    u_soc/u_cpu/u_mem_stage/sub_res_carry__1
    SLICE_X85Y10         LUT2 (Prop_lut2_I1_O)        0.124    16.920 r  u_soc/u_cpu/u_mem_stage/alu_branch_taken0_carry_i_5/O
                         net (fo=6, routed)           1.351    18.271    u_soc/u_cpu/u_mem_stage/memwb_alu_result_o_reg[10]_1
    SLICE_X69Y8          LUT3 (Prop_lut3_I2_O)        0.124    18.395 r  u_soc/u_cpu/u_mem_stage/alu_branch_taken3_carry__0_i_7/O
                         net (fo=1, routed)           0.000    18.395    u_soc/u_cpu/u_ex_stage/alu_branch_taken3_carry__1_1[1]
    SLICE_X69Y8          CARRY4 (Prop_carry4_S[1]_CO[3])
                                                      0.550    18.945 r  u_soc/u_cpu/u_ex_stage/alu_branch_taken3_carry__0/CO[3]
                         net (fo=1, routed)           0.000    18.945    u_soc/u_cpu/u_ex_stage/alu_branch_taken3_carry__0_n_0
    SLICE_X69Y9          CARRY4 (Prop_carry4_CI_CO[3])
                                                      0.114    19.059 r  u_soc/u_cpu/u_ex_stage/alu_branch_taken3_carry__1/CO[3]
                         net (fo=1, routed)           0.000    19.059    u_soc/u_cpu/u_ex_stage/alu_branch_taken3_carry__1_n_0
    SLICE_X69Y10         CARRY4 (Prop_carry4_CI_CO[3])
                                                      0.114    19.173 r  u_soc/u_cpu/u_ex_stage/alu_branch_taken3_carry__2/CO[3]
                         net (fo=1, routed)           0.897    20.070    u_soc/u_cpu/u_id_stage/pc_r[31]_i_5_3[0]
    SLICE_X75Y10         LUT6 (Prop_lut6_I0_O)        0.124    20.194 r  u_soc/u_cpu/u_id_stage/pc_r[31]_i_11/O
                         net (fo=1, routed)           0.433    20.627    u_soc/u_cpu/u_id_stage/pc_r[31]_i_11_n_0
    SLICE_X75Y10         LUT5 (Prop_lut5_I4_O)        0.124    20.751 r  u_soc/u_cpu/u_id_stage/pc_r[31]_i_5/O
                         net (fo=18, routed)          0.475    21.226    u_soc/u_cpu/u_id_stage/id_flush_w
    SLICE_X75Y8          LUT2 (Prop_lut2_I0_O)        0.124    21.350 r  u_soc/u_cpu/u_id_stage/exmem_mem_we_o_i_1/O
                         net (fo=108, routed)         0.325    21.675    u_soc/u_cpu/u_id_stage/exmem_alu_result_o1
    SLICE_X75Y8          LUT2 (Prop_lut2_I0_O)        0.124    21.799 r  u_soc/u_cpu/u_id_stage/idex_aluop_o[3]_i_1/O
                         net (fo=39, routed)          0.894    22.692    u_soc/u_cpu/u_if_stage/idex_imm_o_reg[31]_0
    SLICE_X73Y5          LUT5 (Prop_lut5_I4_O)        0.152    22.844 r  u_soc/u_cpu/u_if_stage/idex_imm_o[31]_i_1/O
                         net (fo=12, routed)          0.624    23.469    u_soc/u_cpu/u_id_stage/idex_imm_o_reg[31]_0
    SLICE_X75Y7          FDSE                                         r  u_soc/u_cpu/u_id_stage/idex_imm_o_reg[24]/S
  -------------------------------------------------------------------    -------------------

                         (clock clk_i rise edge)     20.000    20.000 r  
    Y9                                                0.000    20.000 r  clk_i (IN)
                         net (fo=0)                   0.000    20.000    clk_i
    Y9                   IBUF (Prop_ibuf_I_O)         1.420    21.420 r  clk_i_IBUF_inst/O
                         net (fo=1, routed)           1.972    23.392    clk_i_IBUF
    BUFGCTRL_X0Y0        BUFG (Prop_bufg_I_O)         0.091    23.483 r  clk_i_IBUF_BUFG_inst/O
                         net (fo=40542, routed)       1.555    25.038    u_soc/u_cpu/u_id_stage/clk_i
    SLICE_X75Y7          FDSE                                         r  u_soc/u_cpu/u_id_stage/idex_imm_o_reg[24]/C
                         clock pessimism              0.294    25.332    
                         clock uncertainty           -0.035    25.296    
    SLICE_X75Y7          FDSE (Setup_fdse_C_S)       -0.637    24.659    u_soc/u_cpu/u_id_stage/idex_imm_o_reg[24]
  -------------------------------------------------------------------
                         required time                         24.659    
                         arrival time                         -23.469    
  -------------------------------------------------------------------
                         slack                                  1.191    

Slack (MET) :             1.191ns  (required time - arrival time)
  Source:                 u_soc/u_dmem/u_dmem_ip/mem_reg_3_1/CLKBWRCLK
                            (rising edge-triggered cell RAMB36E1 clocked by clk_i  {rise@0.000ns fall@10.000ns period=20.000ns})
  Destination:            u_soc/u_cpu/u_id_stage/idex_imm_o_reg[25]/S
                            (rising edge-triggered cell FDSE clocked by clk_i  {rise@0.000ns fall@10.000ns period=20.000ns})
  Path Group:             clk_i
  Path Type:              Setup (Max at Slow Process Corner)
  Requirement:            20.000ns  (clk_i rise@20.000ns - clk_i rise@0.000ns)
  Data Path Delay:        18.001ns  (logic 5.356ns (29.754%)  route 12.645ns (70.246%))
  Logic Levels:           18  (CARRY4=3 LUT2=3 LUT3=4 LUT4=1 LUT5=3 LUT6=4)
  Clock Path Skew:        -0.136ns (DCD - SCD + CPR)
    Destination Clock Delay (DCD):    5.038ns = ( 25.038 - 20.000 ) 
    Source Clock Delay      (SCD):    5.468ns
    Clock Pessimism Removal (CPR):    0.294ns
  Clock Uncertainty:      0.035ns  ((TSJ^2 + TIJ^2)^1/2 + DJ) / 2 + PE
    Total System Jitter     (TSJ):    0.071ns
    Total Input Jitter      (TIJ):    0.000ns
    Discrete Jitter          (DJ):    0.000ns
    Phase Error              (PE):    0.000ns

    Location             Delay type                Incr(ns)  Path(ns)    Netlist Resource(s)
  -------------------------------------------------------------------    -------------------
                         (clock clk_i rise edge)      0.000     0.000 r  
    Y9                                                0.000     0.000 r  clk_i (IN)
                         net (fo=0)                   0.000     0.000    clk_i
    Y9                   IBUF (Prop_ibuf_I_O)         1.490     1.490 r  clk_i_IBUF_inst/O
                         net (fo=1, routed)           2.171     3.661    clk_i_IBUF
    BUFGCTRL_X0Y0        BUFG (Prop_bufg_I_O)         0.101     3.762 r  clk_i_IBUF_BUFG_inst/O
                         net (fo=40542, routed)       1.705     5.468    u_soc/u_dmem/u_dmem_ip/clk_i
    RAMB36_X2Y2          RAMB36E1                                     r  u_soc/u_dmem/u_dmem_ip/mem_reg_3_1/CLKBWRCLK
  -------------------------------------------------------------------    -------------------
    RAMB36_X2Y2          RAMB36E1 (Prop_ramb36e1_CLKBWRCLK_DOBDO[3])
                                                      2.454     7.922 r  u_soc/u_dmem/u_dmem_ip/mem_reg_3_1/DOBDO[3]
                         net (fo=1, routed)           1.586     9.508    u_soc/u_cpu_mmio_to_apb_bridge/douta[24]
    SLICE_X59Y12         LUT3 (Prop_lut3_I2_O)        0.124     9.632 r  u_soc/u_cpu_mmio_to_apb_bridge/memwb_mem_data_o[31]_i_6/O
                         net (fo=3, routed)           0.813    10.445    u_soc/u_cpu_mmio_to_apb_bridge/dmem_rdata_w[24]
    SLICE_X62Y13         LUT3 (Prop_lut3_I0_O)        0.153    10.598 r  u_soc/u_cpu_mmio_to_apb_bridge/memwb_mem_data_o[31]_i_9/O
                         net (fo=2, routed)           0.686    11.284    u_soc/u_cpu_mmio_to_apb_bridge/mmio_rdata_o_reg[31]_0
    SLICE_X62Y13         LUT5 (Prop_lut5_I4_O)        0.331    11.615 r  u_soc/u_cpu_mmio_to_apb_bridge/memwb_mem_data_o[7]_i_3/O
                         net (fo=3, routed)           0.563    12.178    u_soc/u_cpu/u_mem_stage/data0[0]
    SLICE_X63Y11         LUT4 (Prop_lut4_I3_O)        0.124    12.302 r  u_soc/u_cpu/u_mem_stage/memwb_mem_data_o[15]_i_3/O
                         net (fo=8, routed)           0.838    13.140    u_soc/u_cpu/u_mem_stage/memwb_mem_data_o[15]_i_3_n_0
    SLICE_X62Y13         LUT6 (Prop_lut6_I2_O)        0.124    13.264 r  u_soc/u_cpu/u_mem_stage/memwb_mem_data_o[10]_i_1/O
                         net (fo=3, routed)           1.421    14.684    u_soc/u_cpu/u_mem_stage/mem_data_w[10]
    SLICE_X93Y10         LUT6 (Prop_lut6_I4_O)        0.124    14.808 r  u_soc/u_cpu/u_mem_stage/exmem_rs2_data_o[10]_i_2/O
                         net (fo=1, routed)           0.431    15.240    u_soc/u_cpu/u_mem_stage/exmem_rs2_data_o[10]_i_2_n_0
    SLICE_X93Y8          LUT6 (Prop_lut6_I0_O)        0.124    15.364 r  u_soc/u_cpu/u_mem_stage/exmem_rs2_data_o[10]_i_1/O
                         net (fo=2, routed)           0.725    16.089    u_soc/u_cpu/u_id_stage/alu_branch_taken3_carry__2_i_5[10]
    SLICE_X86Y8          LUT3 (Prop_lut3_I0_O)        0.124    16.213 r  u_soc/u_cpu/u_id_stage/exmem_alu_result_o[10]_i_4/O
                         net (fo=8, routed)           0.583    16.796    u_soc/u_cpu/u_mem_stage/sub_res_carry__1
    SLICE_X85Y10         LUT2 (Prop_lut2_I1_O)        0.124    16.920 r  u_soc/u_cpu/u_mem_stage/alu_branch_taken0_carry_i_5/O
                         net (fo=6, routed)           1.351    18.271    u_soc/u_cpu/u_mem_stage/memwb_alu_result_o_reg[10]_1
    SLICE_X69Y8          LUT3 (Prop_lut3_I2_O)        0.124    18.395 r  u_soc/u_cpu/u_mem_stage/alu_branch_taken3_carry__0_i_7/O
                         net (fo=1, routed)           0.000    18.395    u_soc/u_cpu/u_ex_stage/alu_branch_taken3_carry__1_1[1]
    SLICE_X69Y8          CARRY4 (Prop_carry4_S[1]_CO[3])
                                                      0.550    18.945 r  u_soc/u_cpu/u_ex_stage/alu_branch_taken3_carry__0/CO[3]
                         net (fo=1, routed)           0.000    18.945    u_soc/u_cpu/u_ex_stage/alu_branch_taken3_carry__0_n_0
    SLICE_X69Y9          CARRY4 (Prop_carry4_CI_CO[3])
                                                      0.114    19.059 r  u_soc/u_cpu/u_ex_stage/alu_branch_taken3_carry__1/CO[3]
                         net (fo=1, routed)           0.000    19.059    u_soc/u_cpu/u_ex_stage/alu_branch_taken3_carry__1_n_0
    SLICE_X69Y10         CARRY4 (Prop_carry4_CI_CO[3])
                                                      0.114    19.173 r  u_soc/u_cpu/u_ex_stage/alu_branch_taken3_carry__2/CO[3]
                         net (fo=1, routed)           0.897    20.070    u_soc/u_cpu/u_id_stage/pc_r[31]_i_5_3[0]
    SLICE_X75Y10         LUT6 (Prop_lut6_I0_O)        0.124    20.194 r  u_soc/u_cpu/u_id_stage/pc_r[31]_i_11/O
                         net (fo=1, routed)           0.433    20.627    u_soc/u_cpu/u_id_stage/pc_r[31]_i_11_n_0
    SLICE_X75Y10         LUT5 (Prop_lut5_I4_O)        0.124    20.751 r  u_soc/u_cpu/u_id_stage/pc_r[31]_i_5/O
                         net (fo=18, routed)          0.475    21.226    u_soc/u_cpu/u_id_stage/id_flush_w
    SLICE_X75Y8          LUT2 (Prop_lut2_I0_O)        0.124    21.350 r  u_soc/u_cpu/u_id_stage/exmem_mem_we_o_i_1/O
                         net (fo=108, routed)         0.325    21.675    u_soc/u_cpu/u_id_stage/exmem_alu_result_o1
    SLICE_X75Y8          LUT2 (Prop_lut2_I0_O)        0.124    21.799 r  u_soc/u_cpu/u_id_stage/idex_aluop_o[3]_i_1/O
                         net (fo=39, routed)          0.894    22.692    u_soc/u_cpu/u_if_stage/idex_imm_o_reg[31]_0
    SLICE_X73Y5          LUT5 (Prop_lut5_I4_O)        0.152    22.844 r  u_soc/u_cpu/u_if_stage/idex_imm_o[31]_i_1/O
                         net (fo=12, routed)          0.624    23.469    u_soc/u_cpu/u_id_stage/idex_imm_o_reg[31]_0
    SLICE_X75Y7          FDSE                                         r  u_soc/u_cpu/u_id_stage/idex_imm_o_reg[25]/S
  -------------------------------------------------------------------    -------------------

                         (clock clk_i rise edge)     20.000    20.000 r  
    Y9                                                0.000    20.000 r  clk_i (IN)
                         net (fo=0)                   0.000    20.000    clk_i
    Y9                   IBUF (Prop_ibuf_I_O)         1.420    21.420 r  clk_i_IBUF_inst/O
                         net (fo=1, routed)           1.972    23.392    clk_i_IBUF
    BUFGCTRL_X0Y0        BUFG (Prop_bufg_I_O)         0.091    23.483 r  clk_i_IBUF_BUFG_inst/O
                         net (fo=40542, routed)       1.555    25.038    u_soc/u_cpu/u_id_stage/clk_i
    SLICE_X75Y7          FDSE                                         r  u_soc/u_cpu/u_id_stage/idex_imm_o_reg[25]/C
                         clock pessimism              0.294    25.332    
                         clock uncertainty           -0.035    25.296    
    SLICE_X75Y7          FDSE (Setup_fdse_C_S)       -0.637    24.659    u_soc/u_cpu/u_id_stage/idex_imm_o_reg[25]
  -------------------------------------------------------------------
                         required time                         24.659    
                         arrival time                         -23.469    
  -------------------------------------------------------------------
                         slack                                  1.191    

Slack (MET) :             1.191ns  (required time - arrival time)
  Source:                 u_soc/u_dmem/u_dmem_ip/mem_reg_3_1/CLKBWRCLK
                            (rising edge-triggered cell RAMB36E1 clocked by clk_i  {rise@0.000ns fall@10.000ns period=20.000ns})
  Destination:            u_soc/u_cpu/u_id_stage/idex_imm_o_reg[26]/S
                            (rising edge-triggered cell FDSE clocked by clk_i  {rise@0.000ns fall@10.000ns period=20.000ns})
  Path Group:             clk_i
  Path Type:              Setup (Max at Slow Process Corner)
  Requirement:            20.000ns  (clk_i rise@20.000ns - clk_i rise@0.000ns)
  Data Path Delay:        18.001ns  (logic 5.356ns (29.754%)  route 12.645ns (70.246%))
  Logic Levels:           18  (CARRY4=3 LUT2=3 LUT3=4 LUT4=1 LUT5=3 LUT6=4)
  Clock Path Skew:        -0.136ns (DCD - SCD + CPR)
    Destination Clock Delay (DCD):    5.038ns = ( 25.038 - 20.000 ) 
    Source Clock Delay      (SCD):    5.468ns
    Clock Pessimism Removal (CPR):    0.294ns
  Clock Uncertainty:      0.035ns  ((TSJ^2 + TIJ^2)^1/2 + DJ) / 2 + PE
    Total System Jitter     (TSJ):    0.071ns
    Total Input Jitter      (TIJ):    0.000ns
    Discrete Jitter          (DJ):    0.000ns
    Phase Error              (PE):    0.000ns

    Location             Delay type                Incr(ns)  Path(ns)    Netlist Resource(s)
  -------------------------------------------------------------------    -------------------
                         (clock clk_i rise edge)      0.000     0.000 r  
    Y9                                                0.000     0.000 r  clk_i (IN)
                         net (fo=0)                   0.000     0.000    clk_i
    Y9                   IBUF (Prop_ibuf_I_O)         1.490     1.490 r  clk_i_IBUF_inst/O
                         net (fo=1, routed)           2.171     3.661    clk_i_IBUF
    BUFGCTRL_X0Y0        BUFG (Prop_bufg_I_O)         0.101     3.762 r  clk_i_IBUF_BUFG_inst/O
                         net (fo=40542, routed)       1.705     5.468    u_soc/u_dmem/u_dmem_ip/clk_i
    RAMB36_X2Y2          RAMB36E1                                     r  u_soc/u_dmem/u_dmem_ip/mem_reg_3_1/CLKBWRCLK
  -------------------------------------------------------------------    -------------------
    RAMB36_X2Y2          RAMB36E1 (Prop_ramb36e1_CLKBWRCLK_DOBDO[3])
                                                      2.454     7.922 r  u_soc/u_dmem/u_dmem_ip/mem_reg_3_1/DOBDO[3]
                         net (fo=1, routed)           1.586     9.508    u_soc/u_cpu_mmio_to_apb_bridge/douta[24]
    SLICE_X59Y12         LUT3 (Prop_lut3_I2_O)        0.124     9.632 r  u_soc/u_cpu_mmio_to_apb_bridge/memwb_mem_data_o[31]_i_6/O
                         net (fo=3, routed)           0.813    10.445    u_soc/u_cpu_mmio_to_apb_bridge/dmem_rdata_w[24]
    SLICE_X62Y13         LUT3 (Prop_lut3_I0_O)        0.153    10.598 r  u_soc/u_cpu_mmio_to_apb_bridge/memwb_mem_data_o[31]_i_9/O
                         net (fo=2, routed)           0.686    11.284    u_soc/u_cpu_mmio_to_apb_bridge/mmio_rdata_o_reg[31]_0
    SLICE_X62Y13         LUT5 (Prop_lut5_I4_O)        0.331    11.615 r  u_soc/u_cpu_mmio_to_apb_bridge/memwb_mem_data_o[7]_i_3/O
                         net (fo=3, routed)           0.563    12.178    u_soc/u_cpu/u_mem_stage/data0[0]
    SLICE_X63Y11         LUT4 (Prop_lut4_I3_O)        0.124    12.302 r  u_soc/u_cpu/u_mem_stage/memwb_mem_data_o[15]_i_3/O
                         net (fo=8, routed)           0.838    13.140    u_soc/u_cpu/u_mem_stage/memwb_mem_data_o[15]_i_3_n_0
    SLICE_X62Y13         LUT6 (Prop_lut6_I2_O)        0.124    13.264 r  u_soc/u_cpu/u_mem_stage/memwb_mem_data_o[10]_i_1/O
                         net (fo=3, routed)           1.421    14.684    u_soc/u_cpu/u_mem_stage/mem_data_w[10]
    SLICE_X93Y10         LUT6 (Prop_lut6_I4_O)        0.124    14.808 r  u_soc/u_cpu/u_mem_stage/exmem_rs2_data_o[10]_i_2/O
                         net (fo=1, routed)           0.431    15.240    u_soc/u_cpu/u_mem_stage/exmem_rs2_data_o[10]_i_2_n_0
    SLICE_X93Y8          LUT6 (Prop_lut6_I0_O)        0.124    15.364 r  u_soc/u_cpu/u_mem_stage/exmem_rs2_data_o[10]_i_1/O
                         net (fo=2, routed)           0.725    16.089    u_soc/u_cpu/u_id_stage/alu_branch_taken3_carry__2_i_5[10]
    SLICE_X86Y8          LUT3 (Prop_lut3_I0_O)        0.124    16.213 r  u_soc/u_cpu/u_id_stage/exmem_alu_result_o[10]_i_4/O
                         net (fo=8, routed)           0.583    16.796    u_soc/u_cpu/u_mem_stage/sub_res_carry__1
    SLICE_X85Y10         LUT2 (Prop_lut2_I1_O)        0.124    16.920 r  u_soc/u_cpu/u_mem_stage/alu_branch_taken0_carry_i_5/O
                         net (fo=6, routed)           1.351    18.271    u_soc/u_cpu/u_mem_stage/memwb_alu_result_o_reg[10]_1
    SLICE_X69Y8          LUT3 (Prop_lut3_I2_O)        0.124    18.395 r  u_soc/u_cpu/u_mem_stage/alu_branch_taken3_carry__0_i_7/O
                         net (fo=1, routed)           0.000    18.395    u_soc/u_cpu/u_ex_stage/alu_branch_taken3_carry__1_1[1]
    SLICE_X69Y8          CARRY4 (Prop_carry4_S[1]_CO[3])
                                                      0.550    18.945 r  u_soc/u_cpu/u_ex_stage/alu_branch_taken3_carry__0/CO[3]
                         net (fo=1, routed)           0.000    18.945    u_soc/u_cpu/u_ex_stage/alu_branch_taken3_carry__0_n_0
    SLICE_X69Y9          CARRY4 (Prop_carry4_CI_CO[3])
                                                      0.114    19.059 r  u_soc/u_cpu/u_ex_stage/alu_branch_taken3_carry__1/CO[3]
                         net (fo=1, routed)           0.000    19.059    u_soc/u_cpu/u_ex_stage/alu_branch_taken3_carry__1_n_0
    SLICE_X69Y10         CARRY4 (Prop_carry4_CI_CO[3])
                                                      0.114    19.173 r  u_soc/u_cpu/u_ex_stage/alu_branch_taken3_carry__2/CO[3]
                         net (fo=1, routed)           0.897    20.070    u_soc/u_cpu/u_id_stage/pc_r[31]_i_5_3[0]
    SLICE_X75Y10         LUT6 (Prop_lut6_I0_O)        0.124    20.194 r  u_soc/u_cpu/u_id_stage/pc_r[31]_i_11/O
                         net (fo=1, routed)           0.433    20.627    u_soc/u_cpu/u_id_stage/pc_r[31]_i_11_n_0
    SLICE_X75Y10         LUT5 (Prop_lut5_I4_O)        0.124    20.751 r  u_soc/u_cpu/u_id_stage/pc_r[31]_i_5/O
                         net (fo=18, routed)          0.475    21.226    u_soc/u_cpu/u_id_stage/id_flush_w
    SLICE_X75Y8          LUT2 (Prop_lut2_I0_O)        0.124    21.350 r  u_soc/u_cpu/u_id_stage/exmem_mem_we_o_i_1/O
                         net (fo=108, routed)         0.325    21.675    u_soc/u_cpu/u_id_stage/exmem_alu_result_o1
    SLICE_X75Y8          LUT2 (Prop_lut2_I0_O)        0.124    21.799 r  u_soc/u_cpu/u_id_stage/idex_aluop_o[3]_i_1/O
                         net (fo=39, routed)          0.894    22.692    u_soc/u_cpu/u_if_stage/idex_imm_o_reg[31]_0
    SLICE_X73Y5          LUT5 (Prop_lut5_I4_O)        0.152    22.844 r  u_soc/u_cpu/u_if_stage/idex_imm_o[31]_i_1/O
                         net (fo=12, routed)          0.624    23.469    u_soc/u_cpu/u_id_stage/idex_imm_o_reg[31]_0
    SLICE_X75Y7          FDSE                                         r  u_soc/u_cpu/u_id_stage/idex_imm_o_reg[26]/S
  -------------------------------------------------------------------    -------------------

                         (clock clk_i rise edge)     20.000    20.000 r  
    Y9                                                0.000    20.000 r  clk_i (IN)
                         net (fo=0)                   0.000    20.000    clk_i
    Y9                   IBUF (Prop_ibuf_I_O)         1.420    21.420 r  clk_i_IBUF_inst/O
                         net (fo=1, routed)           1.972    23.392    clk_i_IBUF
    BUFGCTRL_X0Y0        BUFG (Prop_bufg_I_O)         0.091    23.483 r  clk_i_IBUF_BUFG_inst/O
                         net (fo=40542, routed)       1.555    25.038    u_soc/u_cpu/u_id_stage/clk_i
    SLICE_X75Y7          FDSE                                         r  u_soc/u_cpu/u_id_stage/idex_imm_o_reg[26]/C
                         clock pessimism              0.294    25.332    
                         clock uncertainty           -0.035    25.296    
    SLICE_X75Y7          FDSE (Setup_fdse_C_S)       -0.637    24.659    u_soc/u_cpu/u_id_stage/idex_imm_o_reg[26]
  -------------------------------------------------------------------
                         required time                         24.659    
                         arrival time                         -23.469    
  -------------------------------------------------------------------
                         slack                                  1.191    

Slack (MET) :             1.191ns  (required time - arrival time)
  Source:                 u_soc/u_dmem/u_dmem_ip/mem_reg_3_1/CLKBWRCLK
                            (rising edge-triggered cell RAMB36E1 clocked by clk_i  {rise@0.000ns fall@10.000ns period=20.000ns})
  Destination:            u_soc/u_cpu/u_id_stage/idex_imm_o_reg[27]/S
                            (rising edge-triggered cell FDSE clocked by clk_i  {rise@0.000ns fall@10.000ns period=20.000ns})
  Path Group:             clk_i
  Path Type:              Setup (Max at Slow Process Corner)
  Requirement:            20.000ns  (clk_i rise@20.000ns - clk_i rise@0.000ns)
  Data Path Delay:        18.001ns  (logic 5.356ns (29.754%)  route 12.645ns (70.246%))
  Logic Levels:           18  (CARRY4=3 LUT2=3 LUT3=4 LUT4=1 LUT5=3 LUT6=4)
  Clock Path Skew:        -0.136ns (DCD - SCD + CPR)
    Destination Clock Delay (DCD):    5.038ns = ( 25.038 - 20.000 ) 
    Source Clock Delay      (SCD):    5.468ns
    Clock Pessimism Removal (CPR):    0.294ns
  Clock Uncertainty:      0.035ns  ((TSJ^2 + TIJ^2)^1/2 + DJ) / 2 + PE
    Total System Jitter     (TSJ):    0.071ns
    Total Input Jitter      (TIJ):    0.000ns
    Discrete Jitter          (DJ):    0.000ns
    Phase Error              (PE):    0.000ns

    Location             Delay type                Incr(ns)  Path(ns)    Netlist Resource(s)
  -------------------------------------------------------------------    -------------------
                         (clock clk_i rise edge)      0.000     0.000 r  
    Y9                                                0.000     0.000 r  clk_i (IN)
                         net (fo=0)                   0.000     0.000    clk_i
    Y9                   IBUF (Prop_ibuf_I_O)         1.490     1.490 r  clk_i_IBUF_inst/O
                         net (fo=1, routed)           2.171     3.661    clk_i_IBUF
    BUFGCTRL_X0Y0        BUFG (Prop_bufg_I_O)         0.101     3.762 r  clk_i_IBUF_BUFG_inst/O
                         net (fo=40542, routed)       1.705     5.468    u_soc/u_dmem/u_dmem_ip/clk_i
    RAMB36_X2Y2          RAMB36E1                                     r  u_soc/u_dmem/u_dmem_ip/mem_reg_3_1/CLKBWRCLK
  -------------------------------------------------------------------    -------------------
    RAMB36_X2Y2          RAMB36E1 (Prop_ramb36e1_CLKBWRCLK_DOBDO[3])
                                                      2.454     7.922 r  u_soc/u_dmem/u_dmem_ip/mem_reg_3_1/DOBDO[3]
                         net (fo=1, routed)           1.586     9.508    u_soc/u_cpu_mmio_to_apb_bridge/douta[24]
    SLICE_X59Y12         LUT3 (Prop_lut3_I2_O)        0.124     9.632 r  u_soc/u_cpu_mmio_to_apb_bridge/memwb_mem_data_o[31]_i_6/O
                         net (fo=3, routed)           0.813    10.445    u_soc/u_cpu_mmio_to_apb_bridge/dmem_rdata_w[24]
    SLICE_X62Y13         LUT3 (Prop_lut3_I0_O)        0.153    10.598 r  u_soc/u_cpu_mmio_to_apb_bridge/memwb_mem_data_o[31]_i_9/O
                         net (fo=2, routed)           0.686    11.284    u_soc/u_cpu_mmio_to_apb_bridge/mmio_rdata_o_reg[31]_0
    SLICE_X62Y13         LUT5 (Prop_lut5_I4_O)        0.331    11.615 r  u_soc/u_cpu_mmio_to_apb_bridge/memwb_mem_data_o[7]_i_3/O
                         net (fo=3, routed)           0.563    12.178    u_soc/u_cpu/u_mem_stage/data0[0]
    SLICE_X63Y11         LUT4 (Prop_lut4_I3_O)        0.124    12.302 r  u_soc/u_cpu/u_mem_stage/memwb_mem_data_o[15]_i_3/O
                         net (fo=8, routed)           0.838    13.140    u_soc/u_cpu/u_mem_stage/memwb_mem_data_o[15]_i_3_n_0
    SLICE_X62Y13         LUT6 (Prop_lut6_I2_O)        0.124    13.264 r  u_soc/u_cpu/u_mem_stage/memwb_mem_data_o[10]_i_1/O
                         net (fo=3, routed)           1.421    14.684    u_soc/u_cpu/u_mem_stage/mem_data_w[10]
    SLICE_X93Y10         LUT6 (Prop_lut6_I4_O)        0.124    14.808 r  u_soc/u_cpu/u_mem_stage/exmem_rs2_data_o[10]_i_2/O
                         net (fo=1, routed)           0.431    15.240    u_soc/u_cpu/u_mem_stage/exmem_rs2_data_o[10]_i_2_n_0
    SLICE_X93Y8          LUT6 (Prop_lut6_I0_O)        0.124    15.364 r  u_soc/u_cpu/u_mem_stage/exmem_rs2_data_o[10]_i_1/O
                         net (fo=2, routed)           0.725    16.089    u_soc/u_cpu/u_id_stage/alu_branch_taken3_carry__2_i_5[10]
    SLICE_X86Y8          LUT3 (Prop_lut3_I0_O)        0.124    16.213 r  u_soc/u_cpu/u_id_stage/exmem_alu_result_o[10]_i_4/O
                         net (fo=8, routed)           0.583    16.796    u_soc/u_cpu/u_mem_stage/sub_res_carry__1
    SLICE_X85Y10         LUT2 (Prop_lut2_I1_O)        0.124    16.920 r  u_soc/u_cpu/u_mem_stage/alu_branch_taken0_carry_i_5/O
                         net (fo=6, routed)           1.351    18.271    u_soc/u_cpu/u_mem_stage/memwb_alu_result_o_reg[10]_1
    SLICE_X69Y8          LUT3 (Prop_lut3_I2_O)        0.124    18.395 r  u_soc/u_cpu/u_mem_stage/alu_branch_taken3_carry__0_i_7/O
                         net (fo=1, routed)           0.000    18.395    u_soc/u_cpu/u_ex_stage/alu_branch_taken3_carry__1_1[1]
    SLICE_X69Y8          CARRY4 (Prop_carry4_S[1]_CO[3])
                                                      0.550    18.945 r  u_soc/u_cpu/u_ex_stage/alu_branch_taken3_carry__0/CO[3]
                         net (fo=1, routed)           0.000    18.945    u_soc/u_cpu/u_ex_stage/alu_branch_taken3_carry__0_n_0
    SLICE_X69Y9          CARRY4 (Prop_carry4_CI_CO[3])
                                                      0.114    19.059 r  u_soc/u_cpu/u_ex_stage/alu_branch_taken3_carry__1/CO[3]
                         net (fo=1, routed)           0.000    19.059    u_soc/u_cpu/u_ex_stage/alu_branch_taken3_carry__1_n_0
    SLICE_X69Y10         CARRY4 (Prop_carry4_CI_CO[3])
                                                      0.114    19.173 r  u_soc/u_cpu/u_ex_stage/alu_branch_taken3_carry__2/CO[3]
                         net (fo=1, routed)           0.897    20.070    u_soc/u_cpu/u_id_stage/pc_r[31]_i_5_3[0]
    SLICE_X75Y10         LUT6 (Prop_lut6_I0_O)        0.124    20.194 r  u_soc/u_cpu/u_id_stage/pc_r[31]_i_11/O
                         net (fo=1, routed)           0.433    20.627    u_soc/u_cpu/u_id_stage/pc_r[31]_i_11_n_0
    SLICE_X75Y10         LUT5 (Prop_lut5_I4_O)        0.124    20.751 r  u_soc/u_cpu/u_id_stage/pc_r[31]_i_5/O
                         net (fo=18, routed)          0.475    21.226    u_soc/u_cpu/u_id_stage/id_flush_w
    SLICE_X75Y8          LUT2 (Prop_lut2_I0_O)        0.124    21.350 r  u_soc/u_cpu/u_id_stage/exmem_mem_we_o_i_1/O
                         net (fo=108, routed)         0.325    21.675    u_soc/u_cpu/u_id_stage/exmem_alu_result_o1
    SLICE_X75Y8          LUT2 (Prop_lut2_I0_O)        0.124    21.799 r  u_soc/u_cpu/u_id_stage/idex_aluop_o[3]_i_1/O
                         net (fo=39, routed)          0.894    22.692    u_soc/u_cpu/u_if_stage/idex_imm_o_reg[31]_0
    SLICE_X73Y5          LUT5 (Prop_lut5_I4_O)        0.152    22.844 r  u_soc/u_cpu/u_if_stage/idex_imm_o[31]_i_1/O
                         net (fo=12, routed)          0.624    23.469    u_soc/u_cpu/u_id_stage/idex_imm_o_reg[31]_0
    SLICE_X75Y7          FDSE                                         r  u_soc/u_cpu/u_id_stage/idex_imm_o_reg[27]/S
  -------------------------------------------------------------------    -------------------

                         (clock clk_i rise edge)     20.000    20.000 r  
    Y9                                                0.000    20.000 r  clk_i (IN)
                         net (fo=0)                   0.000    20.000    clk_i
    Y9                   IBUF (Prop_ibuf_I_O)         1.420    21.420 r  clk_i_IBUF_inst/O
                         net (fo=1, routed)           1.972    23.392    clk_i_IBUF
    BUFGCTRL_X0Y0        BUFG (Prop_bufg_I_O)         0.091    23.483 r  clk_i_IBUF_BUFG_inst/O
                         net (fo=40542, routed)       1.555    25.038    u_soc/u_cpu/u_id_stage/clk_i
    SLICE_X75Y7          FDSE                                         r  u_soc/u_cpu/u_id_stage/idex_imm_o_reg[27]/C
                         clock pessimism              0.294    25.332    
                         clock uncertainty           -0.035    25.296    
    SLICE_X75Y7          FDSE (Setup_fdse_C_S)       -0.637    24.659    u_soc/u_cpu/u_id_stage/idex_imm_o_reg[27]
  -------------------------------------------------------------------
                         required time                         24.659    
                         arrival time                         -23.469    
  -------------------------------------------------------------------
                         slack                                  1.191    

Slack (MET) :             1.224ns  (required time - arrival time)
  Source:                 u_soc/u_dmem/u_dmem_ip/mem_reg_3_1/CLKBWRCLK
                            (rising edge-triggered cell RAMB36E1 clocked by clk_i  {rise@0.000ns fall@10.000ns period=20.000ns})
  Destination:            u_soc/u_cpu/u_id_stage/idex_rs2_addr_o_reg[0]/R
                            (rising edge-triggered cell FDRE clocked by clk_i  {rise@0.000ns fall@10.000ns period=20.000ns})
  Path Group:             clk_i
  Path Type:              Setup (Max at Slow Process Corner)
  Requirement:            20.000ns  (clk_i rise@20.000ns - clk_i rise@0.000ns)
  Data Path Delay:        17.931ns  (logic 5.197ns (28.983%)  route 12.734ns (71.017%))
  Logic Levels:           17  (CARRY4=3 LUT2=3 LUT3=4 LUT4=1 LUT5=2 LUT6=4)
  Clock Path Skew:        -0.078ns (DCD - SCD + CPR)
    Destination Clock Delay (DCD):    5.096ns = ( 25.096 - 20.000 ) 
    Source Clock Delay      (SCD):    5.468ns
    Clock Pessimism Removal (CPR):    0.294ns
  Clock Uncertainty:      0.035ns  ((TSJ^2 + TIJ^2)^1/2 + DJ) / 2 + PE
    Total System Jitter     (TSJ):    0.071ns
    Total Input Jitter      (TIJ):    0.000ns
    Discrete Jitter          (DJ):    0.000ns
    Phase Error              (PE):    0.000ns

    Location             Delay type                Incr(ns)  Path(ns)    Netlist Resource(s)
  -------------------------------------------------------------------    -------------------
                         (clock clk_i rise edge)      0.000     0.000 r  
    Y9                                                0.000     0.000 r  clk_i (IN)
                         net (fo=0)                   0.000     0.000    clk_i
    Y9                   IBUF (Prop_ibuf_I_O)         1.490     1.490 r  clk_i_IBUF_inst/O
                         net (fo=1, routed)           2.171     3.661    clk_i_IBUF
    BUFGCTRL_X0Y0        BUFG (Prop_bufg_I_O)         0.101     3.762 r  clk_i_IBUF_BUFG_inst/O
                         net (fo=40542, routed)       1.705     5.468    u_soc/u_dmem/u_dmem_ip/clk_i
    RAMB36_X2Y2          RAMB36E1                                     r  u_soc/u_dmem/u_dmem_ip/mem_reg_3_1/CLKBWRCLK
  -------------------------------------------------------------------    -------------------
    RAMB36_X2Y2          RAMB36E1 (Prop_ramb36e1_CLKBWRCLK_DOBDO[3])
                                                      2.454     7.922 r  u_soc/u_dmem/u_dmem_ip/mem_reg_3_1/DOBDO[3]
                         net (fo=1, routed)           1.586     9.508    u_soc/u_cpu_mmio_to_apb_bridge/douta[24]
    SLICE_X59Y12         LUT3 (Prop_lut3_I2_O)        0.124     9.632 r  u_soc/u_cpu_mmio_to_apb_bridge/memwb_mem_data_o[31]_i_6/O
                         net (fo=3, routed)           0.813    10.445    u_soc/u_cpu_mmio_to_apb_bridge/dmem_rdata_w[24]
    SLICE_X62Y13         LUT3 (Prop_lut3_I0_O)        0.153    10.598 r  u_soc/u_cpu_mmio_to_apb_bridge/memwb_mem_data_o[31]_i_9/O
                         net (fo=2, routed)           0.686    11.284    u_soc/u_cpu_mmio_to_apb_bridge/mmio_rdata_o_reg[31]_0
    SLICE_X62Y13         LUT5 (Prop_lut5_I4_O)        0.331    11.615 r  u_soc/u_cpu_mmio_to_apb_bridge/memwb_mem_data_o[7]_i_3/O
                         net (fo=3, routed)           0.563    12.178    u_soc/u_cpu/u_mem_stage/data0[0]
    SLICE_X63Y11         LUT4 (Prop_lut4_I3_O)        0.124    12.302 r  u_soc/u_cpu/u_mem_stage/memwb_mem_data_o[15]_i_3/O
                         net (fo=8, routed)           0.838    13.140    u_soc/u_cpu/u_mem_stage/memwb_mem_data_o[15]_i_3_n_0
    SLICE_X62Y13         LUT6 (Prop_lut6_I2_O)        0.124    13.264 r  u_soc/u_cpu/u_mem_stage/memwb_mem_data_o[10]_i_1/O
                         net (fo=3, routed)           1.421    14.684    u_soc/u_cpu/u_mem_stage/mem_data_w[10]
    SLICE_X93Y10         LUT6 (Prop_lut6_I4_O)        0.124    14.808 r  u_soc/u_cpu/u_mem_stage/exmem_rs2_data_o[10]_i_2/O
                         net (fo=1, routed)           0.431    15.240    u_soc/u_cpu/u_mem_stage/exmem_rs2_data_o[10]_i_2_n_0
    SLICE_X93Y8          LUT6 (Prop_lut6_I0_O)        0.124    15.364 r  u_soc/u_cpu/u_mem_stage/exmem_rs2_data_o[10]_i_1/O
                         net (fo=2, routed)           0.725    16.089    u_soc/u_cpu/u_id_stage/alu_branch_taken3_carry__2_i_5[10]
    SLICE_X86Y8          LUT3 (Prop_lut3_I0_O)        0.124    16.213 r  u_soc/u_cpu/u_id_stage/exmem_alu_result_o[10]_i_4/O
                         net (fo=8, routed)           0.583    16.796    u_soc/u_cpu/u_mem_stage/sub_res_carry__1
    SLICE_X85Y10         LUT2 (Prop_lut2_I1_O)        0.124    16.920 r  u_soc/u_cpu/u_mem_stage/alu_branch_taken0_carry_i_5/O
                         net (fo=6, routed)           1.351    18.271    u_soc/u_cpu/u_mem_stage/memwb_alu_result_o_reg[10]_1
    SLICE_X69Y8          LUT3 (Prop_lut3_I2_O)        0.124    18.395 r  u_soc/u_cpu/u_mem_stage/alu_branch_taken3_carry__0_i_7/O
                         net (fo=1, routed)           0.000    18.395    u_soc/u_cpu/u_ex_stage/alu_branch_taken3_carry__1_1[1]
    SLICE_X69Y8          CARRY4 (Prop_carry4_S[1]_CO[3])
                                                      0.550    18.945 r  u_soc/u_cpu/u_ex_stage/alu_branch_taken3_carry__0/CO[3]
                         net (fo=1, routed)           0.000    18.945    u_soc/u_cpu/u_ex_stage/alu_branch_taken3_carry__0_n_0
    SLICE_X69Y9          CARRY4 (Prop_carry4_CI_CO[3])
                                                      0.114    19.059 r  u_soc/u_cpu/u_ex_stage/alu_branch_taken3_carry__1/CO[3]
                         net (fo=1, routed)           0.000    19.059    u_soc/u_cpu/u_ex_stage/alu_branch_taken3_carry__1_n_0
    SLICE_X69Y10         CARRY4 (Prop_carry4_CI_CO[3])
                                                      0.114    19.173 r  u_soc/u_cpu/u_ex_stage/alu_branch_taken3_carry__2/CO[3]
                         net (fo=1, routed)           0.897    20.070    u_soc/u_cpu/u_id_stage/pc_r[31]_i_5_3[0]
    SLICE_X75Y10         LUT6 (Prop_lut6_I0_O)        0.124    20.194 r  u_soc/u_cpu/u_id_stage/pc_r[31]_i_11/O
                         net (fo=1, routed)           0.433    20.627    u_soc/u_cpu/u_id_stage/pc_r[31]_i_11_n_0
    SLICE_X75Y10         LUT5 (Prop_lut5_I4_O)        0.124    20.751 r  u_soc/u_cpu/u_id_stage/pc_r[31]_i_5/O
                         net (fo=18, routed)          0.475    21.226    u_soc/u_cpu/u_id_stage/id_flush_w
    SLICE_X75Y8          LUT2 (Prop_lut2_I0_O)        0.124    21.350 r  u_soc/u_cpu/u_id_stage/exmem_mem_we_o_i_1/O
                         net (fo=108, routed)         0.492    21.842    u_soc/u_cpu/u_id_stage/exmem_alu_result_o1
    SLICE_X75Y6          LUT2 (Prop_lut2_I0_O)        0.117    21.959 r  u_soc/u_cpu/u_id_stage/idex_jal_o_i_1/O
                         net (fo=119, routed)         1.440    23.399    u_soc/u_cpu/u_id_stage/idex_jal_o_i_1_n_0
    SLICE_X92Y15         FDRE                                         r  u_soc/u_cpu/u_id_stage/idex_rs2_addr_o_reg[0]/R
  -------------------------------------------------------------------    -------------------

                         (clock clk_i rise edge)     20.000    20.000 r  
    Y9                                                0.000    20.000 r  clk_i (IN)
                         net (fo=0)                   0.000    20.000    clk_i
    Y9                   IBUF (Prop_ibuf_I_O)         1.420    21.420 r  clk_i_IBUF_inst/O
                         net (fo=1, routed)           1.972    23.392    clk_i_IBUF
    BUFGCTRL_X0Y0        BUFG (Prop_bufg_I_O)         0.091    23.483 r  clk_i_IBUF_BUFG_inst/O
                         net (fo=40542, routed)       1.613    25.096    u_soc/u_cpu/u_id_stage/clk_i
    SLICE_X92Y15         FDRE                                         r  u_soc/u_cpu/u_id_stage/idex_rs2_addr_o_reg[0]/C
                         clock pessimism              0.294    25.390    
                         clock uncertainty           -0.035    25.354    
    SLICE_X92Y15         FDRE (Setup_fdre_C_R)       -0.732    24.622    u_soc/u_cpu/u_id_stage/idex_rs2_addr_o_reg[0]
  -------------------------------------------------------------------
                         required time                         24.622    
                         arrival time                         -23.399    
  -------------------------------------------------------------------
                         slack                                  1.224    

Slack (MET) :             1.236ns  (required time - arrival time)
  Source:                 u_soc/u_dmem/u_dmem_ip/mem_reg_3_1/CLKBWRCLK
                            (rising edge-triggered cell RAMB36E1 clocked by clk_i  {rise@0.000ns fall@10.000ns period=20.000ns})
  Destination:            u_soc/u_cpu/u_id_stage/idex_rs1_data_o_reg[3]/R
                            (rising edge-triggered cell FDRE clocked by clk_i  {rise@0.000ns fall@10.000ns period=20.000ns})
  Path Group:             clk_i
  Path Type:              Setup (Max at Slow Process Corner)
  Requirement:            20.000ns  (clk_i rise@20.000ns - clk_i rise@0.000ns)
  Data Path Delay:        18.021ns  (logic 5.197ns (28.838%)  route 12.824ns (71.162%))
  Logic Levels:           17  (CARRY4=3 LUT2=3 LUT3=4 LUT4=1 LUT5=2 LUT6=4)
  Clock Path Skew:        -0.070ns (DCD - SCD + CPR)
    Destination Clock Delay (DCD):    5.104ns = ( 25.104 - 20.000 ) 
    Source Clock Delay      (SCD):    5.468ns
    Clock Pessimism Removal (CPR):    0.294ns
  Clock Uncertainty:      0.035ns  ((TSJ^2 + TIJ^2)^1/2 + DJ) / 2 + PE
    Total System Jitter     (TSJ):    0.071ns
    Total Input Jitter      (TIJ):    0.000ns
    Discrete Jitter          (DJ):    0.000ns
    Phase Error              (PE):    0.000ns

    Location             Delay type                Incr(ns)  Path(ns)    Netlist Resource(s)
  -------------------------------------------------------------------    -------------------
                         (clock clk_i rise edge)      0.000     0.000 r  
    Y9                                                0.000     0.000 r  clk_i (IN)
                         net (fo=0)                   0.000     0.000    clk_i
    Y9                   IBUF (Prop_ibuf_I_O)         1.490     1.490 r  clk_i_IBUF_inst/O
                         net (fo=1, routed)           2.171     3.661    clk_i_IBUF
    BUFGCTRL_X0Y0        BUFG (Prop_bufg_I_O)         0.101     3.762 r  clk_i_IBUF_BUFG_inst/O
                         net (fo=40542, routed)       1.705     5.468    u_soc/u_dmem/u_dmem_ip/clk_i
    RAMB36_X2Y2          RAMB36E1                                     r  u_soc/u_dmem/u_dmem_ip/mem_reg_3_1/CLKBWRCLK
  -------------------------------------------------------------------    -------------------
    RAMB36_X2Y2          RAMB36E1 (Prop_ramb36e1_CLKBWRCLK_DOBDO[3])
                                                      2.454     7.922 r  u_soc/u_dmem/u_dmem_ip/mem_reg_3_1/DOBDO[3]
                         net (fo=1, routed)           1.586     9.508    u_soc/u_cpu_mmio_to_apb_bridge/douta[24]
    SLICE_X59Y12         LUT3 (Prop_lut3_I2_O)        0.124     9.632 r  u_soc/u_cpu_mmio_to_apb_bridge/memwb_mem_data_o[31]_i_6/O
                         net (fo=3, routed)           0.813    10.445    u_soc/u_cpu_mmio_to_apb_bridge/dmem_rdata_w[24]
    SLICE_X62Y13         LUT3 (Prop_lut3_I0_O)        0.153    10.598 r  u_soc/u_cpu_mmio_to_apb_bridge/memwb_mem_data_o[31]_i_9/O
                         net (fo=2, routed)           0.686    11.284    u_soc/u_cpu_mmio_to_apb_bridge/mmio_rdata_o_reg[31]_0
    SLICE_X62Y13         LUT5 (Prop_lut5_I4_O)        0.331    11.615 r  u_soc/u_cpu_mmio_to_apb_bridge/memwb_mem_data_o[7]_i_3/O
                         net (fo=3, routed)           0.563    12.178    u_soc/u_cpu/u_mem_stage/data0[0]
    SLICE_X63Y11         LUT4 (Prop_lut4_I3_O)        0.124    12.302 r  u_soc/u_cpu/u_mem_stage/memwb_mem_data_o[15]_i_3/O
                         net (fo=8, routed)           0.838    13.140    u_soc/u_cpu/u_mem_stage/memwb_mem_data_o[15]_i_3_n_0
    SLICE_X62Y13         LUT6 (Prop_lut6_I2_O)        0.124    13.264 r  u_soc/u_cpu/u_mem_stage/memwb_mem_data_o[10]_i_1/O
                         net (fo=3, routed)           1.421    14.684    u_soc/u_cpu/u_mem_stage/mem_data_w[10]
    SLICE_X93Y10         LUT6 (Prop_lut6_I4_O)        0.124    14.808 r  u_soc/u_cpu/u_mem_stage/exmem_rs2_data_o[10]_i_2/O
                         net (fo=1, routed)           0.431    15.240    u_soc/u_cpu/u_mem_stage/exmem_rs2_data_o[10]_i_2_n_0
    SLICE_X93Y8          LUT6 (Prop_lut6_I0_O)        0.124    15.364 r  u_soc/u_cpu/u_mem_stage/exmem_rs2_data_o[10]_i_1/O
                         net (fo=2, routed)           0.725    16.089    u_soc/u_cpu/u_id_stage/alu_branch_taken3_carry__2_i_5[10]
    SLICE_X86Y8          LUT3 (Prop_lut3_I0_O)        0.124    16.213 r  u_soc/u_cpu/u_id_stage/exmem_alu_result_o[10]_i_4/O
                         net (fo=8, routed)           0.583    16.796    u_soc/u_cpu/u_mem_stage/sub_res_carry__1
    SLICE_X85Y10         LUT2 (Prop_lut2_I1_O)        0.124    16.920 r  u_soc/u_cpu/u_mem_stage/alu_branch_taken0_carry_i_5/O
                         net (fo=6, routed)           1.351    18.271    u_soc/u_cpu/u_mem_stage/memwb_alu_result_o_reg[10]_1
    SLICE_X69Y8          LUT3 (Prop_lut3_I2_O)        0.124    18.395 r  u_soc/u_cpu/u_mem_stage/alu_branch_taken3_carry__0_i_7/O
                         net (fo=1, routed)           0.000    18.395    u_soc/u_cpu/u_ex_stage/alu_branch_taken3_carry__1_1[1]
    SLICE_X69Y8          CARRY4 (Prop_carry4_S[1]_CO[3])
                                                      0.550    18.945 r  u_soc/u_cpu/u_ex_stage/alu_branch_taken3_carry__0/CO[3]
                         net (fo=1, routed)           0.000    18.945    u_soc/u_cpu/u_ex_stage/alu_branch_taken3_carry__0_n_0
    SLICE_X69Y9          CARRY4 (Prop_carry4_CI_CO[3])
                                                      0.114    19.059 r  u_soc/u_cpu/u_ex_stage/alu_branch_taken3_carry__1/CO[3]
                         net (fo=1, routed)           0.000    19.059    u_soc/u_cpu/u_ex_stage/alu_branch_taken3_carry__1_n_0
    SLICE_X69Y10         CARRY4 (Prop_carry4_CI_CO[3])
                                                      0.114    19.173 r  u_soc/u_cpu/u_ex_stage/alu_branch_taken3_carry__2/CO[3]
                         net (fo=1, routed)           0.897    20.070    u_soc/u_cpu/u_id_stage/pc_r[31]_i_5_3[0]
    SLICE_X75Y10         LUT6 (Prop_lut6_I0_O)        0.124    20.194 r  u_soc/u_cpu/u_id_stage/pc_r[31]_i_11/O
                         net (fo=1, routed)           0.433    20.627    u_soc/u_cpu/u_id_stage/pc_r[31]_i_11_n_0
    SLICE_X75Y10         LUT5 (Prop_lut5_I4_O)        0.124    20.751 r  u_soc/u_cpu/u_id_stage/pc_r[31]_i_5/O
                         net (fo=18, routed)          0.475    21.226    u_soc/u_cpu/u_id_stage/id_flush_w
    SLICE_X75Y8          LUT2 (Prop_lut2_I0_O)        0.124    21.350 r  u_soc/u_cpu/u_id_stage/exmem_mem_we_o_i_1/O
                         net (fo=108, routed)         0.492    21.842    u_soc/u_cpu/u_id_stage/exmem_alu_result_o1
    SLICE_X75Y6          LUT2 (Prop_lut2_I0_O)        0.117    21.959 r  u_soc/u_cpu/u_id_stage/idex_jal_o_i_1/O
                         net (fo=119, routed)         1.531    23.489    u_soc/u_cpu/u_id_stage/idex_jal_o_i_1_n_0
    SLICE_X97Y4          FDRE                                         r  u_soc/u_cpu/u_id_stage/idex_rs1_data_o_reg[3]/R
  -------------------------------------------------------------------    -------------------

                         (clock clk_i rise edge)     20.000    20.000 r  
    Y9                                                0.000    20.000 r  clk_i (IN)
                         net (fo=0)                   0.000    20.000    clk_i
    Y9                   IBUF (Prop_ibuf_I_O)         1.420    21.420 r  clk_i_IBUF_inst/O
                         net (fo=1, routed)           1.972    23.392    clk_i_IBUF
    BUFGCTRL_X0Y0        BUFG (Prop_bufg_I_O)         0.091    23.483 r  clk_i_IBUF_BUFG_inst/O
                         net (fo=40542, routed)       1.621    25.104    u_soc/u_cpu/u_id_stage/clk_i
    SLICE_X97Y4          FDRE                                         r  u_soc/u_cpu/u_id_stage/idex_rs1_data_o_reg[3]/C
                         clock pessimism              0.294    25.398    
                         clock uncertainty           -0.035    25.362    
    SLICE_X97Y4          FDRE (Setup_fdre_C_R)       -0.637    24.725    u_soc/u_cpu/u_id_stage/idex_rs1_data_o_reg[3]
  -------------------------------------------------------------------
                         required time                         24.725    
                         arrival time                         -23.489    
  -------------------------------------------------------------------
                         slack                                  1.236    

Slack (MET) :             1.236ns  (required time - arrival time)
  Source:                 u_soc/u_dmem/u_dmem_ip/mem_reg_3_1/CLKBWRCLK
                            (rising edge-triggered cell RAMB36E1 clocked by clk_i  {rise@0.000ns fall@10.000ns period=20.000ns})
  Destination:            u_soc/u_cpu/u_id_stage/idex_rs1_data_o_reg[9]/R
                            (rising edge-triggered cell FDRE clocked by clk_i  {rise@0.000ns fall@10.000ns period=20.000ns})
  Path Group:             clk_i
  Path Type:              Setup (Max at Slow Process Corner)
  Requirement:            20.000ns  (clk_i rise@20.000ns - clk_i rise@0.000ns)
  Data Path Delay:        18.021ns  (logic 5.197ns (28.838%)  route 12.824ns (71.162%))
  Logic Levels:           17  (CARRY4=3 LUT2=3 LUT3=4 LUT4=1 LUT5=2 LUT6=4)
  Clock Path Skew:        -0.070ns (DCD - SCD + CPR)
    Destination Clock Delay (DCD):    5.104ns = ( 25.104 - 20.000 ) 
    Source Clock Delay      (SCD):    5.468ns
    Clock Pessimism Removal (CPR):    0.294ns
  Clock Uncertainty:      0.035ns  ((TSJ^2 + TIJ^2)^1/2 + DJ) / 2 + PE
    Total System Jitter     (TSJ):    0.071ns
    Total Input Jitter      (TIJ):    0.000ns
    Discrete Jitter          (DJ):    0.000ns
    Phase Error              (PE):    0.000ns

    Location             Delay type                Incr(ns)  Path(ns)    Netlist Resource(s)
  -------------------------------------------------------------------    -------------------
                         (clock clk_i rise edge)      0.000     0.000 r  
    Y9                                                0.000     0.000 r  clk_i (IN)
                         net (fo=0)                   0.000     0.000    clk_i
    Y9                   IBUF (Prop_ibuf_I_O)         1.490     1.490 r  clk_i_IBUF_inst/O
                         net (fo=1, routed)           2.171     3.661    clk_i_IBUF
    BUFGCTRL_X0Y0        BUFG (Prop_bufg_I_O)         0.101     3.762 r  clk_i_IBUF_BUFG_inst/O
                         net (fo=40542, routed)       1.705     5.468    u_soc/u_dmem/u_dmem_ip/clk_i
    RAMB36_X2Y2          RAMB36E1                                     r  u_soc/u_dmem/u_dmem_ip/mem_reg_3_1/CLKBWRCLK
  -------------------------------------------------------------------    -------------------
    RAMB36_X2Y2          RAMB36E1 (Prop_ramb36e1_CLKBWRCLK_DOBDO[3])
                                                      2.454     7.922 r  u_soc/u_dmem/u_dmem_ip/mem_reg_3_1/DOBDO[3]
                         net (fo=1, routed)           1.586     9.508    u_soc/u_cpu_mmio_to_apb_bridge/douta[24]
    SLICE_X59Y12         LUT3 (Prop_lut3_I2_O)        0.124     9.632 r  u_soc/u_cpu_mmio_to_apb_bridge/memwb_mem_data_o[31]_i_6/O
                         net (fo=3, routed)           0.813    10.445    u_soc/u_cpu_mmio_to_apb_bridge/dmem_rdata_w[24]
    SLICE_X62Y13         LUT3 (Prop_lut3_I0_O)        0.153    10.598 r  u_soc/u_cpu_mmio_to_apb_bridge/memwb_mem_data_o[31]_i_9/O
                         net (fo=2, routed)           0.686    11.284    u_soc/u_cpu_mmio_to_apb_bridge/mmio_rdata_o_reg[31]_0
    SLICE_X62Y13         LUT5 (Prop_lut5_I4_O)        0.331    11.615 r  u_soc/u_cpu_mmio_to_apb_bridge/memwb_mem_data_o[7]_i_3/O
                         net (fo=3, routed)           0.563    12.178    u_soc/u_cpu/u_mem_stage/data0[0]
    SLICE_X63Y11         LUT4 (Prop_lut4_I3_O)        0.124    12.302 r  u_soc/u_cpu/u_mem_stage/memwb_mem_data_o[15]_i_3/O
                         net (fo=8, routed)           0.838    13.140    u_soc/u_cpu/u_mem_stage/memwb_mem_data_o[15]_i_3_n_0
    SLICE_X62Y13         LUT6 (Prop_lut6_I2_O)        0.124    13.264 r  u_soc/u_cpu/u_mem_stage/memwb_mem_data_o[10]_i_1/O
                         net (fo=3, routed)           1.421    14.684    u_soc/u_cpu/u_mem_stage/mem_data_w[10]
    SLICE_X93Y10         LUT6 (Prop_lut6_I4_O)        0.124    14.808 r  u_soc/u_cpu/u_mem_stage/exmem_rs2_data_o[10]_i_2/O
                         net (fo=1, routed)           0.431    15.240    u_soc/u_cpu/u_mem_stage/exmem_rs2_data_o[10]_i_2_n_0
    SLICE_X93Y8          LUT6 (Prop_lut6_I0_O)        0.124    15.364 r  u_soc/u_cpu/u_mem_stage/exmem_rs2_data_o[10]_i_1/O
                         net (fo=2, routed)           0.725    16.089    u_soc/u_cpu/u_id_stage/alu_branch_taken3_carry__2_i_5[10]
    SLICE_X86Y8          LUT3 (Prop_lut3_I0_O)        0.124    16.213 r  u_soc/u_cpu/u_id_stage/exmem_alu_result_o[10]_i_4/O
                         net (fo=8, routed)           0.583    16.796    u_soc/u_cpu/u_mem_stage/sub_res_carry__1
    SLICE_X85Y10         LUT2 (Prop_lut2_I1_O)        0.124    16.920 r  u_soc/u_cpu/u_mem_stage/alu_branch_taken0_carry_i_5/O
                         net (fo=6, routed)           1.351    18.271    u_soc/u_cpu/u_mem_stage/memwb_alu_result_o_reg[10]_1
    SLICE_X69Y8          LUT3 (Prop_lut3_I2_O)        0.124    18.395 r  u_soc/u_cpu/u_mem_stage/alu_branch_taken3_carry__0_i_7/O
                         net (fo=1, routed)           0.000    18.395    u_soc/u_cpu/u_ex_stage/alu_branch_taken3_carry__1_1[1]
    SLICE_X69Y8          CARRY4 (Prop_carry4_S[1]_CO[3])
                                                      0.550    18.945 r  u_soc/u_cpu/u_ex_stage/alu_branch_taken3_carry__0/CO[3]
                         net (fo=1, routed)           0.000    18.945    u_soc/u_cpu/u_ex_stage/alu_branch_taken3_carry__0_n_0
    SLICE_X69Y9          CARRY4 (Prop_carry4_CI_CO[3])
                                                      0.114    19.059 r  u_soc/u_cpu/u_ex_stage/alu_branch_taken3_carry__1/CO[3]
                         net (fo=1, routed)           0.000    19.059    u_soc/u_cpu/u_ex_stage/alu_branch_taken3_carry__1_n_0
    SLICE_X69Y10         CARRY4 (Prop_carry4_CI_CO[3])
                                                      0.114    19.173 r  u_soc/u_cpu/u_ex_stage/alu_branch_taken3_carry__2/CO[3]
                         net (fo=1, routed)           0.897    20.070    u_soc/u_cpu/u_id_stage/pc_r[31]_i_5_3[0]
    SLICE_X75Y10         LUT6 (Prop_lut6_I0_O)        0.124    20.194 r  u_soc/u_cpu/u_id_stage/pc_r[31]_i_11/O
                         net (fo=1, routed)           0.433    20.627    u_soc/u_cpu/u_id_stage/pc_r[31]_i_11_n_0
    SLICE_X75Y10         LUT5 (Prop_lut5_I4_O)        0.124    20.751 r  u_soc/u_cpu/u_id_stage/pc_r[31]_i_5/O
                         net (fo=18, routed)          0.475    21.226    u_soc/u_cpu/u_id_stage/id_flush_w
    SLICE_X75Y8          LUT2 (Prop_lut2_I0_O)        0.124    21.350 r  u_soc/u_cpu/u_id_stage/exmem_mem_we_o_i_1/O
                         net (fo=108, routed)         0.492    21.842    u_soc/u_cpu/u_id_stage/exmem_alu_result_o1
    SLICE_X75Y6          LUT2 (Prop_lut2_I0_O)        0.117    21.959 r  u_soc/u_cpu/u_id_stage/idex_jal_o_i_1/O
                         net (fo=119, routed)         1.531    23.489    u_soc/u_cpu/u_id_stage/idex_jal_o_i_1_n_0
    SLICE_X97Y4          FDRE                                         r  u_soc/u_cpu/u_id_stage/idex_rs1_data_o_reg[9]/R
  -------------------------------------------------------------------    -------------------

                         (clock clk_i rise edge)     20.000    20.000 r  
    Y9                                                0.000    20.000 r  clk_i (IN)
                         net (fo=0)                   0.000    20.000    clk_i
    Y9                   IBUF (Prop_ibuf_I_O)         1.420    21.420 r  clk_i_IBUF_inst/O
                         net (fo=1, routed)           1.972    23.392    clk_i_IBUF
    BUFGCTRL_X0Y0        BUFG (Prop_bufg_I_O)         0.091    23.483 r  clk_i_IBUF_BUFG_inst/O
                         net (fo=40542, routed)       1.621    25.104    u_soc/u_cpu/u_id_stage/clk_i
    SLICE_X97Y4          FDRE                                         r  u_soc/u_cpu/u_id_stage/idex_rs1_data_o_reg[9]/C
                         clock pessimism              0.294    25.398    
                         clock uncertainty           -0.035    25.362    
    SLICE_X97Y4          FDRE (Setup_fdre_C_R)       -0.637    24.725    u_soc/u_cpu/u_id_stage/idex_rs1_data_o_reg[9]
  -------------------------------------------------------------------
                         required time                         24.725    
                         arrival time                         -23.489    
  -------------------------------------------------------------------
                         slack                                  1.236    





Min Delay Paths
--------------------------------------------------------------------------------------
Slack (MET) :             0.032ns  (arrival time - required time)
  Source:                 u_soc/u_dma_tx_engine/apb_rdata_r_reg[23]/C
                            (rising edge-triggered cell FDRE clocked by clk_i  {rise@0.000ns fall@10.000ns period=20.000ns})
  Destination:            u_soc/u_dma_tx_engine/output_word_r_reg[23]/D
                            (rising edge-triggered cell FDRE clocked by clk_i  {rise@0.000ns fall@10.000ns period=20.000ns})
  Path Group:             clk_i
  Path Type:              Hold (Min at Fast Process Corner)
  Requirement:            0.000ns  (clk_i rise@0.000ns - clk_i rise@0.000ns)
  Data Path Delay:        0.367ns  (logic 0.141ns (38.374%)  route 0.226ns (61.626%))
  Logic Levels:           0  
  Clock Path Skew:        0.259ns (DCD - SCD - CPR)
    Destination Clock Delay (DCD):    2.017ns
    Source Clock Delay      (SCD):    1.506ns
    Clock Pessimism Removal (CPR):    0.252ns

    Location             Delay type                Incr(ns)  Path(ns)    Netlist Resource(s)
  -------------------------------------------------------------------    -------------------
                         (clock clk_i rise edge)      0.000     0.000 r  
    Y9                                                0.000     0.000 r  clk_i (IN)
                         net (fo=0)                   0.000     0.000    clk_i
    Y9                   IBUF (Prop_ibuf_I_O)         0.258     0.258 r  clk_i_IBUF_inst/O
                         net (fo=1, routed)           0.663     0.921    clk_i_IBUF
    BUFGCTRL_X0Y0        BUFG (Prop_bufg_I_O)         0.026     0.947 r  clk_i_IBUF_BUFG_inst/O
                         net (fo=40542, routed)       0.559     1.506    u_soc/u_dma_tx_engine/clk_i
    SLICE_X43Y7          FDRE                                         r  u_soc/u_dma_tx_engine/apb_rdata_r_reg[23]/C
  -------------------------------------------------------------------    -------------------
    SLICE_X43Y7          FDRE (Prop_fdre_C_Q)         0.141     1.647 r  u_soc/u_dma_tx_engine/apb_rdata_r_reg[23]/Q
                         net (fo=1, routed)           0.226     1.873    u_soc/u_dma_tx_engine/apb_rdata_r_reg_n_0_[23]
    SLICE_X52Y6          FDRE                                         r  u_soc/u_dma_tx_engine/output_word_r_reg[23]/D
  -------------------------------------------------------------------    -------------------

                         (clock clk_i rise edge)      0.000     0.000 r  
    Y9                                                0.000     0.000 r  clk_i (IN)
                         net (fo=0)                   0.000     0.000    clk_i
    Y9                   IBUF (Prop_ibuf_I_O)         0.446     0.446 r  clk_i_IBUF_inst/O
                         net (fo=1, routed)           0.719     1.165    clk_i_IBUF
    BUFGCTRL_X0Y0        BUFG (Prop_bufg_I_O)         0.029     1.194 r  clk_i_IBUF_BUFG_inst/O
                         net (fo=40542, routed)       0.823     2.017    u_soc/u_dma_tx_engine/clk_i
    SLICE_X52Y6          FDRE                                         r  u_soc/u_dma_tx_engine/output_word_r_reg[23]/C
                         clock pessimism             -0.252     1.765    
    SLICE_X52Y6          FDRE (Hold_fdre_C_D)         0.076     1.841    u_soc/u_dma_tx_engine/output_word_r_reg[23]
  -------------------------------------------------------------------
                         required time                         -1.841    
                         arrival time                           1.873    
  -------------------------------------------------------------------
                         slack                                  0.032    

Slack (MET) :             0.056ns  (arrival time - required time)
  Source:                 u_soc/u_dma_regfile/len_bytes_o_reg[8]/C
                            (rising edge-triggered cell FDRE clocked by clk_i  {rise@0.000ns fall@10.000ns period=20.000ns})
  Destination:            u_soc/u_dma_tx_engine/bytes_remaining_r_reg[8]/D
                            (rising edge-triggered cell FDRE clocked by clk_i  {rise@0.000ns fall@10.000ns period=20.000ns})
  Path Group:             clk_i
  Path Type:              Hold (Min at Fast Process Corner)
  Requirement:            0.000ns  (clk_i rise@0.000ns - clk_i rise@0.000ns)
  Data Path Delay:        0.408ns  (logic 0.186ns (45.565%)  route 0.222ns (54.435%))
  Logic Levels:           1  (LUT5=1)
  Clock Path Skew:        0.260ns (DCD - SCD - CPR)
    Destination Clock Delay (DCD):    2.017ns
    Source Clock Delay      (SCD):    1.505ns
    Clock Pessimism Removal (CPR):    0.252ns

    Location             Delay type                Incr(ns)  Path(ns)    Netlist Resource(s)
  -------------------------------------------------------------------    -------------------
                         (clock clk_i rise edge)      0.000     0.000 r  
    Y9                                                0.000     0.000 r  clk_i (IN)
                         net (fo=0)                   0.000     0.000    clk_i
    Y9                   IBUF (Prop_ibuf_I_O)         0.258     0.258 r  clk_i_IBUF_inst/O
                         net (fo=1, routed)           0.663     0.921    clk_i_IBUF
    BUFGCTRL_X0Y0        BUFG (Prop_bufg_I_O)         0.026     0.947 r  clk_i_IBUF_BUFG_inst/O
                         net (fo=40542, routed)       0.558     1.505    u_soc/u_dma_regfile/clk_i
    SLICE_X48Y8          FDRE                                         r  u_soc/u_dma_regfile/len_bytes_o_reg[8]/C
  -------------------------------------------------------------------    -------------------
    SLICE_X48Y8          FDRE (Prop_fdre_C_Q)         0.141     1.646 r  u_soc/u_dma_regfile/len_bytes_o_reg[8]/Q
                         net (fo=5, routed)           0.222     1.868    u_soc/u_dma_tx_engine/len_bytes_r_reg[31]_0[8]
    SLICE_X51Y5          LUT5 (Prop_lut5_I4_O)        0.045     1.913 r  u_soc/u_dma_tx_engine/bytes_remaining_r[8]_i_1/O
                         net (fo=1, routed)           0.000     1.913    u_soc/u_dma_tx_engine/bytes_remaining_r[8]
    SLICE_X51Y5          FDRE                                         r  u_soc/u_dma_tx_engine/bytes_remaining_r_reg[8]/D
  -------------------------------------------------------------------    -------------------

                         (clock clk_i rise edge)      0.000     0.000 r  
    Y9                                                0.000     0.000 r  clk_i (IN)
                         net (fo=0)                   0.000     0.000    clk_i
    Y9                   IBUF (Prop_ibuf_I_O)         0.446     0.446 r  clk_i_IBUF_inst/O
                         net (fo=1, routed)           0.719     1.165    clk_i_IBUF
    BUFGCTRL_X0Y0        BUFG (Prop_bufg_I_O)         0.029     1.194 r  clk_i_IBUF_BUFG_inst/O
                         net (fo=40542, routed)       0.823     2.017    u_soc/u_dma_tx_engine/clk_i
    SLICE_X51Y5          FDRE                                         r  u_soc/u_dma_tx_engine/bytes_remaining_r_reg[8]/C
                         clock pessimism             -0.252     1.765    
    SLICE_X51Y5          FDRE (Hold_fdre_C_D)         0.092     1.857    u_soc/u_dma_tx_engine/bytes_remaining_r_reg[8]
  -------------------------------------------------------------------
                         required time                         -1.857    
                         arrival time                           1.913    
  -------------------------------------------------------------------
                         slack                                  0.056    

Slack (MET) :             0.061ns  (arrival time - required time)
  Source:                 u_soc/u_dma_tx_engine/apb_wdata_r_reg[29]/C
                            (rising edge-triggered cell FDRE clocked by clk_i  {rise@0.000ns fall@10.000ns period=20.000ns})
  Destination:            u_soc/u_tx_top/u_apb_huffman_tx_if/fifo_mem_reg[7][29]/D
                            (rising edge-triggered cell FDCE clocked by clk_i  {rise@0.000ns fall@10.000ns period=20.000ns})
  Path Group:             clk_i
  Path Type:              Hold (Min at Fast Process Corner)
  Requirement:            0.000ns  (clk_i rise@0.000ns - clk_i rise@0.000ns)
  Data Path Delay:        0.390ns  (logic 0.141ns (36.175%)  route 0.249ns (63.825%))
  Logic Levels:           0  
  Clock Path Skew:        0.257ns (DCD - SCD - CPR)
    Destination Clock Delay (DCD):    2.016ns
    Source Clock Delay      (SCD):    1.507ns
    Clock Pessimism Removal (CPR):    0.252ns

    Location             Delay type                Incr(ns)  Path(ns)    Netlist Resource(s)
  -------------------------------------------------------------------    -------------------
                         (clock clk_i rise edge)      0.000     0.000 r  
    Y9                                                0.000     0.000 r  clk_i (IN)
                         net (fo=0)                   0.000     0.000    clk_i
    Y9                   IBUF (Prop_ibuf_I_O)         0.258     0.258 r  clk_i_IBUF_inst/O
                         net (fo=1, routed)           0.663     0.921    clk_i_IBUF
    BUFGCTRL_X0Y0        BUFG (Prop_bufg_I_O)         0.026     0.947 r  clk_i_IBUF_BUFG_inst/O
                         net (fo=40542, routed)       0.560     1.507    u_soc/u_dma_tx_engine/clk_i
    SLICE_X44Y5          FDRE                                         r  u_soc/u_dma_tx_engine/apb_wdata_r_reg[29]/C
  -------------------------------------------------------------------    -------------------
    SLICE_X44Y5          FDRE (Prop_fdre_C_Q)         0.141     1.648 r  u_soc/u_dma_tx_engine/apb_wdata_r_reg[29]/Q
                         net (fo=9, routed)           0.249     1.897    u_soc/u_tx_top/u_apb_huffman_tx_if/fifo_mem_reg[6][31]_0[29]
    SLICE_X53Y8          FDCE                                         r  u_soc/u_tx_top/u_apb_huffman_tx_if/fifo_mem_reg[7][29]/D
  -------------------------------------------------------------------    -------------------

                         (clock clk_i rise edge)      0.000     0.000 r  
    Y9                                                0.000     0.000 r  clk_i (IN)
                         net (fo=0)                   0.000     0.000    clk_i
    Y9                   IBUF (Prop_ibuf_I_O)         0.446     0.446 r  clk_i_IBUF_inst/O
                         net (fo=1, routed)           0.719     1.165    clk_i_IBUF
    BUFGCTRL_X0Y0        BUFG (Prop_bufg_I_O)         0.029     1.194 r  clk_i_IBUF_BUFG_inst/O
                         net (fo=40542, routed)       0.822     2.016    u_soc/u_tx_top/u_apb_huffman_tx_if/clk_i
    SLICE_X53Y8          FDCE                                         r  u_soc/u_tx_top/u_apb_huffman_tx_if/fifo_mem_reg[7][29]/C
                         clock pessimism             -0.252     1.764    
    SLICE_X53Y8          FDCE (Hold_fdce_C_D)         0.071     1.835    u_soc/u_tx_top/u_apb_huffman_tx_if/fifo_mem_reg[7][29]
  -------------------------------------------------------------------
                         required time                         -1.835    
                         arrival time                           1.897    
  -------------------------------------------------------------------
                         slack                                  0.061    

Slack (MET) :             0.062ns  (arrival time - required time)
  Source:                 u_soc/u_dma_tx_engine/apb_rdata_r_reg[12]/C
                            (rising edge-triggered cell FDRE clocked by clk_i  {rise@0.000ns fall@10.000ns period=20.000ns})
  Destination:            u_soc/u_dma_tx_engine/output_word_r_reg[12]/D
                            (rising edge-triggered cell FDRE clocked by clk_i  {rise@0.000ns fall@10.000ns period=20.000ns})
  Path Group:             clk_i
  Path Type:              Hold (Min at Fast Process Corner)
  Requirement:            0.000ns  (clk_i rise@0.000ns - clk_i rise@0.000ns)
  Data Path Delay:        0.368ns  (logic 0.141ns (38.291%)  route 0.227ns (61.709%))
  Logic Levels:           0  
  Clock Path Skew:        0.259ns (DCD - SCD - CPR)
    Destination Clock Delay (DCD):    2.017ns
    Source Clock Delay      (SCD):    1.506ns
    Clock Pessimism Removal (CPR):    0.252ns

    Location             Delay type                Incr(ns)  Path(ns)    Netlist Resource(s)
  -------------------------------------------------------------------    -------------------
                         (clock clk_i rise edge)      0.000     0.000 r  
    Y9                                                0.000     0.000 r  clk_i (IN)
                         net (fo=0)                   0.000     0.000    clk_i
    Y9                   IBUF (Prop_ibuf_I_O)         0.258     0.258 r  clk_i_IBUF_inst/O
                         net (fo=1, routed)           0.663     0.921    clk_i_IBUF
    BUFGCTRL_X0Y0        BUFG (Prop_bufg_I_O)         0.026     0.947 r  clk_i_IBUF_BUFG_inst/O
                         net (fo=40542, routed)       0.559     1.506    u_soc/u_dma_tx_engine/clk_i
    SLICE_X43Y7          FDRE                                         r  u_soc/u_dma_tx_engine/apb_rdata_r_reg[12]/C
  -------------------------------------------------------------------    -------------------
    SLICE_X43Y7          FDRE (Prop_fdre_C_Q)         0.141     1.647 r  u_soc/u_dma_tx_engine/apb_rdata_r_reg[12]/Q
                         net (fo=1, routed)           0.227     1.874    u_soc/u_dma_tx_engine/apb_rdata_r_reg_n_0_[12]
    SLICE_X52Y6          FDRE                                         r  u_soc/u_dma_tx_engine/output_word_r_reg[12]/D
  -------------------------------------------------------------------    -------------------

                         (clock clk_i rise edge)      0.000     0.000 r  
    Y9                                                0.000     0.000 r  clk_i (IN)
                         net (fo=0)                   0.000     0.000    clk_i
    Y9                   IBUF (Prop_ibuf_I_O)         0.446     0.446 r  clk_i_IBUF_inst/O
                         net (fo=1, routed)           0.719     1.165    clk_i_IBUF
    BUFGCTRL_X0Y0        BUFG (Prop_bufg_I_O)         0.029     1.194 r  clk_i_IBUF_BUFG_inst/O
                         net (fo=40542, routed)       0.823     2.017    u_soc/u_dma_tx_engine/clk_i
    SLICE_X52Y6          FDRE                                         r  u_soc/u_dma_tx_engine/output_word_r_reg[12]/C
                         clock pessimism             -0.252     1.765    
    SLICE_X52Y6          FDRE (Hold_fdre_C_D)         0.047     1.812    u_soc/u_dma_tx_engine/output_word_r_reg[12]
  -------------------------------------------------------------------
                         required time                         -1.812    
                         arrival time                           1.874    
  -------------------------------------------------------------------
                         slack                                  0.062    

Slack (MET) :             0.081ns  (arrival time - required time)
  Source:                 u_soc/u_dma_tx_engine/apb_rdata_r_reg[21]/C
                            (rising edge-triggered cell FDRE clocked by clk_i  {rise@0.000ns fall@10.000ns period=20.000ns})
  Destination:            u_soc/u_dma_tx_engine/output_word_r_reg[21]/D
                            (rising edge-triggered cell FDRE clocked by clk_i  {rise@0.000ns fall@10.000ns period=20.000ns})
  Path Group:             clk_i
  Path Type:              Hold (Min at Fast Process Corner)
  Requirement:            0.000ns  (clk_i rise@0.000ns - clk_i rise@0.000ns)
  Data Path Delay:        0.385ns  (logic 0.141ns (36.669%)  route 0.244ns (63.331%))
  Logic Levels:           0  
  Clock Path Skew:        0.256ns (DCD - SCD - CPR)
    Destination Clock Delay (DCD):    2.016ns
    Source Clock Delay      (SCD):    1.508ns
    Clock Pessimism Removal (CPR):    0.252ns

    Location             Delay type                Incr(ns)  Path(ns)    Netlist Resource(s)
  -------------------------------------------------------------------    -------------------
                         (clock clk_i rise edge)      0.000     0.000 r  
    Y9                                                0.000     0.000 r  clk_i (IN)
                         net (fo=0)                   0.000     0.000    clk_i
    Y9                   IBUF (Prop_ibuf_I_O)         0.258     0.258 r  clk_i_IBUF_inst/O
                         net (fo=1, routed)           0.663     0.921    clk_i_IBUF
    BUFGCTRL_X0Y0        BUFG (Prop_bufg_I_O)         0.026     0.947 r  clk_i_IBUF_BUFG_inst/O
                         net (fo=40542, routed)       0.561     1.508    u_soc/u_dma_tx_engine/clk_i
    SLICE_X41Y2          FDRE                                         r  u_soc/u_dma_tx_engine/apb_rdata_r_reg[21]/C
  -------------------------------------------------------------------    -------------------
    SLICE_X41Y2          FDRE (Prop_fdre_C_Q)         0.141     1.649 r  u_soc/u_dma_tx_engine/apb_rdata_r_reg[21]/Q
                         net (fo=1, routed)           0.244     1.892    u_soc/u_dma_tx_engine/apb_rdata_r_reg_n_0_[21]
    SLICE_X53Y7          FDRE                                         r  u_soc/u_dma_tx_engine/output_word_r_reg[21]/D
  -------------------------------------------------------------------    -------------------

                         (clock clk_i rise edge)      0.000     0.000 r  
    Y9                                                0.000     0.000 r  clk_i (IN)
                         net (fo=0)                   0.000     0.000    clk_i
    Y9                   IBUF (Prop_ibuf_I_O)         0.446     0.446 r  clk_i_IBUF_inst/O
                         net (fo=1, routed)           0.719     1.165    clk_i_IBUF
    BUFGCTRL_X0Y0        BUFG (Prop_bufg_I_O)         0.029     1.194 r  clk_i_IBUF_BUFG_inst/O
                         net (fo=40542, routed)       0.822     2.016    u_soc/u_dma_tx_engine/clk_i
    SLICE_X53Y7          FDRE                                         r  u_soc/u_dma_tx_engine/output_word_r_reg[21]/C
                         clock pessimism             -0.252     1.764    
    SLICE_X53Y7          FDRE (Hold_fdre_C_D)         0.047     1.811    u_soc/u_dma_tx_engine/output_word_r_reg[21]
  -------------------------------------------------------------------
                         required time                         -1.811    
                         arrival time                           1.892    
  -------------------------------------------------------------------
                         slack                                  0.081    

Slack (MET) :             0.089ns  (arrival time - required time)
  Source:                 u_soc/u_tx_top/u_huffman_aes_tx_top/u_file_huffman_builder/u_code_length_builder/error_flag_reg/C
                            (rising edge-triggered cell FDCE clocked by clk_i  {rise@0.000ns fall@10.000ns period=20.000ns})
  Destination:            u_soc/u_tx_top/u_huffman_aes_tx_top/u_file_huffman_builder/error_flag_reg/D
                            (rising edge-triggered cell FDCE clocked by clk_i  {rise@0.000ns fall@10.000ns period=20.000ns})
  Path Group:             clk_i
  Path Type:              Hold (Min at Fast Process Corner)
  Requirement:            0.000ns  (clk_i rise@0.000ns - clk_i rise@0.000ns)
  Data Path Delay:        0.481ns  (logic 0.186ns (38.706%)  route 0.295ns (61.294%))
  Logic Levels:           1  (LUT5=1)
  Clock Path Skew:        0.270ns (DCD - SCD - CPR)
    Destination Clock Delay (DCD):    2.043ns
    Source Clock Delay      (SCD):    1.526ns
    Clock Pessimism Removal (CPR):    0.247ns

    Location             Delay type                Incr(ns)  Path(ns)    Netlist Resource(s)
  -------------------------------------------------------------------    -------------------
                         (clock clk_i rise edge)      0.000     0.000 r  
    Y9                                                0.000     0.000 r  clk_i (IN)
                         net (fo=0)                   0.000     0.000    clk_i
    Y9                   IBUF (Prop_ibuf_I_O)         0.258     0.258 r  clk_i_IBUF_inst/O
                         net (fo=1, routed)           0.663     0.921    clk_i_IBUF
    BUFGCTRL_X0Y0        BUFG (Prop_bufg_I_O)         0.026     0.947 r  clk_i_IBUF_BUFG_inst/O
                         net (fo=40542, routed)       0.579     1.526    u_soc/u_tx_top/u_huffman_aes_tx_top/u_file_huffman_builder/u_code_length_builder/clk_i
    SLICE_X59Y53         FDCE                                         r  u_soc/u_tx_top/u_huffman_aes_tx_top/u_file_huffman_builder/u_code_length_builder/error_flag_reg/C
  -------------------------------------------------------------------    -------------------
    SLICE_X59Y53         FDCE (Prop_fdce_C_Q)         0.141     1.667 r  u_soc/u_tx_top/u_huffman_aes_tx_top/u_file_huffman_builder/u_code_length_builder/error_flag_reg/Q
                         net (fo=2, routed)           0.295     1.961    u_soc/u_tx_top/u_huffman_aes_tx_top/u_file_huffman_builder/u_canonical_code_generator/error_flag
    SLICE_X58Y40         LUT5 (Prop_lut5_I1_O)        0.045     2.006 r  u_soc/u_tx_top/u_huffman_aes_tx_top/u_file_huffman_builder/u_canonical_code_generator/error_flag_i_1__1/O
                         net (fo=1, routed)           0.000     2.006    u_soc/u_tx_top/u_huffman_aes_tx_top/u_file_huffman_builder/u_canonical_code_generator_n_8
    SLICE_X58Y40         FDCE                                         r  u_soc/u_tx_top/u_huffman_aes_tx_top/u_file_huffman_builder/error_flag_reg/D
  -------------------------------------------------------------------    -------------------

                         (clock clk_i rise edge)      0.000     0.000 r  
    Y9                                                0.000     0.000 r  clk_i (IN)
                         net (fo=0)                   0.000     0.000    clk_i
    Y9                   IBUF (Prop_ibuf_I_O)         0.446     0.446 r  clk_i_IBUF_inst/O
                         net (fo=1, routed)           0.719     1.165    clk_i_IBUF
    BUFGCTRL_X0Y0        BUFG (Prop_bufg_I_O)         0.029     1.194 r  clk_i_IBUF_BUFG_inst/O
                         net (fo=40542, routed)       0.849     2.043    u_soc/u_tx_top/u_huffman_aes_tx_top/u_file_huffman_builder/clk_i
    SLICE_X58Y40         FDCE                                         r  u_soc/u_tx_top/u_huffman_aes_tx_top/u_file_huffman_builder/error_flag_reg/C
                         clock pessimism             -0.247     1.796    
    SLICE_X58Y40         FDCE (Hold_fdce_C_D)         0.121     1.917    u_soc/u_tx_top/u_huffman_aes_tx_top/u_file_huffman_builder/error_flag_reg
  -------------------------------------------------------------------
                         required time                         -1.917    
                         arrival time                           2.006    
  -------------------------------------------------------------------
                         slack                                  0.089    

Slack (MET) :             0.094ns  (arrival time - required time)
  Source:                 u_soc/u_dma_tx_engine/bytes_remaining_r_reg[14]/C
                            (rising edge-triggered cell FDRE clocked by clk_i  {rise@0.000ns fall@10.000ns period=20.000ns})
  Destination:            u_soc/u_dma_tx_engine/current_block_bytes_r_reg[14]/D
                            (rising edge-triggered cell FDRE clocked by clk_i  {rise@0.000ns fall@10.000ns period=20.000ns})
  Path Group:             clk_i
  Path Type:              Hold (Min at Fast Process Corner)
  Requirement:            0.000ns  (clk_i rise@0.000ns - clk_i rise@0.000ns)
  Data Path Delay:        0.445ns  (logic 0.186ns (41.793%)  route 0.259ns (58.207%))
  Logic Levels:           1  (LUT4=1)
  Clock Path Skew:        0.259ns (DCD - SCD - CPR)
    Destination Clock Delay (DCD):    2.018ns
    Source Clock Delay      (SCD):    1.507ns
    Clock Pessimism Removal (CPR):    0.252ns

    Location             Delay type                Incr(ns)  Path(ns)    Netlist Resource(s)
  -------------------------------------------------------------------    -------------------
                         (clock clk_i rise edge)      0.000     0.000 r  
    Y9                                                0.000     0.000 r  clk_i (IN)
                         net (fo=0)                   0.000     0.000    clk_i
    Y9                   IBUF (Prop_ibuf_I_O)         0.258     0.258 r  clk_i_IBUF_inst/O
                         net (fo=1, routed)           0.663     0.921    clk_i_IBUF
    BUFGCTRL_X0Y0        BUFG (Prop_bufg_I_O)         0.026     0.947 r  clk_i_IBUF_BUFG_inst/O
                         net (fo=40542, routed)       0.560     1.507    u_soc/u_dma_tx_engine/clk_i
    SLICE_X49Y0          FDRE                                         r  u_soc/u_dma_tx_engine/bytes_remaining_r_reg[14]/C
  -------------------------------------------------------------------    -------------------
    SLICE_X49Y0          FDRE (Prop_fdre_C_Q)         0.141     1.648 r  u_soc/u_dma_tx_engine/bytes_remaining_r_reg[14]/Q
                         net (fo=8, routed)           0.259     1.907    u_soc/u_dma_tx_engine/bytes_remaining_r_reg_n_0_[14]
    SLICE_X51Y0          LUT4 (Prop_lut4_I1_O)        0.045     1.952 r  u_soc/u_dma_tx_engine/current_block_bytes_r[14]_i_1/O
                         net (fo=1, routed)           0.000     1.952    u_soc/u_dma_tx_engine/current_block_bytes_r[14]_i_1_n_0
    SLICE_X51Y0          FDRE                                         r  u_soc/u_dma_tx_engine/current_block_bytes_r_reg[14]/D
  -------------------------------------------------------------------    -------------------

                         (clock clk_i rise edge)      0.000     0.000 r  
    Y9                                                0.000     0.000 r  clk_i (IN)
                         net (fo=0)                   0.000     0.000    clk_i
    Y9                   IBUF (Prop_ibuf_I_O)         0.446     0.446 r  clk_i_IBUF_inst/O
                         net (fo=1, routed)           0.719     1.165    clk_i_IBUF
    BUFGCTRL_X0Y0        BUFG (Prop_bufg_I_O)         0.029     1.194 r  clk_i_IBUF_BUFG_inst/O
                         net (fo=40542, routed)       0.824     2.018    u_soc/u_dma_tx_engine/clk_i
    SLICE_X51Y0          FDRE                                         r  u_soc/u_dma_tx_engine/current_block_bytes_r_reg[14]/C
                         clock pessimism             -0.252     1.766    
    SLICE_X51Y0          FDRE (Hold_fdre_C_D)         0.092     1.858    u_soc/u_dma_tx_engine/current_block_bytes_r_reg[14]
  -------------------------------------------------------------------
                         required time                         -1.858    
                         arrival time                           1.952    
  -------------------------------------------------------------------
                         slack                                  0.094    

Slack (MET) :             0.095ns  (arrival time - required time)
  Source:                 u_soc/u_dma_tx_engine/cfg_block_size_r_reg[0]/C
                            (rising edge-triggered cell FDRE clocked by clk_i  {rise@0.000ns fall@10.000ns period=20.000ns})
  Destination:            u_soc/u_dma_tx_engine/current_block_bytes_r_reg[0]/D
                            (rising edge-triggered cell FDRE clocked by clk_i  {rise@0.000ns fall@10.000ns period=20.000ns})
  Path Group:             clk_i
  Path Type:              Hold (Min at Fast Process Corner)
  Requirement:            0.000ns  (clk_i rise@0.000ns - clk_i rise@0.000ns)
  Data Path Delay:        0.453ns  (logic 0.186ns (41.043%)  route 0.267ns (58.957%))
  Logic Levels:           1  (LUT5=1)
  Clock Path Skew:        0.266ns (DCD - SCD - CPR)
    Destination Clock Delay (DCD):    2.022ns
    Source Clock Delay      (SCD):    1.504ns
    Clock Pessimism Removal (CPR):    0.252ns

    Location             Delay type                Incr(ns)  Path(ns)    Netlist Resource(s)
  -------------------------------------------------------------------    -------------------
                         (clock clk_i rise edge)      0.000     0.000 r  
    Y9                                                0.000     0.000 r  clk_i (IN)
                         net (fo=0)                   0.000     0.000    clk_i
    Y9                   IBUF (Prop_ibuf_I_O)         0.258     0.258 r  clk_i_IBUF_inst/O
                         net (fo=1, routed)           0.663     0.921    clk_i_IBUF
    BUFGCTRL_X0Y0        BUFG (Prop_bufg_I_O)         0.026     0.947 r  clk_i_IBUF_BUFG_inst/O
                         net (fo=40542, routed)       0.557     1.504    u_soc/u_dma_tx_engine/clk_i
    SLICE_X51Y2          FDRE                                         r  u_soc/u_dma_tx_engine/cfg_block_size_r_reg[0]/C
  -------------------------------------------------------------------    -------------------
    SLICE_X51Y2          FDRE (Prop_fdre_C_Q)         0.141     1.645 r  u_soc/u_dma_tx_engine/cfg_block_size_r_reg[0]/Q
                         net (fo=7, routed)           0.267     1.912    u_soc/u_dma_tx_engine/cfg_block_size_r[0]
    SLICE_X48Y0          LUT5 (Prop_lut5_I2_O)        0.045     1.957 r  u_soc/u_dma_tx_engine/current_block_bytes_r[0]_i_1/O
                         net (fo=1, routed)           0.000     1.957    u_soc/u_dma_tx_engine/current_block_bytes_r[0]_i_1_n_0
    SLICE_X48Y0          FDRE                                         r  u_soc/u_dma_tx_engine/current_block_bytes_r_reg[0]/D
  -------------------------------------------------------------------    -------------------

                         (clock clk_i rise edge)      0.000     0.000 r  
    Y9                                                0.000     0.000 r  clk_i (IN)
                         net (fo=0)                   0.000     0.000    clk_i
    Y9                   IBUF (Prop_ibuf_I_O)         0.446     0.446 r  clk_i_IBUF_inst/O
                         net (fo=1, routed)           0.719     1.165    clk_i_IBUF
    BUFGCTRL_X0Y0        BUFG (Prop_bufg_I_O)         0.029     1.194 r  clk_i_IBUF_BUFG_inst/O
                         net (fo=40542, routed)       0.828     2.022    u_soc/u_dma_tx_engine/clk_i
    SLICE_X48Y0          FDRE                                         r  u_soc/u_dma_tx_engine/current_block_bytes_r_reg[0]/C
                         clock pessimism             -0.252     1.770    
    SLICE_X48Y0          FDRE (Hold_fdre_C_D)         0.092     1.862    u_soc/u_dma_tx_engine/current_block_bytes_r_reg[0]
  -------------------------------------------------------------------
                         required time                         -1.862    
                         arrival time                           1.957    
  -------------------------------------------------------------------
                         slack                                  0.095    

Slack (MET) :             0.095ns  (arrival time - required time)
  Source:                 u_soc/u_dma_tx_engine/apb_wdata_r_reg[5]/C
                            (rising edge-triggered cell FDRE clocked by clk_i  {rise@0.000ns fall@10.000ns period=20.000ns})
  Destination:            u_soc/u_tx_top/u_apb_huffman_tx_if/fifo_mem_reg[0][5]/D
                            (rising edge-triggered cell FDCE clocked by clk_i  {rise@0.000ns fall@10.000ns period=20.000ns})
  Path Group:             clk_i
  Path Type:              Hold (Min at Fast Process Corner)
  Requirement:            0.000ns  (clk_i rise@0.000ns - clk_i rise@0.000ns)
  Data Path Delay:        0.425ns  (logic 0.141ns (33.184%)  route 0.284ns (66.816%))
  Logic Levels:           0  
  Clock Path Skew:        0.257ns (DCD - SCD - CPR)
    Destination Clock Delay (DCD):    2.017ns
    Source Clock Delay      (SCD):    1.508ns
    Clock Pessimism Removal (CPR):    0.252ns

    Location             Delay type                Incr(ns)  Path(ns)    Netlist Resource(s)
  -------------------------------------------------------------------    -------------------
                         (clock clk_i rise edge)      0.000     0.000 r  
    Y9                                                0.000     0.000 r  clk_i (IN)
                         net (fo=0)                   0.000     0.000    clk_i
    Y9                   IBUF (Prop_ibuf_I_O)         0.258     0.258 r  clk_i_IBUF_inst/O
                         net (fo=1, routed)           0.663     0.921    clk_i_IBUF
    BUFGCTRL_X0Y0        BUFG (Prop_bufg_I_O)         0.026     0.947 r  clk_i_IBUF_BUFG_inst/O
                         net (fo=40542, routed)       0.561     1.508    u_soc/u_dma_tx_engine/clk_i
    SLICE_X44Y1          FDRE                                         r  u_soc/u_dma_tx_engine/apb_wdata_r_reg[5]/C
  -------------------------------------------------------------------    -------------------
    SLICE_X44Y1          FDRE (Prop_fdre_C_Q)         0.141     1.649 r  u_soc/u_dma_tx_engine/apb_wdata_r_reg[5]/Q
                         net (fo=12, routed)          0.284     1.933    u_soc/u_tx_top/u_apb_huffman_tx_if/fifo_mem_reg[6][31]_0[5]
    SLICE_X53Y6          FDCE                                         r  u_soc/u_tx_top/u_apb_huffman_tx_if/fifo_mem_reg[0][5]/D
  -------------------------------------------------------------------    -------------------

                         (clock clk_i rise edge)      0.000     0.000 r  
    Y9                                                0.000     0.000 r  clk_i (IN)
                         net (fo=0)                   0.000     0.000    clk_i
    Y9                   IBUF (Prop_ibuf_I_O)         0.446     0.446 r  clk_i_IBUF_inst/O
                         net (fo=1, routed)           0.719     1.165    clk_i_IBUF
    BUFGCTRL_X0Y0        BUFG (Prop_bufg_I_O)         0.029     1.194 r  clk_i_IBUF_BUFG_inst/O
                         net (fo=40542, routed)       0.823     2.017    u_soc/u_tx_top/u_apb_huffman_tx_if/clk_i
    SLICE_X53Y6          FDCE                                         r  u_soc/u_tx_top/u_apb_huffman_tx_if/fifo_mem_reg[0][5]/C
                         clock pessimism             -0.252     1.765    
    SLICE_X53Y6          FDCE (Hold_fdce_C_D)         0.072     1.837    u_soc/u_tx_top/u_apb_huffman_tx_if/fifo_mem_reg[0][5]
  -------------------------------------------------------------------
                         required time                         -1.837    
                         arrival time                           1.933    
  -------------------------------------------------------------------
                         slack                                  0.095    

Slack (MET) :             0.103ns  (arrival time - required time)
  Source:                 u_soc/u_dma_tx_engine/bytes_remaining_r_reg[15]/C
                            (rising edge-triggered cell FDRE clocked by clk_i  {rise@0.000ns fall@10.000ns period=20.000ns})
  Destination:            u_soc/u_dma_tx_engine/current_block_bytes_r_reg[15]/D
                            (rising edge-triggered cell FDRE clocked by clk_i  {rise@0.000ns fall@10.000ns period=20.000ns})
  Path Group:             clk_i
  Path Type:              Hold (Min at Fast Process Corner)
  Requirement:            0.000ns  (clk_i rise@0.000ns - clk_i rise@0.000ns)
  Data Path Delay:        0.469ns  (logic 0.184ns (39.270%)  route 0.285ns (60.730%))
  Logic Levels:           1  (LUT4=1)
  Clock Path Skew:        0.258ns (DCD - SCD - CPR)
    Destination Clock Delay (DCD):    2.018ns
    Source Clock Delay      (SCD):    1.508ns
    Clock Pessimism Removal (CPR):    0.252ns

    Location             Delay type                Incr(ns)  Path(ns)    Netlist Resource(s)
  -------------------------------------------------------------------    -------------------
                         (clock clk_i rise edge)      0.000     0.000 r  
    Y9                                                0.000     0.000 r  clk_i (IN)
                         net (fo=0)                   0.000     0.000    clk_i
    Y9                   IBUF (Prop_ibuf_I_O)         0.258     0.258 r  clk_i_IBUF_inst/O
                         net (fo=1, routed)           0.663     0.921    clk_i_IBUF
    BUFGCTRL_X0Y0        BUFG (Prop_bufg_I_O)         0.026     0.947 r  clk_i_IBUF_BUFG_inst/O
                         net (fo=40542, routed)       0.561     1.508    u_soc/u_dma_tx_engine/clk_i
    SLICE_X47Y1          FDRE                                         r  u_soc/u_dma_tx_engine/bytes_remaining_r_reg[15]/C
  -------------------------------------------------------------------    -------------------
    SLICE_X47Y1          FDRE (Prop_fdre_C_Q)         0.141     1.649 r  u_soc/u_dma_tx_engine/bytes_remaining_r_reg[15]/Q
                         net (fo=8, routed)           0.285     1.933    u_soc/u_dma_tx_engine/bytes_remaining_r_reg_n_0_[15]
    SLICE_X51Y0          LUT4 (Prop_lut4_I1_O)        0.043     1.976 r  u_soc/u_dma_tx_engine/current_block_bytes_r[15]_i_1/O
                         net (fo=1, routed)           0.000     1.976    u_soc/u_dma_tx_engine/current_block_bytes_r[15]_i_1_n_0
    SLICE_X51Y0          FDRE                                         r  u_soc/u_dma_tx_engine/current_block_bytes_r_reg[15]/D
  -------------------------------------------------------------------    -------------------

                         (clock clk_i rise edge)      0.000     0.000 r  
    Y9                                                0.000     0.000 r  clk_i (IN)
                         net (fo=0)                   0.000     0.000    clk_i
    Y9                   IBUF (Prop_ibuf_I_O)         0.446     0.446 r  clk_i_IBUF_inst/O
                         net (fo=1, routed)           0.719     1.165    clk_i_IBUF
    BUFGCTRL_X0Y0        BUFG (Prop_bufg_I_O)         0.029     1.194 r  clk_i_IBUF_BUFG_inst/O
                         net (fo=40542, routed)       0.824     2.018    u_soc/u_dma_tx_engine/clk_i
    SLICE_X51Y0          FDRE                                         r  u_soc/u_dma_tx_engine/current_block_bytes_r_reg[15]/C
                         clock pessimism             -0.252     1.766    
    SLICE_X51Y0          FDRE (Hold_fdre_C_D)         0.107     1.873    u_soc/u_dma_tx_engine/current_block_bytes_r_reg[15]
  -------------------------------------------------------------------
                         required time                         -1.873    
                         arrival time                           1.976    
  -------------------------------------------------------------------
                         slack                                  0.103    





Pulse Width Checks
--------------------------------------------------------------------------------------
Clock Name:         clk_i
Waveform(ns):       { 0.000 10.000 }
Period(ns):         20.000
Sources:            { clk_i }

Check Type        Corner  Lib Pin             Reference Pin  Required(ns)  Actual(ns)  Slack(ns)  Location      Pin
Min Period        n/a     RAMB36E1/CLKARDCLK  n/a            2.944         20.000      17.056     RAMB36_X2Y0   u_soc/u_dmem/u_dmem_ip/mem_reg_0_0/CLKARDCLK
Min Period        n/a     RAMB36E1/CLKBWRCLK  n/a            2.944         20.000      17.056     RAMB36_X2Y0   u_soc/u_dmem/u_dmem_ip/mem_reg_0_0/CLKBWRCLK
Min Period        n/a     RAMB36E1/CLKARDCLK  n/a            2.944         20.000      17.056     RAMB36_X3Y1   u_soc/u_dmem/u_dmem_ip/mem_reg_0_1/CLKARDCLK
Min Period        n/a     RAMB36E1/CLKBWRCLK  n/a            2.944         20.000      17.056     RAMB36_X3Y1   u_soc/u_dmem/u_dmem_ip/mem_reg_0_1/CLKBWRCLK
Min Period        n/a     RAMB36E1/CLKARDCLK  n/a            2.944         20.000      17.056     RAMB36_X3Y2   u_soc/u_dmem/u_dmem_ip/mem_reg_1_0/CLKARDCLK
Min Period        n/a     RAMB36E1/CLKBWRCLK  n/a            2.944         20.000      17.056     RAMB36_X3Y2   u_soc/u_dmem/u_dmem_ip/mem_reg_1_0/CLKBWRCLK
Min Period        n/a     RAMB36E1/CLKARDCLK  n/a            2.944         20.000      17.056     RAMB36_X3Y3   u_soc/u_dmem/u_dmem_ip/mem_reg_1_1/CLKARDCLK
Min Period        n/a     RAMB36E1/CLKBWRCLK  n/a            2.944         20.000      17.056     RAMB36_X3Y3   u_soc/u_dmem/u_dmem_ip/mem_reg_1_1/CLKBWRCLK
Min Period        n/a     RAMB36E1/CLKARDCLK  n/a            2.944         20.000      17.056     RAMB36_X2Y1   u_soc/u_dmem/u_dmem_ip/mem_reg_2_0/CLKARDCLK
Min Period        n/a     RAMB36E1/CLKBWRCLK  n/a            2.944         20.000      17.056     RAMB36_X2Y1   u_soc/u_dmem/u_dmem_ip/mem_reg_2_0/CLKBWRCLK
Low Pulse Width   Slow    RAMD64E/CLK         n/a            1.250         10.000      8.750      SLICE_X58Y35  u_soc/u_tx_top/u_huffman_aes_tx_top/u_file_huffman_builder/u_canonical_code_generator/code_len_mem_reg_r1_0_63_0_2/RAMA/CLK
Low Pulse Width   Fast    RAMD64E/CLK         n/a            1.250         10.000      8.750      SLICE_X58Y35  u_soc/u_tx_top/u_huffman_aes_tx_top/u_file_huffman_builder/u_canonical_code_generator/code_len_mem_reg_r1_0_63_0_2/RAMA/CLK
Low Pulse Width   Slow    RAMD64E/CLK         n/a            1.250         10.000      8.750      SLICE_X58Y35  u_soc/u_tx_top/u_huffman_aes_tx_top/u_file_huffman_builder/u_canonical_code_generator/code_len_mem_reg_r1_0_63_0_2/RAMB/CLK
Low Pulse Width   Fast    RAMD64E/CLK         n/a            1.250         10.000      8.750      SLICE_X58Y35  u_soc/u_tx_top/u_huffman_aes_tx_top/u_file_huffman_builder/u_canonical_code_generator/code_len_mem_reg_r1_0_63_0_2/RAMB/CLK
Low Pulse Width   Slow    RAMD64E/CLK         n/a            1.250         10.000      8.750      SLICE_X58Y35  u_soc/u_tx_top/u_huffman_aes_tx_top/u_file_huffman_builder/u_canonical_code_generator/code_len_mem_reg_r1_0_63_0_2/RAMC/CLK
Low Pulse Width   Fast    RAMD64E/CLK         n/a            1.250         10.000      8.750      SLICE_X58Y35  u_soc/u_tx_top/u_huffman_aes_tx_top/u_file_huffman_builder/u_canonical_code_generator/code_len_mem_reg_r1_0_63_0_2/RAMC/CLK
Low Pulse Width   Slow    RAMD64E/CLK         n/a            1.250         10.000      8.750      SLICE_X58Y35  u_soc/u_tx_top/u_huffman_aes_tx_top/u_file_huffman_builder/u_canonical_code_generator/code_len_mem_reg_r1_0_63_0_2/RAMD/CLK
Low Pulse Width   Fast    RAMD64E/CLK         n/a            1.250         10.000      8.750      SLICE_X58Y35  u_soc/u_tx_top/u_huffman_aes_tx_top/u_file_huffman_builder/u_canonical_code_generator/code_len_mem_reg_r1_0_63_0_2/RAMD/CLK
Low Pulse Width   Slow    RAMD64E/CLK         n/a            1.250         10.000      8.750      SLICE_X58Y36  u_soc/u_tx_top/u_huffman_aes_tx_top/u_file_huffman_builder/u_canonical_code_generator/code_len_mem_reg_r1_0_63_3_4/DP/CLK
Low Pulse Width   Fast    RAMD64E/CLK         n/a            1.250         10.000      8.750      SLICE_X58Y36  u_soc/u_tx_top/u_huffman_aes_tx_top/u_file_huffman_builder/u_canonical_code_generator/code_len_mem_reg_r1_0_63_3_4/DP/CLK
High Pulse Width  Slow    RAMD64E/CLK         n/a            1.250         10.000      8.750      SLICE_X58Y35  u_soc/u_tx_top/u_huffman_aes_tx_top/u_file_huffman_builder/u_canonical_code_generator/code_len_mem_reg_r1_0_63_0_2/RAMA/CLK
High Pulse Width  Fast    RAMD64E/CLK         n/a            1.250         10.000      8.750      SLICE_X58Y35  u_soc/u_tx_top/u_huffman_aes_tx_top/u_file_huffman_builder/u_canonical_code_generator/code_len_mem_reg_r1_0_63_0_2/RAMA/CLK
High Pulse Width  Slow    RAMD64E/CLK         n/a            1.250         10.000      8.750      SLICE_X58Y35  u_soc/u_tx_top/u_huffman_aes_tx_top/u_file_huffman_builder/u_canonical_code_generator/code_len_mem_reg_r1_0_63_0_2/RAMB/CLK
High Pulse Width  Fast    RAMD64E/CLK         n/a            1.250         10.000      8.750      SLICE_X58Y35  u_soc/u_tx_top/u_huffman_aes_tx_top/u_file_huffman_builder/u_canonical_code_generator/code_len_mem_reg_r1_0_63_0_2/RAMB/CLK
High Pulse Width  Slow    RAMD64E/CLK         n/a            1.250         10.000      8.750      SLICE_X58Y35  u_soc/u_tx_top/u_huffman_aes_tx_top/u_file_huffman_builder/u_canonical_code_generator/code_len_mem_reg_r1_0_63_0_2/RAMC/CLK
High Pulse Width  Fast    RAMD64E/CLK         n/a            1.250         10.000      8.750      SLICE_X58Y35  u_soc/u_tx_top/u_huffman_aes_tx_top/u_file_huffman_builder/u_canonical_code_generator/code_len_mem_reg_r1_0_63_0_2/RAMC/CLK
High Pulse Width  Slow    RAMD64E/CLK         n/a            1.250         10.000      8.750      SLICE_X58Y35  u_soc/u_tx_top/u_huffman_aes_tx_top/u_file_huffman_builder/u_canonical_code_generator/code_len_mem_reg_r1_0_63_0_2/RAMD/CLK
High Pulse Width  Fast    RAMD64E/CLK         n/a            1.250         10.000      8.750      SLICE_X58Y35  u_soc/u_tx_top/u_huffman_aes_tx_top/u_file_huffman_builder/u_canonical_code_generator/code_len_mem_reg_r1_0_63_0_2/RAMD/CLK
High Pulse Width  Slow    RAMD64E/CLK         n/a            1.250         10.000      8.750      SLICE_X58Y36  u_soc/u_tx_top/u_huffman_aes_tx_top/u_file_huffman_builder/u_canonical_code_generator/code_len_mem_reg_r1_0_63_3_4/DP/CLK
High Pulse Width  Fast    RAMD64E/CLK         n/a            1.250         10.000      8.750      SLICE_X58Y36  u_soc/u_tx_top/u_huffman_aes_tx_top/u_file_huffman_builder/u_canonical_code_generator/code_len_mem_reg_r1_0_63_3_4/DP/CLK



---------------------------------------------------------------------------------------------------
Path Group:  **async_default**
From Clock:  clk_i
  To Clock:  clk_i

Setup :            0  Failing Endpoints,  Worst Slack        0.974ns,  Total Violation        0.000ns
Hold  :            0  Failing Endpoints,  Worst Slack        1.337ns,  Total Violation        0.000ns
---------------------------------------------------------------------------------------------------


Max Delay Paths
--------------------------------------------------------------------------------------
Slack (MET) :             0.974ns  (required time - arrival time)
  Source:                 por_shift_r_reg[8]/C
                            (rising edge-triggered cell FDRE clocked by clk_i  {rise@0.000ns fall@10.000ns period=20.000ns})
  Destination:            u_soc/u_tx_top/u_huffman_aes_tx_top/u_file_huffman_builder/u_code_length_builder/node_active_reg[277]/CLR
                            (recovery check against rising-edge clock clk_i  {rise@0.000ns fall@10.000ns period=20.000ns})
  Path Group:             **async_default**
  Path Type:              Recovery (Max at Slow Process Corner)
  Requirement:            20.000ns  (clk_i rise@20.000ns - clk_i rise@0.000ns)
  Data Path Delay:        18.446ns  (logic 0.966ns (5.237%)  route 17.480ns (94.763%))
  Logic Levels:           3  (LUT2=1 LUT5=1 LUT6=1)
  Clock Path Skew:        -0.226ns (DCD - SCD + CPR)
    Destination Clock Delay (DCD):    5.128ns = ( 25.128 - 20.000 ) 
    Source Clock Delay      (SCD):    5.633ns
    Clock Pessimism Removal (CPR):    0.280ns
  Clock Uncertainty:      0.035ns  ((TSJ^2 + TIJ^2)^1/2 + DJ) / 2 + PE
    Total System Jitter     (TSJ):    0.071ns
    Total Input Jitter      (TIJ):    0.000ns
    Discrete Jitter          (DJ):    0.000ns
    Phase Error              (PE):    0.000ns

    Location             Delay type                Incr(ns)  Path(ns)    Netlist Resource(s)
  -------------------------------------------------------------------    -------------------
                         (clock clk_i rise edge)      0.000     0.000 r  
    Y9                                                0.000     0.000 r  clk_i (IN)
                         net (fo=0)                   0.000     0.000    clk_i
    Y9                   IBUF (Prop_ibuf_I_O)         1.490     1.490 r  clk_i_IBUF_inst/O
                         net (fo=1, routed)           2.171     3.661    clk_i_IBUF
    BUFGCTRL_X0Y0        BUFG (Prop_bufg_I_O)         0.101     3.762 r  clk_i_IBUF_BUFG_inst/O
                         net (fo=40542, routed)       1.871     5.633    clk_i_IBUF_BUFG
    SLICE_X106Y15        FDRE                                         r  por_shift_r_reg[8]/C
  -------------------------------------------------------------------    -------------------
    SLICE_X106Y15        FDRE (Prop_fdre_C_Q)         0.419     6.052 f  por_shift_r_reg[8]/Q
                         net (fo=2, routed)           1.429     7.481    u_uart_dmem_loader/u_uart_rx/Q[8]
    SLICE_X107Y3         LUT5 (Prop_lut5_I2_O)        0.299     7.780 f  u_uart_dmem_loader/u_uart_rx/FSM_sequential_state_r[1]_i_5/O
                         net (fo=1, routed)           1.027     8.807    u_uart_dmem_loader/u_uart_rx/FSM_sequential_state_r[1]_i_5_n_0
    SLICE_X106Y14        LUT6 (Prop_lut6_I5_O)        0.124     8.931 f  u_uart_dmem_loader/u_uart_rx/FSM_sequential_state_r[1]_i_1/O
                         net (fo=395, routed)         1.400    10.331    u_uart_dmem_loader/por_rst_w
    SLICE_X95Y34         LUT2 (Prop_lut2_I0_O)        0.124    10.455 f  u_uart_dmem_loader/u_soc_i_1/O
                         net (fo=10655, routed)      13.624    24.079    u_soc/u_tx_top/u_huffman_aes_tx_top/u_file_huffman_builder/u_code_length_builder/rst_i
    SLICE_X32Y119        FDCE                                         f  u_soc/u_tx_top/u_huffman_aes_tx_top/u_file_huffman_builder/u_code_length_builder/node_active_reg[277]/CLR
  -------------------------------------------------------------------    -------------------

                         (clock clk_i rise edge)     20.000    20.000 r  
    Y9                                                0.000    20.000 r  clk_i (IN)
                         net (fo=0)                   0.000    20.000    clk_i
    Y9                   IBUF (Prop_ibuf_I_O)         1.420    21.420 r  clk_i_IBUF_inst/O
                         net (fo=1, routed)           1.972    23.392    clk_i_IBUF
    BUFGCTRL_X0Y0        BUFG (Prop_bufg_I_O)         0.091    23.483 r  clk_i_IBUF_BUFG_inst/O
                         net (fo=40542, routed)       1.645    25.128    u_soc/u_tx_top/u_huffman_aes_tx_top/u_file_huffman_builder/u_code_length_builder/clk_i
    SLICE_X32Y119        FDCE                                         r  u_soc/u_tx_top/u_huffman_aes_tx_top/u_file_huffman_builder/u_code_length_builder/node_active_reg[277]/C
                         clock pessimism              0.280    25.407    
                         clock uncertainty           -0.035    25.372    
    SLICE_X32Y119        FDCE (Recov_fdce_C_CLR)     -0.319    25.053    u_soc/u_tx_top/u_huffman_aes_tx_top/u_file_huffman_builder/u_code_length_builder/node_active_reg[277]
  -------------------------------------------------------------------
                         required time                         25.053    
                         arrival time                         -24.079    
  -------------------------------------------------------------------
                         slack                                  0.974    

Slack (MET) :             0.974ns  (required time - arrival time)
  Source:                 por_shift_r_reg[8]/C
                            (rising edge-triggered cell FDRE clocked by clk_i  {rise@0.000ns fall@10.000ns period=20.000ns})
  Destination:            u_soc/u_tx_top/u_huffman_aes_tx_top/u_file_huffman_builder/u_code_length_builder/node_active_reg[279]/CLR
                            (recovery check against rising-edge clock clk_i  {rise@0.000ns fall@10.000ns period=20.000ns})
  Path Group:             **async_default**
  Path Type:              Recovery (Max at Slow Process Corner)
  Requirement:            20.000ns  (clk_i rise@20.000ns - clk_i rise@0.000ns)
  Data Path Delay:        18.446ns  (logic 0.966ns (5.237%)  route 17.480ns (94.763%))
  Logic Levels:           3  (LUT2=1 LUT5=1 LUT6=1)
  Clock Path Skew:        -0.226ns (DCD - SCD + CPR)
    Destination Clock Delay (DCD):    5.128ns = ( 25.128 - 20.000 ) 
    Source Clock Delay      (SCD):    5.633ns
    Clock Pessimism Removal (CPR):    0.280ns
  Clock Uncertainty:      0.035ns  ((TSJ^2 + TIJ^2)^1/2 + DJ) / 2 + PE
    Total System Jitter     (TSJ):    0.071ns
    Total Input Jitter      (TIJ):    0.000ns
    Discrete Jitter          (DJ):    0.000ns
    Phase Error              (PE):    0.000ns

    Location             Delay type                Incr(ns)  Path(ns)    Netlist Resource(s)
  -------------------------------------------------------------------    -------------------
                         (clock clk_i rise edge)      0.000     0.000 r  
    Y9                                                0.000     0.000 r  clk_i (IN)
                         net (fo=0)                   0.000     0.000    clk_i
    Y9                   IBUF (Prop_ibuf_I_O)         1.490     1.490 r  clk_i_IBUF_inst/O
                         net (fo=1, routed)           2.171     3.661    clk_i_IBUF
    BUFGCTRL_X0Y0        BUFG (Prop_bufg_I_O)         0.101     3.762 r  clk_i_IBUF_BUFG_inst/O
                         net (fo=40542, routed)       1.871     5.633    clk_i_IBUF_BUFG
    SLICE_X106Y15        FDRE                                         r  por_shift_r_reg[8]/C
  -------------------------------------------------------------------    -------------------
    SLICE_X106Y15        FDRE (Prop_fdre_C_Q)         0.419     6.052 f  por_shift_r_reg[8]/Q
                         net (fo=2, routed)           1.429     7.481    u_uart_dmem_loader/u_uart_rx/Q[8]
    SLICE_X107Y3         LUT5 (Prop_lut5_I2_O)        0.299     7.780 f  u_uart_dmem_loader/u_uart_rx/FSM_sequential_state_r[1]_i_5/O
                         net (fo=1, routed)           1.027     8.807    u_uart_dmem_loader/u_uart_rx/FSM_sequential_state_r[1]_i_5_n_0
    SLICE_X106Y14        LUT6 (Prop_lut6_I5_O)        0.124     8.931 f  u_uart_dmem_loader/u_uart_rx/FSM_sequential_state_r[1]_i_1/O
                         net (fo=395, routed)         1.400    10.331    u_uart_dmem_loader/por_rst_w
    SLICE_X95Y34         LUT2 (Prop_lut2_I0_O)        0.124    10.455 f  u_uart_dmem_loader/u_soc_i_1/O
                         net (fo=10655, routed)      13.624    24.079    u_soc/u_tx_top/u_huffman_aes_tx_top/u_file_huffman_builder/u_code_length_builder/rst_i
    SLICE_X32Y119        FDCE                                         f  u_soc/u_tx_top/u_huffman_aes_tx_top/u_file_huffman_builder/u_code_length_builder/node_active_reg[279]/CLR
  -------------------------------------------------------------------    -------------------

                         (clock clk_i rise edge)     20.000    20.000 r  
    Y9                                                0.000    20.000 r  clk_i (IN)
                         net (fo=0)                   0.000    20.000    clk_i
    Y9                   IBUF (Prop_ibuf_I_O)         1.420    21.420 r  clk_i_IBUF_inst/O
                         net (fo=1, routed)           1.972    23.392    clk_i_IBUF
    BUFGCTRL_X0Y0        BUFG (Prop_bufg_I_O)         0.091    23.483 r  clk_i_IBUF_BUFG_inst/O
                         net (fo=40542, routed)       1.645    25.128    u_soc/u_tx_top/u_huffman_aes_tx_top/u_file_huffman_builder/u_code_length_builder/clk_i
    SLICE_X32Y119        FDCE                                         r  u_soc/u_tx_top/u_huffman_aes_tx_top/u_file_huffman_builder/u_code_length_builder/node_active_reg[279]/C
                         clock pessimism              0.280    25.407    
                         clock uncertainty           -0.035    25.372    
    SLICE_X32Y119        FDCE (Recov_fdce_C_CLR)     -0.319    25.053    u_soc/u_tx_top/u_huffman_aes_tx_top/u_file_huffman_builder/u_code_length_builder/node_active_reg[279]
  -------------------------------------------------------------------
                         required time                         25.053    
                         arrival time                         -24.079    
  -------------------------------------------------------------------
                         slack                                  0.974    

Slack (MET) :             0.974ns  (required time - arrival time)
  Source:                 por_shift_r_reg[8]/C
                            (rising edge-triggered cell FDRE clocked by clk_i  {rise@0.000ns fall@10.000ns period=20.000ns})
  Destination:            u_soc/u_tx_top/u_huffman_aes_tx_top/u_file_huffman_builder/u_code_length_builder/node_active_reg[283]/CLR
                            (recovery check against rising-edge clock clk_i  {rise@0.000ns fall@10.000ns period=20.000ns})
  Path Group:             **async_default**
  Path Type:              Recovery (Max at Slow Process Corner)
  Requirement:            20.000ns  (clk_i rise@20.000ns - clk_i rise@0.000ns)
  Data Path Delay:        18.446ns  (logic 0.966ns (5.237%)  route 17.480ns (94.763%))
  Logic Levels:           3  (LUT2=1 LUT5=1 LUT6=1)
  Clock Path Skew:        -0.226ns (DCD - SCD + CPR)
    Destination Clock Delay (DCD):    5.128ns = ( 25.128 - 20.000 ) 
    Source Clock Delay      (SCD):    5.633ns
    Clock Pessimism Removal (CPR):    0.280ns
  Clock Uncertainty:      0.035ns  ((TSJ^2 + TIJ^2)^1/2 + DJ) / 2 + PE
    Total System Jitter     (TSJ):    0.071ns
    Total Input Jitter      (TIJ):    0.000ns
    Discrete Jitter          (DJ):    0.000ns
    Phase Error              (PE):    0.000ns

    Location             Delay type                Incr(ns)  Path(ns)    Netlist Resource(s)
  -------------------------------------------------------------------    -------------------
                         (clock clk_i rise edge)      0.000     0.000 r  
    Y9                                                0.000     0.000 r  clk_i (IN)
                         net (fo=0)                   0.000     0.000    clk_i
    Y9                   IBUF (Prop_ibuf_I_O)         1.490     1.490 r  clk_i_IBUF_inst/O
                         net (fo=1, routed)           2.171     3.661    clk_i_IBUF
    BUFGCTRL_X0Y0        BUFG (Prop_bufg_I_O)         0.101     3.762 r  clk_i_IBUF_BUFG_inst/O
                         net (fo=40542, routed)       1.871     5.633    clk_i_IBUF_BUFG
    SLICE_X106Y15        FDRE                                         r  por_shift_r_reg[8]/C
  -------------------------------------------------------------------    -------------------
    SLICE_X106Y15        FDRE (Prop_fdre_C_Q)         0.419     6.052 f  por_shift_r_reg[8]/Q
                         net (fo=2, routed)           1.429     7.481    u_uart_dmem_loader/u_uart_rx/Q[8]
    SLICE_X107Y3         LUT5 (Prop_lut5_I2_O)        0.299     7.780 f  u_uart_dmem_loader/u_uart_rx/FSM_sequential_state_r[1]_i_5/O
                         net (fo=1, routed)           1.027     8.807    u_uart_dmem_loader/u_uart_rx/FSM_sequential_state_r[1]_i_5_n_0
    SLICE_X106Y14        LUT6 (Prop_lut6_I5_O)        0.124     8.931 f  u_uart_dmem_loader/u_uart_rx/FSM_sequential_state_r[1]_i_1/O
                         net (fo=395, routed)         1.400    10.331    u_uart_dmem_loader/por_rst_w
    SLICE_X95Y34         LUT2 (Prop_lut2_I0_O)        0.124    10.455 f  u_uart_dmem_loader/u_soc_i_1/O
                         net (fo=10655, routed)      13.624    24.079    u_soc/u_tx_top/u_huffman_aes_tx_top/u_file_huffman_builder/u_code_length_builder/rst_i
    SLICE_X32Y119        FDCE                                         f  u_soc/u_tx_top/u_huffman_aes_tx_top/u_file_huffman_builder/u_code_length_builder/node_active_reg[283]/CLR
  -------------------------------------------------------------------    -------------------

                         (clock clk_i rise edge)     20.000    20.000 r  
    Y9                                                0.000    20.000 r  clk_i (IN)
                         net (fo=0)                   0.000    20.000    clk_i
    Y9                   IBUF (Prop_ibuf_I_O)         1.420    21.420 r  clk_i_IBUF_inst/O
                         net (fo=1, routed)           1.972    23.392    clk_i_IBUF
    BUFGCTRL_X0Y0        BUFG (Prop_bufg_I_O)         0.091    23.483 r  clk_i_IBUF_BUFG_inst/O
                         net (fo=40542, routed)       1.645    25.128    u_soc/u_tx_top/u_huffman_aes_tx_top/u_file_huffman_builder/u_code_length_builder/clk_i
    SLICE_X32Y119        FDCE                                         r  u_soc/u_tx_top/u_huffman_aes_tx_top/u_file_huffman_builder/u_code_length_builder/node_active_reg[283]/C
                         clock pessimism              0.280    25.407    
                         clock uncertainty           -0.035    25.372    
    SLICE_X32Y119        FDCE (Recov_fdce_C_CLR)     -0.319    25.053    u_soc/u_tx_top/u_huffman_aes_tx_top/u_file_huffman_builder/u_code_length_builder/node_active_reg[283]
  -------------------------------------------------------------------
                         required time                         25.053    
                         arrival time                         -24.079    
  -------------------------------------------------------------------
                         slack                                  0.974    

Slack (MET) :             0.974ns  (required time - arrival time)
  Source:                 por_shift_r_reg[8]/C
                            (rising edge-triggered cell FDRE clocked by clk_i  {rise@0.000ns fall@10.000ns period=20.000ns})
  Destination:            u_soc/u_tx_top/u_huffman_aes_tx_top/u_file_huffman_builder/u_code_length_builder/node_active_reg[286]/CLR
                            (recovery check against rising-edge clock clk_i  {rise@0.000ns fall@10.000ns period=20.000ns})
  Path Group:             **async_default**
  Path Type:              Recovery (Max at Slow Process Corner)
  Requirement:            20.000ns  (clk_i rise@20.000ns - clk_i rise@0.000ns)
  Data Path Delay:        18.446ns  (logic 0.966ns (5.237%)  route 17.480ns (94.763%))
  Logic Levels:           3  (LUT2=1 LUT5=1 LUT6=1)
  Clock Path Skew:        -0.226ns (DCD - SCD + CPR)
    Destination Clock Delay (DCD):    5.128ns = ( 25.128 - 20.000 ) 
    Source Clock Delay      (SCD):    5.633ns
    Clock Pessimism Removal (CPR):    0.280ns
  Clock Uncertainty:      0.035ns  ((TSJ^2 + TIJ^2)^1/2 + DJ) / 2 + PE
    Total System Jitter     (TSJ):    0.071ns
    Total Input Jitter      (TIJ):    0.000ns
    Discrete Jitter          (DJ):    0.000ns
    Phase Error              (PE):    0.000ns

    Location             Delay type                Incr(ns)  Path(ns)    Netlist Resource(s)
  -------------------------------------------------------------------    -------------------
                         (clock clk_i rise edge)      0.000     0.000 r  
    Y9                                                0.000     0.000 r  clk_i (IN)
                         net (fo=0)                   0.000     0.000    clk_i
    Y9                   IBUF (Prop_ibuf_I_O)         1.490     1.490 r  clk_i_IBUF_inst/O
                         net (fo=1, routed)           2.171     3.661    clk_i_IBUF
    BUFGCTRL_X0Y0        BUFG (Prop_bufg_I_O)         0.101     3.762 r  clk_i_IBUF_BUFG_inst/O
                         net (fo=40542, routed)       1.871     5.633    clk_i_IBUF_BUFG
    SLICE_X106Y15        FDRE                                         r  por_shift_r_reg[8]/C
  -------------------------------------------------------------------    -------------------
    SLICE_X106Y15        FDRE (Prop_fdre_C_Q)         0.419     6.052 f  por_shift_r_reg[8]/Q
                         net (fo=2, routed)           1.429     7.481    u_uart_dmem_loader/u_uart_rx/Q[8]
    SLICE_X107Y3         LUT5 (Prop_lut5_I2_O)        0.299     7.780 f  u_uart_dmem_loader/u_uart_rx/FSM_sequential_state_r[1]_i_5/O
                         net (fo=1, routed)           1.027     8.807    u_uart_dmem_loader/u_uart_rx/FSM_sequential_state_r[1]_i_5_n_0
    SLICE_X106Y14        LUT6 (Prop_lut6_I5_O)        0.124     8.931 f  u_uart_dmem_loader/u_uart_rx/FSM_sequential_state_r[1]_i_1/O
                         net (fo=395, routed)         1.400    10.331    u_uart_dmem_loader/por_rst_w
    SLICE_X95Y34         LUT2 (Prop_lut2_I0_O)        0.124    10.455 f  u_uart_dmem_loader/u_soc_i_1/O
                         net (fo=10655, routed)      13.624    24.079    u_soc/u_tx_top/u_huffman_aes_tx_top/u_file_huffman_builder/u_code_length_builder/rst_i
    SLICE_X32Y119        FDCE                                         f  u_soc/u_tx_top/u_huffman_aes_tx_top/u_file_huffman_builder/u_code_length_builder/node_active_reg[286]/CLR
  -------------------------------------------------------------------    -------------------

                         (clock clk_i rise edge)     20.000    20.000 r  
    Y9                                                0.000    20.000 r  clk_i (IN)
                         net (fo=0)                   0.000    20.000    clk_i
    Y9                   IBUF (Prop_ibuf_I_O)         1.420    21.420 r  clk_i_IBUF_inst/O
                         net (fo=1, routed)           1.972    23.392    clk_i_IBUF
    BUFGCTRL_X0Y0        BUFG (Prop_bufg_I_O)         0.091    23.483 r  clk_i_IBUF_BUFG_inst/O
                         net (fo=40542, routed)       1.645    25.128    u_soc/u_tx_top/u_huffman_aes_tx_top/u_file_huffman_builder/u_code_length_builder/clk_i
    SLICE_X32Y119        FDCE                                         r  u_soc/u_tx_top/u_huffman_aes_tx_top/u_file_huffman_builder/u_code_length_builder/node_active_reg[286]/C
                         clock pessimism              0.280    25.407    
                         clock uncertainty           -0.035    25.372    
    SLICE_X32Y119        FDCE (Recov_fdce_C_CLR)     -0.319    25.053    u_soc/u_tx_top/u_huffman_aes_tx_top/u_file_huffman_builder/u_code_length_builder/node_active_reg[286]
  -------------------------------------------------------------------
                         required time                         25.053    
                         arrival time                         -24.079    
  -------------------------------------------------------------------
                         slack                                  0.974    

Slack (MET) :             1.092ns  (required time - arrival time)
  Source:                 por_shift_r_reg[8]/C
                            (rising edge-triggered cell FDRE clocked by clk_i  {rise@0.000ns fall@10.000ns period=20.000ns})
  Destination:            u_soc/u_tx_top/u_huffman_aes_tx_top/u_file_huffman_builder/u_code_length_builder/node_active_reg[339]/CLR
                            (recovery check against rising-edge clock clk_i  {rise@0.000ns fall@10.000ns period=20.000ns})
  Path Group:             **async_default**
  Path Type:              Recovery (Max at Slow Process Corner)
  Requirement:            20.000ns  (clk_i rise@20.000ns - clk_i rise@0.000ns)
  Data Path Delay:        18.380ns  (logic 0.966ns (5.256%)  route 17.414ns (94.744%))
  Logic Levels:           3  (LUT2=1 LUT5=1 LUT6=1)
  Clock Path Skew:        -0.174ns (DCD - SCD + CPR)
    Destination Clock Delay (DCD):    5.180ns = ( 25.180 - 20.000 ) 
    Source Clock Delay      (SCD):    5.633ns
    Clock Pessimism Removal (CPR):    0.280ns
  Clock Uncertainty:      0.035ns  ((TSJ^2 + TIJ^2)^1/2 + DJ) / 2 + PE
    Total System Jitter     (TSJ):    0.071ns
    Total Input Jitter      (TIJ):    0.000ns
    Discrete Jitter          (DJ):    0.000ns
    Phase Error              (PE):    0.000ns

    Location             Delay type                Incr(ns)  Path(ns)    Netlist Resource(s)
  -------------------------------------------------------------------    -------------------
                         (clock clk_i rise edge)      0.000     0.000 r  
    Y9                                                0.000     0.000 r  clk_i (IN)
                         net (fo=0)                   0.000     0.000    clk_i
    Y9                   IBUF (Prop_ibuf_I_O)         1.490     1.490 r  clk_i_IBUF_inst/O
                         net (fo=1, routed)           2.171     3.661    clk_i_IBUF
    BUFGCTRL_X0Y0        BUFG (Prop_bufg_I_O)         0.101     3.762 r  clk_i_IBUF_BUFG_inst/O
                         net (fo=40542, routed)       1.871     5.633    clk_i_IBUF_BUFG
    SLICE_X106Y15        FDRE                                         r  por_shift_r_reg[8]/C
  -------------------------------------------------------------------    -------------------
    SLICE_X106Y15        FDRE (Prop_fdre_C_Q)         0.419     6.052 f  por_shift_r_reg[8]/Q
                         net (fo=2, routed)           1.429     7.481    u_uart_dmem_loader/u_uart_rx/Q[8]
    SLICE_X107Y3         LUT5 (Prop_lut5_I2_O)        0.299     7.780 f  u_uart_dmem_loader/u_uart_rx/FSM_sequential_state_r[1]_i_5/O
                         net (fo=1, routed)           1.027     8.807    u_uart_dmem_loader/u_uart_rx/FSM_sequential_state_r[1]_i_5_n_0
    SLICE_X106Y14        LUT6 (Prop_lut6_I5_O)        0.124     8.931 f  u_uart_dmem_loader/u_uart_rx/FSM_sequential_state_r[1]_i_1/O
                         net (fo=395, routed)         1.400    10.331    u_uart_dmem_loader/por_rst_w
    SLICE_X95Y34         LUT2 (Prop_lut2_I0_O)        0.124    10.455 f  u_uart_dmem_loader/u_soc_i_1/O
                         net (fo=10655, routed)      13.558    24.013    u_soc/u_tx_top/u_huffman_aes_tx_top/u_file_huffman_builder/u_code_length_builder/rst_i
    SLICE_X30Y114        FDCE                                         f  u_soc/u_tx_top/u_huffman_aes_tx_top/u_file_huffman_builder/u_code_length_builder/node_active_reg[339]/CLR
  -------------------------------------------------------------------    -------------------

                         (clock clk_i rise edge)     20.000    20.000 r  
    Y9                                                0.000    20.000 r  clk_i (IN)
                         net (fo=0)                   0.000    20.000    clk_i
    Y9                   IBUF (Prop_ibuf_I_O)         1.420    21.420 r  clk_i_IBUF_inst/O
                         net (fo=1, routed)           1.972    23.392    clk_i_IBUF
    BUFGCTRL_X0Y0        BUFG (Prop_bufg_I_O)         0.091    23.483 r  clk_i_IBUF_BUFG_inst/O
                         net (fo=40542, routed)       1.697    25.180    u_soc/u_tx_top/u_huffman_aes_tx_top/u_file_huffman_builder/u_code_length_builder/clk_i
    SLICE_X30Y114        FDCE                                         r  u_soc/u_tx_top/u_huffman_aes_tx_top/u_file_huffman_builder/u_code_length_builder/node_active_reg[339]/C
                         clock pessimism              0.280    25.459    
                         clock uncertainty           -0.035    25.424    
    SLICE_X30Y114        FDCE (Recov_fdce_C_CLR)     -0.319    25.105    u_soc/u_tx_top/u_huffman_aes_tx_top/u_file_huffman_builder/u_code_length_builder/node_active_reg[339]
  -------------------------------------------------------------------
                         required time                         25.105    
                         arrival time                         -24.013    
  -------------------------------------------------------------------
                         slack                                  1.092    

Slack (MET) :             1.092ns  (required time - arrival time)
  Source:                 por_shift_r_reg[8]/C
                            (rising edge-triggered cell FDRE clocked by clk_i  {rise@0.000ns fall@10.000ns period=20.000ns})
  Destination:            u_soc/u_tx_top/u_huffman_aes_tx_top/u_file_huffman_builder/u_code_length_builder/node_active_reg[340]/CLR
                            (recovery check against rising-edge clock clk_i  {rise@0.000ns fall@10.000ns period=20.000ns})
  Path Group:             **async_default**
  Path Type:              Recovery (Max at Slow Process Corner)
  Requirement:            20.000ns  (clk_i rise@20.000ns - clk_i rise@0.000ns)
  Data Path Delay:        18.380ns  (logic 0.966ns (5.256%)  route 17.414ns (94.744%))
  Logic Levels:           3  (LUT2=1 LUT5=1 LUT6=1)
  Clock Path Skew:        -0.174ns (DCD - SCD + CPR)
    Destination Clock Delay (DCD):    5.180ns = ( 25.180 - 20.000 ) 
    Source Clock Delay      (SCD):    5.633ns
    Clock Pessimism Removal (CPR):    0.280ns
  Clock Uncertainty:      0.035ns  ((TSJ^2 + TIJ^2)^1/2 + DJ) / 2 + PE
    Total System Jitter     (TSJ):    0.071ns
    Total Input Jitter      (TIJ):    0.000ns
    Discrete Jitter          (DJ):    0.000ns
    Phase Error              (PE):    0.000ns

    Location             Delay type                Incr(ns)  Path(ns)    Netlist Resource(s)
  -------------------------------------------------------------------    -------------------
                         (clock clk_i rise edge)      0.000     0.000 r  
    Y9                                                0.000     0.000 r  clk_i (IN)
                         net (fo=0)                   0.000     0.000    clk_i
    Y9                   IBUF (Prop_ibuf_I_O)         1.490     1.490 r  clk_i_IBUF_inst/O
                         net (fo=1, routed)           2.171     3.661    clk_i_IBUF
    BUFGCTRL_X0Y0        BUFG (Prop_bufg_I_O)         0.101     3.762 r  clk_i_IBUF_BUFG_inst/O
                         net (fo=40542, routed)       1.871     5.633    clk_i_IBUF_BUFG
    SLICE_X106Y15        FDRE                                         r  por_shift_r_reg[8]/C
  -------------------------------------------------------------------    -------------------
    SLICE_X106Y15        FDRE (Prop_fdre_C_Q)         0.419     6.052 f  por_shift_r_reg[8]/Q
                         net (fo=2, routed)           1.429     7.481    u_uart_dmem_loader/u_uart_rx/Q[8]
    SLICE_X107Y3         LUT5 (Prop_lut5_I2_O)        0.299     7.780 f  u_uart_dmem_loader/u_uart_rx/FSM_sequential_state_r[1]_i_5/O
                         net (fo=1, routed)           1.027     8.807    u_uart_dmem_loader/u_uart_rx/FSM_sequential_state_r[1]_i_5_n_0
    SLICE_X106Y14        LUT6 (Prop_lut6_I5_O)        0.124     8.931 f  u_uart_dmem_loader/u_uart_rx/FSM_sequential_state_r[1]_i_1/O
                         net (fo=395, routed)         1.400    10.331    u_uart_dmem_loader/por_rst_w
    SLICE_X95Y34         LUT2 (Prop_lut2_I0_O)        0.124    10.455 f  u_uart_dmem_loader/u_soc_i_1/O
                         net (fo=10655, routed)      13.558    24.013    u_soc/u_tx_top/u_huffman_aes_tx_top/u_file_huffman_builder/u_code_length_builder/rst_i
    SLICE_X30Y114        FDCE                                         f  u_soc/u_tx_top/u_huffman_aes_tx_top/u_file_huffman_builder/u_code_length_builder/node_active_reg[340]/CLR
  -------------------------------------------------------------------    -------------------

                         (clock clk_i rise edge)     20.000    20.000 r  
    Y9                                                0.000    20.000 r  clk_i (IN)
                         net (fo=0)                   0.000    20.000    clk_i
    Y9                   IBUF (Prop_ibuf_I_O)         1.420    21.420 r  clk_i_IBUF_inst/O
                         net (fo=1, routed)           1.972    23.392    clk_i_IBUF
    BUFGCTRL_X0Y0        BUFG (Prop_bufg_I_O)         0.091    23.483 r  clk_i_IBUF_BUFG_inst/O
                         net (fo=40542, routed)       1.697    25.180    u_soc/u_tx_top/u_huffman_aes_tx_top/u_file_huffman_builder/u_code_length_builder/clk_i
    SLICE_X30Y114        FDCE                                         r  u_soc/u_tx_top/u_huffman_aes_tx_top/u_file_huffman_builder/u_code_length_builder/node_active_reg[340]/C
                         clock pessimism              0.280    25.459    
                         clock uncertainty           -0.035    25.424    
    SLICE_X30Y114        FDCE (Recov_fdce_C_CLR)     -0.319    25.105    u_soc/u_tx_top/u_huffman_aes_tx_top/u_file_huffman_builder/u_code_length_builder/node_active_reg[340]
  -------------------------------------------------------------------
                         required time                         25.105    
                         arrival time                         -24.013    
  -------------------------------------------------------------------
                         slack                                  1.092    

Slack (MET) :             1.092ns  (required time - arrival time)
  Source:                 por_shift_r_reg[8]/C
                            (rising edge-triggered cell FDRE clocked by clk_i  {rise@0.000ns fall@10.000ns period=20.000ns})
  Destination:            u_soc/u_tx_top/u_huffman_aes_tx_top/u_file_huffman_builder/u_code_length_builder/node_active_reg[344]/CLR
                            (recovery check against rising-edge clock clk_i  {rise@0.000ns fall@10.000ns period=20.000ns})
  Path Group:             **async_default**
  Path Type:              Recovery (Max at Slow Process Corner)
  Requirement:            20.000ns  (clk_i rise@20.000ns - clk_i rise@0.000ns)
  Data Path Delay:        18.380ns  (logic 0.966ns (5.256%)  route 17.414ns (94.744%))
  Logic Levels:           3  (LUT2=1 LUT5=1 LUT6=1)
  Clock Path Skew:        -0.174ns (DCD - SCD + CPR)
    Destination Clock Delay (DCD):    5.180ns = ( 25.180 - 20.000 ) 
    Source Clock Delay      (SCD):    5.633ns
    Clock Pessimism Removal (CPR):    0.280ns
  Clock Uncertainty:      0.035ns  ((TSJ^2 + TIJ^2)^1/2 + DJ) / 2 + PE
    Total System Jitter     (TSJ):    0.071ns
    Total Input Jitter      (TIJ):    0.000ns
    Discrete Jitter          (DJ):    0.000ns
    Phase Error              (PE):    0.000ns

    Location             Delay type                Incr(ns)  Path(ns)    Netlist Resource(s)
  -------------------------------------------------------------------    -------------------
                         (clock clk_i rise edge)      0.000     0.000 r  
    Y9                                                0.000     0.000 r  clk_i (IN)
                         net (fo=0)                   0.000     0.000    clk_i
    Y9                   IBUF (Prop_ibuf_I_O)         1.490     1.490 r  clk_i_IBUF_inst/O
                         net (fo=1, routed)           2.171     3.661    clk_i_IBUF
    BUFGCTRL_X0Y0        BUFG (Prop_bufg_I_O)         0.101     3.762 r  clk_i_IBUF_BUFG_inst/O
                         net (fo=40542, routed)       1.871     5.633    clk_i_IBUF_BUFG
    SLICE_X106Y15        FDRE                                         r  por_shift_r_reg[8]/C
  -------------------------------------------------------------------    -------------------
    SLICE_X106Y15        FDRE (Prop_fdre_C_Q)         0.419     6.052 f  por_shift_r_reg[8]/Q
                         net (fo=2, routed)           1.429     7.481    u_uart_dmem_loader/u_uart_rx/Q[8]
    SLICE_X107Y3         LUT5 (Prop_lut5_I2_O)        0.299     7.780 f  u_uart_dmem_loader/u_uart_rx/FSM_sequential_state_r[1]_i_5/O
                         net (fo=1, routed)           1.027     8.807    u_uart_dmem_loader/u_uart_rx/FSM_sequential_state_r[1]_i_5_n_0
    SLICE_X106Y14        LUT6 (Prop_lut6_I5_O)        0.124     8.931 f  u_uart_dmem_loader/u_uart_rx/FSM_sequential_state_r[1]_i_1/O
                         net (fo=395, routed)         1.400    10.331    u_uart_dmem_loader/por_rst_w
    SLICE_X95Y34         LUT2 (Prop_lut2_I0_O)        0.124    10.455 f  u_uart_dmem_loader/u_soc_i_1/O
                         net (fo=10655, routed)      13.558    24.013    u_soc/u_tx_top/u_huffman_aes_tx_top/u_file_huffman_builder/u_code_length_builder/rst_i
    SLICE_X30Y114        FDCE                                         f  u_soc/u_tx_top/u_huffman_aes_tx_top/u_file_huffman_builder/u_code_length_builder/node_active_reg[344]/CLR
  -------------------------------------------------------------------    -------------------

                         (clock clk_i rise edge)     20.000    20.000 r  
    Y9                                                0.000    20.000 r  clk_i (IN)
                         net (fo=0)                   0.000    20.000    clk_i
    Y9                   IBUF (Prop_ibuf_I_O)         1.420    21.420 r  clk_i_IBUF_inst/O
                         net (fo=1, routed)           1.972    23.392    clk_i_IBUF
    BUFGCTRL_X0Y0        BUFG (Prop_bufg_I_O)         0.091    23.483 r  clk_i_IBUF_BUFG_inst/O
                         net (fo=40542, routed)       1.697    25.180    u_soc/u_tx_top/u_huffman_aes_tx_top/u_file_huffman_builder/u_code_length_builder/clk_i
    SLICE_X30Y114        FDCE                                         r  u_soc/u_tx_top/u_huffman_aes_tx_top/u_file_huffman_builder/u_code_length_builder/node_active_reg[344]/C
                         clock pessimism              0.280    25.459    
                         clock uncertainty           -0.035    25.424    
    SLICE_X30Y114        FDCE (Recov_fdce_C_CLR)     -0.319    25.105    u_soc/u_tx_top/u_huffman_aes_tx_top/u_file_huffman_builder/u_code_length_builder/node_active_reg[344]
  -------------------------------------------------------------------
                         required time                         25.105    
                         arrival time                         -24.013    
  -------------------------------------------------------------------
                         slack                                  1.092    

Slack (MET) :             1.092ns  (required time - arrival time)
  Source:                 por_shift_r_reg[8]/C
                            (rising edge-triggered cell FDRE clocked by clk_i  {rise@0.000ns fall@10.000ns period=20.000ns})
  Destination:            u_soc/u_tx_top/u_huffman_aes_tx_top/u_file_huffman_builder/u_code_length_builder/node_active_reg[349]/CLR
                            (recovery check against rising-edge clock clk_i  {rise@0.000ns fall@10.000ns period=20.000ns})
  Path Group:             **async_default**
  Path Type:              Recovery (Max at Slow Process Corner)
  Requirement:            20.000ns  (clk_i rise@20.000ns - clk_i rise@0.000ns)
  Data Path Delay:        18.380ns  (logic 0.966ns (5.256%)  route 17.414ns (94.744%))
  Logic Levels:           3  (LUT2=1 LUT5=1 LUT6=1)
  Clock Path Skew:        -0.174ns (DCD - SCD + CPR)
    Destination Clock Delay (DCD):    5.180ns = ( 25.180 - 20.000 ) 
    Source Clock Delay      (SCD):    5.633ns
    Clock Pessimism Removal (CPR):    0.280ns
  Clock Uncertainty:      0.035ns  ((TSJ^2 + TIJ^2)^1/2 + DJ) / 2 + PE
    Total System Jitter     (TSJ):    0.071ns
    Total Input Jitter      (TIJ):    0.000ns
    Discrete Jitter          (DJ):    0.000ns
    Phase Error              (PE):    0.000ns

    Location             Delay type                Incr(ns)  Path(ns)    Netlist Resource(s)
  -------------------------------------------------------------------    -------------------
                         (clock clk_i rise edge)      0.000     0.000 r  
    Y9                                                0.000     0.000 r  clk_i (IN)
                         net (fo=0)                   0.000     0.000    clk_i
    Y9                   IBUF (Prop_ibuf_I_O)         1.490     1.490 r  clk_i_IBUF_inst/O
                         net (fo=1, routed)           2.171     3.661    clk_i_IBUF
    BUFGCTRL_X0Y0        BUFG (Prop_bufg_I_O)         0.101     3.762 r  clk_i_IBUF_BUFG_inst/O
                         net (fo=40542, routed)       1.871     5.633    clk_i_IBUF_BUFG
    SLICE_X106Y15        FDRE                                         r  por_shift_r_reg[8]/C
  -------------------------------------------------------------------    -------------------
    SLICE_X106Y15        FDRE (Prop_fdre_C_Q)         0.419     6.052 f  por_shift_r_reg[8]/Q
                         net (fo=2, routed)           1.429     7.481    u_uart_dmem_loader/u_uart_rx/Q[8]
    SLICE_X107Y3         LUT5 (Prop_lut5_I2_O)        0.299     7.780 f  u_uart_dmem_loader/u_uart_rx/FSM_sequential_state_r[1]_i_5/O
                         net (fo=1, routed)           1.027     8.807    u_uart_dmem_loader/u_uart_rx/FSM_sequential_state_r[1]_i_5_n_0
    SLICE_X106Y14        LUT6 (Prop_lut6_I5_O)        0.124     8.931 f  u_uart_dmem_loader/u_uart_rx/FSM_sequential_state_r[1]_i_1/O
                         net (fo=395, routed)         1.400    10.331    u_uart_dmem_loader/por_rst_w
    SLICE_X95Y34         LUT2 (Prop_lut2_I0_O)        0.124    10.455 f  u_uart_dmem_loader/u_soc_i_1/O
                         net (fo=10655, routed)      13.558    24.013    u_soc/u_tx_top/u_huffman_aes_tx_top/u_file_huffman_builder/u_code_length_builder/rst_i
    SLICE_X30Y114        FDCE                                         f  u_soc/u_tx_top/u_huffman_aes_tx_top/u_file_huffman_builder/u_code_length_builder/node_active_reg[349]/CLR
  -------------------------------------------------------------------    -------------------

                         (clock clk_i rise edge)     20.000    20.000 r  
    Y9                                                0.000    20.000 r  clk_i (IN)
                         net (fo=0)                   0.000    20.000    clk_i
    Y9                   IBUF (Prop_ibuf_I_O)         1.420    21.420 r  clk_i_IBUF_inst/O
                         net (fo=1, routed)           1.972    23.392    clk_i_IBUF
    BUFGCTRL_X0Y0        BUFG (Prop_bufg_I_O)         0.091    23.483 r  clk_i_IBUF_BUFG_inst/O
                         net (fo=40542, routed)       1.697    25.180    u_soc/u_tx_top/u_huffman_aes_tx_top/u_file_huffman_builder/u_code_length_builder/clk_i
    SLICE_X30Y114        FDCE                                         r  u_soc/u_tx_top/u_huffman_aes_tx_top/u_file_huffman_builder/u_code_length_builder/node_active_reg[349]/C
                         clock pessimism              0.280    25.459    
                         clock uncertainty           -0.035    25.424    
    SLICE_X30Y114        FDCE (Recov_fdce_C_CLR)     -0.319    25.105    u_soc/u_tx_top/u_huffman_aes_tx_top/u_file_huffman_builder/u_code_length_builder/node_active_reg[349]
  -------------------------------------------------------------------
                         required time                         25.105    
                         arrival time                         -24.013    
  -------------------------------------------------------------------
                         slack                                  1.092    

Slack (MET) :             1.202ns  (required time - arrival time)
  Source:                 por_shift_r_reg[8]/C
                            (rising edge-triggered cell FDRE clocked by clk_i  {rise@0.000ns fall@10.000ns period=20.000ns})
  Destination:            u_soc/u_tx_top/u_huffman_aes_tx_top/u_file_huffman_builder/u_code_length_builder/node_active_reg[336]/CLR
                            (recovery check against rising-edge clock clk_i  {rise@0.000ns fall@10.000ns period=20.000ns})
  Path Group:             **async_default**
  Path Type:              Recovery (Max at Slow Process Corner)
  Requirement:            20.000ns  (clk_i rise@20.000ns - clk_i rise@0.000ns)
  Data Path Delay:        18.137ns  (logic 0.966ns (5.326%)  route 17.171ns (94.674%))
  Logic Levels:           3  (LUT2=1 LUT5=1 LUT6=1)
  Clock Path Skew:        -0.220ns (DCD - SCD + CPR)
    Destination Clock Delay (DCD):    5.134ns = ( 25.134 - 20.000 ) 
    Source Clock Delay      (SCD):    5.633ns
    Clock Pessimism Removal (CPR):    0.280ns
  Clock Uncertainty:      0.035ns  ((TSJ^2 + TIJ^2)^1/2 + DJ) / 2 + PE
    Total System Jitter     (TSJ):    0.071ns
    Total Input Jitter      (TIJ):    0.000ns
    Discrete Jitter          (DJ):    0.000ns
    Phase Error              (PE):    0.000ns

    Location             Delay type                Incr(ns)  Path(ns)    Netlist Resource(s)
  -------------------------------------------------------------------    -------------------
                         (clock clk_i rise edge)      0.000     0.000 r  
    Y9                                                0.000     0.000 r  clk_i (IN)
                         net (fo=0)                   0.000     0.000    clk_i
    Y9                   IBUF (Prop_ibuf_I_O)         1.490     1.490 r  clk_i_IBUF_inst/O
                         net (fo=1, routed)           2.171     3.661    clk_i_IBUF
    BUFGCTRL_X0Y0        BUFG (Prop_bufg_I_O)         0.101     3.762 r  clk_i_IBUF_BUFG_inst/O
                         net (fo=40542, routed)       1.871     5.633    clk_i_IBUF_BUFG
    SLICE_X106Y15        FDRE                                         r  por_shift_r_reg[8]/C
  -------------------------------------------------------------------    -------------------
    SLICE_X106Y15        FDRE (Prop_fdre_C_Q)         0.419     6.052 f  por_shift_r_reg[8]/Q
                         net (fo=2, routed)           1.429     7.481    u_uart_dmem_loader/u_uart_rx/Q[8]
    SLICE_X107Y3         LUT5 (Prop_lut5_I2_O)        0.299     7.780 f  u_uart_dmem_loader/u_uart_rx/FSM_sequential_state_r[1]_i_5/O
                         net (fo=1, routed)           1.027     8.807    u_uart_dmem_loader/u_uart_rx/FSM_sequential_state_r[1]_i_5_n_0
    SLICE_X106Y14        LUT6 (Prop_lut6_I5_O)        0.124     8.931 f  u_uart_dmem_loader/u_uart_rx/FSM_sequential_state_r[1]_i_1/O
                         net (fo=395, routed)         1.400    10.331    u_uart_dmem_loader/por_rst_w
    SLICE_X95Y34         LUT2 (Prop_lut2_I0_O)        0.124    10.455 f  u_uart_dmem_loader/u_soc_i_1/O
                         net (fo=10655, routed)      13.316    23.771    u_soc/u_tx_top/u_huffman_aes_tx_top/u_file_huffman_builder/u_code_length_builder/rst_i
    SLICE_X33Y113        FDCE                                         f  u_soc/u_tx_top/u_huffman_aes_tx_top/u_file_huffman_builder/u_code_length_builder/node_active_reg[336]/CLR
  -------------------------------------------------------------------    -------------------

                         (clock clk_i rise edge)     20.000    20.000 r  
    Y9                                                0.000    20.000 r  clk_i (IN)
                         net (fo=0)                   0.000    20.000    clk_i
    Y9                   IBUF (Prop_ibuf_I_O)         1.420    21.420 r  clk_i_IBUF_inst/O
                         net (fo=1, routed)           1.972    23.392    clk_i_IBUF
    BUFGCTRL_X0Y0        BUFG (Prop_bufg_I_O)         0.091    23.483 r  clk_i_IBUF_BUFG_inst/O
                         net (fo=40542, routed)       1.651    25.134    u_soc/u_tx_top/u_huffman_aes_tx_top/u_file_huffman_builder/u_code_length_builder/clk_i
    SLICE_X33Y113        FDCE                                         r  u_soc/u_tx_top/u_huffman_aes_tx_top/u_file_huffman_builder/u_code_length_builder/node_active_reg[336]/C
                         clock pessimism              0.280    25.413    
                         clock uncertainty           -0.035    25.378    
    SLICE_X33Y113        FDCE (Recov_fdce_C_CLR)     -0.405    24.973    u_soc/u_tx_top/u_huffman_aes_tx_top/u_file_huffman_builder/u_code_length_builder/node_active_reg[336]
  -------------------------------------------------------------------
                         required time                         24.973    
                         arrival time                         -23.771    
  -------------------------------------------------------------------
                         slack                                  1.202    

Slack (MET) :             1.202ns  (required time - arrival time)
  Source:                 por_shift_r_reg[8]/C
                            (rising edge-triggered cell FDRE clocked by clk_i  {rise@0.000ns fall@10.000ns period=20.000ns})
  Destination:            u_soc/u_tx_top/u_huffman_aes_tx_top/u_file_huffman_builder/u_code_length_builder/node_active_reg[338]/CLR
                            (recovery check against rising-edge clock clk_i  {rise@0.000ns fall@10.000ns period=20.000ns})
  Path Group:             **async_default**
  Path Type:              Recovery (Max at Slow Process Corner)
  Requirement:            20.000ns  (clk_i rise@20.000ns - clk_i rise@0.000ns)
  Data Path Delay:        18.137ns  (logic 0.966ns (5.326%)  route 17.171ns (94.674%))
  Logic Levels:           3  (LUT2=1 LUT5=1 LUT6=1)
  Clock Path Skew:        -0.220ns (DCD - SCD + CPR)
    Destination Clock Delay (DCD):    5.134ns = ( 25.134 - 20.000 ) 
    Source Clock Delay      (SCD):    5.633ns
    Clock Pessimism Removal (CPR):    0.280ns
  Clock Uncertainty:      0.035ns  ((TSJ^2 + TIJ^2)^1/2 + DJ) / 2 + PE
    Total System Jitter     (TSJ):    0.071ns
    Total Input Jitter      (TIJ):    0.000ns
    Discrete Jitter          (DJ):    0.000ns
    Phase Error              (PE):    0.000ns

    Location             Delay type                Incr(ns)  Path(ns)    Netlist Resource(s)
  -------------------------------------------------------------------    -------------------
                         (clock clk_i rise edge)      0.000     0.000 r  
    Y9                                                0.000     0.000 r  clk_i (IN)
                         net (fo=0)                   0.000     0.000    clk_i
    Y9                   IBUF (Prop_ibuf_I_O)         1.490     1.490 r  clk_i_IBUF_inst/O
                         net (fo=1, routed)           2.171     3.661    clk_i_IBUF
    BUFGCTRL_X0Y0        BUFG (Prop_bufg_I_O)         0.101     3.762 r  clk_i_IBUF_BUFG_inst/O
                         net (fo=40542, routed)       1.871     5.633    clk_i_IBUF_BUFG
    SLICE_X106Y15        FDRE                                         r  por_shift_r_reg[8]/C
  -------------------------------------------------------------------    -------------------
    SLICE_X106Y15        FDRE (Prop_fdre_C_Q)         0.419     6.052 f  por_shift_r_reg[8]/Q
                         net (fo=2, routed)           1.429     7.481    u_uart_dmem_loader/u_uart_rx/Q[8]
    SLICE_X107Y3         LUT5 (Prop_lut5_I2_O)        0.299     7.780 f  u_uart_dmem_loader/u_uart_rx/FSM_sequential_state_r[1]_i_5/O
                         net (fo=1, routed)           1.027     8.807    u_uart_dmem_loader/u_uart_rx/FSM_sequential_state_r[1]_i_5_n_0
    SLICE_X106Y14        LUT6 (Prop_lut6_I5_O)        0.124     8.931 f  u_uart_dmem_loader/u_uart_rx/FSM_sequential_state_r[1]_i_1/O
                         net (fo=395, routed)         1.400    10.331    u_uart_dmem_loader/por_rst_w
    SLICE_X95Y34         LUT2 (Prop_lut2_I0_O)        0.124    10.455 f  u_uart_dmem_loader/u_soc_i_1/O
                         net (fo=10655, routed)      13.316    23.771    u_soc/u_tx_top/u_huffman_aes_tx_top/u_file_huffman_builder/u_code_length_builder/rst_i
    SLICE_X33Y113        FDCE                                         f  u_soc/u_tx_top/u_huffman_aes_tx_top/u_file_huffman_builder/u_code_length_builder/node_active_reg[338]/CLR
  -------------------------------------------------------------------    -------------------

                         (clock clk_i rise edge)     20.000    20.000 r  
    Y9                                                0.000    20.000 r  clk_i (IN)
                         net (fo=0)                   0.000    20.000    clk_i
    Y9                   IBUF (Prop_ibuf_I_O)         1.420    21.420 r  clk_i_IBUF_inst/O
                         net (fo=1, routed)           1.972    23.392    clk_i_IBUF
    BUFGCTRL_X0Y0        BUFG (Prop_bufg_I_O)         0.091    23.483 r  clk_i_IBUF_BUFG_inst/O
                         net (fo=40542, routed)       1.651    25.134    u_soc/u_tx_top/u_huffman_aes_tx_top/u_file_huffman_builder/u_code_length_builder/clk_i
    SLICE_X33Y113        FDCE                                         r  u_soc/u_tx_top/u_huffman_aes_tx_top/u_file_huffman_builder/u_code_length_builder/node_active_reg[338]/C
                         clock pessimism              0.280    25.413    
                         clock uncertainty           -0.035    25.378    
    SLICE_X33Y113        FDCE (Recov_fdce_C_CLR)     -0.405    24.973    u_soc/u_tx_top/u_huffman_aes_tx_top/u_file_huffman_builder/u_code_length_builder/node_active_reg[338]
  -------------------------------------------------------------------
                         required time                         24.973    
                         arrival time                         -23.771    
  -------------------------------------------------------------------
                         slack                                  1.202    





Min Delay Paths
--------------------------------------------------------------------------------------
Slack (MET) :             1.337ns  (arrival time - required time)
  Source:                 por_shift_r_reg[3]/C
                            (rising edge-triggered cell FDRE clocked by clk_i  {rise@0.000ns fall@10.000ns period=20.000ns})
  Destination:            u_soc/u_tx_top/u_huffman_aes_tx_top/u_file_frequency_counter/freq_table_reg[96][10]/CLR
                            (removal check against rising-edge clock clk_i  {rise@0.000ns fall@10.000ns period=20.000ns})
  Path Group:             **async_default**
  Path Type:              Removal (Min at Fast Process Corner)
  Requirement:            0.000ns  (clk_i rise@0.000ns - clk_i rise@0.000ns)
  Data Path Delay:        1.276ns  (logic 0.231ns (18.105%)  route 1.045ns (81.895%))
  Logic Levels:           2  (LUT2=1 LUT6=1)
  Clock Path Skew:        0.006ns (DCD - SCD - CPR)
    Destination Clock Delay (DCD):    2.068ns
    Source Clock Delay      (SCD):    1.582ns
    Clock Pessimism Removal (CPR):    0.480ns

    Location             Delay type                Incr(ns)  Path(ns)    Netlist Resource(s)
  -------------------------------------------------------------------    -------------------
                         (clock clk_i rise edge)      0.000     0.000 r  
    Y9                                                0.000     0.000 r  clk_i (IN)
                         net (fo=0)                   0.000     0.000    clk_i
    Y9                   IBUF (Prop_ibuf_I_O)         0.258     0.258 r  clk_i_IBUF_inst/O
                         net (fo=1, routed)           0.663     0.921    clk_i_IBUF
    BUFGCTRL_X0Y0        BUFG (Prop_bufg_I_O)         0.026     0.947 r  clk_i_IBUF_BUFG_inst/O
                         net (fo=40542, routed)       0.635     1.582    clk_i_IBUF_BUFG
    SLICE_X106Y14        FDRE                                         r  por_shift_r_reg[3]/C
  -------------------------------------------------------------------    -------------------
    SLICE_X106Y14        FDRE (Prop_fdre_C_Q)         0.141     1.723 f  por_shift_r_reg[3]/Q
                         net (fo=2, routed)           0.173     1.896    u_uart_dmem_loader/u_uart_rx/Q[3]
    SLICE_X106Y14        LUT6 (Prop_lut6_I3_O)        0.045     1.941 f  u_uart_dmem_loader/u_uart_rx/FSM_sequential_state_r[1]_i_1/O
                         net (fo=395, routed)         0.592     2.533    u_uart_dmem_loader/por_rst_w
    SLICE_X95Y34         LUT2 (Prop_lut2_I0_O)        0.045     2.578 f  u_uart_dmem_loader/u_soc_i_1/O
                         net (fo=10655, routed)       0.279     2.858    u_soc/u_tx_top/u_huffman_aes_tx_top/u_file_frequency_counter/rst_i
    SLICE_X94Y33         FDCE                                         f  u_soc/u_tx_top/u_huffman_aes_tx_top/u_file_frequency_counter/freq_table_reg[96][10]/CLR
  -------------------------------------------------------------------    -------------------

                         (clock clk_i rise edge)      0.000     0.000 r  
    Y9                                                0.000     0.000 r  clk_i (IN)
                         net (fo=0)                   0.000     0.000    clk_i
    Y9                   IBUF (Prop_ibuf_I_O)         0.446     0.446 r  clk_i_IBUF_inst/O
                         net (fo=1, routed)           0.719     1.165    clk_i_IBUF
    BUFGCTRL_X0Y0        BUFG (Prop_bufg_I_O)         0.029     1.194 r  clk_i_IBUF_BUFG_inst/O
                         net (fo=40542, routed)       0.874     2.068    u_soc/u_tx_top/u_huffman_aes_tx_top/u_file_frequency_counter/clk_i
    SLICE_X94Y33         FDCE                                         r  u_soc/u_tx_top/u_huffman_aes_tx_top/u_file_frequency_counter/freq_table_reg[96][10]/C
                         clock pessimism             -0.480     1.588    
    SLICE_X94Y33         FDCE (Remov_fdce_C_CLR)     -0.067     1.521    u_soc/u_tx_top/u_huffman_aes_tx_top/u_file_frequency_counter/freq_table_reg[96][10]
  -------------------------------------------------------------------
                         required time                         -1.521    
                         arrival time                           2.858    
  -------------------------------------------------------------------
                         slack                                  1.337    

Slack (MET) :             1.337ns  (arrival time - required time)
  Source:                 por_shift_r_reg[3]/C
                            (rising edge-triggered cell FDRE clocked by clk_i  {rise@0.000ns fall@10.000ns period=20.000ns})
  Destination:            u_soc/u_tx_top/u_huffman_aes_tx_top/u_file_frequency_counter/freq_table_reg[96][11]/CLR
                            (removal check against rising-edge clock clk_i  {rise@0.000ns fall@10.000ns period=20.000ns})
  Path Group:             **async_default**
  Path Type:              Removal (Min at Fast Process Corner)
  Requirement:            0.000ns  (clk_i rise@0.000ns - clk_i rise@0.000ns)
  Data Path Delay:        1.276ns  (logic 0.231ns (18.105%)  route 1.045ns (81.895%))
  Logic Levels:           2  (LUT2=1 LUT6=1)
  Clock Path Skew:        0.006ns (DCD - SCD - CPR)
    Destination Clock Delay (DCD):    2.068ns
    Source Clock Delay      (SCD):    1.582ns
    Clock Pessimism Removal (CPR):    0.480ns

    Location             Delay type                Incr(ns)  Path(ns)    Netlist Resource(s)
  -------------------------------------------------------------------    -------------------
                         (clock clk_i rise edge)      0.000     0.000 r  
    Y9                                                0.000     0.000 r  clk_i (IN)
                         net (fo=0)                   0.000     0.000    clk_i
    Y9                   IBUF (Prop_ibuf_I_O)         0.258     0.258 r  clk_i_IBUF_inst/O
                         net (fo=1, routed)           0.663     0.921    clk_i_IBUF
    BUFGCTRL_X0Y0        BUFG (Prop_bufg_I_O)         0.026     0.947 r  clk_i_IBUF_BUFG_inst/O
                         net (fo=40542, routed)       0.635     1.582    clk_i_IBUF_BUFG
    SLICE_X106Y14        FDRE                                         r  por_shift_r_reg[3]/C
  -------------------------------------------------------------------    -------------------
    SLICE_X106Y14        FDRE (Prop_fdre_C_Q)         0.141     1.723 f  por_shift_r_reg[3]/Q
                         net (fo=2, routed)           0.173     1.896    u_uart_dmem_loader/u_uart_rx/Q[3]
    SLICE_X106Y14        LUT6 (Prop_lut6_I3_O)        0.045     1.941 f  u_uart_dmem_loader/u_uart_rx/FSM_sequential_state_r[1]_i_1/O
                         net (fo=395, routed)         0.592     2.533    u_uart_dmem_loader/por_rst_w
    SLICE_X95Y34         LUT2 (Prop_lut2_I0_O)        0.045     2.578 f  u_uart_dmem_loader/u_soc_i_1/O
                         net (fo=10655, routed)       0.279     2.858    u_soc/u_tx_top/u_huffman_aes_tx_top/u_file_frequency_counter/rst_i
    SLICE_X94Y33         FDCE                                         f  u_soc/u_tx_top/u_huffman_aes_tx_top/u_file_frequency_counter/freq_table_reg[96][11]/CLR
  -------------------------------------------------------------------    -------------------

                         (clock clk_i rise edge)      0.000     0.000 r  
    Y9                                                0.000     0.000 r  clk_i (IN)
                         net (fo=0)                   0.000     0.000    clk_i
    Y9                   IBUF (Prop_ibuf_I_O)         0.446     0.446 r  clk_i_IBUF_inst/O
                         net (fo=1, routed)           0.719     1.165    clk_i_IBUF
    BUFGCTRL_X0Y0        BUFG (Prop_bufg_I_O)         0.029     1.194 r  clk_i_IBUF_BUFG_inst/O
                         net (fo=40542, routed)       0.874     2.068    u_soc/u_tx_top/u_huffman_aes_tx_top/u_file_frequency_counter/clk_i
    SLICE_X94Y33         FDCE                                         r  u_soc/u_tx_top/u_huffman_aes_tx_top/u_file_frequency_counter/freq_table_reg[96][11]/C
                         clock pessimism             -0.480     1.588    
    SLICE_X94Y33         FDCE (Remov_fdce_C_CLR)     -0.067     1.521    u_soc/u_tx_top/u_huffman_aes_tx_top/u_file_frequency_counter/freq_table_reg[96][11]
  -------------------------------------------------------------------
                         required time                         -1.521    
                         arrival time                           2.858    
  -------------------------------------------------------------------
                         slack                                  1.337    

Slack (MET) :             1.337ns  (arrival time - required time)
  Source:                 por_shift_r_reg[3]/C
                            (rising edge-triggered cell FDRE clocked by clk_i  {rise@0.000ns fall@10.000ns period=20.000ns})
  Destination:            u_soc/u_tx_top/u_huffman_aes_tx_top/u_file_frequency_counter/freq_table_reg[96][13]/CLR
                            (removal check against rising-edge clock clk_i  {rise@0.000ns fall@10.000ns period=20.000ns})
  Path Group:             **async_default**
  Path Type:              Removal (Min at Fast Process Corner)
  Requirement:            0.000ns  (clk_i rise@0.000ns - clk_i rise@0.000ns)
  Data Path Delay:        1.276ns  (logic 0.231ns (18.105%)  route 1.045ns (81.895%))
  Logic Levels:           2  (LUT2=1 LUT6=1)
  Clock Path Skew:        0.006ns (DCD - SCD - CPR)
    Destination Clock Delay (DCD):    2.068ns
    Source Clock Delay      (SCD):    1.582ns
    Clock Pessimism Removal (CPR):    0.480ns

    Location             Delay type                Incr(ns)  Path(ns)    Netlist Resource(s)
  -------------------------------------------------------------------    -------------------
                         (clock clk_i rise edge)      0.000     0.000 r  
    Y9                                                0.000     0.000 r  clk_i (IN)
                         net (fo=0)                   0.000     0.000    clk_i
    Y9                   IBUF (Prop_ibuf_I_O)         0.258     0.258 r  clk_i_IBUF_inst/O
                         net (fo=1, routed)           0.663     0.921    clk_i_IBUF
    BUFGCTRL_X0Y0        BUFG (Prop_bufg_I_O)         0.026     0.947 r  clk_i_IBUF_BUFG_inst/O
                         net (fo=40542, routed)       0.635     1.582    clk_i_IBUF_BUFG
    SLICE_X106Y14        FDRE                                         r  por_shift_r_reg[3]/C
  -------------------------------------------------------------------    -------------------
    SLICE_X106Y14        FDRE (Prop_fdre_C_Q)         0.141     1.723 f  por_shift_r_reg[3]/Q
                         net (fo=2, routed)           0.173     1.896    u_uart_dmem_loader/u_uart_rx/Q[3]
    SLICE_X106Y14        LUT6 (Prop_lut6_I3_O)        0.045     1.941 f  u_uart_dmem_loader/u_uart_rx/FSM_sequential_state_r[1]_i_1/O
                         net (fo=395, routed)         0.592     2.533    u_uart_dmem_loader/por_rst_w
    SLICE_X95Y34         LUT2 (Prop_lut2_I0_O)        0.045     2.578 f  u_uart_dmem_loader/u_soc_i_1/O
                         net (fo=10655, routed)       0.279     2.858    u_soc/u_tx_top/u_huffman_aes_tx_top/u_file_frequency_counter/rst_i
    SLICE_X94Y33         FDCE                                         f  u_soc/u_tx_top/u_huffman_aes_tx_top/u_file_frequency_counter/freq_table_reg[96][13]/CLR
  -------------------------------------------------------------------    -------------------

                         (clock clk_i rise edge)      0.000     0.000 r  
    Y9                                                0.000     0.000 r  clk_i (IN)
                         net (fo=0)                   0.000     0.000    clk_i
    Y9                   IBUF (Prop_ibuf_I_O)         0.446     0.446 r  clk_i_IBUF_inst/O
                         net (fo=1, routed)           0.719     1.165    clk_i_IBUF
    BUFGCTRL_X0Y0        BUFG (Prop_bufg_I_O)         0.029     1.194 r  clk_i_IBUF_BUFG_inst/O
                         net (fo=40542, routed)       0.874     2.068    u_soc/u_tx_top/u_huffman_aes_tx_top/u_file_frequency_counter/clk_i
    SLICE_X94Y33         FDCE                                         r  u_soc/u_tx_top/u_huffman_aes_tx_top/u_file_frequency_counter/freq_table_reg[96][13]/C
                         clock pessimism             -0.480     1.588    
    SLICE_X94Y33         FDCE (Remov_fdce_C_CLR)     -0.067     1.521    u_soc/u_tx_top/u_huffman_aes_tx_top/u_file_frequency_counter/freq_table_reg[96][13]
  -------------------------------------------------------------------
                         required time                         -1.521    
                         arrival time                           2.858    
  -------------------------------------------------------------------
                         slack                                  1.337    

Slack (MET) :             1.337ns  (arrival time - required time)
  Source:                 por_shift_r_reg[3]/C
                            (rising edge-triggered cell FDRE clocked by clk_i  {rise@0.000ns fall@10.000ns period=20.000ns})
  Destination:            u_soc/u_tx_top/u_huffman_aes_tx_top/u_file_frequency_counter/freq_table_reg[96][4]/CLR
                            (removal check against rising-edge clock clk_i  {rise@0.000ns fall@10.000ns period=20.000ns})
  Path Group:             **async_default**
  Path Type:              Removal (Min at Fast Process Corner)
  Requirement:            0.000ns  (clk_i rise@0.000ns - clk_i rise@0.000ns)
  Data Path Delay:        1.276ns  (logic 0.231ns (18.105%)  route 1.045ns (81.895%))
  Logic Levels:           2  (LUT2=1 LUT6=1)
  Clock Path Skew:        0.006ns (DCD - SCD - CPR)
    Destination Clock Delay (DCD):    2.068ns
    Source Clock Delay      (SCD):    1.582ns
    Clock Pessimism Removal (CPR):    0.480ns

    Location             Delay type                Incr(ns)  Path(ns)    Netlist Resource(s)
  -------------------------------------------------------------------    -------------------
                         (clock clk_i rise edge)      0.000     0.000 r  
    Y9                                                0.000     0.000 r  clk_i (IN)
                         net (fo=0)                   0.000     0.000    clk_i
    Y9                   IBUF (Prop_ibuf_I_O)         0.258     0.258 r  clk_i_IBUF_inst/O
                         net (fo=1, routed)           0.663     0.921    clk_i_IBUF
    BUFGCTRL_X0Y0        BUFG (Prop_bufg_I_O)         0.026     0.947 r  clk_i_IBUF_BUFG_inst/O
                         net (fo=40542, routed)       0.635     1.582    clk_i_IBUF_BUFG
    SLICE_X106Y14        FDRE                                         r  por_shift_r_reg[3]/C
  -------------------------------------------------------------------    -------------------
    SLICE_X106Y14        FDRE (Prop_fdre_C_Q)         0.141     1.723 f  por_shift_r_reg[3]/Q
                         net (fo=2, routed)           0.173     1.896    u_uart_dmem_loader/u_uart_rx/Q[3]
    SLICE_X106Y14        LUT6 (Prop_lut6_I3_O)        0.045     1.941 f  u_uart_dmem_loader/u_uart_rx/FSM_sequential_state_r[1]_i_1/O
                         net (fo=395, routed)         0.592     2.533    u_uart_dmem_loader/por_rst_w
    SLICE_X95Y34         LUT2 (Prop_lut2_I0_O)        0.045     2.578 f  u_uart_dmem_loader/u_soc_i_1/O
                         net (fo=10655, routed)       0.279     2.858    u_soc/u_tx_top/u_huffman_aes_tx_top/u_file_frequency_counter/rst_i
    SLICE_X94Y33         FDCE                                         f  u_soc/u_tx_top/u_huffman_aes_tx_top/u_file_frequency_counter/freq_table_reg[96][4]/CLR
  -------------------------------------------------------------------    -------------------

                         (clock clk_i rise edge)      0.000     0.000 r  
    Y9                                                0.000     0.000 r  clk_i (IN)
                         net (fo=0)                   0.000     0.000    clk_i
    Y9                   IBUF (Prop_ibuf_I_O)         0.446     0.446 r  clk_i_IBUF_inst/O
                         net (fo=1, routed)           0.719     1.165    clk_i_IBUF
    BUFGCTRL_X0Y0        BUFG (Prop_bufg_I_O)         0.029     1.194 r  clk_i_IBUF_BUFG_inst/O
                         net (fo=40542, routed)       0.874     2.068    u_soc/u_tx_top/u_huffman_aes_tx_top/u_file_frequency_counter/clk_i
    SLICE_X94Y33         FDCE                                         r  u_soc/u_tx_top/u_huffman_aes_tx_top/u_file_frequency_counter/freq_table_reg[96][4]/C
                         clock pessimism             -0.480     1.588    
    SLICE_X94Y33         FDCE (Remov_fdce_C_CLR)     -0.067     1.521    u_soc/u_tx_top/u_huffman_aes_tx_top/u_file_frequency_counter/freq_table_reg[96][4]
  -------------------------------------------------------------------
                         required time                         -1.521    
                         arrival time                           2.858    
  -------------------------------------------------------------------
                         slack                                  1.337    

Slack (MET) :             1.337ns  (arrival time - required time)
  Source:                 por_shift_r_reg[3]/C
                            (rising edge-triggered cell FDRE clocked by clk_i  {rise@0.000ns fall@10.000ns period=20.000ns})
  Destination:            u_soc/u_tx_top/u_huffman_aes_tx_top/u_file_frequency_counter/freq_table_reg[96][6]/CLR
                            (removal check against rising-edge clock clk_i  {rise@0.000ns fall@10.000ns period=20.000ns})
  Path Group:             **async_default**
  Path Type:              Removal (Min at Fast Process Corner)
  Requirement:            0.000ns  (clk_i rise@0.000ns - clk_i rise@0.000ns)
  Data Path Delay:        1.276ns  (logic 0.231ns (18.105%)  route 1.045ns (81.895%))
  Logic Levels:           2  (LUT2=1 LUT6=1)
  Clock Path Skew:        0.006ns (DCD - SCD - CPR)
    Destination Clock Delay (DCD):    2.068ns
    Source Clock Delay      (SCD):    1.582ns
    Clock Pessimism Removal (CPR):    0.480ns

    Location             Delay type                Incr(ns)  Path(ns)    Netlist Resource(s)
  -------------------------------------------------------------------    -------------------
                         (clock clk_i rise edge)      0.000     0.000 r  
    Y9                                                0.000     0.000 r  clk_i (IN)
                         net (fo=0)                   0.000     0.000    clk_i
    Y9                   IBUF (Prop_ibuf_I_O)         0.258     0.258 r  clk_i_IBUF_inst/O
                         net (fo=1, routed)           0.663     0.921    clk_i_IBUF
    BUFGCTRL_X0Y0        BUFG (Prop_bufg_I_O)         0.026     0.947 r  clk_i_IBUF_BUFG_inst/O
                         net (fo=40542, routed)       0.635     1.582    clk_i_IBUF_BUFG
    SLICE_X106Y14        FDRE                                         r  por_shift_r_reg[3]/C
  -------------------------------------------------------------------    -------------------
    SLICE_X106Y14        FDRE (Prop_fdre_C_Q)         0.141     1.723 f  por_shift_r_reg[3]/Q
                         net (fo=2, routed)           0.173     1.896    u_uart_dmem_loader/u_uart_rx/Q[3]
    SLICE_X106Y14        LUT6 (Prop_lut6_I3_O)        0.045     1.941 f  u_uart_dmem_loader/u_uart_rx/FSM_sequential_state_r[1]_i_1/O
                         net (fo=395, routed)         0.592     2.533    u_uart_dmem_loader/por_rst_w
    SLICE_X95Y34         LUT2 (Prop_lut2_I0_O)        0.045     2.578 f  u_uart_dmem_loader/u_soc_i_1/O
                         net (fo=10655, routed)       0.279     2.858    u_soc/u_tx_top/u_huffman_aes_tx_top/u_file_frequency_counter/rst_i
    SLICE_X94Y33         FDCE                                         f  u_soc/u_tx_top/u_huffman_aes_tx_top/u_file_frequency_counter/freq_table_reg[96][6]/CLR
  -------------------------------------------------------------------    -------------------

                         (clock clk_i rise edge)      0.000     0.000 r  
    Y9                                                0.000     0.000 r  clk_i (IN)
                         net (fo=0)                   0.000     0.000    clk_i
    Y9                   IBUF (Prop_ibuf_I_O)         0.446     0.446 r  clk_i_IBUF_inst/O
                         net (fo=1, routed)           0.719     1.165    clk_i_IBUF
    BUFGCTRL_X0Y0        BUFG (Prop_bufg_I_O)         0.029     1.194 r  clk_i_IBUF_BUFG_inst/O
                         net (fo=40542, routed)       0.874     2.068    u_soc/u_tx_top/u_huffman_aes_tx_top/u_file_frequency_counter/clk_i
    SLICE_X94Y33         FDCE                                         r  u_soc/u_tx_top/u_huffman_aes_tx_top/u_file_frequency_counter/freq_table_reg[96][6]/C
                         clock pessimism             -0.480     1.588    
    SLICE_X94Y33         FDCE (Remov_fdce_C_CLR)     -0.067     1.521    u_soc/u_tx_top/u_huffman_aes_tx_top/u_file_frequency_counter/freq_table_reg[96][6]
  -------------------------------------------------------------------
                         required time                         -1.521    
                         arrival time                           2.858    
  -------------------------------------------------------------------
                         slack                                  1.337    

Slack (MET) :             1.337ns  (arrival time - required time)
  Source:                 por_shift_r_reg[3]/C
                            (rising edge-triggered cell FDRE clocked by clk_i  {rise@0.000ns fall@10.000ns period=20.000ns})
  Destination:            u_soc/u_tx_top/u_huffman_aes_tx_top/u_file_frequency_counter/freq_table_reg[96][8]/CLR
                            (removal check against rising-edge clock clk_i  {rise@0.000ns fall@10.000ns period=20.000ns})
  Path Group:             **async_default**
  Path Type:              Removal (Min at Fast Process Corner)
  Requirement:            0.000ns  (clk_i rise@0.000ns - clk_i rise@0.000ns)
  Data Path Delay:        1.276ns  (logic 0.231ns (18.105%)  route 1.045ns (81.895%))
  Logic Levels:           2  (LUT2=1 LUT6=1)
  Clock Path Skew:        0.006ns (DCD - SCD - CPR)
    Destination Clock Delay (DCD):    2.068ns
    Source Clock Delay      (SCD):    1.582ns
    Clock Pessimism Removal (CPR):    0.480ns

    Location             Delay type                Incr(ns)  Path(ns)    Netlist Resource(s)
  -------------------------------------------------------------------    -------------------
                         (clock clk_i rise edge)      0.000     0.000 r  
    Y9                                                0.000     0.000 r  clk_i (IN)
                         net (fo=0)                   0.000     0.000    clk_i
    Y9                   IBUF (Prop_ibuf_I_O)         0.258     0.258 r  clk_i_IBUF_inst/O
                         net (fo=1, routed)           0.663     0.921    clk_i_IBUF
    BUFGCTRL_X0Y0        BUFG (Prop_bufg_I_O)         0.026     0.947 r  clk_i_IBUF_BUFG_inst/O
                         net (fo=40542, routed)       0.635     1.582    clk_i_IBUF_BUFG
    SLICE_X106Y14        FDRE                                         r  por_shift_r_reg[3]/C
  -------------------------------------------------------------------    -------------------
    SLICE_X106Y14        FDRE (Prop_fdre_C_Q)         0.141     1.723 f  por_shift_r_reg[3]/Q
                         net (fo=2, routed)           0.173     1.896    u_uart_dmem_loader/u_uart_rx/Q[3]
    SLICE_X106Y14        LUT6 (Prop_lut6_I3_O)        0.045     1.941 f  u_uart_dmem_loader/u_uart_rx/FSM_sequential_state_r[1]_i_1/O
                         net (fo=395, routed)         0.592     2.533    u_uart_dmem_loader/por_rst_w
    SLICE_X95Y34         LUT2 (Prop_lut2_I0_O)        0.045     2.578 f  u_uart_dmem_loader/u_soc_i_1/O
                         net (fo=10655, routed)       0.279     2.858    u_soc/u_tx_top/u_huffman_aes_tx_top/u_file_frequency_counter/rst_i
    SLICE_X94Y33         FDCE                                         f  u_soc/u_tx_top/u_huffman_aes_tx_top/u_file_frequency_counter/freq_table_reg[96][8]/CLR
  -------------------------------------------------------------------    -------------------

                         (clock clk_i rise edge)      0.000     0.000 r  
    Y9                                                0.000     0.000 r  clk_i (IN)
                         net (fo=0)                   0.000     0.000    clk_i
    Y9                   IBUF (Prop_ibuf_I_O)         0.446     0.446 r  clk_i_IBUF_inst/O
                         net (fo=1, routed)           0.719     1.165    clk_i_IBUF
    BUFGCTRL_X0Y0        BUFG (Prop_bufg_I_O)         0.029     1.194 r  clk_i_IBUF_BUFG_inst/O
                         net (fo=40542, routed)       0.874     2.068    u_soc/u_tx_top/u_huffman_aes_tx_top/u_file_frequency_counter/clk_i
    SLICE_X94Y33         FDCE                                         r  u_soc/u_tx_top/u_huffman_aes_tx_top/u_file_frequency_counter/freq_table_reg[96][8]/C
                         clock pessimism             -0.480     1.588    
    SLICE_X94Y33         FDCE (Remov_fdce_C_CLR)     -0.067     1.521    u_soc/u_tx_top/u_huffman_aes_tx_top/u_file_frequency_counter/freq_table_reg[96][8]
  -------------------------------------------------------------------
                         required time                         -1.521    
                         arrival time                           2.858    
  -------------------------------------------------------------------
                         slack                                  1.337    

Slack (MET) :             1.337ns  (arrival time - required time)
  Source:                 por_shift_r_reg[3]/C
                            (rising edge-triggered cell FDRE clocked by clk_i  {rise@0.000ns fall@10.000ns period=20.000ns})
  Destination:            u_soc/u_tx_top/u_huffman_aes_tx_top/u_file_frequency_counter/freq_table_reg[96][9]/CLR
                            (removal check against rising-edge clock clk_i  {rise@0.000ns fall@10.000ns period=20.000ns})
  Path Group:             **async_default**
  Path Type:              Removal (Min at Fast Process Corner)
  Requirement:            0.000ns  (clk_i rise@0.000ns - clk_i rise@0.000ns)
  Data Path Delay:        1.276ns  (logic 0.231ns (18.105%)  route 1.045ns (81.895%))
  Logic Levels:           2  (LUT2=1 LUT6=1)
  Clock Path Skew:        0.006ns (DCD - SCD - CPR)
    Destination Clock Delay (DCD):    2.068ns
    Source Clock Delay      (SCD):    1.582ns
    Clock Pessimism Removal (CPR):    0.480ns

    Location             Delay type                Incr(ns)  Path(ns)    Netlist Resource(s)
  -------------------------------------------------------------------    -------------------
                         (clock clk_i rise edge)      0.000     0.000 r  
    Y9                                                0.000     0.000 r  clk_i (IN)
                         net (fo=0)                   0.000     0.000    clk_i
    Y9                   IBUF (Prop_ibuf_I_O)         0.258     0.258 r  clk_i_IBUF_inst/O
                         net (fo=1, routed)           0.663     0.921    clk_i_IBUF
    BUFGCTRL_X0Y0        BUFG (Prop_bufg_I_O)         0.026     0.947 r  clk_i_IBUF_BUFG_inst/O
                         net (fo=40542, routed)       0.635     1.582    clk_i_IBUF_BUFG
    SLICE_X106Y14        FDRE                                         r  por_shift_r_reg[3]/C
  -------------------------------------------------------------------    -------------------
    SLICE_X106Y14        FDRE (Prop_fdre_C_Q)         0.141     1.723 f  por_shift_r_reg[3]/Q
                         net (fo=2, routed)           0.173     1.896    u_uart_dmem_loader/u_uart_rx/Q[3]
    SLICE_X106Y14        LUT6 (Prop_lut6_I3_O)        0.045     1.941 f  u_uart_dmem_loader/u_uart_rx/FSM_sequential_state_r[1]_i_1/O
                         net (fo=395, routed)         0.592     2.533    u_uart_dmem_loader/por_rst_w
    SLICE_X95Y34         LUT2 (Prop_lut2_I0_O)        0.045     2.578 f  u_uart_dmem_loader/u_soc_i_1/O
                         net (fo=10655, routed)       0.279     2.858    u_soc/u_tx_top/u_huffman_aes_tx_top/u_file_frequency_counter/rst_i
    SLICE_X94Y33         FDCE                                         f  u_soc/u_tx_top/u_huffman_aes_tx_top/u_file_frequency_counter/freq_table_reg[96][9]/CLR
  -------------------------------------------------------------------    -------------------

                         (clock clk_i rise edge)      0.000     0.000 r  
    Y9                                                0.000     0.000 r  clk_i (IN)
                         net (fo=0)                   0.000     0.000    clk_i
    Y9                   IBUF (Prop_ibuf_I_O)         0.446     0.446 r  clk_i_IBUF_inst/O
                         net (fo=1, routed)           0.719     1.165    clk_i_IBUF
    BUFGCTRL_X0Y0        BUFG (Prop_bufg_I_O)         0.029     1.194 r  clk_i_IBUF_BUFG_inst/O
                         net (fo=40542, routed)       0.874     2.068    u_soc/u_tx_top/u_huffman_aes_tx_top/u_file_frequency_counter/clk_i
    SLICE_X94Y33         FDCE                                         r  u_soc/u_tx_top/u_huffman_aes_tx_top/u_file_frequency_counter/freq_table_reg[96][9]/C
                         clock pessimism             -0.480     1.588    
    SLICE_X94Y33         FDCE (Remov_fdce_C_CLR)     -0.067     1.521    u_soc/u_tx_top/u_huffman_aes_tx_top/u_file_frequency_counter/freq_table_reg[96][9]
  -------------------------------------------------------------------
                         required time                         -1.521    
                         arrival time                           2.858    
  -------------------------------------------------------------------
                         slack                                  1.337    

Slack (MET) :             1.407ns  (arrival time - required time)
  Source:                 por_shift_r_reg[3]/C
                            (rising edge-triggered cell FDRE clocked by clk_i  {rise@0.000ns fall@10.000ns period=20.000ns})
  Destination:            u_soc/u_tx_top/u_huffman_aes_tx_top/u_file_frequency_counter/freq_table_reg[142][10]/CLR
                            (removal check against rising-edge clock clk_i  {rise@0.000ns fall@10.000ns period=20.000ns})
  Path Group:             **async_default**
  Path Type:              Removal (Min at Fast Process Corner)
  Requirement:            0.000ns  (clk_i rise@0.000ns - clk_i rise@0.000ns)
  Data Path Delay:        1.348ns  (logic 0.231ns (17.134%)  route 1.117ns (82.866%))
  Logic Levels:           2  (LUT2=1 LUT6=1)
  Clock Path Skew:        0.008ns (DCD - SCD - CPR)
    Destination Clock Delay (DCD):    2.070ns
    Source Clock Delay      (SCD):    1.582ns
    Clock Pessimism Removal (CPR):    0.480ns

    Location             Delay type                Incr(ns)  Path(ns)    Netlist Resource(s)
  -------------------------------------------------------------------    -------------------
                         (clock clk_i rise edge)      0.000     0.000 r  
    Y9                                                0.000     0.000 r  clk_i (IN)
                         net (fo=0)                   0.000     0.000    clk_i
    Y9                   IBUF (Prop_ibuf_I_O)         0.258     0.258 r  clk_i_IBUF_inst/O
                         net (fo=1, routed)           0.663     0.921    clk_i_IBUF
    BUFGCTRL_X0Y0        BUFG (Prop_bufg_I_O)         0.026     0.947 r  clk_i_IBUF_BUFG_inst/O
                         net (fo=40542, routed)       0.635     1.582    clk_i_IBUF_BUFG
    SLICE_X106Y14        FDRE                                         r  por_shift_r_reg[3]/C
  -------------------------------------------------------------------    -------------------
    SLICE_X106Y14        FDRE (Prop_fdre_C_Q)         0.141     1.723 f  por_shift_r_reg[3]/Q
                         net (fo=2, routed)           0.173     1.896    u_uart_dmem_loader/u_uart_rx/Q[3]
    SLICE_X106Y14        LUT6 (Prop_lut6_I3_O)        0.045     1.941 f  u_uart_dmem_loader/u_uart_rx/FSM_sequential_state_r[1]_i_1/O
                         net (fo=395, routed)         0.592     2.533    u_uart_dmem_loader/por_rst_w
    SLICE_X95Y34         LUT2 (Prop_lut2_I0_O)        0.045     2.578 f  u_uart_dmem_loader/u_soc_i_1/O
                         net (fo=10655, routed)       0.352     2.930    u_soc/u_tx_top/u_huffman_aes_tx_top/u_file_frequency_counter/rst_i
    SLICE_X94Y35         FDCE                                         f  u_soc/u_tx_top/u_huffman_aes_tx_top/u_file_frequency_counter/freq_table_reg[142][10]/CLR
  -------------------------------------------------------------------    -------------------

                         (clock clk_i rise edge)      0.000     0.000 r  
    Y9                                                0.000     0.000 r  clk_i (IN)
                         net (fo=0)                   0.000     0.000    clk_i
    Y9                   IBUF (Prop_ibuf_I_O)         0.446     0.446 r  clk_i_IBUF_inst/O
                         net (fo=1, routed)           0.719     1.165    clk_i_IBUF
    BUFGCTRL_X0Y0        BUFG (Prop_bufg_I_O)         0.029     1.194 r  clk_i_IBUF_BUFG_inst/O
                         net (fo=40542, routed)       0.876     2.070    u_soc/u_tx_top/u_huffman_aes_tx_top/u_file_frequency_counter/clk_i
    SLICE_X94Y35         FDCE                                         r  u_soc/u_tx_top/u_huffman_aes_tx_top/u_file_frequency_counter/freq_table_reg[142][10]/C
                         clock pessimism             -0.480     1.590    
    SLICE_X94Y35         FDCE (Remov_fdce_C_CLR)     -0.067     1.523    u_soc/u_tx_top/u_huffman_aes_tx_top/u_file_frequency_counter/freq_table_reg[142][10]
  -------------------------------------------------------------------
                         required time                         -1.523    
                         arrival time                           2.930    
  -------------------------------------------------------------------
                         slack                                  1.407    

Slack (MET) :             1.407ns  (arrival time - required time)
  Source:                 por_shift_r_reg[3]/C
                            (rising edge-triggered cell FDRE clocked by clk_i  {rise@0.000ns fall@10.000ns period=20.000ns})
  Destination:            u_soc/u_tx_top/u_huffman_aes_tx_top/u_file_frequency_counter/freq_table_reg[142][14]/CLR
                            (removal check against rising-edge clock clk_i  {rise@0.000ns fall@10.000ns period=20.000ns})
  Path Group:             **async_default**
  Path Type:              Removal (Min at Fast Process Corner)
  Requirement:            0.000ns  (clk_i rise@0.000ns - clk_i rise@0.000ns)
  Data Path Delay:        1.348ns  (logic 0.231ns (17.134%)  route 1.117ns (82.866%))
  Logic Levels:           2  (LUT2=1 LUT6=1)
  Clock Path Skew:        0.008ns (DCD - SCD - CPR)
    Destination Clock Delay (DCD):    2.070ns
    Source Clock Delay      (SCD):    1.582ns
    Clock Pessimism Removal (CPR):    0.480ns

    Location             Delay type                Incr(ns)  Path(ns)    Netlist Resource(s)
  -------------------------------------------------------------------    -------------------
                         (clock clk_i rise edge)      0.000     0.000 r  
    Y9                                                0.000     0.000 r  clk_i (IN)
                         net (fo=0)                   0.000     0.000    clk_i
    Y9                   IBUF (Prop_ibuf_I_O)         0.258     0.258 r  clk_i_IBUF_inst/O
                         net (fo=1, routed)           0.663     0.921    clk_i_IBUF
    BUFGCTRL_X0Y0        BUFG (Prop_bufg_I_O)         0.026     0.947 r  clk_i_IBUF_BUFG_inst/O
                         net (fo=40542, routed)       0.635     1.582    clk_i_IBUF_BUFG
    SLICE_X106Y14        FDRE                                         r  por_shift_r_reg[3]/C
  -------------------------------------------------------------------    -------------------
    SLICE_X106Y14        FDRE (Prop_fdre_C_Q)         0.141     1.723 f  por_shift_r_reg[3]/Q
                         net (fo=2, routed)           0.173     1.896    u_uart_dmem_loader/u_uart_rx/Q[3]
    SLICE_X106Y14        LUT6 (Prop_lut6_I3_O)        0.045     1.941 f  u_uart_dmem_loader/u_uart_rx/FSM_sequential_state_r[1]_i_1/O
                         net (fo=395, routed)         0.592     2.533    u_uart_dmem_loader/por_rst_w
    SLICE_X95Y34         LUT2 (Prop_lut2_I0_O)        0.045     2.578 f  u_uart_dmem_loader/u_soc_i_1/O
                         net (fo=10655, routed)       0.352     2.930    u_soc/u_tx_top/u_huffman_aes_tx_top/u_file_frequency_counter/rst_i
    SLICE_X94Y35         FDCE                                         f  u_soc/u_tx_top/u_huffman_aes_tx_top/u_file_frequency_counter/freq_table_reg[142][14]/CLR
  -------------------------------------------------------------------    -------------------

                         (clock clk_i rise edge)      0.000     0.000 r  
    Y9                                                0.000     0.000 r  clk_i (IN)
                         net (fo=0)                   0.000     0.000    clk_i
    Y9                   IBUF (Prop_ibuf_I_O)         0.446     0.446 r  clk_i_IBUF_inst/O
                         net (fo=1, routed)           0.719     1.165    clk_i_IBUF
    BUFGCTRL_X0Y0        BUFG (Prop_bufg_I_O)         0.029     1.194 r  clk_i_IBUF_BUFG_inst/O
                         net (fo=40542, routed)       0.876     2.070    u_soc/u_tx_top/u_huffman_aes_tx_top/u_file_frequency_counter/clk_i
    SLICE_X94Y35         FDCE                                         r  u_soc/u_tx_top/u_huffman_aes_tx_top/u_file_frequency_counter/freq_table_reg[142][14]/C
                         clock pessimism             -0.480     1.590    
    SLICE_X94Y35         FDCE (Remov_fdce_C_CLR)     -0.067     1.523    u_soc/u_tx_top/u_huffman_aes_tx_top/u_file_frequency_counter/freq_table_reg[142][14]
  -------------------------------------------------------------------
                         required time                         -1.523    
                         arrival time                           2.930    
  -------------------------------------------------------------------
                         slack                                  1.407    

Slack (MET) :             1.415ns  (arrival time - required time)
  Source:                 por_shift_r_reg[3]/C
                            (rising edge-triggered cell FDRE clocked by clk_i  {rise@0.000ns fall@10.000ns period=20.000ns})
  Destination:            u_soc/u_tx_top/u_huffman_aes_tx_top/u_file_frequency_counter/freq_table_reg[113][10]/CLR
                            (removal check against rising-edge clock clk_i  {rise@0.000ns fall@10.000ns period=20.000ns})
  Path Group:             **async_default**
  Path Type:              Removal (Min at Fast Process Corner)
  Requirement:            0.000ns  (clk_i rise@0.000ns - clk_i rise@0.000ns)
  Data Path Delay:        1.329ns  (logic 0.231ns (17.386%)  route 1.098ns (82.614%))
  Logic Levels:           2  (LUT2=1 LUT6=1)
  Clock Path Skew:        0.006ns (DCD - SCD - CPR)
    Destination Clock Delay (DCD):    2.068ns
    Source Clock Delay      (SCD):    1.582ns
    Clock Pessimism Removal (CPR):    0.480ns

    Location             Delay type                Incr(ns)  Path(ns)    Netlist Resource(s)
  -------------------------------------------------------------------    -------------------
                         (clock clk_i rise edge)      0.000     0.000 r  
    Y9                                                0.000     0.000 r  clk_i (IN)
                         net (fo=0)                   0.000     0.000    clk_i
    Y9                   IBUF (Prop_ibuf_I_O)         0.258     0.258 r  clk_i_IBUF_inst/O
                         net (fo=1, routed)           0.663     0.921    clk_i_IBUF
    BUFGCTRL_X0Y0        BUFG (Prop_bufg_I_O)         0.026     0.947 r  clk_i_IBUF_BUFG_inst/O
                         net (fo=40542, routed)       0.635     1.582    clk_i_IBUF_BUFG
    SLICE_X106Y14        FDRE                                         r  por_shift_r_reg[3]/C
  -------------------------------------------------------------------    -------------------
    SLICE_X106Y14        FDRE (Prop_fdre_C_Q)         0.141     1.723 f  por_shift_r_reg[3]/Q
                         net (fo=2, routed)           0.173     1.896    u_uart_dmem_loader/u_uart_rx/Q[3]
    SLICE_X106Y14        LUT6 (Prop_lut6_I3_O)        0.045     1.941 f  u_uart_dmem_loader/u_uart_rx/FSM_sequential_state_r[1]_i_1/O
                         net (fo=395, routed)         0.592     2.533    u_uart_dmem_loader/por_rst_w
    SLICE_X95Y34         LUT2 (Prop_lut2_I0_O)        0.045     2.578 f  u_uart_dmem_loader/u_soc_i_1/O
                         net (fo=10655, routed)       0.332     2.911    u_soc/u_tx_top/u_huffman_aes_tx_top/u_file_frequency_counter/rst_i
    SLICE_X97Y33         FDCE                                         f  u_soc/u_tx_top/u_huffman_aes_tx_top/u_file_frequency_counter/freq_table_reg[113][10]/CLR
  -------------------------------------------------------------------    -------------------

                         (clock clk_i rise edge)      0.000     0.000 r  
    Y9                                                0.000     0.000 r  clk_i (IN)
                         net (fo=0)                   0.000     0.000    clk_i
    Y9                   IBUF (Prop_ibuf_I_O)         0.446     0.446 r  clk_i_IBUF_inst/O
                         net (fo=1, routed)           0.719     1.165    clk_i_IBUF
    BUFGCTRL_X0Y0        BUFG (Prop_bufg_I_O)         0.029     1.194 r  clk_i_IBUF_BUFG_inst/O
                         net (fo=40542, routed)       0.874     2.068    u_soc/u_tx_top/u_huffman_aes_tx_top/u_file_frequency_counter/clk_i
    SLICE_X97Y33         FDCE                                         r  u_soc/u_tx_top/u_huffman_aes_tx_top/u_file_frequency_counter/freq_table_reg[113][10]/C
                         clock pessimism             -0.480     1.588    
    SLICE_X97Y33         FDCE (Remov_fdce_C_CLR)     -0.092     1.496    u_soc/u_tx_top/u_huffman_aes_tx_top/u_file_frequency_counter/freq_table_reg[113][10]
  -------------------------------------------------------------------
                         required time                         -1.496    
                         arrival time                           2.911    
  -------------------------------------------------------------------
                         slack                                  1.415    





--------------------------------------------------------------------------------------
Path Group:  (none)
From Clock:  clk_i
  To Clock:  

Max Delay             5 Endpoints
Min Delay             5 Endpoints
--------------------------------------------------------------------------------------


Max Delay Paths
--------------------------------------------------------------------------------------
Slack:                    inf
  Source:                 u_uart_dmem_loader/error_r_reg/C
                            (rising edge-triggered cell FDRE clocked by clk_i  {rise@0.000ns fall@10.000ns period=20.000ns})
  Destination:            led_o[3]
                            (output port)
  Path Group:             (none)
  Path Type:              Max at Slow Process Corner
  Data Path Delay:        9.973ns  (logic 4.110ns (41.211%)  route 5.863ns (58.789%))
  Logic Levels:           2  (LUT3=1 OBUF=1)
  Clock Uncertainty:      0.025ns  ((TSJ^2 + TIJ^2)^1/2 + DJ) / 2 + PE
    Total System Jitter     (TSJ):    0.050ns
    Total Input Jitter      (TIJ):    0.000ns
    Discrete Jitter          (DJ):    0.000ns
    Phase Error              (PE):    0.000ns

    Location             Delay type                Incr(ns)  Path(ns)    Netlist Resource(s)
  -------------------------------------------------------------------    -------------------
                         (clock clk_i rise edge)      0.000     0.000 r  
    Y9                                                0.000     0.000 r  clk_i (IN)
                         net (fo=0)                   0.000     0.000    clk_i
    Y9                   IBUF (Prop_ibuf_I_O)         1.490     1.490 r  clk_i_IBUF_inst/O
                         net (fo=1, routed)           2.171     3.661    clk_i_IBUF
    BUFGCTRL_X0Y0        BUFG (Prop_bufg_I_O)         0.101     3.762 r  clk_i_IBUF_BUFG_inst/O
                         net (fo=40542, routed)       1.724     5.486    u_uart_dmem_loader/clk_i
    SLICE_X65Y14         FDRE                                         r  u_uart_dmem_loader/error_r_reg/C
  -------------------------------------------------------------------    -------------------
    SLICE_X65Y14         FDRE (Prop_fdre_C_Q)         0.456     5.942 r  u_uart_dmem_loader/error_r_reg/Q
                         net (fo=2, routed)           2.016     7.958    u_uart_dmem_loader/loader_error_w
    SLICE_X86Y6          LUT3 (Prop_lut3_I0_O)        0.124     8.082 r  u_uart_dmem_loader/led_o_OBUF[3]_inst_i_1/O
                         net (fo=1, routed)           3.847    11.929    led_o_OBUF[3]
    U21                  OBUF (Prop_obuf_I_O)         3.530    15.459 r  led_o_OBUF[3]_inst/O
                         net (fo=0)                   0.000    15.459    led_o[3]
    U21                                                               r  led_o[3] (OUT)
  -------------------------------------------------------------------    -------------------

Slack:                    inf
  Source:                 u_uart_dmem_loader/FSM_onehot_state_r_reg[14]/C
                            (rising edge-triggered cell FDRE clocked by clk_i  {rise@0.000ns fall@10.000ns period=20.000ns})
  Destination:            led_o[1]
                            (output port)
  Path Group:             (none)
  Path Type:              Max at Slow Process Corner
  Data Path Delay:        9.464ns  (logic 4.156ns (43.908%)  route 5.309ns (56.092%))
  Logic Levels:           2  (LUT3=1 OBUF=1)
  Clock Uncertainty:      0.025ns  ((TSJ^2 + TIJ^2)^1/2 + DJ) / 2 + PE
    Total System Jitter     (TSJ):    0.050ns
    Total Input Jitter      (TIJ):    0.000ns
    Discrete Jitter          (DJ):    0.000ns
    Phase Error              (PE):    0.000ns

    Location             Delay type                Incr(ns)  Path(ns)    Netlist Resource(s)
  -------------------------------------------------------------------    -------------------
                         (clock clk_i rise edge)      0.000     0.000 r  
    Y9                                                0.000     0.000 r  clk_i (IN)
                         net (fo=0)                   0.000     0.000    clk_i
    Y9                   IBUF (Prop_ibuf_I_O)         1.490     1.490 r  clk_i_IBUF_inst/O
                         net (fo=1, routed)           2.171     3.661    clk_i_IBUF
    BUFGCTRL_X0Y0        BUFG (Prop_bufg_I_O)         0.101     3.762 r  clk_i_IBUF_BUFG_inst/O
                         net (fo=40542, routed)       1.727     5.489    u_uart_dmem_loader/clk_i
    SLICE_X62Y7          FDRE                                         r  u_uart_dmem_loader/FSM_onehot_state_r_reg[14]/C
  -------------------------------------------------------------------    -------------------
    SLICE_X62Y7          FDRE (Prop_fdre_C_Q)         0.518     6.007 f  u_uart_dmem_loader/FSM_onehot_state_r_reg[14]/Q
                         net (fo=1, routed)           0.810     6.818    u_uart_dmem_loader/FSM_onehot_state_r_reg_n_0_[14]
    SLICE_X62Y8          LUT3 (Prop_lut3_I0_O)        0.124     6.942 r  u_uart_dmem_loader/led_o_OBUF[1]_inst_i_1/O
                         net (fo=1, routed)           4.499    11.440    led_o_OBUF[1]
    T21                  OBUF (Prop_obuf_I_O)         3.514    14.954 r  led_o_OBUF[1]_inst/O
                         net (fo=0)                   0.000    14.954    led_o[1]
    T21                                                               r  led_o[1] (OUT)
  -------------------------------------------------------------------    -------------------

Slack:                    inf
  Source:                 u_uart_dmem_loader/u_uart_tx/txd_r_reg/C
                            (rising edge-triggered cell FDSE clocked by clk_i  {rise@0.000ns fall@10.000ns period=20.000ns})
  Destination:            uart_tx_o
                            (output port)
  Path Group:             (none)
  Path Type:              Max at Slow Process Corner
  Data Path Delay:        8.816ns  (logic 4.113ns (46.651%)  route 4.703ns (53.349%))
  Logic Levels:           1  (OBUF=1)
  Clock Uncertainty:      0.025ns  ((TSJ^2 + TIJ^2)^1/2 + DJ) / 2 + PE
    Total System Jitter     (TSJ):    0.050ns
    Total Input Jitter      (TIJ):    0.000ns
    Discrete Jitter          (DJ):    0.000ns
    Phase Error              (PE):    0.000ns

    Location             Delay type                Incr(ns)  Path(ns)    Netlist Resource(s)
  -------------------------------------------------------------------    -------------------
                         (clock clk_i rise edge)      0.000     0.000 r  
    Y9                                                0.000     0.000 r  clk_i (IN)
                         net (fo=0)                   0.000     0.000    clk_i
    Y9                   IBUF (Prop_ibuf_I_O)         1.490     1.490 r  clk_i_IBUF_inst/O
                         net (fo=1, routed)           2.171     3.661    clk_i_IBUF
    BUFGCTRL_X0Y0        BUFG (Prop_bufg_I_O)         0.101     3.762 r  clk_i_IBUF_BUFG_inst/O
                         net (fo=40542, routed)       1.794     5.556    u_uart_dmem_loader/u_uart_tx/clk_i
    SLICE_X90Y11         FDSE                                         r  u_uart_dmem_loader/u_uart_tx/txd_r_reg/C
  -------------------------------------------------------------------    -------------------
    SLICE_X90Y11         FDSE (Prop_fdse_C_Q)         0.518     6.074 r  u_uart_dmem_loader/u_uart_tx/txd_r_reg/Q
                         net (fo=1, routed)           4.703    10.777    uart_tx_o_OBUF
    Y10                  OBUF (Prop_obuf_I_O)         3.595    14.372 r  uart_tx_o_OBUF_inst/O
                         net (fo=0)                   0.000    14.372    uart_tx_o
    Y10                                                               r  uart_tx_o (OUT)
  -------------------------------------------------------------------    -------------------

Slack:                    inf
  Source:                 u_uart_dmem_loader/done_r_reg/C
                            (rising edge-triggered cell FDRE clocked by clk_i  {rise@0.000ns fall@10.000ns period=20.000ns})
  Destination:            led_o[2]
                            (output port)
  Path Group:             (none)
  Path Type:              Max at Slow Process Corner
  Data Path Delay:        8.394ns  (logic 4.122ns (49.106%)  route 4.272ns (50.894%))
  Logic Levels:           1  (OBUF=1)
  Clock Uncertainty:      0.025ns  ((TSJ^2 + TIJ^2)^1/2 + DJ) / 2 + PE
    Total System Jitter     (TSJ):    0.050ns
    Total Input Jitter      (TIJ):    0.000ns
    Discrete Jitter          (DJ):    0.000ns
    Phase Error              (PE):    0.000ns

    Location             Delay type                Incr(ns)  Path(ns)    Netlist Resource(s)
  -------------------------------------------------------------------    -------------------
                         (clock clk_i rise edge)      0.000     0.000 r  
    Y9                                                0.000     0.000 r  clk_i (IN)
                         net (fo=0)                   0.000     0.000    clk_i
    Y9                   IBUF (Prop_ibuf_I_O)         1.490     1.490 r  clk_i_IBUF_inst/O
                         net (fo=1, routed)           2.171     3.661    clk_i_IBUF
    BUFGCTRL_X0Y0        BUFG (Prop_bufg_I_O)         0.101     3.762 r  clk_i_IBUF_BUFG_inst/O
                         net (fo=40542, routed)       1.724     5.486    u_uart_dmem_loader/clk_i
    SLICE_X65Y14         FDRE                                         r  u_uart_dmem_loader/done_r_reg/C
  -------------------------------------------------------------------    -------------------
    SLICE_X65Y14         FDRE (Prop_fdre_C_Q)         0.419     5.905 r  u_uart_dmem_loader/done_r_reg/Q
                         net (fo=3, routed)           4.272    10.178    led_o_OBUF[2]
    U22                  OBUF (Prop_obuf_I_O)         3.703    13.881 r  led_o_OBUF[2]_inst/O
                         net (fo=0)                   0.000    13.881    led_o[2]
    U22                                                               r  led_o[2] (OUT)
  -------------------------------------------------------------------    -------------------

Slack:                    inf
  Source:                 heartbeat_r_reg[25]/C
                            (rising edge-triggered cell FDRE clocked by clk_i  {rise@0.000ns fall@10.000ns period=20.000ns})
  Destination:            led_o[0]
                            (output port)
  Path Group:             (none)
  Path Type:              Max at Slow Process Corner
  Data Path Delay:        5.908ns  (logic 3.978ns (67.342%)  route 1.929ns (32.658%))
  Logic Levels:           1  (OBUF=1)
  Clock Uncertainty:      0.025ns  ((TSJ^2 + TIJ^2)^1/2 + DJ) / 2 + PE
    Total System Jitter     (TSJ):    0.050ns
    Total Input Jitter      (TIJ):    0.000ns
    Discrete Jitter          (DJ):    0.000ns
    Phase Error              (PE):    0.000ns

    Location             Delay type                Incr(ns)  Path(ns)    Netlist Resource(s)
  -------------------------------------------------------------------    -------------------
                         (clock clk_i rise edge)      0.000     0.000 r  
    Y9                                                0.000     0.000 r  clk_i (IN)
                         net (fo=0)                   0.000     0.000    clk_i
    Y9                   IBUF (Prop_ibuf_I_O)         1.490     1.490 r  clk_i_IBUF_inst/O
                         net (fo=1, routed)           2.171     3.661    clk_i_IBUF
    BUFGCTRL_X0Y0        BUFG (Prop_bufg_I_O)         0.101     3.762 r  clk_i_IBUF_BUFG_inst/O
                         net (fo=40542, routed)       1.872     5.634    clk_i_IBUF_BUFG
    SLICE_X113Y34        FDRE                                         r  heartbeat_r_reg[25]/C
  -------------------------------------------------------------------    -------------------
    SLICE_X113Y34        FDRE (Prop_fdre_C_Q)         0.456     6.090 r  heartbeat_r_reg[25]/Q
                         net (fo=2, routed)           1.929     8.020    led_o_OBUF[0]
    T22                  OBUF (Prop_obuf_I_O)         3.522    11.542 r  led_o_OBUF[0]_inst/O
                         net (fo=0)                   0.000    11.542    led_o[0]
    T22                                                               r  led_o[0] (OUT)
  -------------------------------------------------------------------    -------------------





Min Delay Paths
--------------------------------------------------------------------------------------
Slack:                    inf
  Source:                 heartbeat_r_reg[25]/C
                            (rising edge-triggered cell FDRE clocked by clk_i  {rise@0.000ns fall@10.000ns period=20.000ns})
  Destination:            led_o[0]
                            (output port)
  Path Group:             (none)
  Path Type:              Min at Fast Process Corner
  Data Path Delay:        1.823ns  (logic 1.364ns (74.854%)  route 0.458ns (25.146%))
  Logic Levels:           1  (OBUF=1)
  Clock Uncertainty:      0.025ns  ((TSJ^2 + TIJ^2)^1/2 + DJ) / 2 + PE
    Total System Jitter     (TSJ):    0.050ns
    Total Input Jitter      (TIJ):    0.000ns
    Discrete Jitter          (DJ):    0.000ns
    Phase Error              (PE):    0.000ns

    Location             Delay type                Incr(ns)  Path(ns)    Netlist Resource(s)
  -------------------------------------------------------------------    -------------------
                         (clock clk_i rise edge)      0.000     0.000 r  
    Y9                                                0.000     0.000 r  clk_i (IN)
                         net (fo=0)                   0.000     0.000    clk_i
    Y9                   IBUF (Prop_ibuf_I_O)         0.258     0.258 r  clk_i_IBUF_inst/O
                         net (fo=1, routed)           0.663     0.921    clk_i_IBUF
    BUFGCTRL_X0Y0        BUFG (Prop_bufg_I_O)         0.026     0.947 r  clk_i_IBUF_BUFG_inst/O
                         net (fo=40542, routed)       0.636     1.583    clk_i_IBUF_BUFG
    SLICE_X113Y34        FDRE                                         r  heartbeat_r_reg[25]/C
  -------------------------------------------------------------------    -------------------
    SLICE_X113Y34        FDRE (Prop_fdre_C_Q)         0.141     1.724 r  heartbeat_r_reg[25]/Q
                         net (fo=2, routed)           0.458     2.182    led_o_OBUF[0]
    T22                  OBUF (Prop_obuf_I_O)         1.223     3.405 r  led_o_OBUF[0]_inst/O
                         net (fo=0)                   0.000     3.405    led_o[0]
    T22                                                               r  led_o[0] (OUT)
  -------------------------------------------------------------------    -------------------

Slack:                    inf
  Source:                 u_uart_dmem_loader/done_r_reg/C
                            (rising edge-triggered cell FDRE clocked by clk_i  {rise@0.000ns fall@10.000ns period=20.000ns})
  Destination:            led_o[2]
                            (output port)
  Path Group:             (none)
  Path Type:              Min at Fast Process Corner
  Data Path Delay:        2.961ns  (logic 1.413ns (47.716%)  route 1.548ns (52.284%))
  Logic Levels:           1  (OBUF=1)
  Clock Uncertainty:      0.025ns  ((TSJ^2 + TIJ^2)^1/2 + DJ) / 2 + PE
    Total System Jitter     (TSJ):    0.050ns
    Total Input Jitter      (TIJ):    0.000ns
    Discrete Jitter          (DJ):    0.000ns
    Phase Error              (PE):    0.000ns

    Location             Delay type                Incr(ns)  Path(ns)    Netlist Resource(s)
  -------------------------------------------------------------------    -------------------
                         (clock clk_i rise edge)      0.000     0.000 r  
    Y9                                                0.000     0.000 r  clk_i (IN)
                         net (fo=0)                   0.000     0.000    clk_i
    Y9                   IBUF (Prop_ibuf_I_O)         0.258     0.258 r  clk_i_IBUF_inst/O
                         net (fo=1, routed)           0.663     0.921    clk_i_IBUF
    BUFGCTRL_X0Y0        BUFG (Prop_bufg_I_O)         0.026     0.947 r  clk_i_IBUF_BUFG_inst/O
                         net (fo=40542, routed)       0.579     1.526    u_uart_dmem_loader/clk_i
    SLICE_X65Y14         FDRE                                         r  u_uart_dmem_loader/done_r_reg/C
  -------------------------------------------------------------------    -------------------
    SLICE_X65Y14         FDRE (Prop_fdre_C_Q)         0.128     1.654 r  u_uart_dmem_loader/done_r_reg/Q
                         net (fo=3, routed)           1.548     3.202    led_o_OBUF[2]
    U22                  OBUF (Prop_obuf_I_O)         1.285     4.487 r  led_o_OBUF[2]_inst/O
                         net (fo=0)                   0.000     4.487    led_o[2]
    U22                                                               r  led_o[2] (OUT)
  -------------------------------------------------------------------    -------------------

Slack:                    inf
  Source:                 u_soc/u_cpu/u_mem_stage/mem_stage_err_o_reg[0]/C
                            (rising edge-triggered cell FDRE clocked by clk_i  {rise@0.000ns fall@10.000ns period=20.000ns})
  Destination:            led_o[3]
                            (output port)
  Path Group:             (none)
  Path Type:              Min at Fast Process Corner
  Data Path Delay:        3.109ns  (logic 1.417ns (45.574%)  route 1.692ns (54.426%))
  Logic Levels:           2  (LUT3=1 OBUF=1)
  Clock Uncertainty:      0.025ns  ((TSJ^2 + TIJ^2)^1/2 + DJ) / 2 + PE
    Total System Jitter     (TSJ):    0.050ns
    Total Input Jitter      (TIJ):    0.000ns
    Discrete Jitter          (DJ):    0.000ns
    Phase Error              (PE):    0.000ns

    Location             Delay type                Incr(ns)  Path(ns)    Netlist Resource(s)
  -------------------------------------------------------------------    -------------------
                         (clock clk_i rise edge)      0.000     0.000 r  
    Y9                                                0.000     0.000 r  clk_i (IN)
                         net (fo=0)                   0.000     0.000    clk_i
    Y9                   IBUF (Prop_ibuf_I_O)         0.258     0.258 r  clk_i_IBUF_inst/O
                         net (fo=1, routed)           0.663     0.921    clk_i_IBUF
    BUFGCTRL_X0Y0        BUFG (Prop_bufg_I_O)         0.026     0.947 r  clk_i_IBUF_BUFG_inst/O
                         net (fo=40542, routed)       0.587     1.534    u_soc/u_cpu/u_mem_stage/clk_i
    SLICE_X80Y4          FDRE                                         r  u_soc/u_cpu/u_mem_stage/mem_stage_err_o_reg[0]/C
  -------------------------------------------------------------------    -------------------
    SLICE_X80Y4          FDRE (Prop_fdre_C_Q)         0.141     1.675 r  u_soc/u_cpu/u_mem_stage/mem_stage_err_o_reg[0]/Q
                         net (fo=1, routed)           0.308     1.983    u_uart_dmem_loader/mem_err_o[0]
    SLICE_X86Y6          LUT3 (Prop_lut3_I2_O)        0.045     2.028 r  u_uart_dmem_loader/led_o_OBUF[3]_inst_i_1/O
                         net (fo=1, routed)           1.384     3.412    led_o_OBUF[3]
    U21                  OBUF (Prop_obuf_I_O)         1.231     4.642 r  led_o_OBUF[3]_inst/O
                         net (fo=0)                   0.000     4.642    led_o[3]
    U21                                                               r  led_o[3] (OUT)
  -------------------------------------------------------------------    -------------------

Slack:                    inf
  Source:                 u_uart_dmem_loader/u_uart_tx/txd_r_reg/C
                            (rising edge-triggered cell FDSE clocked by clk_i  {rise@0.000ns fall@10.000ns period=20.000ns})
  Destination:            uart_tx_o
                            (output port)
  Path Group:             (none)
  Path Type:              Min at Fast Process Corner
  Data Path Delay:        3.166ns  (logic 1.459ns (46.081%)  route 1.707ns (53.919%))
  Logic Levels:           1  (OBUF=1)
  Clock Uncertainty:      0.025ns  ((TSJ^2 + TIJ^2)^1/2 + DJ) / 2 + PE
    Total System Jitter     (TSJ):    0.050ns
    Total Input Jitter      (TIJ):    0.000ns
    Discrete Jitter          (DJ):    0.000ns
    Phase Error              (PE):    0.000ns

    Location             Delay type                Incr(ns)  Path(ns)    Netlist Resource(s)
  -------------------------------------------------------------------    -------------------
                         (clock clk_i rise edge)      0.000     0.000 r  
    Y9                                                0.000     0.000 r  clk_i (IN)
                         net (fo=0)                   0.000     0.000    clk_i
    Y9                   IBUF (Prop_ibuf_I_O)         0.258     0.258 r  clk_i_IBUF_inst/O
                         net (fo=1, routed)           0.663     0.921    clk_i_IBUF
    BUFGCTRL_X0Y0        BUFG (Prop_bufg_I_O)         0.026     0.947 r  clk_i_IBUF_BUFG_inst/O
                         net (fo=40542, routed)       0.608     1.555    u_uart_dmem_loader/u_uart_tx/clk_i
    SLICE_X90Y11         FDSE                                         r  u_uart_dmem_loader/u_uart_tx/txd_r_reg/C
  -------------------------------------------------------------------    -------------------
    SLICE_X90Y11         FDSE (Prop_fdse_C_Q)         0.164     1.719 r  u_uart_dmem_loader/u_uart_tx/txd_r_reg/Q
                         net (fo=1, routed)           1.707     3.426    uart_tx_o_OBUF
    Y10                  OBUF (Prop_obuf_I_O)         1.295     4.721 r  uart_tx_o_OBUF_inst/O
                         net (fo=0)                   0.000     4.721    uart_tx_o
    Y10                                                               r  uart_tx_o (OUT)
  -------------------------------------------------------------------    -------------------

Slack:                    inf
  Source:                 u_uart_dmem_loader/FSM_onehot_state_r_reg[9]/C
                            (rising edge-triggered cell FDRE clocked by clk_i  {rise@0.000ns fall@10.000ns period=20.000ns})
  Destination:            led_o[1]
                            (output port)
  Path Group:             (none)
  Path Type:              Min at Fast Process Corner
  Data Path Delay:        3.280ns  (logic 1.424ns (43.410%)  route 1.856ns (56.590%))
  Logic Levels:           2  (LUT3=1 OBUF=1)
  Clock Uncertainty:      0.025ns  ((TSJ^2 + TIJ^2)^1/2 + DJ) / 2 + PE
    Total System Jitter     (TSJ):    0.050ns
    Total Input Jitter      (TIJ):    0.000ns
    Discrete Jitter          (DJ):    0.000ns
    Phase Error              (PE):    0.000ns

    Location             Delay type                Incr(ns)  Path(ns)    Netlist Resource(s)
  -------------------------------------------------------------------    -------------------
                         (clock clk_i rise edge)      0.000     0.000 r  
    Y9                                                0.000     0.000 r  clk_i (IN)
                         net (fo=0)                   0.000     0.000    clk_i
    Y9                   IBUF (Prop_ibuf_I_O)         0.258     0.258 r  clk_i_IBUF_inst/O
                         net (fo=1, routed)           0.663     0.921    clk_i_IBUF
    BUFGCTRL_X0Y0        BUFG (Prop_bufg_I_O)         0.026     0.947 r  clk_i_IBUF_BUFG_inst/O
                         net (fo=40542, routed)       0.582     1.529    u_uart_dmem_loader/clk_i
    SLICE_X62Y7          FDRE                                         r  u_uart_dmem_loader/FSM_onehot_state_r_reg[9]/C
  -------------------------------------------------------------------    -------------------
    SLICE_X62Y7          FDRE (Prop_fdre_C_Q)         0.164     1.693 f  u_uart_dmem_loader/FSM_onehot_state_r_reg[9]/Q
                         net (fo=2, routed)           0.205     1.898    u_uart_dmem_loader/FSM_onehot_state_r_reg_n_0_[9]
    SLICE_X62Y8          LUT3 (Prop_lut3_I2_O)        0.045     1.943 r  u_uart_dmem_loader/led_o_OBUF[1]_inst_i_1/O
                         net (fo=1, routed)           1.651     3.594    led_o_OBUF[1]
    T21                  OBUF (Prop_obuf_I_O)         1.215     4.809 r  led_o_OBUF[1]_inst/O
                         net (fo=0)                   0.000     4.809    led_o[1]
    T21                                                               r  led_o[1] (OUT)
  -------------------------------------------------------------------    -------------------





--------------------------------------------------------------------------------------
Path Group:  (none)
From Clock:  
  To Clock:  clk_i

Max Delay             1 Endpoint
Min Delay             1 Endpoint
--------------------------------------------------------------------------------------


Max Delay Paths
--------------------------------------------------------------------------------------
Slack:                    inf
  Source:                 uart_rx_i
                            (input port)
  Destination:            u_uart_dmem_loader/u_uart_rx/rxd_meta_r_reg/D
                            (rising edge-triggered cell FDSE clocked by clk_i  {rise@0.000ns fall@10.000ns period=20.000ns})
  Path Group:             (none)
  Path Type:              Setup (Max at Slow Process Corner)
  Data Path Delay:        5.245ns  (logic 1.523ns (29.030%)  route 3.722ns (70.970%))
  Logic Levels:           1  (IBUF=1)
  Clock Path Skew:        5.035ns (DCD - SCD + CPR)
    Destination Clock Delay (DCD):    5.035ns
    Source Clock Delay      (SCD):    0.000ns
    Clock Pessimism Removal (CPR):    0.000ns
  Clock Uncertainty:      0.025ns  ((TSJ^2 + TIJ^2)^1/2 + DJ) / 2 + PE
    Total System Jitter     (TSJ):    0.050ns
    Total Input Jitter      (TIJ):    0.000ns
    Discrete Jitter          (DJ):    0.000ns
    Phase Error              (PE):    0.000ns

    Location             Delay type                Incr(ns)  Path(ns)    Netlist Resource(s)
  -------------------------------------------------------------------    -------------------
    AA9                                               0.000     0.000 r  uart_rx_i (IN)
                         net (fo=0)                   0.000     0.000    uart_rx_i
    AA9                  IBUF (Prop_ibuf_I_O)         1.523     1.523 r  uart_rx_i_IBUF_inst/O
                         net (fo=1, routed)           3.722     5.245    u_uart_dmem_loader/u_uart_rx/uart_rx_i_IBUF
    SLICE_X57Y2          FDSE                                         r  u_uart_dmem_loader/u_uart_rx/rxd_meta_r_reg/D
  -------------------------------------------------------------------    -------------------

                         (clock clk_i rise edge)      0.000     0.000 r  
    Y9                                                0.000     0.000 r  clk_i (IN)
                         net (fo=0)                   0.000     0.000    clk_i
    Y9                   IBUF (Prop_ibuf_I_O)         1.420     1.420 r  clk_i_IBUF_inst/O
                         net (fo=1, routed)           1.972     3.392    clk_i_IBUF
    BUFGCTRL_X0Y0        BUFG (Prop_bufg_I_O)         0.091     3.483 r  clk_i_IBUF_BUFG_inst/O
                         net (fo=40542, routed)       1.552     5.035    u_uart_dmem_loader/u_uart_rx/clk_i
    SLICE_X57Y2          FDSE                                         r  u_uart_dmem_loader/u_uart_rx/rxd_meta_r_reg/C





Min Delay Paths
--------------------------------------------------------------------------------------
Slack:                    inf
  Source:                 uart_rx_i
                            (input port)
  Destination:            u_uart_dmem_loader/u_uart_rx/rxd_meta_r_reg/D
                            (rising edge-triggered cell FDSE clocked by clk_i  {rise@0.000ns fall@10.000ns period=20.000ns})
  Path Group:             (none)
  Path Type:              Hold (Min at Fast Process Corner)
  Data Path Delay:        2.029ns  (logic 0.290ns (14.292%)  route 1.739ns (85.708%))
  Logic Levels:           1  (IBUF=1)
  Clock Path Skew:        2.045ns (DCD - SCD - CPR)
    Destination Clock Delay (DCD):    2.045ns
    Source Clock Delay      (SCD):    0.000ns
    Clock Pessimism Removal (CPR):    -0.000ns

    Location             Delay type                Incr(ns)  Path(ns)    Netlist Resource(s)
  -------------------------------------------------------------------    -------------------
    AA9                                               0.000     0.000 r  uart_rx_i (IN)
                         net (fo=0)                   0.000     0.000    uart_rx_i
    AA9                  IBUF (Prop_ibuf_I_O)         0.290     0.290 r  uart_rx_i_IBUF_inst/O
                         net (fo=1, routed)           1.739     2.029    u_uart_dmem_loader/u_uart_rx/uart_rx_i_IBUF
    SLICE_X57Y2          FDSE                                         r  u_uart_dmem_loader/u_uart_rx/rxd_meta_r_reg/D
  -------------------------------------------------------------------    -------------------

                         (clock clk_i rise edge)      0.000     0.000 r  
    Y9                                                0.000     0.000 r  clk_i (IN)
                         net (fo=0)                   0.000     0.000    clk_i
    Y9                   IBUF (Prop_ibuf_I_O)         0.446     0.446 r  clk_i_IBUF_inst/O
                         net (fo=1, routed)           0.719     1.165    clk_i_IBUF
    BUFGCTRL_X0Y0        BUFG (Prop_bufg_I_O)         0.029     1.194 r  clk_i_IBUF_BUFG_inst/O
                         net (fo=40542, routed)       0.851     2.045    u_uart_dmem_loader/u_uart_rx/clk_i
    SLICE_X57Y2          FDSE                                         r  u_uart_dmem_loader/u_uart_rx/rxd_meta_r_reg/C





