Copyright 1986-2022 Xilinx, Inc. All Rights Reserved. Copyright 2022-2024 Advanced Micro Devices, Inc. All Rights Reserved.
-----------------------------------------------------------------------------------------------------------------------------------------------------
| Tool Version : Vivado v.2024.2 (win64) Build 5239630 Fri Nov 08 22:35:27 MST 2024
| Date         : Thu Apr 30 18:15:31 2026
| Host         : An running 64-bit major release  (build 9200)
| Command      : report_drc -file H:/Academic/senior_project/DATN/work/luc/AES_huffman_all6/vivado/build/rv32_soc_synth_tx/reports/post_impl_drc.rpt
| Design       : rv32_soc_fpga_demo_top
| Device       : xc7z020clg484-1
| Speed File   : -1
| Design State : Fully Routed
-----------------------------------------------------------------------------------------------------------------------------------------------------

Report DRC

Table of Contents
-----------------
1. REPORT SUMMARY
2. REPORT DETAILS

1. REPORT SUMMARY
-----------------
            Netlist: netlist
          Floorplan: checkpoint_rv32_soc_fpga_demo_top_impl
      Design limits: <entire design considered>
           Ruledeck: default
             Max checks: <unlimited>
             Checks found: 1031
+-----------+----------+----------------------------+--------+
| Rule      | Severity | Description                | Checks |
+-----------+----------+----------------------------+--------+
| PDRC-132  | Warning  | SLICE_PairEqSame_A6A5_WARN | 244    |
| PDRC-134  | Warning  | SLICE_PairEqSame_B6B5_WARN | 203    |
| PDRC-136  | Warning  | SLICE_PairEqSame_C6C5_WARN | 151    |
| PDRC-138  | Warning  | SLICE_PairEqSame_D6D5_WARN | 97     |
| PDRC-140  | Warning  | SLICE_PairEqSame_A6A5_WARN | 114    |
| PDRC-142  | Warning  | SLICE_PairEqSame_B6B5_WARN | 94     |
| PDRC-144  | Warning  | SLICE_PairEqSame_C6C5_WARN | 76     |
| PDRC-146  | Warning  | SLICE_PairEqSame_D6D5_WARN | 50     |
| RTSTAT-10 | Warning  | No routable loads          | 1      |
| ZPS7-1    | Warning  | PS7 block required         | 1      |
+-----------+----------+----------------------------+--------+

2. REPORT DETAILS
-----------------
PDRC-132#1 Warning
SLICE_PairEqSame_A6A5_WARN  
Luts A6LUT and A5LUT in use in site SLICE_X13Y46 with different equations without A6 pin connected to Global Logic High.
Related violations: <none>

PDRC-132#2 Warning
SLICE_PairEqSame_A6A5_WARN  
Luts A6LUT and A5LUT in use in site SLICE_X13Y47 with different equations without A6 pin connected to Global Logic High.
Related violations: <none>

PDRC-132#3 Warning
SLICE_PairEqSame_A6A5_WARN  
Luts A6LUT and A5LUT in use in site SLICE_X13Y48 with different equations without A6 pin connected to Global Logic High.
Related violations: <none>

PDRC-132#4 Warning
SLICE_PairEqSame_A6A5_WARN  
Luts A6LUT and A5LUT in use in site SLICE_X15Y42 with different equations without A6 pin connected to Global Logic High.
Related violations: <none>

PDRC-132#5 Warning
SLICE_PairEqSame_A6A5_WARN  
Luts A6LUT and A5LUT in use in site SLICE_X15Y43 with different equations without A6 pin connected to Global Logic High.
Related violations: <none>

PDRC-132#6 Warning
SLICE_PairEqSame_A6A5_WARN  
Luts A6LUT and A5LUT in use in site SLICE_X15Y44 with different equations without A6 pin connected to Global Logic High.
Related violations: <none>

PDRC-132#7 Warning
SLICE_PairEqSame_A6A5_WARN  
Luts A6LUT and A5LUT in use in site SLICE_X17Y43 with different equations without A6 pin connected to Global Logic High.
Related violations: <none>

PDRC-132#8 Warning
SLICE_PairEqSame_A6A5_WARN  
Luts A6LUT and A5LUT in use in site SLICE_X17Y44 with different equations without A6 pin connected to Global Logic High.
Related violations: <none>

PDRC-132#9 Warning
SLICE_PairEqSame_A6A5_WARN  
Luts A6LUT and A5LUT in use in site SLICE_X17Y45 with different equations without A6 pin connected to Global Logic High.
Related violations: <none>

PDRC-132#10 Warning
SLICE_PairEqSame_A6A5_WARN  
Luts A6LUT and A5LUT in use in site SLICE_X19Y39 with different equations without A6 pin connected to Global Logic High.
Related violations: <none>

PDRC-132#11 Warning
SLICE_PairEqSame_A6A5_WARN  
Luts A6LUT and A5LUT in use in site SLICE_X19Y40 with different equations without A6 pin connected to Global Logic High.
Related violations: <none>

PDRC-132#12 Warning
SLICE_PairEqSame_A6A5_WARN  
Luts A6LUT and A5LUT in use in site SLICE_X19Y41 with different equations without A6 pin connected to Global Logic High.
Related violations: <none>

PDRC-132#13 Warning
SLICE_PairEqSame_A6A5_WARN  
Luts A6LUT and A5LUT in use in site SLICE_X19Y43 with different equations without A6 pin connected to Global Logic High.
Related violations: <none>

PDRC-132#14 Warning
SLICE_PairEqSame_A6A5_WARN  
Luts A6LUT and A5LUT in use in site SLICE_X19Y44 with different equations without A6 pin connected to Global Logic High.
Related violations: <none>

PDRC-132#15 Warning
SLICE_PairEqSame_A6A5_WARN  
Luts A6LUT and A5LUT in use in site SLICE_X19Y45 with different equations without A6 pin connected to Global Logic High.
Related violations: <none>

PDRC-132#16 Warning
SLICE_PairEqSame_A6A5_WARN  
Luts A6LUT and A5LUT in use in site SLICE_X19Y47 with different equations without A6 pin connected to Global Logic High.
Related violations: <none>

PDRC-132#17 Warning
SLICE_PairEqSame_A6A5_WARN  
Luts A6LUT and A5LUT in use in site SLICE_X19Y48 with different equations without A6 pin connected to Global Logic High.
Related violations: <none>

PDRC-132#18 Warning
SLICE_PairEqSame_A6A5_WARN  
Luts A6LUT and A5LUT in use in site SLICE_X19Y49 with different equations without A6 pin connected to Global Logic High.
Related violations: <none>

PDRC-132#19 Warning
SLICE_PairEqSame_A6A5_WARN  
Luts A6LUT and A5LUT in use in site SLICE_X21Y39 with different equations without A6 pin connected to Global Logic High.
Related violations: <none>

PDRC-132#20 Warning
SLICE_PairEqSame_A6A5_WARN  
Luts A6LUT and A5LUT in use in site SLICE_X21Y40 with different equations without A6 pin connected to Global Logic High.
Related violations: <none>

PDRC-132#21 Warning
SLICE_PairEqSame_A6A5_WARN  
Luts A6LUT and A5LUT in use in site SLICE_X21Y41 with different equations without A6 pin connected to Global Logic High.
Related violations: <none>

PDRC-132#22 Warning
SLICE_PairEqSame_A6A5_WARN  
Luts A6LUT and A5LUT in use in site SLICE_X21Y46 with different equations without A6 pin connected to Global Logic High.
Related violations: <none>

PDRC-132#23 Warning
SLICE_PairEqSame_A6A5_WARN  
Luts A6LUT and A5LUT in use in site SLICE_X21Y47 with different equations without A6 pin connected to Global Logic High.
Related violations: <none>

PDRC-132#24 Warning
SLICE_PairEqSame_A6A5_WARN  
Luts A6LUT and A5LUT in use in site SLICE_X21Y48 with different equations without A6 pin connected to Global Logic High.
Related violations: <none>

PDRC-132#25 Warning
SLICE_PairEqSame_A6A5_WARN  
Luts A6LUT and A5LUT in use in site SLICE_X23Y37 with different equations without A6 pin connected to Global Logic High.
Related violations: <none>

PDRC-132#26 Warning
SLICE_PairEqSame_A6A5_WARN  
Luts A6LUT and A5LUT in use in site SLICE_X23Y38 with different equations without A6 pin connected to Global Logic High.
Related violations: <none>

PDRC-132#27 Warning
SLICE_PairEqSame_A6A5_WARN  
Luts A6LUT and A5LUT in use in site SLICE_X23Y39 with different equations without A6 pin connected to Global Logic High.
Related violations: <none>

PDRC-132#28 Warning
SLICE_PairEqSame_A6A5_WARN  
Luts A6LUT and A5LUT in use in site SLICE_X23Y45 with different equations without A6 pin connected to Global Logic High.
Related violations: <none>

PDRC-132#29 Warning
SLICE_PairEqSame_A6A5_WARN  
Luts A6LUT and A5LUT in use in site SLICE_X23Y46 with different equations without A6 pin connected to Global Logic High.
Related violations: <none>

PDRC-132#30 Warning
SLICE_PairEqSame_A6A5_WARN  
Luts A6LUT and A5LUT in use in site SLICE_X23Y47 with different equations without A6 pin connected to Global Logic High.
Related violations: <none>

PDRC-132#31 Warning
SLICE_PairEqSame_A6A5_WARN  
Luts A6LUT and A5LUT in use in site SLICE_X24Y31 with different equations without A6 pin connected to Global Logic High.
Related violations: <none>

PDRC-132#32 Warning
SLICE_PairEqSame_A6A5_WARN  
Luts A6LUT and A5LUT in use in site SLICE_X24Y32 with different equations without A6 pin connected to Global Logic High.
Related violations: <none>

PDRC-132#33 Warning
SLICE_PairEqSame_A6A5_WARN  
Luts A6LUT and A5LUT in use in site SLICE_X24Y33 with different equations without A6 pin connected to Global Logic High.
Related violations: <none>

PDRC-132#34 Warning
SLICE_PairEqSame_A6A5_WARN  
Luts A6LUT and A5LUT in use in site SLICE_X24Y35 with different equations without A6 pin connected to Global Logic High.
Related violations: <none>

PDRC-132#35 Warning
SLICE_PairEqSame_A6A5_WARN  
Luts A6LUT and A5LUT in use in site SLICE_X24Y36 with different equations without A6 pin connected to Global Logic High.
Related violations: <none>

PDRC-132#36 Warning
SLICE_PairEqSame_A6A5_WARN  
Luts A6LUT and A5LUT in use in site SLICE_X24Y37 with different equations without A6 pin connected to Global Logic High.
Related violations: <none>

PDRC-132#37 Warning
SLICE_PairEqSame_A6A5_WARN  
Luts A6LUT and A5LUT in use in site SLICE_X24Y43 with different equations without A6 pin connected to Global Logic High.
Related violations: <none>

PDRC-132#38 Warning
SLICE_PairEqSame_A6A5_WARN  
Luts A6LUT and A5LUT in use in site SLICE_X24Y44 with different equations without A6 pin connected to Global Logic High.
Related violations: <none>

PDRC-132#39 Warning
SLICE_PairEqSame_A6A5_WARN  
Luts A6LUT and A5LUT in use in site SLICE_X24Y45 with different equations without A6 pin connected to Global Logic High.
Related violations: <none>

PDRC-132#40 Warning
SLICE_PairEqSame_A6A5_WARN  
Luts A6LUT and A5LUT in use in site SLICE_X25Y35 with different equations without A6 pin connected to Global Logic High.
Related violations: <none>

PDRC-132#41 Warning
SLICE_PairEqSame_A6A5_WARN  
Luts A6LUT and A5LUT in use in site SLICE_X25Y36 with different equations without A6 pin connected to Global Logic High.
Related violations: <none>

PDRC-132#42 Warning
SLICE_PairEqSame_A6A5_WARN  
Luts A6LUT and A5LUT in use in site SLICE_X25Y37 with different equations without A6 pin connected to Global Logic High.
Related violations: <none>

PDRC-132#43 Warning
SLICE_PairEqSame_A6A5_WARN  
Luts A6LUT and A5LUT in use in site SLICE_X25Y39 with different equations without A6 pin connected to Global Logic High.
Related violations: <none>

PDRC-132#44 Warning
SLICE_PairEqSame_A6A5_WARN  
Luts A6LUT and A5LUT in use in site SLICE_X25Y40 with different equations without A6 pin connected to Global Logic High.
Related violations: <none>

PDRC-132#45 Warning
SLICE_PairEqSame_A6A5_WARN  
Luts A6LUT and A5LUT in use in site SLICE_X25Y41 with different equations without A6 pin connected to Global Logic High.
Related violations: <none>

PDRC-132#46 Warning
SLICE_PairEqSame_A6A5_WARN  
Luts A6LUT and A5LUT in use in site SLICE_X25Y43 with different equations without A6 pin connected to Global Logic High.
Related violations: <none>

PDRC-132#47 Warning
SLICE_PairEqSame_A6A5_WARN  
Luts A6LUT and A5LUT in use in site SLICE_X25Y44 with different equations without A6 pin connected to Global Logic High.
Related violations: <none>

PDRC-132#48 Warning
SLICE_PairEqSame_A6A5_WARN  
Luts A6LUT and A5LUT in use in site SLICE_X25Y45 with different equations without A6 pin connected to Global Logic High.
Related violations: <none>

PDRC-132#49 Warning
SLICE_PairEqSame_A6A5_WARN  
Luts A6LUT and A5LUT in use in site SLICE_X27Y37 with different equations without A6 pin connected to Global Logic High.
Related violations: <none>

PDRC-132#50 Warning
SLICE_PairEqSame_A6A5_WARN  
Luts A6LUT and A5LUT in use in site SLICE_X27Y38 with different equations without A6 pin connected to Global Logic High.
Related violations: <none>

PDRC-132#51 Warning
SLICE_PairEqSame_A6A5_WARN  
Luts A6LUT and A5LUT in use in site SLICE_X27Y39 with different equations without A6 pin connected to Global Logic High.
Related violations: <none>

PDRC-132#52 Warning
SLICE_PairEqSame_A6A5_WARN  
Luts A6LUT and A5LUT in use in site SLICE_X27Y45 with different equations without A6 pin connected to Global Logic High.
Related violations: <none>

PDRC-132#53 Warning
SLICE_PairEqSame_A6A5_WARN  
Luts A6LUT and A5LUT in use in site SLICE_X27Y46 with different equations without A6 pin connected to Global Logic High.
Related violations: <none>

PDRC-132#54 Warning
SLICE_PairEqSame_A6A5_WARN  
Luts A6LUT and A5LUT in use in site SLICE_X27Y47 with different equations without A6 pin connected to Global Logic High.
Related violations: <none>

PDRC-132#55 Warning
SLICE_PairEqSame_A6A5_WARN  
Luts A6LUT and A5LUT in use in site SLICE_X27Y62 with different equations without A6 pin connected to Global Logic High.
Related violations: <none>

PDRC-132#56 Warning
SLICE_PairEqSame_A6A5_WARN  
Luts A6LUT and A5LUT in use in site SLICE_X27Y63 with different equations without A6 pin connected to Global Logic High.
Related violations: <none>

PDRC-132#57 Warning
SLICE_PairEqSame_A6A5_WARN  
Luts A6LUT and A5LUT in use in site SLICE_X27Y64 with different equations without A6 pin connected to Global Logic High.
Related violations: <none>

PDRC-132#58 Warning
SLICE_PairEqSame_A6A5_WARN  
Luts A6LUT and A5LUT in use in site SLICE_X28Y35 with different equations without A6 pin connected to Global Logic High.
Related violations: <none>

PDRC-132#59 Warning
SLICE_PairEqSame_A6A5_WARN  
Luts A6LUT and A5LUT in use in site SLICE_X28Y36 with different equations without A6 pin connected to Global Logic High.
Related violations: <none>

PDRC-132#60 Warning
SLICE_PairEqSame_A6A5_WARN  
Luts A6LUT and A5LUT in use in site SLICE_X28Y37 with different equations without A6 pin connected to Global Logic High.
Related violations: <none>

PDRC-132#61 Warning
SLICE_PairEqSame_A6A5_WARN  
Luts A6LUT and A5LUT in use in site SLICE_X28Y42 with different equations without A6 pin connected to Global Logic High.
Related violations: <none>

PDRC-132#62 Warning
SLICE_PairEqSame_A6A5_WARN  
Luts A6LUT and A5LUT in use in site SLICE_X28Y43 with different equations without A6 pin connected to Global Logic High.
Related violations: <none>

PDRC-132#63 Warning
SLICE_PairEqSame_A6A5_WARN  
Luts A6LUT and A5LUT in use in site SLICE_X28Y44 with different equations without A6 pin connected to Global Logic High.
Related violations: <none>

PDRC-132#64 Warning
SLICE_PairEqSame_A6A5_WARN  
Luts A6LUT and A5LUT in use in site SLICE_X28Y48 with different equations without A6 pin connected to Global Logic High.
Related violations: <none>

PDRC-132#65 Warning
SLICE_PairEqSame_A6A5_WARN  
Luts A6LUT and A5LUT in use in site SLICE_X28Y49 with different equations without A6 pin connected to Global Logic High.
Related violations: <none>

PDRC-132#66 Warning
SLICE_PairEqSame_A6A5_WARN  
Luts A6LUT and A5LUT in use in site SLICE_X28Y50 with different equations without A6 pin connected to Global Logic High.
Related violations: <none>

PDRC-132#67 Warning
SLICE_PairEqSame_A6A5_WARN  
Luts A6LUT and A5LUT in use in site SLICE_X28Y54 with different equations without A6 pin connected to Global Logic High.
Related violations: <none>

PDRC-132#68 Warning
SLICE_PairEqSame_A6A5_WARN  
Luts A6LUT and A5LUT in use in site SLICE_X28Y55 with different equations without A6 pin connected to Global Logic High.
Related violations: <none>

PDRC-132#69 Warning
SLICE_PairEqSame_A6A5_WARN  
Luts A6LUT and A5LUT in use in site SLICE_X28Y56 with different equations without A6 pin connected to Global Logic High.
Related violations: <none>

PDRC-132#70 Warning
SLICE_PairEqSame_A6A5_WARN  
Luts A6LUT and A5LUT in use in site SLICE_X28Y59 with different equations without A6 pin connected to Global Logic High.
Related violations: <none>

PDRC-132#71 Warning
SLICE_PairEqSame_A6A5_WARN  
Luts A6LUT and A5LUT in use in site SLICE_X28Y60 with different equations without A6 pin connected to Global Logic High.
Related violations: <none>

PDRC-132#72 Warning
SLICE_PairEqSame_A6A5_WARN  
Luts A6LUT and A5LUT in use in site SLICE_X28Y61 with different equations without A6 pin connected to Global Logic High.
Related violations: <none>

PDRC-132#73 Warning
SLICE_PairEqSame_A6A5_WARN  
Luts A6LUT and A5LUT in use in site SLICE_X29Y32 with different equations without A6 pin connected to Global Logic High.
Related violations: <none>

PDRC-132#74 Warning
SLICE_PairEqSame_A6A5_WARN  
Luts A6LUT and A5LUT in use in site SLICE_X29Y33 with different equations without A6 pin connected to Global Logic High.
Related violations: <none>

PDRC-132#75 Warning
SLICE_PairEqSame_A6A5_WARN  
Luts A6LUT and A5LUT in use in site SLICE_X29Y34 with different equations without A6 pin connected to Global Logic High.
Related violations: <none>

PDRC-132#76 Warning
SLICE_PairEqSame_A6A5_WARN  
Luts A6LUT and A5LUT in use in site SLICE_X29Y38 with different equations without A6 pin connected to Global Logic High.
Related violations: <none>

PDRC-132#77 Warning
SLICE_PairEqSame_A6A5_WARN  
Luts A6LUT and A5LUT in use in site SLICE_X29Y39 with different equations without A6 pin connected to Global Logic High.
Related violations: <none>

PDRC-132#78 Warning
SLICE_PairEqSame_A6A5_WARN  
Luts A6LUT and A5LUT in use in site SLICE_X29Y40 with different equations without A6 pin connected to Global Logic High.
Related violations: <none>

PDRC-132#79 Warning
SLICE_PairEqSame_A6A5_WARN  
Luts A6LUT and A5LUT in use in site SLICE_X29Y44 with different equations without A6 pin connected to Global Logic High.
Related violations: <none>

PDRC-132#80 Warning
SLICE_PairEqSame_A6A5_WARN  
Luts A6LUT and A5LUT in use in site SLICE_X29Y45 with different equations without A6 pin connected to Global Logic High.
Related violations: <none>

PDRC-132#81 Warning
SLICE_PairEqSame_A6A5_WARN  
Luts A6LUT and A5LUT in use in site SLICE_X29Y46 with different equations without A6 pin connected to Global Logic High.
Related violations: <none>

PDRC-132#82 Warning
SLICE_PairEqSame_A6A5_WARN  
Luts A6LUT and A5LUT in use in site SLICE_X29Y60 with different equations without A6 pin connected to Global Logic High.
Related violations: <none>

PDRC-132#83 Warning
SLICE_PairEqSame_A6A5_WARN  
Luts A6LUT and A5LUT in use in site SLICE_X29Y61 with different equations without A6 pin connected to Global Logic High.
Related violations: <none>

PDRC-132#84 Warning
SLICE_PairEqSame_A6A5_WARN  
Luts A6LUT and A5LUT in use in site SLICE_X29Y62 with different equations without A6 pin connected to Global Logic High.
Related violations: <none>

PDRC-132#85 Warning
SLICE_PairEqSame_A6A5_WARN  
Luts A6LUT and A5LUT in use in site SLICE_X31Y33 with different equations without A6 pin connected to Global Logic High.
Related violations: <none>

PDRC-132#86 Warning
SLICE_PairEqSame_A6A5_WARN  
Luts A6LUT and A5LUT in use in site SLICE_X31Y34 with different equations without A6 pin connected to Global Logic High.
Related violations: <none>

PDRC-132#87 Warning
SLICE_PairEqSame_A6A5_WARN  
Luts A6LUT and A5LUT in use in site SLICE_X31Y35 with different equations without A6 pin connected to Global Logic High.
Related violations: <none>

PDRC-132#88 Warning
SLICE_PairEqSame_A6A5_WARN  
Luts A6LUT and A5LUT in use in site SLICE_X31Y54 with different equations without A6 pin connected to Global Logic High.
Related violations: <none>

PDRC-132#89 Warning
SLICE_PairEqSame_A6A5_WARN  
Luts A6LUT and A5LUT in use in site SLICE_X31Y55 with different equations without A6 pin connected to Global Logic High.
Related violations: <none>

PDRC-132#90 Warning
SLICE_PairEqSame_A6A5_WARN  
Luts A6LUT and A5LUT in use in site SLICE_X31Y56 with different equations without A6 pin connected to Global Logic High.
Related violations: <none>

PDRC-132#91 Warning
SLICE_PairEqSame_A6A5_WARN  
Luts A6LUT and A5LUT in use in site SLICE_X33Y33 with different equations without A6 pin connected to Global Logic High.
Related violations: <none>

PDRC-132#92 Warning
SLICE_PairEqSame_A6A5_WARN  
Luts A6LUT and A5LUT in use in site SLICE_X33Y34 with different equations without A6 pin connected to Global Logic High.
Related violations: <none>

PDRC-132#93 Warning
SLICE_PairEqSame_A6A5_WARN  
Luts A6LUT and A5LUT in use in site SLICE_X33Y35 with different equations without A6 pin connected to Global Logic High.
Related violations: <none>

PDRC-132#94 Warning
SLICE_PairEqSame_A6A5_WARN  
Luts A6LUT and A5LUT in use in site SLICE_X33Y54 with different equations without A6 pin connected to Global Logic High.
Related violations: <none>

PDRC-132#95 Warning
SLICE_PairEqSame_A6A5_WARN  
Luts A6LUT and A5LUT in use in site SLICE_X33Y55 with different equations without A6 pin connected to Global Logic High.
Related violations: <none>

PDRC-132#96 Warning
SLICE_PairEqSame_A6A5_WARN  
Luts A6LUT and A5LUT in use in site SLICE_X33Y56 with different equations without A6 pin connected to Global Logic High.
Related violations: <none>

PDRC-132#97 Warning
SLICE_PairEqSame_A6A5_WARN  
Luts A6LUT and A5LUT in use in site SLICE_X35Y31 with different equations without A6 pin connected to Global Logic High.
Related violations: <none>

PDRC-132#98 Warning
SLICE_PairEqSame_A6A5_WARN  
Luts A6LUT and A5LUT in use in site SLICE_X35Y32 with different equations without A6 pin connected to Global Logic High.
Related violations: <none>

PDRC-132#99 Warning
SLICE_PairEqSame_A6A5_WARN  
Luts A6LUT and A5LUT in use in site SLICE_X35Y33 with different equations without A6 pin connected to Global Logic High.
Related violations: <none>

PDRC-132#100 Warning
SLICE_PairEqSame_A6A5_WARN  
Luts A6LUT and A5LUT in use in site SLICE_X35Y52 with different equations without A6 pin connected to Global Logic High.
Related violations: <none>

PDRC-132#101 Warning
SLICE_PairEqSame_A6A5_WARN  
Luts A6LUT and A5LUT in use in site SLICE_X35Y53 with different equations without A6 pin connected to Global Logic High.
Related violations: <none>

PDRC-132#102 Warning
SLICE_PairEqSame_A6A5_WARN  
Luts A6LUT and A5LUT in use in site SLICE_X35Y54 with different equations without A6 pin connected to Global Logic High.
Related violations: <none>

PDRC-132#103 Warning
SLICE_PairEqSame_A6A5_WARN  
Luts A6LUT and A5LUT in use in site SLICE_X35Y57 with different equations without A6 pin connected to Global Logic High.
Related violations: <none>

PDRC-132#104 Warning
SLICE_PairEqSame_A6A5_WARN  
Luts A6LUT and A5LUT in use in site SLICE_X35Y58 with different equations without A6 pin connected to Global Logic High.
Related violations: <none>

PDRC-132#105 Warning
SLICE_PairEqSame_A6A5_WARN  
Luts A6LUT and A5LUT in use in site SLICE_X35Y59 with different equations without A6 pin connected to Global Logic High.
Related violations: <none>

PDRC-132#106 Warning
SLICE_PairEqSame_A6A5_WARN  
Luts A6LUT and A5LUT in use in site SLICE_X35Y61 with different equations without A6 pin connected to Global Logic High.
Related violations: <none>

PDRC-132#107 Warning
SLICE_PairEqSame_A6A5_WARN  
Luts A6LUT and A5LUT in use in site SLICE_X35Y62 with different equations without A6 pin connected to Global Logic High.
Related violations: <none>

PDRC-132#108 Warning
SLICE_PairEqSame_A6A5_WARN  
Luts A6LUT and A5LUT in use in site SLICE_X35Y63 with different equations without A6 pin connected to Global Logic High.
Related violations: <none>

PDRC-132#109 Warning
SLICE_PairEqSame_A6A5_WARN  
Luts A6LUT and A5LUT in use in site SLICE_X37Y32 with different equations without A6 pin connected to Global Logic High.
Related violations: <none>

PDRC-132#110 Warning
SLICE_PairEqSame_A6A5_WARN  
Luts A6LUT and A5LUT in use in site SLICE_X37Y33 with different equations without A6 pin connected to Global Logic High.
Related violations: <none>

PDRC-132#111 Warning
SLICE_PairEqSame_A6A5_WARN  
Luts A6LUT and A5LUT in use in site SLICE_X37Y34 with different equations without A6 pin connected to Global Logic High.
Related violations: <none>

PDRC-132#112 Warning
SLICE_PairEqSame_A6A5_WARN  
Luts A6LUT and A5LUT in use in site SLICE_X37Y45 with different equations without A6 pin connected to Global Logic High.
Related violations: <none>

PDRC-132#113 Warning
SLICE_PairEqSame_A6A5_WARN  
Luts A6LUT and A5LUT in use in site SLICE_X37Y46 with different equations without A6 pin connected to Global Logic High.
Related violations: <none>

PDRC-132#114 Warning
SLICE_PairEqSame_A6A5_WARN  
Luts A6LUT and A5LUT in use in site SLICE_X37Y47 with different equations without A6 pin connected to Global Logic High.
Related violations: <none>

PDRC-132#115 Warning
SLICE_PairEqSame_A6A5_WARN  
Luts A6LUT and A5LUT in use in site SLICE_X37Y48 with different equations without A6 pin connected to Global Logic High.
Related violations: <none>

PDRC-132#116 Warning
SLICE_PairEqSame_A6A5_WARN  
Luts A6LUT and A5LUT in use in site SLICE_X37Y49 with different equations without A6 pin connected to Global Logic High.
Related violations: <none>

PDRC-132#117 Warning
SLICE_PairEqSame_A6A5_WARN  
Luts A6LUT and A5LUT in use in site SLICE_X37Y50 with different equations without A6 pin connected to Global Logic High.
Related violations: <none>

PDRC-132#118 Warning
SLICE_PairEqSame_A6A5_WARN  
Luts A6LUT and A5LUT in use in site SLICE_X37Y56 with different equations without A6 pin connected to Global Logic High.
Related violations: <none>

PDRC-132#119 Warning
SLICE_PairEqSame_A6A5_WARN  
Luts A6LUT and A5LUT in use in site SLICE_X37Y57 with different equations without A6 pin connected to Global Logic High.
Related violations: <none>

PDRC-132#120 Warning
SLICE_PairEqSame_A6A5_WARN  
Luts A6LUT and A5LUT in use in site SLICE_X37Y58 with different equations without A6 pin connected to Global Logic High.
Related violations: <none>

PDRC-132#121 Warning
SLICE_PairEqSame_A6A5_WARN  
Luts A6LUT and A5LUT in use in site SLICE_X39Y53 with different equations without A6 pin connected to Global Logic High.
Related violations: <none>

PDRC-132#122 Warning
SLICE_PairEqSame_A6A5_WARN  
Luts A6LUT and A5LUT in use in site SLICE_X39Y54 with different equations without A6 pin connected to Global Logic High.
Related violations: <none>

PDRC-132#123 Warning
SLICE_PairEqSame_A6A5_WARN  
Luts A6LUT and A5LUT in use in site SLICE_X39Y55 with different equations without A6 pin connected to Global Logic High.
Related violations: <none>

PDRC-132#124 Warning
SLICE_PairEqSame_A6A5_WARN  
Luts A6LUT and A5LUT in use in site SLICE_X41Y30 with different equations without A6 pin connected to Global Logic High.
Related violations: <none>

PDRC-132#125 Warning
SLICE_PairEqSame_A6A5_WARN  
Luts A6LUT and A5LUT in use in site SLICE_X41Y31 with different equations without A6 pin connected to Global Logic High.
Related violations: <none>

PDRC-132#126 Warning
SLICE_PairEqSame_A6A5_WARN  
Luts A6LUT and A5LUT in use in site SLICE_X41Y32 with different equations without A6 pin connected to Global Logic High.
Related violations: <none>

PDRC-132#127 Warning
SLICE_PairEqSame_A6A5_WARN  
Luts A6LUT and A5LUT in use in site SLICE_X41Y36 with different equations without A6 pin connected to Global Logic High.
Related violations: <none>

PDRC-132#128 Warning
SLICE_PairEqSame_A6A5_WARN  
Luts A6LUT and A5LUT in use in site SLICE_X41Y37 with different equations without A6 pin connected to Global Logic High.
Related violations: <none>

PDRC-132#129 Warning
SLICE_PairEqSame_A6A5_WARN  
Luts A6LUT and A5LUT in use in site SLICE_X41Y38 with different equations without A6 pin connected to Global Logic High.
Related violations: <none>

PDRC-132#130 Warning
SLICE_PairEqSame_A6A5_WARN  
Luts A6LUT and A5LUT in use in site SLICE_X41Y50 with different equations without A6 pin connected to Global Logic High.
Related violations: <none>

PDRC-132#131 Warning
SLICE_PairEqSame_A6A5_WARN  
Luts A6LUT and A5LUT in use in site SLICE_X41Y51 with different equations without A6 pin connected to Global Logic High.
Related violations: <none>

PDRC-132#132 Warning
SLICE_PairEqSame_A6A5_WARN  
Luts A6LUT and A5LUT in use in site SLICE_X41Y52 with different equations without A6 pin connected to Global Logic High.
Related violations: <none>

PDRC-132#133 Warning
SLICE_PairEqSame_A6A5_WARN  
Luts A6LUT and A5LUT in use in site SLICE_X41Y54 with different equations without A6 pin connected to Global Logic High.
Related violations: <none>

PDRC-132#134 Warning
SLICE_PairEqSame_A6A5_WARN  
Luts A6LUT and A5LUT in use in site SLICE_X41Y55 with different equations without A6 pin connected to Global Logic High.
Related violations: <none>

PDRC-132#135 Warning
SLICE_PairEqSame_A6A5_WARN  
Luts A6LUT and A5LUT in use in site SLICE_X41Y56 with different equations without A6 pin connected to Global Logic High.
Related violations: <none>

PDRC-132#136 Warning
SLICE_PairEqSame_A6A5_WARN  
Luts A6LUT and A5LUT in use in site SLICE_X43Y32 with different equations without A6 pin connected to Global Logic High.
Related violations: <none>

PDRC-132#137 Warning
SLICE_PairEqSame_A6A5_WARN  
Luts A6LUT and A5LUT in use in site SLICE_X43Y33 with different equations without A6 pin connected to Global Logic High.
Related violations: <none>

PDRC-132#138 Warning
SLICE_PairEqSame_A6A5_WARN  
Luts A6LUT and A5LUT in use in site SLICE_X43Y34 with different equations without A6 pin connected to Global Logic High.
Related violations: <none>

PDRC-132#139 Warning
SLICE_PairEqSame_A6A5_WARN  
Luts A6LUT and A5LUT in use in site SLICE_X43Y44 with different equations without A6 pin connected to Global Logic High.
Related violations: <none>

PDRC-132#140 Warning
SLICE_PairEqSame_A6A5_WARN  
Luts A6LUT and A5LUT in use in site SLICE_X43Y45 with different equations without A6 pin connected to Global Logic High.
Related violations: <none>

PDRC-132#141 Warning
SLICE_PairEqSame_A6A5_WARN  
Luts A6LUT and A5LUT in use in site SLICE_X43Y46 with different equations without A6 pin connected to Global Logic High.
Related violations: <none>

PDRC-132#142 Warning
SLICE_PairEqSame_A6A5_WARN  
Luts A6LUT and A5LUT in use in site SLICE_X43Y55 with different equations without A6 pin connected to Global Logic High.
Related violations: <none>

PDRC-132#143 Warning
SLICE_PairEqSame_A6A5_WARN  
Luts A6LUT and A5LUT in use in site SLICE_X43Y56 with different equations without A6 pin connected to Global Logic High.
Related violations: <none>

PDRC-132#144 Warning
SLICE_PairEqSame_A6A5_WARN  
Luts A6LUT and A5LUT in use in site SLICE_X43Y57 with different equations without A6 pin connected to Global Logic High.
Related violations: <none>

PDRC-132#145 Warning
SLICE_PairEqSame_A6A5_WARN  
Luts A6LUT and A5LUT in use in site SLICE_X44Y32 with different equations without A6 pin connected to Global Logic High.
Related violations: <none>

PDRC-132#146 Warning
SLICE_PairEqSame_A6A5_WARN  
Luts A6LUT and A5LUT in use in site SLICE_X44Y33 with different equations without A6 pin connected to Global Logic High.
Related violations: <none>

PDRC-132#147 Warning
SLICE_PairEqSame_A6A5_WARN  
Luts A6LUT and A5LUT in use in site SLICE_X44Y34 with different equations without A6 pin connected to Global Logic High.
Related violations: <none>

PDRC-132#148 Warning
SLICE_PairEqSame_A6A5_WARN  
Luts A6LUT and A5LUT in use in site SLICE_X44Y55 with different equations without A6 pin connected to Global Logic High.
Related violations: <none>

PDRC-132#149 Warning
SLICE_PairEqSame_A6A5_WARN  
Luts A6LUT and A5LUT in use in site SLICE_X44Y56 with different equations without A6 pin connected to Global Logic High.
Related violations: <none>

PDRC-132#150 Warning
SLICE_PairEqSame_A6A5_WARN  
Luts A6LUT and A5LUT in use in site SLICE_X44Y57 with different equations without A6 pin connected to Global Logic High.
Related violations: <none>

PDRC-132#151 Warning
SLICE_PairEqSame_A6A5_WARN  
Luts A6LUT and A5LUT in use in site SLICE_X44Y59 with different equations without A6 pin connected to Global Logic High.
Related violations: <none>

PDRC-132#152 Warning
SLICE_PairEqSame_A6A5_WARN  
Luts A6LUT and A5LUT in use in site SLICE_X44Y60 with different equations without A6 pin connected to Global Logic High.
Related violations: <none>

PDRC-132#153 Warning
SLICE_PairEqSame_A6A5_WARN  
Luts A6LUT and A5LUT in use in site SLICE_X44Y61 with different equations without A6 pin connected to Global Logic High.
Related violations: <none>

PDRC-132#154 Warning
SLICE_PairEqSame_A6A5_WARN  
Luts A6LUT and A5LUT in use in site SLICE_X45Y34 with different equations without A6 pin connected to Global Logic High.
Related violations: <none>

PDRC-132#155 Warning
SLICE_PairEqSame_A6A5_WARN  
Luts A6LUT and A5LUT in use in site SLICE_X45Y35 with different equations without A6 pin connected to Global Logic High.
Related violations: <none>

PDRC-132#156 Warning
SLICE_PairEqSame_A6A5_WARN  
Luts A6LUT and A5LUT in use in site SLICE_X45Y36 with different equations without A6 pin connected to Global Logic High.
Related violations: <none>

PDRC-132#157 Warning
SLICE_PairEqSame_A6A5_WARN  
Luts A6LUT and A5LUT in use in site SLICE_X45Y55 with different equations without A6 pin connected to Global Logic High.
Related violations: <none>

PDRC-132#158 Warning
SLICE_PairEqSame_A6A5_WARN  
Luts A6LUT and A5LUT in use in site SLICE_X45Y56 with different equations without A6 pin connected to Global Logic High.
Related violations: <none>

PDRC-132#159 Warning
SLICE_PairEqSame_A6A5_WARN  
Luts A6LUT and A5LUT in use in site SLICE_X45Y57 with different equations without A6 pin connected to Global Logic High.
Related violations: <none>

PDRC-132#160 Warning
SLICE_PairEqSame_A6A5_WARN  
Luts A6LUT and A5LUT in use in site SLICE_X45Y61 with different equations without A6 pin connected to Global Logic High.
Related violations: <none>

PDRC-132#161 Warning
SLICE_PairEqSame_A6A5_WARN  
Luts A6LUT and A5LUT in use in site SLICE_X45Y62 with different equations without A6 pin connected to Global Logic High.
Related violations: <none>

PDRC-132#162 Warning
SLICE_PairEqSame_A6A5_WARN  
Luts A6LUT and A5LUT in use in site SLICE_X45Y63 with different equations without A6 pin connected to Global Logic High.
Related violations: <none>

PDRC-132#163 Warning
SLICE_PairEqSame_A6A5_WARN  
Luts A6LUT and A5LUT in use in site SLICE_X47Y3 with different equations without A6 pin connected to Global Logic High.
Related violations: <none>

PDRC-132#164 Warning
SLICE_PairEqSame_A6A5_WARN  
Luts A6LUT and A5LUT in use in site SLICE_X47Y33 with different equations without A6 pin connected to Global Logic High.
Related violations: <none>

PDRC-132#165 Warning
SLICE_PairEqSame_A6A5_WARN  
Luts A6LUT and A5LUT in use in site SLICE_X47Y34 with different equations without A6 pin connected to Global Logic High.
Related violations: <none>

PDRC-132#166 Warning
SLICE_PairEqSame_A6A5_WARN  
Luts A6LUT and A5LUT in use in site SLICE_X47Y35 with different equations without A6 pin connected to Global Logic High.
Related violations: <none>

PDRC-132#167 Warning
SLICE_PairEqSame_A6A5_WARN  
Luts A6LUT and A5LUT in use in site SLICE_X48Y40 with different equations without A6 pin connected to Global Logic High.
Related violations: <none>

PDRC-132#168 Warning
SLICE_PairEqSame_A6A5_WARN  
Luts A6LUT and A5LUT in use in site SLICE_X48Y41 with different equations without A6 pin connected to Global Logic High.
Related violations: <none>

PDRC-132#169 Warning
SLICE_PairEqSame_A6A5_WARN  
Luts A6LUT and A5LUT in use in site SLICE_X48Y42 with different equations without A6 pin connected to Global Logic High.
Related violations: <none>

PDRC-132#170 Warning
SLICE_PairEqSame_A6A5_WARN  
Luts A6LUT and A5LUT in use in site SLICE_X49Y33 with different equations without A6 pin connected to Global Logic High.
Related violations: <none>

PDRC-132#171 Warning
SLICE_PairEqSame_A6A5_WARN  
Luts A6LUT and A5LUT in use in site SLICE_X49Y34 with different equations without A6 pin connected to Global Logic High.
Related violations: <none>

PDRC-132#172 Warning
SLICE_PairEqSame_A6A5_WARN  
Luts A6LUT and A5LUT in use in site SLICE_X49Y35 with different equations without A6 pin connected to Global Logic High.
Related violations: <none>

PDRC-132#173 Warning
SLICE_PairEqSame_A6A5_WARN  
Luts A6LUT and A5LUT in use in site SLICE_X49Y39 with different equations without A6 pin connected to Global Logic High.
Related violations: <none>

PDRC-132#174 Warning
SLICE_PairEqSame_A6A5_WARN  
Luts A6LUT and A5LUT in use in site SLICE_X49Y40 with different equations without A6 pin connected to Global Logic High.
Related violations: <none>

PDRC-132#175 Warning
SLICE_PairEqSame_A6A5_WARN  
Luts A6LUT and A5LUT in use in site SLICE_X49Y41 with different equations without A6 pin connected to Global Logic High.
Related violations: <none>

PDRC-132#176 Warning
SLICE_PairEqSame_A6A5_WARN  
Luts A6LUT and A5LUT in use in site SLICE_X51Y37 with different equations without A6 pin connected to Global Logic High.
Related violations: <none>

PDRC-132#177 Warning
SLICE_PairEqSame_A6A5_WARN  
Luts A6LUT and A5LUT in use in site SLICE_X51Y38 with different equations without A6 pin connected to Global Logic High.
Related violations: <none>

PDRC-132#178 Warning
SLICE_PairEqSame_A6A5_WARN  
Luts A6LUT and A5LUT in use in site SLICE_X51Y39 with different equations without A6 pin connected to Global Logic High.
Related violations: <none>

PDRC-132#179 Warning
SLICE_PairEqSame_A6A5_WARN  
Luts A6LUT and A5LUT in use in site SLICE_X51Y42 with different equations without A6 pin connected to Global Logic High.
Related violations: <none>

PDRC-132#180 Warning
SLICE_PairEqSame_A6A5_WARN  
Luts A6LUT and A5LUT in use in site SLICE_X51Y43 with different equations without A6 pin connected to Global Logic High.
Related violations: <none>

PDRC-132#181 Warning
SLICE_PairEqSame_A6A5_WARN  
Luts A6LUT and A5LUT in use in site SLICE_X51Y44 with different equations without A6 pin connected to Global Logic High.
Related violations: <none>

PDRC-132#182 Warning
SLICE_PairEqSame_A6A5_WARN  
Luts A6LUT and A5LUT in use in site SLICE_X52Y40 with different equations without A6 pin connected to Global Logic High.
Related violations: <none>

PDRC-132#183 Warning
SLICE_PairEqSame_A6A5_WARN  
Luts A6LUT and A5LUT in use in site SLICE_X52Y41 with different equations without A6 pin connected to Global Logic High.
Related violations: <none>

PDRC-132#184 Warning
SLICE_PairEqSame_A6A5_WARN  
Luts A6LUT and A5LUT in use in site SLICE_X52Y42 with different equations without A6 pin connected to Global Logic High.
Related violations: <none>

PDRC-132#185 Warning
SLICE_PairEqSame_A6A5_WARN  
Luts A6LUT and A5LUT in use in site SLICE_X52Y45 with different equations without A6 pin connected to Global Logic High.
Related violations: <none>

PDRC-132#186 Warning
SLICE_PairEqSame_A6A5_WARN  
Luts A6LUT and A5LUT in use in site SLICE_X52Y46 with different equations without A6 pin connected to Global Logic High.
Related violations: <none>

PDRC-132#187 Warning
SLICE_PairEqSame_A6A5_WARN  
Luts A6LUT and A5LUT in use in site SLICE_X52Y47 with different equations without A6 pin connected to Global Logic High.
Related violations: <none>

PDRC-132#188 Warning
SLICE_PairEqSame_A6A5_WARN  
Luts A6LUT and A5LUT in use in site SLICE_X52Y57 with different equations without A6 pin connected to Global Logic High.
Related violations: <none>

PDRC-132#189 Warning
SLICE_PairEqSame_A6A5_WARN  
Luts A6LUT and A5LUT in use in site SLICE_X52Y58 with different equations without A6 pin connected to Global Logic High.
Related violations: <none>

PDRC-132#190 Warning
SLICE_PairEqSame_A6A5_WARN  
Luts A6LUT and A5LUT in use in site SLICE_X52Y59 with different equations without A6 pin connected to Global Logic High.
Related violations: <none>

PDRC-132#191 Warning
SLICE_PairEqSame_A6A5_WARN  
Luts A6LUT and A5LUT in use in site SLICE_X55Y36 with different equations without A6 pin connected to Global Logic High.
Related violations: <none>

PDRC-132#192 Warning
SLICE_PairEqSame_A6A5_WARN  
Luts A6LUT and A5LUT in use in site SLICE_X55Y37 with different equations without A6 pin connected to Global Logic High.
Related violations: <none>

PDRC-132#193 Warning
SLICE_PairEqSame_A6A5_WARN  
Luts A6LUT and A5LUT in use in site SLICE_X55Y38 with different equations without A6 pin connected to Global Logic High.
Related violations: <none>

PDRC-132#194 Warning
SLICE_PairEqSame_A6A5_WARN  
Luts A6LUT and A5LUT in use in site SLICE_X55Y41 with different equations without A6 pin connected to Global Logic High.
Related violations: <none>

PDRC-132#195 Warning
SLICE_PairEqSame_A6A5_WARN  
Luts A6LUT and A5LUT in use in site SLICE_X55Y42 with different equations without A6 pin connected to Global Logic High.
Related violations: <none>

PDRC-132#196 Warning
SLICE_PairEqSame_A6A5_WARN  
Luts A6LUT and A5LUT in use in site SLICE_X55Y43 with different equations without A6 pin connected to Global Logic High.
Related violations: <none>

PDRC-132#197 Warning
SLICE_PairEqSame_A6A5_WARN  
Luts A6LUT and A5LUT in use in site SLICE_X55Y48 with different equations without A6 pin connected to Global Logic High.
Related violations: <none>

PDRC-132#198 Warning
SLICE_PairEqSame_A6A5_WARN  
Luts A6LUT and A5LUT in use in site SLICE_X55Y49 with different equations without A6 pin connected to Global Logic High.
Related violations: <none>

PDRC-132#199 Warning
SLICE_PairEqSame_A6A5_WARN  
Luts A6LUT and A5LUT in use in site SLICE_X55Y50 with different equations without A6 pin connected to Global Logic High.
Related violations: <none>

PDRC-132#200 Warning
SLICE_PairEqSame_A6A5_WARN  
Luts A6LUT and A5LUT in use in site SLICE_X56Y38 with different equations without A6 pin connected to Global Logic High.
Related violations: <none>

PDRC-132#201 Warning
SLICE_PairEqSame_A6A5_WARN  
Luts A6LUT and A5LUT in use in site SLICE_X56Y39 with different equations without A6 pin connected to Global Logic High.
Related violations: <none>

PDRC-132#202 Warning
SLICE_PairEqSame_A6A5_WARN  
Luts A6LUT and A5LUT in use in site SLICE_X56Y40 with different equations without A6 pin connected to Global Logic High.
Related violations: <none>

PDRC-132#203 Warning
SLICE_PairEqSame_A6A5_WARN  
Luts A6LUT and A5LUT in use in site SLICE_X56Y53 with different equations without A6 pin connected to Global Logic High.
Related violations: <none>

PDRC-132#204 Warning
SLICE_PairEqSame_A6A5_WARN  
Luts A6LUT and A5LUT in use in site SLICE_X56Y54 with different equations without A6 pin connected to Global Logic High.
Related violations: <none>

PDRC-132#205 Warning
SLICE_PairEqSame_A6A5_WARN  
Luts A6LUT and A5LUT in use in site SLICE_X56Y55 with different equations without A6 pin connected to Global Logic High.
Related violations: <none>

PDRC-132#206 Warning
SLICE_PairEqSame_A6A5_WARN  
Luts A6LUT and A5LUT in use in site SLICE_X57Y40 with different equations without A6 pin connected to Global Logic High.
Related violations: <none>

PDRC-132#207 Warning
SLICE_PairEqSame_A6A5_WARN  
Luts A6LUT and A5LUT in use in site SLICE_X57Y41 with different equations without A6 pin connected to Global Logic High.
Related violations: <none>

PDRC-132#208 Warning
SLICE_PairEqSame_A6A5_WARN  
Luts A6LUT and A5LUT in use in site SLICE_X57Y42 with different equations without A6 pin connected to Global Logic High.
Related violations: <none>

PDRC-132#209 Warning
SLICE_PairEqSame_A6A5_WARN  
Luts A6LUT and A5LUT in use in site SLICE_X57Y47 with different equations without A6 pin connected to Global Logic High.
Related violations: <none>

PDRC-132#210 Warning
SLICE_PairEqSame_A6A5_WARN  
Luts A6LUT and A5LUT in use in site SLICE_X57Y48 with different equations without A6 pin connected to Global Logic High.
Related violations: <none>

PDRC-132#211 Warning
SLICE_PairEqSame_A6A5_WARN  
Luts A6LUT and A5LUT in use in site SLICE_X57Y49 with different equations without A6 pin connected to Global Logic High.
Related violations: <none>

PDRC-132#212 Warning
SLICE_PairEqSame_A6A5_WARN  
Luts A6LUT and A5LUT in use in site SLICE_X57Y57 with different equations without A6 pin connected to Global Logic High.
Related violations: <none>

PDRC-132#213 Warning
SLICE_PairEqSame_A6A5_WARN  
Luts A6LUT and A5LUT in use in site SLICE_X57Y58 with different equations without A6 pin connected to Global Logic High.
Related violations: <none>

PDRC-132#214 Warning
SLICE_PairEqSame_A6A5_WARN  
Luts A6LUT and A5LUT in use in site SLICE_X57Y59 with different equations without A6 pin connected to Global Logic High.
Related violations: <none>

PDRC-132#215 Warning
SLICE_PairEqSame_A6A5_WARN  
Luts A6LUT and A5LUT in use in site SLICE_X59Y43 with different equations without A6 pin connected to Global Logic High.
Related violations: <none>

PDRC-132#216 Warning
SLICE_PairEqSame_A6A5_WARN  
Luts A6LUT and A5LUT in use in site SLICE_X59Y44 with different equations without A6 pin connected to Global Logic High.
Related violations: <none>

PDRC-132#217 Warning
SLICE_PairEqSame_A6A5_WARN  
Luts A6LUT and A5LUT in use in site SLICE_X59Y45 with different equations without A6 pin connected to Global Logic High.
Related violations: <none>

PDRC-132#218 Warning
SLICE_PairEqSame_A6A5_WARN  
Luts A6LUT and A5LUT in use in site SLICE_X59Y58 with different equations without A6 pin connected to Global Logic High.
Related violations: <none>

PDRC-132#219 Warning
SLICE_PairEqSame_A6A5_WARN  
Luts A6LUT and A5LUT in use in site SLICE_X59Y59 with different equations without A6 pin connected to Global Logic High.
Related violations: <none>

PDRC-132#220 Warning
SLICE_PairEqSame_A6A5_WARN  
Luts A6LUT and A5LUT in use in site SLICE_X59Y60 with different equations without A6 pin connected to Global Logic High.
Related violations: <none>

PDRC-132#221 Warning
SLICE_PairEqSame_A6A5_WARN  
Luts A6LUT and A5LUT in use in site SLICE_X60Y40 with different equations without A6 pin connected to Global Logic High.
Related violations: <none>

PDRC-132#222 Warning
SLICE_PairEqSame_A6A5_WARN  
Luts A6LUT and A5LUT in use in site SLICE_X60Y41 with different equations without A6 pin connected to Global Logic High.
Related violations: <none>

PDRC-132#223 Warning
SLICE_PairEqSame_A6A5_WARN  
Luts A6LUT and A5LUT in use in site SLICE_X60Y42 with different equations without A6 pin connected to Global Logic High.
Related violations: <none>

PDRC-132#224 Warning
SLICE_PairEqSame_A6A5_WARN  
Luts A6LUT and A5LUT in use in site SLICE_X60Y44 with different equations without A6 pin connected to Global Logic High.
Related violations: <none>

PDRC-132#225 Warning
SLICE_PairEqSame_A6A5_WARN  
Luts A6LUT and A5LUT in use in site SLICE_X60Y45 with different equations without A6 pin connected to Global Logic High.
Related violations: <none>

PDRC-132#226 Warning
SLICE_PairEqSame_A6A5_WARN  
Luts A6LUT and A5LUT in use in site SLICE_X60Y46 with different equations without A6 pin connected to Global Logic High.
Related violations: <none>

PDRC-132#227 Warning
SLICE_PairEqSame_A6A5_WARN  
Luts A6LUT and A5LUT in use in site SLICE_X60Y52 with different equations without A6 pin connected to Global Logic High.
Related violations: <none>

PDRC-132#228 Warning
SLICE_PairEqSame_A6A5_WARN  
Luts A6LUT and A5LUT in use in site SLICE_X60Y53 with different equations without A6 pin connected to Global Logic High.
Related violations: <none>

PDRC-132#229 Warning
SLICE_PairEqSame_A6A5_WARN  
Luts A6LUT and A5LUT in use in site SLICE_X60Y54 with different equations without A6 pin connected to Global Logic High.
Related violations: <none>

PDRC-132#230 Warning
SLICE_PairEqSame_A6A5_WARN  
Luts A6LUT and A5LUT in use in site SLICE_X60Y56 with different equations without A6 pin connected to Global Logic High.
Related violations: <none>

PDRC-132#231 Warning
SLICE_PairEqSame_A6A5_WARN  
Luts A6LUT and A5LUT in use in site SLICE_X60Y57 with different equations without A6 pin connected to Global Logic High.
Related violations: <none>

PDRC-132#232 Warning
SLICE_PairEqSame_A6A5_WARN  
Luts A6LUT and A5LUT in use in site SLICE_X60Y58 with different equations without A6 pin connected to Global Logic High.
Related violations: <none>

PDRC-132#233 Warning
SLICE_PairEqSame_A6A5_WARN  
Luts A6LUT and A5LUT in use in site SLICE_X61Y39 with different equations without A6 pin connected to Global Logic High.
Related violations: <none>

PDRC-132#234 Warning
SLICE_PairEqSame_A6A5_WARN  
Luts A6LUT and A5LUT in use in site SLICE_X61Y40 with different equations without A6 pin connected to Global Logic High.
Related violations: <none>

PDRC-132#235 Warning
SLICE_PairEqSame_A6A5_WARN  
Luts A6LUT and A5LUT in use in site SLICE_X61Y41 with different equations without A6 pin connected to Global Logic High.
Related violations: <none>

PDRC-132#236 Warning
SLICE_PairEqSame_A6A5_WARN  
Luts A6LUT and A5LUT in use in site SLICE_X61Y47 with different equations without A6 pin connected to Global Logic High.
Related violations: <none>

PDRC-132#237 Warning
SLICE_PairEqSame_A6A5_WARN  
Luts A6LUT and A5LUT in use in site SLICE_X61Y48 with different equations without A6 pin connected to Global Logic High.
Related violations: <none>

PDRC-132#238 Warning
SLICE_PairEqSame_A6A5_WARN  
Luts A6LUT and A5LUT in use in site SLICE_X61Y49 with different equations without A6 pin connected to Global Logic High.
Related violations: <none>

PDRC-132#239 Warning
SLICE_PairEqSame_A6A5_WARN  
Luts A6LUT and A5LUT in use in site SLICE_X63Y40 with different equations without A6 pin connected to Global Logic High.
Related violations: <none>

PDRC-132#240 Warning
SLICE_PairEqSame_A6A5_WARN  
Luts A6LUT and A5LUT in use in site SLICE_X63Y41 with different equations without A6 pin connected to Global Logic High.
Related violations: <none>

PDRC-132#241 Warning
SLICE_PairEqSame_A6A5_WARN  
Luts A6LUT and A5LUT in use in site SLICE_X63Y42 with different equations without A6 pin connected to Global Logic High.
Related violations: <none>

PDRC-132#242 Warning
SLICE_PairEqSame_A6A5_WARN  
Luts A6LUT and A5LUT in use in site SLICE_X65Y46 with different equations without A6 pin connected to Global Logic High.
Related violations: <none>

PDRC-132#243 Warning
SLICE_PairEqSame_A6A5_WARN  
Luts A6LUT and A5LUT in use in site SLICE_X65Y47 with different equations without A6 pin connected to Global Logic High.
Related violations: <none>

PDRC-132#244 Warning
SLICE_PairEqSame_A6A5_WARN  
Luts A6LUT and A5LUT in use in site SLICE_X65Y48 with different equations without A6 pin connected to Global Logic High.
Related violations: <none>

PDRC-134#1 Warning
SLICE_PairEqSame_B6B5_WARN  
Luts B6LUT and B5LUT in use in site SLICE_X13Y46 with different equations without A6 pin connected to Global Logic High.
Related violations: <none>

PDRC-134#2 Warning
SLICE_PairEqSame_B6B5_WARN  
Luts B6LUT and B5LUT in use in site SLICE_X13Y47 with different equations without A6 pin connected to Global Logic High.
Related violations: <none>

PDRC-134#3 Warning
SLICE_PairEqSame_B6B5_WARN  
Luts B6LUT and B5LUT in use in site SLICE_X13Y48 with different equations without A6 pin connected to Global Logic High.
Related violations: <none>

PDRC-134#4 Warning
SLICE_PairEqSame_B6B5_WARN  
Luts B6LUT and B5LUT in use in site SLICE_X15Y44 with different equations without A6 pin connected to Global Logic High.
Related violations: <none>

PDRC-134#5 Warning
SLICE_PairEqSame_B6B5_WARN  
Luts B6LUT and B5LUT in use in site SLICE_X17Y43 with different equations without A6 pin connected to Global Logic High.
Related violations: <none>

PDRC-134#6 Warning
SLICE_PairEqSame_B6B5_WARN  
Luts B6LUT and B5LUT in use in site SLICE_X19Y39 with different equations without A6 pin connected to Global Logic High.
Related violations: <none>

PDRC-134#7 Warning
SLICE_PairEqSame_B6B5_WARN  
Luts B6LUT and B5LUT in use in site SLICE_X19Y41 with different equations without A6 pin connected to Global Logic High.
Related violations: <none>

PDRC-134#8 Warning
SLICE_PairEqSame_B6B5_WARN  
Luts B6LUT and B5LUT in use in site SLICE_X19Y44 with different equations without A6 pin connected to Global Logic High.
Related violations: <none>

PDRC-134#9 Warning
SLICE_PairEqSame_B6B5_WARN  
Luts B6LUT and B5LUT in use in site SLICE_X19Y45 with different equations without A6 pin connected to Global Logic High.
Related violations: <none>

PDRC-134#10 Warning
SLICE_PairEqSame_B6B5_WARN  
Luts B6LUT and B5LUT in use in site SLICE_X19Y47 with different equations without A6 pin connected to Global Logic High.
Related violations: <none>

PDRC-134#11 Warning
SLICE_PairEqSame_B6B5_WARN  
Luts B6LUT and B5LUT in use in site SLICE_X19Y48 with different equations without A6 pin connected to Global Logic High.
Related violations: <none>

PDRC-134#12 Warning
SLICE_PairEqSame_B6B5_WARN  
Luts B6LUT and B5LUT in use in site SLICE_X21Y46 with different equations without A6 pin connected to Global Logic High.
Related violations: <none>

PDRC-134#13 Warning
SLICE_PairEqSame_B6B5_WARN  
Luts B6LUT and B5LUT in use in site SLICE_X21Y47 with different equations without A6 pin connected to Global Logic High.
Related violations: <none>

PDRC-134#14 Warning
SLICE_PairEqSame_B6B5_WARN  
Luts B6LUT and B5LUT in use in site SLICE_X23Y37 with different equations without A6 pin connected to Global Logic High.
Related violations: <none>

PDRC-134#15 Warning
SLICE_PairEqSame_B6B5_WARN  
Luts B6LUT and B5LUT in use in site SLICE_X23Y38 with different equations without A6 pin connected to Global Logic High.
Related violations: <none>

PDRC-134#16 Warning
SLICE_PairEqSame_B6B5_WARN  
Luts B6LUT and B5LUT in use in site SLICE_X23Y39 with different equations without A6 pin connected to Global Logic High.
Related violations: <none>

PDRC-134#17 Warning
SLICE_PairEqSame_B6B5_WARN  
Luts B6LUT and B5LUT in use in site SLICE_X23Y45 with different equations without A6 pin connected to Global Logic High.
Related violations: <none>

PDRC-134#18 Warning
SLICE_PairEqSame_B6B5_WARN  
Luts B6LUT and B5LUT in use in site SLICE_X23Y46 with different equations without A6 pin connected to Global Logic High.
Related violations: <none>

PDRC-134#19 Warning
SLICE_PairEqSame_B6B5_WARN  
Luts B6LUT and B5LUT in use in site SLICE_X24Y31 with different equations without A6 pin connected to Global Logic High.
Related violations: <none>

PDRC-134#20 Warning
SLICE_PairEqSame_B6B5_WARN  
Luts B6LUT and B5LUT in use in site SLICE_X24Y32 with different equations without A6 pin connected to Global Logic High.
Related violations: <none>

PDRC-134#21 Warning
SLICE_PairEqSame_B6B5_WARN  
Luts B6LUT and B5LUT in use in site SLICE_X24Y33 with different equations without A6 pin connected to Global Logic High.
Related violations: <none>

PDRC-134#22 Warning
SLICE_PairEqSame_B6B5_WARN  
Luts B6LUT and B5LUT in use in site SLICE_X24Y35 with different equations without A6 pin connected to Global Logic High.
Related violations: <none>

PDRC-134#23 Warning
SLICE_PairEqSame_B6B5_WARN  
Luts B6LUT and B5LUT in use in site SLICE_X24Y43 with different equations without A6 pin connected to Global Logic High.
Related violations: <none>

PDRC-134#24 Warning
SLICE_PairEqSame_B6B5_WARN  
Luts B6LUT and B5LUT in use in site SLICE_X24Y44 with different equations without A6 pin connected to Global Logic High.
Related violations: <none>

PDRC-134#25 Warning
SLICE_PairEqSame_B6B5_WARN  
Luts B6LUT and B5LUT in use in site SLICE_X24Y45 with different equations without A6 pin connected to Global Logic High.
Related violations: <none>

PDRC-134#26 Warning
SLICE_PairEqSame_B6B5_WARN  
Luts B6LUT and B5LUT in use in site SLICE_X25Y35 with different equations without A6 pin connected to Global Logic High.
Related violations: <none>

PDRC-134#27 Warning
SLICE_PairEqSame_B6B5_WARN  
Luts B6LUT and B5LUT in use in site SLICE_X25Y37 with different equations without A6 pin connected to Global Logic High.
Related violations: <none>

PDRC-134#28 Warning
SLICE_PairEqSame_B6B5_WARN  
Luts B6LUT and B5LUT in use in site SLICE_X25Y41 with different equations without A6 pin connected to Global Logic High.
Related violations: <none>

PDRC-134#29 Warning
SLICE_PairEqSame_B6B5_WARN  
Luts B6LUT and B5LUT in use in site SLICE_X25Y43 with different equations without A6 pin connected to Global Logic High.
Related violations: <none>

PDRC-134#30 Warning
SLICE_PairEqSame_B6B5_WARN  
Luts B6LUT and B5LUT in use in site SLICE_X25Y44 with different equations without A6 pin connected to Global Logic High.
Related violations: <none>

PDRC-134#31 Warning
SLICE_PairEqSame_B6B5_WARN  
Luts B6LUT and B5LUT in use in site SLICE_X25Y45 with different equations without A6 pin connected to Global Logic High.
Related violations: <none>

PDRC-134#32 Warning
SLICE_PairEqSame_B6B5_WARN  
Luts B6LUT and B5LUT in use in site SLICE_X27Y37 with different equations without A6 pin connected to Global Logic High.
Related violations: <none>

PDRC-134#33 Warning
SLICE_PairEqSame_B6B5_WARN  
Luts B6LUT and B5LUT in use in site SLICE_X27Y38 with different equations without A6 pin connected to Global Logic High.
Related violations: <none>

PDRC-134#34 Warning
SLICE_PairEqSame_B6B5_WARN  
Luts B6LUT and B5LUT in use in site SLICE_X27Y39 with different equations without A6 pin connected to Global Logic High.
Related violations: <none>

PDRC-134#35 Warning
SLICE_PairEqSame_B6B5_WARN  
Luts B6LUT and B5LUT in use in site SLICE_X27Y45 with different equations without A6 pin connected to Global Logic High.
Related violations: <none>

PDRC-134#36 Warning
SLICE_PairEqSame_B6B5_WARN  
Luts B6LUT and B5LUT in use in site SLICE_X27Y46 with different equations without A6 pin connected to Global Logic High.
Related violations: <none>

PDRC-134#37 Warning
SLICE_PairEqSame_B6B5_WARN  
Luts B6LUT and B5LUT in use in site SLICE_X27Y47 with different equations without A6 pin connected to Global Logic High.
Related violations: <none>

PDRC-134#38 Warning
SLICE_PairEqSame_B6B5_WARN  
Luts B6LUT and B5LUT in use in site SLICE_X27Y62 with different equations without A6 pin connected to Global Logic High.
Related violations: <none>

PDRC-134#39 Warning
SLICE_PairEqSame_B6B5_WARN  
Luts B6LUT and B5LUT in use in site SLICE_X27Y63 with different equations without A6 pin connected to Global Logic High.
Related violations: <none>

PDRC-134#40 Warning
SLICE_PairEqSame_B6B5_WARN  
Luts B6LUT and B5LUT in use in site SLICE_X27Y64 with different equations without A6 pin connected to Global Logic High.
Related violations: <none>

PDRC-134#41 Warning
SLICE_PairEqSame_B6B5_WARN  
Luts B6LUT and B5LUT in use in site SLICE_X28Y35 with different equations without A6 pin connected to Global Logic High.
Related violations: <none>

PDRC-134#42 Warning
SLICE_PairEqSame_B6B5_WARN  
Luts B6LUT and B5LUT in use in site SLICE_X28Y44 with different equations without A6 pin connected to Global Logic High.
Related violations: <none>

PDRC-134#43 Warning
SLICE_PairEqSame_B6B5_WARN  
Luts B6LUT and B5LUT in use in site SLICE_X28Y48 with different equations without A6 pin connected to Global Logic High.
Related violations: <none>

PDRC-134#44 Warning
SLICE_PairEqSame_B6B5_WARN  
Luts B6LUT and B5LUT in use in site SLICE_X28Y49 with different equations without A6 pin connected to Global Logic High.
Related violations: <none>

PDRC-134#45 Warning
SLICE_PairEqSame_B6B5_WARN  
Luts B6LUT and B5LUT in use in site SLICE_X28Y50 with different equations without A6 pin connected to Global Logic High.
Related violations: <none>

PDRC-134#46 Warning
SLICE_PairEqSame_B6B5_WARN  
Luts B6LUT and B5LUT in use in site SLICE_X28Y54 with different equations without A6 pin connected to Global Logic High.
Related violations: <none>

PDRC-134#47 Warning
SLICE_PairEqSame_B6B5_WARN  
Luts B6LUT and B5LUT in use in site SLICE_X28Y55 with different equations without A6 pin connected to Global Logic High.
Related violations: <none>

PDRC-134#48 Warning
SLICE_PairEqSame_B6B5_WARN  
Luts B6LUT and B5LUT in use in site SLICE_X28Y56 with different equations without A6 pin connected to Global Logic High.
Related violations: <none>

PDRC-134#49 Warning
SLICE_PairEqSame_B6B5_WARN  
Luts B6LUT and B5LUT in use in site SLICE_X28Y59 with different equations without A6 pin connected to Global Logic High.
Related violations: <none>

PDRC-134#50 Warning
SLICE_PairEqSame_B6B5_WARN  
Luts B6LUT and B5LUT in use in site SLICE_X28Y60 with different equations without A6 pin connected to Global Logic High.
Related violations: <none>

PDRC-134#51 Warning
SLICE_PairEqSame_B6B5_WARN  
Luts B6LUT and B5LUT in use in site SLICE_X28Y61 with different equations without A6 pin connected to Global Logic High.
Related violations: <none>

PDRC-134#52 Warning
SLICE_PairEqSame_B6B5_WARN  
Luts B6LUT and B5LUT in use in site SLICE_X29Y32 with different equations without A6 pin connected to Global Logic High.
Related violations: <none>

PDRC-134#53 Warning
SLICE_PairEqSame_B6B5_WARN  
Luts B6LUT and B5LUT in use in site SLICE_X29Y40 with different equations without A6 pin connected to Global Logic High.
Related violations: <none>

PDRC-134#54 Warning
SLICE_PairEqSame_B6B5_WARN  
Luts B6LUT and B5LUT in use in site SLICE_X29Y44 with different equations without A6 pin connected to Global Logic High.
Related violations: <none>

PDRC-134#55 Warning
SLICE_PairEqSame_B6B5_WARN  
Luts B6LUT and B5LUT in use in site SLICE_X29Y45 with different equations without A6 pin connected to Global Logic High.
Related violations: <none>

PDRC-134#56 Warning
SLICE_PairEqSame_B6B5_WARN  
Luts B6LUT and B5LUT in use in site SLICE_X29Y46 with different equations without A6 pin connected to Global Logic High.
Related violations: <none>

PDRC-134#57 Warning
SLICE_PairEqSame_B6B5_WARN  
Luts B6LUT and B5LUT in use in site SLICE_X29Y60 with different equations without A6 pin connected to Global Logic High.
Related violations: <none>

PDRC-134#58 Warning
SLICE_PairEqSame_B6B5_WARN  
Luts B6LUT and B5LUT in use in site SLICE_X29Y61 with different equations without A6 pin connected to Global Logic High.
Related violations: <none>

PDRC-134#59 Warning
SLICE_PairEqSame_B6B5_WARN  
Luts B6LUT and B5LUT in use in site SLICE_X29Y62 with different equations without A6 pin connected to Global Logic High.
Related violations: <none>

PDRC-134#60 Warning
SLICE_PairEqSame_B6B5_WARN  
Luts B6LUT and B5LUT in use in site SLICE_X31Y33 with different equations without A6 pin connected to Global Logic High.
Related violations: <none>

PDRC-134#61 Warning
SLICE_PairEqSame_B6B5_WARN  
Luts B6LUT and B5LUT in use in site SLICE_X31Y34 with different equations without A6 pin connected to Global Logic High.
Related violations: <none>

PDRC-134#62 Warning
SLICE_PairEqSame_B6B5_WARN  
Luts B6LUT and B5LUT in use in site SLICE_X31Y35 with different equations without A6 pin connected to Global Logic High.
Related violations: <none>

PDRC-134#63 Warning
SLICE_PairEqSame_B6B5_WARN  
Luts B6LUT and B5LUT in use in site SLICE_X31Y54 with different equations without A6 pin connected to Global Logic High.
Related violations: <none>

PDRC-134#64 Warning
SLICE_PairEqSame_B6B5_WARN  
Luts B6LUT and B5LUT in use in site SLICE_X31Y55 with different equations without A6 pin connected to Global Logic High.
Related violations: <none>

PDRC-134#65 Warning
SLICE_PairEqSame_B6B5_WARN  
Luts B6LUT and B5LUT in use in site SLICE_X31Y56 with different equations without A6 pin connected to Global Logic High.
Related violations: <none>

PDRC-134#66 Warning
SLICE_PairEqSame_B6B5_WARN  
Luts B6LUT and B5LUT in use in site SLICE_X33Y33 with different equations without A6 pin connected to Global Logic High.
Related violations: <none>

PDRC-134#67 Warning
SLICE_PairEqSame_B6B5_WARN  
Luts B6LUT and B5LUT in use in site SLICE_X33Y34 with different equations without A6 pin connected to Global Logic High.
Related violations: <none>

PDRC-134#68 Warning
SLICE_PairEqSame_B6B5_WARN  
Luts B6LUT and B5LUT in use in site SLICE_X33Y35 with different equations without A6 pin connected to Global Logic High.
Related violations: <none>

PDRC-134#69 Warning
SLICE_PairEqSame_B6B5_WARN  
Luts B6LUT and B5LUT in use in site SLICE_X33Y54 with different equations without A6 pin connected to Global Logic High.
Related violations: <none>

PDRC-134#70 Warning
SLICE_PairEqSame_B6B5_WARN  
Luts B6LUT and B5LUT in use in site SLICE_X33Y55 with different equations without A6 pin connected to Global Logic High.
Related violations: <none>

PDRC-134#71 Warning
SLICE_PairEqSame_B6B5_WARN  
Luts B6LUT and B5LUT in use in site SLICE_X33Y56 with different equations without A6 pin connected to Global Logic High.
Related violations: <none>

PDRC-134#72 Warning
SLICE_PairEqSame_B6B5_WARN  
Luts B6LUT and B5LUT in use in site SLICE_X35Y31 with different equations without A6 pin connected to Global Logic High.
Related violations: <none>

PDRC-134#73 Warning
SLICE_PairEqSame_B6B5_WARN  
Luts B6LUT and B5LUT in use in site SLICE_X35Y32 with different equations without A6 pin connected to Global Logic High.
Related violations: <none>

PDRC-134#74 Warning
SLICE_PairEqSame_B6B5_WARN  
Luts B6LUT and B5LUT in use in site SLICE_X35Y52 with different equations without A6 pin connected to Global Logic High.
Related violations: <none>

PDRC-134#75 Warning
SLICE_PairEqSame_B6B5_WARN  
Luts B6LUT and B5LUT in use in site SLICE_X35Y53 with different equations without A6 pin connected to Global Logic High.
Related violations: <none>

PDRC-134#76 Warning
SLICE_PairEqSame_B6B5_WARN  
Luts B6LUT and B5LUT in use in site SLICE_X35Y57 with different equations without A6 pin connected to Global Logic High.
Related violations: <none>

PDRC-134#77 Warning
SLICE_PairEqSame_B6B5_WARN  
Luts B6LUT and B5LUT in use in site SLICE_X35Y58 with different equations without A6 pin connected to Global Logic High.
Related violations: <none>

PDRC-134#78 Warning
SLICE_PairEqSame_B6B5_WARN  
Luts B6LUT and B5LUT in use in site SLICE_X35Y59 with different equations without A6 pin connected to Global Logic High.
Related violations: <none>

PDRC-134#79 Warning
SLICE_PairEqSame_B6B5_WARN  
Luts B6LUT and B5LUT in use in site SLICE_X35Y61 with different equations without A6 pin connected to Global Logic High.
Related violations: <none>

PDRC-134#80 Warning
SLICE_PairEqSame_B6B5_WARN  
Luts B6LUT and B5LUT in use in site SLICE_X35Y62 with different equations without A6 pin connected to Global Logic High.
Related violations: <none>

PDRC-134#81 Warning
SLICE_PairEqSame_B6B5_WARN  
Luts B6LUT and B5LUT in use in site SLICE_X35Y63 with different equations without A6 pin connected to Global Logic High.
Related violations: <none>

PDRC-134#82 Warning
SLICE_PairEqSame_B6B5_WARN  
Luts B6LUT and B5LUT in use in site SLICE_X37Y32 with different equations without A6 pin connected to Global Logic High.
Related violations: <none>

PDRC-134#83 Warning
SLICE_PairEqSame_B6B5_WARN  
Luts B6LUT and B5LUT in use in site SLICE_X37Y33 with different equations without A6 pin connected to Global Logic High.
Related violations: <none>

PDRC-134#84 Warning
SLICE_PairEqSame_B6B5_WARN  
Luts B6LUT and B5LUT in use in site SLICE_X37Y45 with different equations without A6 pin connected to Global Logic High.
Related violations: <none>

PDRC-134#85 Warning
SLICE_PairEqSame_B6B5_WARN  
Luts B6LUT and B5LUT in use in site SLICE_X37Y46 with different equations without A6 pin connected to Global Logic High.
Related violations: <none>

PDRC-134#86 Warning
SLICE_PairEqSame_B6B5_WARN  
Luts B6LUT and B5LUT in use in site SLICE_X37Y47 with different equations without A6 pin connected to Global Logic High.
Related violations: <none>

PDRC-134#87 Warning
SLICE_PairEqSame_B6B5_WARN  
Luts B6LUT and B5LUT in use in site SLICE_X37Y48 with different equations without A6 pin connected to Global Logic High.
Related violations: <none>

PDRC-134#88 Warning
SLICE_PairEqSame_B6B5_WARN  
Luts B6LUT and B5LUT in use in site SLICE_X37Y49 with different equations without A6 pin connected to Global Logic High.
Related violations: <none>

PDRC-134#89 Warning
SLICE_PairEqSame_B6B5_WARN  
Luts B6LUT and B5LUT in use in site SLICE_X37Y50 with different equations without A6 pin connected to Global Logic High.
Related violations: <none>

PDRC-134#90 Warning
SLICE_PairEqSame_B6B5_WARN  
Luts B6LUT and B5LUT in use in site SLICE_X37Y58 with different equations without A6 pin connected to Global Logic High.
Related violations: <none>

PDRC-134#91 Warning
SLICE_PairEqSame_B6B5_WARN  
Luts B6LUT and B5LUT in use in site SLICE_X39Y53 with different equations without A6 pin connected to Global Logic High.
Related violations: <none>

PDRC-134#92 Warning
SLICE_PairEqSame_B6B5_WARN  
Luts B6LUT and B5LUT in use in site SLICE_X39Y54 with different equations without A6 pin connected to Global Logic High.
Related violations: <none>

PDRC-134#93 Warning
SLICE_PairEqSame_B6B5_WARN  
Luts B6LUT and B5LUT in use in site SLICE_X39Y55 with different equations without A6 pin connected to Global Logic High.
Related violations: <none>

PDRC-134#94 Warning
SLICE_PairEqSame_B6B5_WARN  
Luts B6LUT and B5LUT in use in site SLICE_X41Y31 with different equations without A6 pin connected to Global Logic High.
Related violations: <none>

PDRC-134#95 Warning
SLICE_PairEqSame_B6B5_WARN  
Luts B6LUT and B5LUT in use in site SLICE_X41Y32 with different equations without A6 pin connected to Global Logic High.
Related violations: <none>

PDRC-134#96 Warning
SLICE_PairEqSame_B6B5_WARN  
Luts B6LUT and B5LUT in use in site SLICE_X41Y36 with different equations without A6 pin connected to Global Logic High.
Related violations: <none>

PDRC-134#97 Warning
SLICE_PairEqSame_B6B5_WARN  
Luts B6LUT and B5LUT in use in site SLICE_X41Y50 with different equations without A6 pin connected to Global Logic High.
Related violations: <none>

PDRC-134#98 Warning
SLICE_PairEqSame_B6B5_WARN  
Luts B6LUT and B5LUT in use in site SLICE_X41Y51 with different equations without A6 pin connected to Global Logic High.
Related violations: <none>

PDRC-134#99 Warning
SLICE_PairEqSame_B6B5_WARN  
Luts B6LUT and B5LUT in use in site SLICE_X41Y52 with different equations without A6 pin connected to Global Logic High.
Related violations: <none>

PDRC-134#100 Warning
SLICE_PairEqSame_B6B5_WARN  
Luts B6LUT and B5LUT in use in site SLICE_X41Y54 with different equations without A6 pin connected to Global Logic High.
Related violations: <none>

PDRC-134#101 Warning
SLICE_PairEqSame_B6B5_WARN  
Luts B6LUT and B5LUT in use in site SLICE_X41Y55 with different equations without A6 pin connected to Global Logic High.
Related violations: <none>

PDRC-134#102 Warning
SLICE_PairEqSame_B6B5_WARN  
Luts B6LUT and B5LUT in use in site SLICE_X41Y56 with different equations without A6 pin connected to Global Logic High.
Related violations: <none>

PDRC-134#103 Warning
SLICE_PairEqSame_B6B5_WARN  
Luts B6LUT and B5LUT in use in site SLICE_X43Y32 with different equations without A6 pin connected to Global Logic High.
Related violations: <none>

PDRC-134#104 Warning
SLICE_PairEqSame_B6B5_WARN  
Luts B6LUT and B5LUT in use in site SLICE_X43Y33 with different equations without A6 pin connected to Global Logic High.
Related violations: <none>

PDRC-134#105 Warning
SLICE_PairEqSame_B6B5_WARN  
Luts B6LUT and B5LUT in use in site SLICE_X43Y34 with different equations without A6 pin connected to Global Logic High.
Related violations: <none>

PDRC-134#106 Warning
SLICE_PairEqSame_B6B5_WARN  
Luts B6LUT and B5LUT in use in site SLICE_X43Y45 with different equations without A6 pin connected to Global Logic High.
Related violations: <none>

PDRC-134#107 Warning
SLICE_PairEqSame_B6B5_WARN  
Luts B6LUT and B5LUT in use in site SLICE_X43Y46 with different equations without A6 pin connected to Global Logic High.
Related violations: <none>

PDRC-134#108 Warning
SLICE_PairEqSame_B6B5_WARN  
Luts B6LUT and B5LUT in use in site SLICE_X43Y57 with different equations without A6 pin connected to Global Logic High.
Related violations: <none>

PDRC-134#109 Warning
SLICE_PairEqSame_B6B5_WARN  
Luts B6LUT and B5LUT in use in site SLICE_X44Y32 with different equations without A6 pin connected to Global Logic High.
Related violations: <none>

PDRC-134#110 Warning
SLICE_PairEqSame_B6B5_WARN  
Luts B6LUT and B5LUT in use in site SLICE_X44Y34 with different equations without A6 pin connected to Global Logic High.
Related violations: <none>

PDRC-134#111 Warning
SLICE_PairEqSame_B6B5_WARN  
Luts B6LUT and B5LUT in use in site SLICE_X44Y56 with different equations without A6 pin connected to Global Logic High.
Related violations: <none>

PDRC-134#112 Warning
SLICE_PairEqSame_B6B5_WARN  
Luts B6LUT and B5LUT in use in site SLICE_X44Y57 with different equations without A6 pin connected to Global Logic High.
Related violations: <none>

PDRC-134#113 Warning
SLICE_PairEqSame_B6B5_WARN  
Luts B6LUT and B5LUT in use in site SLICE_X44Y59 with different equations without A6 pin connected to Global Logic High.
Related violations: <none>

PDRC-134#114 Warning
SLICE_PairEqSame_B6B5_WARN  
Luts B6LUT and B5LUT in use in site SLICE_X44Y60 with different equations without A6 pin connected to Global Logic High.
Related violations: <none>

PDRC-134#115 Warning
SLICE_PairEqSame_B6B5_WARN  
Luts B6LUT and B5LUT in use in site SLICE_X44Y61 with different equations without A6 pin connected to Global Logic High.
Related violations: <none>

PDRC-134#116 Warning
SLICE_PairEqSame_B6B5_WARN  
Luts B6LUT and B5LUT in use in site SLICE_X45Y35 with different equations without A6 pin connected to Global Logic High.
Related violations: <none>

PDRC-134#117 Warning
SLICE_PairEqSame_B6B5_WARN  
Luts B6LUT and B5LUT in use in site SLICE_X45Y36 with different equations without A6 pin connected to Global Logic High.
Related violations: <none>

PDRC-134#118 Warning
SLICE_PairEqSame_B6B5_WARN  
Luts B6LUT and B5LUT in use in site SLICE_X45Y55 with different equations without A6 pin connected to Global Logic High.
Related violations: <none>

PDRC-134#119 Warning
SLICE_PairEqSame_B6B5_WARN  
Luts B6LUT and B5LUT in use in site SLICE_X45Y56 with different equations without A6 pin connected to Global Logic High.
Related violations: <none>

PDRC-134#120 Warning
SLICE_PairEqSame_B6B5_WARN  
Luts B6LUT and B5LUT in use in site SLICE_X45Y57 with different equations without A6 pin connected to Global Logic High.
Related violations: <none>

PDRC-134#121 Warning
SLICE_PairEqSame_B6B5_WARN  
Luts B6LUT and B5LUT in use in site SLICE_X45Y61 with different equations without A6 pin connected to Global Logic High.
Related violations: <none>

PDRC-134#122 Warning
SLICE_PairEqSame_B6B5_WARN  
Luts B6LUT and B5LUT in use in site SLICE_X45Y62 with different equations without A6 pin connected to Global Logic High.
Related violations: <none>

PDRC-134#123 Warning
SLICE_PairEqSame_B6B5_WARN  
Luts B6LUT and B5LUT in use in site SLICE_X45Y63 with different equations without A6 pin connected to Global Logic High.
Related violations: <none>

PDRC-134#124 Warning
SLICE_PairEqSame_B6B5_WARN  
Luts B6LUT and B5LUT in use in site SLICE_X47Y33 with different equations without A6 pin connected to Global Logic High.
Related violations: <none>

PDRC-134#125 Warning
SLICE_PairEqSame_B6B5_WARN  
Luts B6LUT and B5LUT in use in site SLICE_X47Y35 with different equations without A6 pin connected to Global Logic High.
Related violations: <none>

PDRC-134#126 Warning
SLICE_PairEqSame_B6B5_WARN  
Luts B6LUT and B5LUT in use in site SLICE_X48Y40 with different equations without A6 pin connected to Global Logic High.
Related violations: <none>

PDRC-134#127 Warning
SLICE_PairEqSame_B6B5_WARN  
Luts B6LUT and B5LUT in use in site SLICE_X48Y41 with different equations without A6 pin connected to Global Logic High.
Related violations: <none>

PDRC-134#128 Warning
SLICE_PairEqSame_B6B5_WARN  
Luts B6LUT and B5LUT in use in site SLICE_X48Y42 with different equations without A6 pin connected to Global Logic High.
Related violations: <none>

PDRC-134#129 Warning
SLICE_PairEqSame_B6B5_WARN  
Luts B6LUT and B5LUT in use in site SLICE_X49Y33 with different equations without A6 pin connected to Global Logic High.
Related violations: <none>

PDRC-134#130 Warning
SLICE_PairEqSame_B6B5_WARN  
Luts B6LUT and B5LUT in use in site SLICE_X49Y34 with different equations without A6 pin connected to Global Logic High.
Related violations: <none>

PDRC-134#131 Warning
SLICE_PairEqSame_B6B5_WARN  
Luts B6LUT and B5LUT in use in site SLICE_X49Y35 with different equations without A6 pin connected to Global Logic High.
Related violations: <none>

PDRC-134#132 Warning
SLICE_PairEqSame_B6B5_WARN  
Luts B6LUT and B5LUT in use in site SLICE_X49Y39 with different equations without A6 pin connected to Global Logic High.
Related violations: <none>

PDRC-134#133 Warning
SLICE_PairEqSame_B6B5_WARN  
Luts B6LUT and B5LUT in use in site SLICE_X49Y40 with different equations without A6 pin connected to Global Logic High.
Related violations: <none>

PDRC-134#134 Warning
SLICE_PairEqSame_B6B5_WARN  
Luts B6LUT and B5LUT in use in site SLICE_X49Y41 with different equations without A6 pin connected to Global Logic High.
Related violations: <none>

PDRC-134#135 Warning
SLICE_PairEqSame_B6B5_WARN  
Luts B6LUT and B5LUT in use in site SLICE_X51Y37 with different equations without A6 pin connected to Global Logic High.
Related violations: <none>

PDRC-134#136 Warning
SLICE_PairEqSame_B6B5_WARN  
Luts B6LUT and B5LUT in use in site SLICE_X51Y38 with different equations without A6 pin connected to Global Logic High.
Related violations: <none>

PDRC-134#137 Warning
SLICE_PairEqSame_B6B5_WARN  
Luts B6LUT and B5LUT in use in site SLICE_X51Y39 with different equations without A6 pin connected to Global Logic High.
Related violations: <none>

PDRC-134#138 Warning
SLICE_PairEqSame_B6B5_WARN  
Luts B6LUT and B5LUT in use in site SLICE_X51Y42 with different equations without A6 pin connected to Global Logic High.
Related violations: <none>

PDRC-134#139 Warning
SLICE_PairEqSame_B6B5_WARN  
Luts B6LUT and B5LUT in use in site SLICE_X51Y43 with different equations without A6 pin connected to Global Logic High.
Related violations: <none>

PDRC-134#140 Warning
SLICE_PairEqSame_B6B5_WARN  
Luts B6LUT and B5LUT in use in site SLICE_X51Y44 with different equations without A6 pin connected to Global Logic High.
Related violations: <none>

PDRC-134#141 Warning
SLICE_PairEqSame_B6B5_WARN  
Luts B6LUT and B5LUT in use in site SLICE_X52Y40 with different equations without A6 pin connected to Global Logic High.
Related violations: <none>

PDRC-134#142 Warning
SLICE_PairEqSame_B6B5_WARN  
Luts B6LUT and B5LUT in use in site SLICE_X52Y42 with different equations without A6 pin connected to Global Logic High.
Related violations: <none>

PDRC-134#143 Warning
SLICE_PairEqSame_B6B5_WARN  
Luts B6LUT and B5LUT in use in site SLICE_X52Y45 with different equations without A6 pin connected to Global Logic High.
Related violations: <none>

PDRC-134#144 Warning
SLICE_PairEqSame_B6B5_WARN  
Luts B6LUT and B5LUT in use in site SLICE_X52Y46 with different equations without A6 pin connected to Global Logic High.
Related violations: <none>

PDRC-134#145 Warning
SLICE_PairEqSame_B6B5_WARN  
Luts B6LUT and B5LUT in use in site SLICE_X52Y47 with different equations without A6 pin connected to Global Logic High.
Related violations: <none>

PDRC-134#146 Warning
SLICE_PairEqSame_B6B5_WARN  
Luts B6LUT and B5LUT in use in site SLICE_X52Y57 with different equations without A6 pin connected to Global Logic High.
Related violations: <none>

PDRC-134#147 Warning
SLICE_PairEqSame_B6B5_WARN  
Luts B6LUT and B5LUT in use in site SLICE_X52Y58 with different equations without A6 pin connected to Global Logic High.
Related violations: <none>

PDRC-134#148 Warning
SLICE_PairEqSame_B6B5_WARN  
Luts B6LUT and B5LUT in use in site SLICE_X52Y59 with different equations without A6 pin connected to Global Logic High.
Related violations: <none>

PDRC-134#149 Warning
SLICE_PairEqSame_B6B5_WARN  
Luts B6LUT and B5LUT in use in site SLICE_X55Y36 with different equations without A6 pin connected to Global Logic High.
Related violations: <none>

PDRC-134#150 Warning
SLICE_PairEqSame_B6B5_WARN  
Luts B6LUT and B5LUT in use in site SLICE_X55Y37 with different equations without A6 pin connected to Global Logic High.
Related violations: <none>

PDRC-134#151 Warning
SLICE_PairEqSame_B6B5_WARN  
Luts B6LUT and B5LUT in use in site SLICE_X55Y38 with different equations without A6 pin connected to Global Logic High.
Related violations: <none>

PDRC-134#152 Warning
SLICE_PairEqSame_B6B5_WARN  
Luts B6LUT and B5LUT in use in site SLICE_X55Y41 with different equations without A6 pin connected to Global Logic High.
Related violations: <none>

PDRC-134#153 Warning
SLICE_PairEqSame_B6B5_WARN  
Luts B6LUT and B5LUT in use in site SLICE_X55Y42 with different equations without A6 pin connected to Global Logic High.
Related violations: <none>

PDRC-134#154 Warning
SLICE_PairEqSame_B6B5_WARN  
Luts B6LUT and B5LUT in use in site SLICE_X55Y43 with different equations without A6 pin connected to Global Logic High.
Related violations: <none>

PDRC-134#155 Warning
SLICE_PairEqSame_B6B5_WARN  
Luts B6LUT and B5LUT in use in site SLICE_X55Y48 with different equations without A6 pin connected to Global Logic High.
Related violations: <none>

PDRC-134#156 Warning
SLICE_PairEqSame_B6B5_WARN  
Luts B6LUT and B5LUT in use in site SLICE_X55Y49 with different equations without A6 pin connected to Global Logic High.
Related violations: <none>

PDRC-134#157 Warning
SLICE_PairEqSame_B6B5_WARN  
Luts B6LUT and B5LUT in use in site SLICE_X55Y50 with different equations without A6 pin connected to Global Logic High.
Related violations: <none>

PDRC-134#158 Warning
SLICE_PairEqSame_B6B5_WARN  
Luts B6LUT and B5LUT in use in site SLICE_X56Y38 with different equations without A6 pin connected to Global Logic High.
Related violations: <none>

PDRC-134#159 Warning
SLICE_PairEqSame_B6B5_WARN  
Luts B6LUT and B5LUT in use in site SLICE_X56Y39 with different equations without A6 pin connected to Global Logic High.
Related violations: <none>

PDRC-134#160 Warning
SLICE_PairEqSame_B6B5_WARN  
Luts B6LUT and B5LUT in use in site SLICE_X56Y40 with different equations without A6 pin connected to Global Logic High.
Related violations: <none>

PDRC-134#161 Warning
SLICE_PairEqSame_B6B5_WARN  
Luts B6LUT and B5LUT in use in site SLICE_X56Y53 with different equations without A6 pin connected to Global Logic High.
Related violations: <none>

PDRC-134#162 Warning
SLICE_PairEqSame_B6B5_WARN  
Luts B6LUT and B5LUT in use in site SLICE_X56Y54 with different equations without A6 pin connected to Global Logic High.
Related violations: <none>

PDRC-134#163 Warning
SLICE_PairEqSame_B6B5_WARN  
Luts B6LUT and B5LUT in use in site SLICE_X56Y55 with different equations without A6 pin connected to Global Logic High.
Related violations: <none>

PDRC-134#164 Warning
SLICE_PairEqSame_B6B5_WARN  
Luts B6LUT and B5LUT in use in site SLICE_X57Y40 with different equations without A6 pin connected to Global Logic High.
Related violations: <none>

PDRC-134#165 Warning
SLICE_PairEqSame_B6B5_WARN  
Luts B6LUT and B5LUT in use in site SLICE_X57Y41 with different equations without A6 pin connected to Global Logic High.
Related violations: <none>

PDRC-134#166 Warning
SLICE_PairEqSame_B6B5_WARN  
Luts B6LUT and B5LUT in use in site SLICE_X57Y42 with different equations without A6 pin connected to Global Logic High.
Related violations: <none>

PDRC-134#167 Warning
SLICE_PairEqSame_B6B5_WARN  
Luts B6LUT and B5LUT in use in site SLICE_X57Y47 with different equations without A6 pin connected to Global Logic High.
Related violations: <none>

PDRC-134#168 Warning
SLICE_PairEqSame_B6B5_WARN  
Luts B6LUT and B5LUT in use in site SLICE_X57Y48 with different equations without A6 pin connected to Global Logic High.
Related violations: <none>

PDRC-134#169 Warning
SLICE_PairEqSame_B6B5_WARN  
Luts B6LUT and B5LUT in use in site SLICE_X57Y49 with different equations without A6 pin connected to Global Logic High.
Related violations: <none>

PDRC-134#170 Warning
SLICE_PairEqSame_B6B5_WARN  
Luts B6LUT and B5LUT in use in site SLICE_X57Y57 with different equations without A6 pin connected to Global Logic High.
Related violations: <none>

PDRC-134#171 Warning
SLICE_PairEqSame_B6B5_WARN  
Luts B6LUT and B5LUT in use in site SLICE_X57Y58 with different equations without A6 pin connected to Global Logic High.
Related violations: <none>

PDRC-134#172 Warning
SLICE_PairEqSame_B6B5_WARN  
Luts B6LUT and B5LUT in use in site SLICE_X57Y59 with different equations without A6 pin connected to Global Logic High.
Related violations: <none>

PDRC-134#173 Warning
SLICE_PairEqSame_B6B5_WARN  
Luts B6LUT and B5LUT in use in site SLICE_X59Y43 with different equations without A6 pin connected to Global Logic High.
Related violations: <none>

PDRC-134#174 Warning
SLICE_PairEqSame_B6B5_WARN  
Luts B6LUT and B5LUT in use in site SLICE_X59Y44 with different equations without A6 pin connected to Global Logic High.
Related violations: <none>

PDRC-134#175 Warning
SLICE_PairEqSame_B6B5_WARN  
Luts B6LUT and B5LUT in use in site SLICE_X59Y45 with different equations without A6 pin connected to Global Logic High.
Related violations: <none>

PDRC-134#176 Warning
SLICE_PairEqSame_B6B5_WARN  
Luts B6LUT and B5LUT in use in site SLICE_X59Y58 with different equations without A6 pin connected to Global Logic High.
Related violations: <none>

PDRC-134#177 Warning
SLICE_PairEqSame_B6B5_WARN  
Luts B6LUT and B5LUT in use in site SLICE_X59Y59 with different equations without A6 pin connected to Global Logic High.
Related violations: <none>

PDRC-134#178 Warning
SLICE_PairEqSame_B6B5_WARN  
Luts B6LUT and B5LUT in use in site SLICE_X59Y60 with different equations without A6 pin connected to Global Logic High.
Related violations: <none>

PDRC-134#179 Warning
SLICE_PairEqSame_B6B5_WARN  
Luts B6LUT and B5LUT in use in site SLICE_X60Y40 with different equations without A6 pin connected to Global Logic High.
Related violations: <none>

PDRC-134#180 Warning
SLICE_PairEqSame_B6B5_WARN  
Luts B6LUT and B5LUT in use in site SLICE_X60Y41 with different equations without A6 pin connected to Global Logic High.
Related violations: <none>

PDRC-134#181 Warning
SLICE_PairEqSame_B6B5_WARN  
Luts B6LUT and B5LUT in use in site SLICE_X60Y42 with different equations without A6 pin connected to Global Logic High.
Related violations: <none>

PDRC-134#182 Warning
SLICE_PairEqSame_B6B5_WARN  
Luts B6LUT and B5LUT in use in site SLICE_X60Y44 with different equations without A6 pin connected to Global Logic High.
Related violations: <none>

PDRC-134#183 Warning
SLICE_PairEqSame_B6B5_WARN  
Luts B6LUT and B5LUT in use in site SLICE_X60Y45 with different equations without A6 pin connected to Global Logic High.
Related violations: <none>

PDRC-134#184 Warning
SLICE_PairEqSame_B6B5_WARN  
Luts B6LUT and B5LUT in use in site SLICE_X60Y46 with different equations without A6 pin connected to Global Logic High.
Related violations: <none>

PDRC-134#185 Warning
SLICE_PairEqSame_B6B5_WARN  
Luts B6LUT and B5LUT in use in site SLICE_X60Y52 with different equations without A6 pin connected to Global Logic High.
Related violations: <none>

PDRC-134#186 Warning
SLICE_PairEqSame_B6B5_WARN  
Luts B6LUT and B5LUT in use in site SLICE_X60Y53 with different equations without A6 pin connected to Global Logic High.
Related violations: <none>

PDRC-134#187 Warning
SLICE_PairEqSame_B6B5_WARN  
Luts B6LUT and B5LUT in use in site SLICE_X60Y54 with different equations without A6 pin connected to Global Logic High.
Related violations: <none>

PDRC-134#188 Warning
SLICE_PairEqSame_B6B5_WARN  
Luts B6LUT and B5LUT in use in site SLICE_X60Y56 with different equations without A6 pin connected to Global Logic High.
Related violations: <none>

PDRC-134#189 Warning
SLICE_PairEqSame_B6B5_WARN  
Luts B6LUT and B5LUT in use in site SLICE_X60Y57 with different equations without A6 pin connected to Global Logic High.
Related violations: <none>

PDRC-134#190 Warning
SLICE_PairEqSame_B6B5_WARN  
Luts B6LUT and B5LUT in use in site SLICE_X60Y58 with different equations without A6 pin connected to Global Logic High.
Related violations: <none>

PDRC-134#191 Warning
SLICE_PairEqSame_B6B5_WARN  
Luts B6LUT and B5LUT in use in site SLICE_X61Y39 with different equations without A6 pin connected to Global Logic High.
Related violations: <none>

PDRC-134#192 Warning
SLICE_PairEqSame_B6B5_WARN  
Luts B6LUT and B5LUT in use in site SLICE_X61Y40 with different equations without A6 pin connected to Global Logic High.
Related violations: <none>

PDRC-134#193 Warning
SLICE_PairEqSame_B6B5_WARN  
Luts B6LUT and B5LUT in use in site SLICE_X61Y47 with different equations without A6 pin connected to Global Logic High.
Related violations: <none>

PDRC-134#194 Warning
SLICE_PairEqSame_B6B5_WARN  
Luts B6LUT and B5LUT in use in site SLICE_X61Y48 with different equations without A6 pin connected to Global Logic High.
Related violations: <none>

PDRC-134#195 Warning
SLICE_PairEqSame_B6B5_WARN  
Luts B6LUT and B5LUT in use in site SLICE_X61Y49 with different equations without A6 pin connected to Global Logic High.
Related violations: <none>

PDRC-134#196 Warning
SLICE_PairEqSame_B6B5_WARN  
Luts B6LUT and B5LUT in use in site SLICE_X63Y40 with different equations without A6 pin connected to Global Logic High.
Related violations: <none>

PDRC-134#197 Warning
SLICE_PairEqSame_B6B5_WARN  
Luts B6LUT and B5LUT in use in site SLICE_X63Y41 with different equations without A6 pin connected to Global Logic High.
Related violations: <none>

PDRC-134#198 Warning
SLICE_PairEqSame_B6B5_WARN  
Luts B6LUT and B5LUT in use in site SLICE_X63Y42 with different equations without A6 pin connected to Global Logic High.
Related violations: <none>

PDRC-134#199 Warning
SLICE_PairEqSame_B6B5_WARN  
Luts B6LUT and B5LUT in use in site SLICE_X65Y46 with different equations without A6 pin connected to Global Logic High.
Related violations: <none>

PDRC-134#200 Warning
SLICE_PairEqSame_B6B5_WARN  
Luts B6LUT and B5LUT in use in site SLICE_X65Y47 with different equations without A6 pin connected to Global Logic High.
Related violations: <none>

PDRC-134#201 Warning
SLICE_PairEqSame_B6B5_WARN  
Luts B6LUT and B5LUT in use in site SLICE_X65Y48 with different equations without A6 pin connected to Global Logic High.
Related violations: <none>

PDRC-134#202 Warning
SLICE_PairEqSame_B6B5_WARN  
Luts B6LUT and B5LUT in use in site SLICE_X68Y25 with different equations without A6 pin connected to Global Logic High.
Related violations: <none>

PDRC-134#203 Warning
SLICE_PairEqSame_B6B5_WARN  
Luts B6LUT and B5LUT in use in site SLICE_X70Y22 with different equations without A6 pin connected to Global Logic High.
Related violations: <none>

PDRC-136#1 Warning
SLICE_PairEqSame_C6C5_WARN  
Luts C6LUT and C5LUT in use in site SLICE_X13Y48 with different equations without A6 pin connected to Global Logic High.
Related violations: <none>

PDRC-136#2 Warning
SLICE_PairEqSame_C6C5_WARN  
Luts C6LUT and C5LUT in use in site SLICE_X17Y43 with different equations without A6 pin connected to Global Logic High.
Related violations: <none>

PDRC-136#3 Warning
SLICE_PairEqSame_C6C5_WARN  
Luts C6LUT and C5LUT in use in site SLICE_X19Y39 with different equations without A6 pin connected to Global Logic High.
Related violations: <none>

PDRC-136#4 Warning
SLICE_PairEqSame_C6C5_WARN  
Luts C6LUT and C5LUT in use in site SLICE_X19Y47 with different equations without A6 pin connected to Global Logic High.
Related violations: <none>

PDRC-136#5 Warning
SLICE_PairEqSame_C6C5_WARN  
Luts C6LUT and C5LUT in use in site SLICE_X23Y37 with different equations without A6 pin connected to Global Logic High.
Related violations: <none>

PDRC-136#6 Warning
SLICE_PairEqSame_C6C5_WARN  
Luts C6LUT and C5LUT in use in site SLICE_X23Y38 with different equations without A6 pin connected to Global Logic High.
Related violations: <none>

PDRC-136#7 Warning
SLICE_PairEqSame_C6C5_WARN  
Luts C6LUT and C5LUT in use in site SLICE_X23Y39 with different equations without A6 pin connected to Global Logic High.
Related violations: <none>

PDRC-136#8 Warning
SLICE_PairEqSame_C6C5_WARN  
Luts C6LUT and C5LUT in use in site SLICE_X23Y45 with different equations without A6 pin connected to Global Logic High.
Related violations: <none>

PDRC-136#9 Warning
SLICE_PairEqSame_C6C5_WARN  
Luts C6LUT and C5LUT in use in site SLICE_X23Y46 with different equations without A6 pin connected to Global Logic High.
Related violations: <none>

PDRC-136#10 Warning
SLICE_PairEqSame_C6C5_WARN  
Luts C6LUT and C5LUT in use in site SLICE_X24Y31 with different equations without A6 pin connected to Global Logic High.
Related violations: <none>

PDRC-136#11 Warning
SLICE_PairEqSame_C6C5_WARN  
Luts C6LUT and C5LUT in use in site SLICE_X24Y32 with different equations without A6 pin connected to Global Logic High.
Related violations: <none>

PDRC-136#12 Warning
SLICE_PairEqSame_C6C5_WARN  
Luts C6LUT and C5LUT in use in site SLICE_X24Y35 with different equations without A6 pin connected to Global Logic High.
Related violations: <none>

PDRC-136#13 Warning
SLICE_PairEqSame_C6C5_WARN  
Luts C6LUT and C5LUT in use in site SLICE_X24Y43 with different equations without A6 pin connected to Global Logic High.
Related violations: <none>

PDRC-136#14 Warning
SLICE_PairEqSame_C6C5_WARN  
Luts C6LUT and C5LUT in use in site SLICE_X24Y44 with different equations without A6 pin connected to Global Logic High.
Related violations: <none>

PDRC-136#15 Warning
SLICE_PairEqSame_C6C5_WARN  
Luts C6LUT and C5LUT in use in site SLICE_X24Y45 with different equations without A6 pin connected to Global Logic High.
Related violations: <none>

PDRC-136#16 Warning
SLICE_PairEqSame_C6C5_WARN  
Luts C6LUT and C5LUT in use in site SLICE_X25Y35 with different equations without A6 pin connected to Global Logic High.
Related violations: <none>

PDRC-136#17 Warning
SLICE_PairEqSame_C6C5_WARN  
Luts C6LUT and C5LUT in use in site SLICE_X25Y43 with different equations without A6 pin connected to Global Logic High.
Related violations: <none>

PDRC-136#18 Warning
SLICE_PairEqSame_C6C5_WARN  
Luts C6LUT and C5LUT in use in site SLICE_X25Y44 with different equations without A6 pin connected to Global Logic High.
Related violations: <none>

PDRC-136#19 Warning
SLICE_PairEqSame_C6C5_WARN  
Luts C6LUT and C5LUT in use in site SLICE_X25Y45 with different equations without A6 pin connected to Global Logic High.
Related violations: <none>

PDRC-136#20 Warning
SLICE_PairEqSame_C6C5_WARN  
Luts C6LUT and C5LUT in use in site SLICE_X27Y37 with different equations without A6 pin connected to Global Logic High.
Related violations: <none>

PDRC-136#21 Warning
SLICE_PairEqSame_C6C5_WARN  
Luts C6LUT and C5LUT in use in site SLICE_X27Y38 with different equations without A6 pin connected to Global Logic High.
Related violations: <none>

PDRC-136#22 Warning
SLICE_PairEqSame_C6C5_WARN  
Luts C6LUT and C5LUT in use in site SLICE_X27Y45 with different equations without A6 pin connected to Global Logic High.
Related violations: <none>

PDRC-136#23 Warning
SLICE_PairEqSame_C6C5_WARN  
Luts C6LUT and C5LUT in use in site SLICE_X27Y46 with different equations without A6 pin connected to Global Logic High.
Related violations: <none>

PDRC-136#24 Warning
SLICE_PairEqSame_C6C5_WARN  
Luts C6LUT and C5LUT in use in site SLICE_X27Y47 with different equations without A6 pin connected to Global Logic High.
Related violations: <none>

PDRC-136#25 Warning
SLICE_PairEqSame_C6C5_WARN  
Luts C6LUT and C5LUT in use in site SLICE_X27Y62 with different equations without A6 pin connected to Global Logic High.
Related violations: <none>

PDRC-136#26 Warning
SLICE_PairEqSame_C6C5_WARN  
Luts C6LUT and C5LUT in use in site SLICE_X27Y63 with different equations without A6 pin connected to Global Logic High.
Related violations: <none>

PDRC-136#27 Warning
SLICE_PairEqSame_C6C5_WARN  
Luts C6LUT and C5LUT in use in site SLICE_X27Y64 with different equations without A6 pin connected to Global Logic High.
Related violations: <none>

PDRC-136#28 Warning
SLICE_PairEqSame_C6C5_WARN  
Luts C6LUT and C5LUT in use in site SLICE_X28Y34 with different equations without A6 pin connected to Global Logic High.
Related violations: <none>

PDRC-136#29 Warning
SLICE_PairEqSame_C6C5_WARN  
Luts C6LUT and C5LUT in use in site SLICE_X28Y35 with different equations without A6 pin connected to Global Logic High.
Related violations: <none>

PDRC-136#30 Warning
SLICE_PairEqSame_C6C5_WARN  
Luts C6LUT and C5LUT in use in site SLICE_X28Y48 with different equations without A6 pin connected to Global Logic High.
Related violations: <none>

PDRC-136#31 Warning
SLICE_PairEqSame_C6C5_WARN  
Luts C6LUT and C5LUT in use in site SLICE_X28Y49 with different equations without A6 pin connected to Global Logic High.
Related violations: <none>

PDRC-136#32 Warning
SLICE_PairEqSame_C6C5_WARN  
Luts C6LUT and C5LUT in use in site SLICE_X28Y50 with different equations without A6 pin connected to Global Logic High.
Related violations: <none>

PDRC-136#33 Warning
SLICE_PairEqSame_C6C5_WARN  
Luts C6LUT and C5LUT in use in site SLICE_X28Y54 with different equations without A6 pin connected to Global Logic High.
Related violations: <none>

PDRC-136#34 Warning
SLICE_PairEqSame_C6C5_WARN  
Luts C6LUT and C5LUT in use in site SLICE_X28Y55 with different equations without A6 pin connected to Global Logic High.
Related violations: <none>

PDRC-136#35 Warning
SLICE_PairEqSame_C6C5_WARN  
Luts C6LUT and C5LUT in use in site SLICE_X28Y56 with different equations without A6 pin connected to Global Logic High.
Related violations: <none>

PDRC-136#36 Warning
SLICE_PairEqSame_C6C5_WARN  
Luts C6LUT and C5LUT in use in site SLICE_X28Y59 with different equations without A6 pin connected to Global Logic High.
Related violations: <none>

PDRC-136#37 Warning
SLICE_PairEqSame_C6C5_WARN  
Luts C6LUT and C5LUT in use in site SLICE_X28Y60 with different equations without A6 pin connected to Global Logic High.
Related violations: <none>

PDRC-136#38 Warning
SLICE_PairEqSame_C6C5_WARN  
Luts C6LUT and C5LUT in use in site SLICE_X28Y61 with different equations without A6 pin connected to Global Logic High.
Related violations: <none>

PDRC-136#39 Warning
SLICE_PairEqSame_C6C5_WARN  
Luts C6LUT and C5LUT in use in site SLICE_X29Y32 with different equations without A6 pin connected to Global Logic High.
Related violations: <none>

PDRC-136#40 Warning
SLICE_PairEqSame_C6C5_WARN  
Luts C6LUT and C5LUT in use in site SLICE_X29Y40 with different equations without A6 pin connected to Global Logic High.
Related violations: <none>

PDRC-136#41 Warning
SLICE_PairEqSame_C6C5_WARN  
Luts C6LUT and C5LUT in use in site SLICE_X29Y44 with different equations without A6 pin connected to Global Logic High.
Related violations: <none>

PDRC-136#42 Warning
SLICE_PairEqSame_C6C5_WARN  
Luts C6LUT and C5LUT in use in site SLICE_X29Y45 with different equations without A6 pin connected to Global Logic High.
Related violations: <none>

PDRC-136#43 Warning
SLICE_PairEqSame_C6C5_WARN  
Luts C6LUT and C5LUT in use in site SLICE_X29Y46 with different equations without A6 pin connected to Global Logic High.
Related violations: <none>

PDRC-136#44 Warning
SLICE_PairEqSame_C6C5_WARN  
Luts C6LUT and C5LUT in use in site SLICE_X29Y60 with different equations without A6 pin connected to Global Logic High.
Related violations: <none>

PDRC-136#45 Warning
SLICE_PairEqSame_C6C5_WARN  
Luts C6LUT and C5LUT in use in site SLICE_X29Y61 with different equations without A6 pin connected to Global Logic High.
Related violations: <none>

PDRC-136#46 Warning
SLICE_PairEqSame_C6C5_WARN  
Luts C6LUT and C5LUT in use in site SLICE_X29Y62 with different equations without A6 pin connected to Global Logic High.
Related violations: <none>

PDRC-136#47 Warning
SLICE_PairEqSame_C6C5_WARN  
Luts C6LUT and C5LUT in use in site SLICE_X31Y33 with different equations without A6 pin connected to Global Logic High.
Related violations: <none>

PDRC-136#48 Warning
SLICE_PairEqSame_C6C5_WARN  
Luts C6LUT and C5LUT in use in site SLICE_X31Y35 with different equations without A6 pin connected to Global Logic High.
Related violations: <none>

PDRC-136#49 Warning
SLICE_PairEqSame_C6C5_WARN  
Luts C6LUT and C5LUT in use in site SLICE_X31Y54 with different equations without A6 pin connected to Global Logic High.
Related violations: <none>

PDRC-136#50 Warning
SLICE_PairEqSame_C6C5_WARN  
Luts C6LUT and C5LUT in use in site SLICE_X31Y55 with different equations without A6 pin connected to Global Logic High.
Related violations: <none>

PDRC-136#51 Warning
SLICE_PairEqSame_C6C5_WARN  
Luts C6LUT and C5LUT in use in site SLICE_X31Y56 with different equations without A6 pin connected to Global Logic High.
Related violations: <none>

PDRC-136#52 Warning
SLICE_PairEqSame_C6C5_WARN  
Luts C6LUT and C5LUT in use in site SLICE_X33Y33 with different equations without A6 pin connected to Global Logic High.
Related violations: <none>

PDRC-136#53 Warning
SLICE_PairEqSame_C6C5_WARN  
Luts C6LUT and C5LUT in use in site SLICE_X33Y34 with different equations without A6 pin connected to Global Logic High.
Related violations: <none>

PDRC-136#54 Warning
SLICE_PairEqSame_C6C5_WARN  
Luts C6LUT and C5LUT in use in site SLICE_X33Y35 with different equations without A6 pin connected to Global Logic High.
Related violations: <none>

PDRC-136#55 Warning
SLICE_PairEqSame_C6C5_WARN  
Luts C6LUT and C5LUT in use in site SLICE_X33Y54 with different equations without A6 pin connected to Global Logic High.
Related violations: <none>

PDRC-136#56 Warning
SLICE_PairEqSame_C6C5_WARN  
Luts C6LUT and C5LUT in use in site SLICE_X33Y55 with different equations without A6 pin connected to Global Logic High.
Related violations: <none>

PDRC-136#57 Warning
SLICE_PairEqSame_C6C5_WARN  
Luts C6LUT and C5LUT in use in site SLICE_X33Y56 with different equations without A6 pin connected to Global Logic High.
Related violations: <none>

PDRC-136#58 Warning
SLICE_PairEqSame_C6C5_WARN  
Luts C6LUT and C5LUT in use in site SLICE_X35Y31 with different equations without A6 pin connected to Global Logic High.
Related violations: <none>

PDRC-136#59 Warning
SLICE_PairEqSame_C6C5_WARN  
Luts C6LUT and C5LUT in use in site SLICE_X35Y32 with different equations without A6 pin connected to Global Logic High.
Related violations: <none>

PDRC-136#60 Warning
SLICE_PairEqSame_C6C5_WARN  
Luts C6LUT and C5LUT in use in site SLICE_X35Y52 with different equations without A6 pin connected to Global Logic High.
Related violations: <none>

PDRC-136#61 Warning
SLICE_PairEqSame_C6C5_WARN  
Luts C6LUT and C5LUT in use in site SLICE_X35Y59 with different equations without A6 pin connected to Global Logic High.
Related violations: <none>

PDRC-136#62 Warning
SLICE_PairEqSame_C6C5_WARN  
Luts C6LUT and C5LUT in use in site SLICE_X35Y61 with different equations without A6 pin connected to Global Logic High.
Related violations: <none>

PDRC-136#63 Warning
SLICE_PairEqSame_C6C5_WARN  
Luts C6LUT and C5LUT in use in site SLICE_X35Y63 with different equations without A6 pin connected to Global Logic High.
Related violations: <none>

PDRC-136#64 Warning
SLICE_PairEqSame_C6C5_WARN  
Luts C6LUT and C5LUT in use in site SLICE_X37Y44 with different equations without A6 pin connected to Global Logic High.
Related violations: <none>

PDRC-136#65 Warning
SLICE_PairEqSame_C6C5_WARN  
Luts C6LUT and C5LUT in use in site SLICE_X37Y45 with different equations without A6 pin connected to Global Logic High.
Related violations: <none>

PDRC-136#66 Warning
SLICE_PairEqSame_C6C5_WARN  
Luts C6LUT and C5LUT in use in site SLICE_X37Y46 with different equations without A6 pin connected to Global Logic High.
Related violations: <none>

PDRC-136#67 Warning
SLICE_PairEqSame_C6C5_WARN  
Luts C6LUT and C5LUT in use in site SLICE_X37Y48 with different equations without A6 pin connected to Global Logic High.
Related violations: <none>

PDRC-136#68 Warning
SLICE_PairEqSame_C6C5_WARN  
Luts C6LUT and C5LUT in use in site SLICE_X37Y49 with different equations without A6 pin connected to Global Logic High.
Related violations: <none>

PDRC-136#69 Warning
SLICE_PairEqSame_C6C5_WARN  
Luts C6LUT and C5LUT in use in site SLICE_X39Y54 with different equations without A6 pin connected to Global Logic High.
Related violations: <none>

PDRC-136#70 Warning
SLICE_PairEqSame_C6C5_WARN  
Luts C6LUT and C5LUT in use in site SLICE_X39Y55 with different equations without A6 pin connected to Global Logic High.
Related violations: <none>

PDRC-136#71 Warning
SLICE_PairEqSame_C6C5_WARN  
Luts C6LUT and C5LUT in use in site SLICE_X40Y110 with different equations without A6 pin connected to Global Logic High.
Related violations: <none>

PDRC-136#72 Warning
SLICE_PairEqSame_C6C5_WARN  
Luts C6LUT and C5LUT in use in site SLICE_X41Y36 with different equations without A6 pin connected to Global Logic High.
Related violations: <none>

PDRC-136#73 Warning
SLICE_PairEqSame_C6C5_WARN  
Luts C6LUT and C5LUT in use in site SLICE_X41Y51 with different equations without A6 pin connected to Global Logic High.
Related violations: <none>

PDRC-136#74 Warning
SLICE_PairEqSame_C6C5_WARN  
Luts C6LUT and C5LUT in use in site SLICE_X41Y52 with different equations without A6 pin connected to Global Logic High.
Related violations: <none>

PDRC-136#75 Warning
SLICE_PairEqSame_C6C5_WARN  
Luts C6LUT and C5LUT in use in site SLICE_X41Y54 with different equations without A6 pin connected to Global Logic High.
Related violations: <none>

PDRC-136#76 Warning
SLICE_PairEqSame_C6C5_WARN  
Luts C6LUT and C5LUT in use in site SLICE_X41Y55 with different equations without A6 pin connected to Global Logic High.
Related violations: <none>

PDRC-136#77 Warning
SLICE_PairEqSame_C6C5_WARN  
Luts C6LUT and C5LUT in use in site SLICE_X43Y34 with different equations without A6 pin connected to Global Logic High.
Related violations: <none>

PDRC-136#78 Warning
SLICE_PairEqSame_C6C5_WARN  
Luts C6LUT and C5LUT in use in site SLICE_X43Y43 with different equations without A6 pin connected to Global Logic High.
Related violations: <none>

PDRC-136#79 Warning
SLICE_PairEqSame_C6C5_WARN  
Luts C6LUT and C5LUT in use in site SLICE_X43Y45 with different equations without A6 pin connected to Global Logic High.
Related violations: <none>

PDRC-136#80 Warning
SLICE_PairEqSame_C6C5_WARN  
Luts C6LUT and C5LUT in use in site SLICE_X44Y32 with different equations without A6 pin connected to Global Logic High.
Related violations: <none>

PDRC-136#81 Warning
SLICE_PairEqSame_C6C5_WARN  
Luts C6LUT and C5LUT in use in site SLICE_X44Y56 with different equations without A6 pin connected to Global Logic High.
Related violations: <none>

PDRC-136#82 Warning
SLICE_PairEqSame_C6C5_WARN  
Luts C6LUT and C5LUT in use in site SLICE_X44Y57 with different equations without A6 pin connected to Global Logic High.
Related violations: <none>

PDRC-136#83 Warning
SLICE_PairEqSame_C6C5_WARN  
Luts C6LUT and C5LUT in use in site SLICE_X44Y59 with different equations without A6 pin connected to Global Logic High.
Related violations: <none>

PDRC-136#84 Warning
SLICE_PairEqSame_C6C5_WARN  
Luts C6LUT and C5LUT in use in site SLICE_X44Y60 with different equations without A6 pin connected to Global Logic High.
Related violations: <none>

PDRC-136#85 Warning
SLICE_PairEqSame_C6C5_WARN  
Luts C6LUT and C5LUT in use in site SLICE_X44Y61 with different equations without A6 pin connected to Global Logic High.
Related violations: <none>

PDRC-136#86 Warning
SLICE_PairEqSame_C6C5_WARN  
Luts C6LUT and C5LUT in use in site SLICE_X45Y61 with different equations without A6 pin connected to Global Logic High.
Related violations: <none>

PDRC-136#87 Warning
SLICE_PairEqSame_C6C5_WARN  
Luts C6LUT and C5LUT in use in site SLICE_X48Y40 with different equations without A6 pin connected to Global Logic High.
Related violations: <none>

PDRC-136#88 Warning
SLICE_PairEqSame_C6C5_WARN  
Luts C6LUT and C5LUT in use in site SLICE_X48Y41 with different equations without A6 pin connected to Global Logic High.
Related violations: <none>

PDRC-136#89 Warning
SLICE_PairEqSame_C6C5_WARN  
Luts C6LUT and C5LUT in use in site SLICE_X48Y42 with different equations without A6 pin connected to Global Logic High.
Related violations: <none>

PDRC-136#90 Warning
SLICE_PairEqSame_C6C5_WARN  
Luts C6LUT and C5LUT in use in site SLICE_X49Y39 with different equations without A6 pin connected to Global Logic High.
Related violations: <none>

PDRC-136#91 Warning
SLICE_PairEqSame_C6C5_WARN  
Luts C6LUT and C5LUT in use in site SLICE_X49Y40 with different equations without A6 pin connected to Global Logic High.
Related violations: <none>

PDRC-136#92 Warning
SLICE_PairEqSame_C6C5_WARN  
Luts C6LUT and C5LUT in use in site SLICE_X49Y41 with different equations without A6 pin connected to Global Logic High.
Related violations: <none>

PDRC-136#93 Warning
SLICE_PairEqSame_C6C5_WARN  
Luts C6LUT and C5LUT in use in site SLICE_X51Y37 with different equations without A6 pin connected to Global Logic High.
Related violations: <none>

PDRC-136#94 Warning
SLICE_PairEqSame_C6C5_WARN  
Luts C6LUT and C5LUT in use in site SLICE_X51Y38 with different equations without A6 pin connected to Global Logic High.
Related violations: <none>

PDRC-136#95 Warning
SLICE_PairEqSame_C6C5_WARN  
Luts C6LUT and C5LUT in use in site SLICE_X51Y42 with different equations without A6 pin connected to Global Logic High.
Related violations: <none>

PDRC-136#96 Warning
SLICE_PairEqSame_C6C5_WARN  
Luts C6LUT and C5LUT in use in site SLICE_X51Y44 with different equations without A6 pin connected to Global Logic High.
Related violations: <none>

PDRC-136#97 Warning
SLICE_PairEqSame_C6C5_WARN  
Luts C6LUT and C5LUT in use in site SLICE_X52Y40 with different equations without A6 pin connected to Global Logic High.
Related violations: <none>

PDRC-136#98 Warning
SLICE_PairEqSame_C6C5_WARN  
Luts C6LUT and C5LUT in use in site SLICE_X52Y42 with different equations without A6 pin connected to Global Logic High.
Related violations: <none>

PDRC-136#99 Warning
SLICE_PairEqSame_C6C5_WARN  
Luts C6LUT and C5LUT in use in site SLICE_X52Y45 with different equations without A6 pin connected to Global Logic High.
Related violations: <none>

PDRC-136#100 Warning
SLICE_PairEqSame_C6C5_WARN  
Luts C6LUT and C5LUT in use in site SLICE_X52Y46 with different equations without A6 pin connected to Global Logic High.
Related violations: <none>

PDRC-136#101 Warning
SLICE_PairEqSame_C6C5_WARN  
Luts C6LUT and C5LUT in use in site SLICE_X52Y47 with different equations without A6 pin connected to Global Logic High.
Related violations: <none>

PDRC-136#102 Warning
SLICE_PairEqSame_C6C5_WARN  
Luts C6LUT and C5LUT in use in site SLICE_X52Y59 with different equations without A6 pin connected to Global Logic High.
Related violations: <none>

PDRC-136#103 Warning
SLICE_PairEqSame_C6C5_WARN  
Luts C6LUT and C5LUT in use in site SLICE_X55Y36 with different equations without A6 pin connected to Global Logic High.
Related violations: <none>

PDRC-136#104 Warning
SLICE_PairEqSame_C6C5_WARN  
Luts C6LUT and C5LUT in use in site SLICE_X55Y37 with different equations without A6 pin connected to Global Logic High.
Related violations: <none>

PDRC-136#105 Warning
SLICE_PairEqSame_C6C5_WARN  
Luts C6LUT and C5LUT in use in site SLICE_X55Y38 with different equations without A6 pin connected to Global Logic High.
Related violations: <none>

PDRC-136#106 Warning
SLICE_PairEqSame_C6C5_WARN  
Luts C6LUT and C5LUT in use in site SLICE_X55Y41 with different equations without A6 pin connected to Global Logic High.
Related violations: <none>

PDRC-136#107 Warning
SLICE_PairEqSame_C6C5_WARN  
Luts C6LUT and C5LUT in use in site SLICE_X55Y42 with different equations without A6 pin connected to Global Logic High.
Related violations: <none>

PDRC-136#108 Warning
SLICE_PairEqSame_C6C5_WARN  
Luts C6LUT and C5LUT in use in site SLICE_X55Y43 with different equations without A6 pin connected to Global Logic High.
Related violations: <none>

PDRC-136#109 Warning
SLICE_PairEqSame_C6C5_WARN  
Luts C6LUT and C5LUT in use in site SLICE_X55Y50 with different equations without A6 pin connected to Global Logic High.
Related violations: <none>

PDRC-136#110 Warning
SLICE_PairEqSame_C6C5_WARN  
Luts C6LUT and C5LUT in use in site SLICE_X56Y38 with different equations without A6 pin connected to Global Logic High.
Related violations: <none>

PDRC-136#111 Warning
SLICE_PairEqSame_C6C5_WARN  
Luts C6LUT and C5LUT in use in site SLICE_X56Y39 with different equations without A6 pin connected to Global Logic High.
Related violations: <none>

PDRC-136#112 Warning
SLICE_PairEqSame_C6C5_WARN  
Luts C6LUT and C5LUT in use in site SLICE_X56Y40 with different equations without A6 pin connected to Global Logic High.
Related violations: <none>

PDRC-136#113 Warning
SLICE_PairEqSame_C6C5_WARN  
Luts C6LUT and C5LUT in use in site SLICE_X56Y54 with different equations without A6 pin connected to Global Logic High.
Related violations: <none>

PDRC-136#114 Warning
SLICE_PairEqSame_C6C5_WARN  
Luts C6LUT and C5LUT in use in site SLICE_X56Y55 with different equations without A6 pin connected to Global Logic High.
Related violations: <none>

PDRC-136#115 Warning
SLICE_PairEqSame_C6C5_WARN  
Luts C6LUT and C5LUT in use in site SLICE_X57Y41 with different equations without A6 pin connected to Global Logic High.
Related violations: <none>

PDRC-136#116 Warning
SLICE_PairEqSame_C6C5_WARN  
Luts C6LUT and C5LUT in use in site SLICE_X57Y42 with different equations without A6 pin connected to Global Logic High.
Related violations: <none>

PDRC-136#117 Warning
SLICE_PairEqSame_C6C5_WARN  
Luts C6LUT and C5LUT in use in site SLICE_X57Y47 with different equations without A6 pin connected to Global Logic High.
Related violations: <none>

PDRC-136#118 Warning
SLICE_PairEqSame_C6C5_WARN  
Luts C6LUT and C5LUT in use in site SLICE_X57Y48 with different equations without A6 pin connected to Global Logic High.
Related violations: <none>

PDRC-136#119 Warning
SLICE_PairEqSame_C6C5_WARN  
Luts C6LUT and C5LUT in use in site SLICE_X57Y49 with different equations without A6 pin connected to Global Logic High.
Related violations: <none>

PDRC-136#120 Warning
SLICE_PairEqSame_C6C5_WARN  
Luts C6LUT and C5LUT in use in site SLICE_X57Y57 with different equations without A6 pin connected to Global Logic High.
Related violations: <none>

PDRC-136#121 Warning
SLICE_PairEqSame_C6C5_WARN  
Luts C6LUT and C5LUT in use in site SLICE_X57Y58 with different equations without A6 pin connected to Global Logic High.
Related violations: <none>

PDRC-136#122 Warning
SLICE_PairEqSame_C6C5_WARN  
Luts C6LUT and C5LUT in use in site SLICE_X57Y59 with different equations without A6 pin connected to Global Logic High.
Related violations: <none>

PDRC-136#123 Warning
SLICE_PairEqSame_C6C5_WARN  
Luts C6LUT and C5LUT in use in site SLICE_X59Y43 with different equations without A6 pin connected to Global Logic High.
Related violations: <none>

PDRC-136#124 Warning
SLICE_PairEqSame_C6C5_WARN  
Luts C6LUT and C5LUT in use in site SLICE_X59Y58 with different equations without A6 pin connected to Global Logic High.
Related violations: <none>

PDRC-136#125 Warning
SLICE_PairEqSame_C6C5_WARN  
Luts C6LUT and C5LUT in use in site SLICE_X59Y59 with different equations without A6 pin connected to Global Logic High.
Related violations: <none>

PDRC-136#126 Warning
SLICE_PairEqSame_C6C5_WARN  
Luts C6LUT and C5LUT in use in site SLICE_X59Y60 with different equations without A6 pin connected to Global Logic High.
Related violations: <none>

PDRC-136#127 Warning
SLICE_PairEqSame_C6C5_WARN  
Luts C6LUT and C5LUT in use in site SLICE_X60Y40 with different equations without A6 pin connected to Global Logic High.
Related violations: <none>

PDRC-136#128 Warning
SLICE_PairEqSame_C6C5_WARN  
Luts C6LUT and C5LUT in use in site SLICE_X60Y44 with different equations without A6 pin connected to Global Logic High.
Related violations: <none>

PDRC-136#129 Warning
SLICE_PairEqSame_C6C5_WARN  
Luts C6LUT and C5LUT in use in site SLICE_X60Y45 with different equations without A6 pin connected to Global Logic High.
Related violations: <none>

PDRC-136#130 Warning
SLICE_PairEqSame_C6C5_WARN  
Luts C6LUT and C5LUT in use in site SLICE_X60Y52 with different equations without A6 pin connected to Global Logic High.
Related violations: <none>

PDRC-136#131 Warning
SLICE_PairEqSame_C6C5_WARN  
Luts C6LUT and C5LUT in use in site SLICE_X60Y54 with different equations without A6 pin connected to Global Logic High.
Related violations: <none>

PDRC-136#132 Warning
SLICE_PairEqSame_C6C5_WARN  
Luts C6LUT and C5LUT in use in site SLICE_X60Y56 with different equations without A6 pin connected to Global Logic High.
Related violations: <none>

PDRC-136#133 Warning
SLICE_PairEqSame_C6C5_WARN  
Luts C6LUT and C5LUT in use in site SLICE_X60Y58 with different equations without A6 pin connected to Global Logic High.
Related violations: <none>

PDRC-136#134 Warning
SLICE_PairEqSame_C6C5_WARN  
Luts C6LUT and C5LUT in use in site SLICE_X61Y39 with different equations without A6 pin connected to Global Logic High.
Related violations: <none>

PDRC-136#135 Warning
SLICE_PairEqSame_C6C5_WARN  
Luts C6LUT and C5LUT in use in site SLICE_X61Y47 with different equations without A6 pin connected to Global Logic High.
Related violations: <none>

PDRC-136#136 Warning
SLICE_PairEqSame_C6C5_WARN  
Luts C6LUT and C5LUT in use in site SLICE_X61Y48 with different equations without A6 pin connected to Global Logic High.
Related violations: <none>

PDRC-136#137 Warning
SLICE_PairEqSame_C6C5_WARN  
Luts C6LUT and C5LUT in use in site SLICE_X61Y49 with different equations without A6 pin connected to Global Logic High.
Related violations: <none>

PDRC-136#138 Warning
SLICE_PairEqSame_C6C5_WARN  
Luts C6LUT and C5LUT in use in site SLICE_X63Y40 with different equations without A6 pin connected to Global Logic High.
Related violations: <none>

PDRC-136#139 Warning
SLICE_PairEqSame_C6C5_WARN  
Luts C6LUT and C5LUT in use in site SLICE_X64Y29 with different equations without A6 pin connected to Global Logic High.
Related violations: <none>

PDRC-136#140 Warning
SLICE_PairEqSame_C6C5_WARN  
Luts C6LUT and C5LUT in use in site SLICE_X65Y27 with different equations without A6 pin connected to Global Logic High.
Related violations: <none>

PDRC-136#141 Warning
SLICE_PairEqSame_C6C5_WARN  
Luts C6LUT and C5LUT in use in site SLICE_X65Y46 with different equations without A6 pin connected to Global Logic High.
Related violations: <none>

PDRC-136#142 Warning
SLICE_PairEqSame_C6C5_WARN  
Luts C6LUT and C5LUT in use in site SLICE_X67Y23 with different equations without A6 pin connected to Global Logic High.
Related violations: <none>

PDRC-136#143 Warning
SLICE_PairEqSame_C6C5_WARN  
Luts C6LUT and C5LUT in use in site SLICE_X68Y22 with different equations without A6 pin connected to Global Logic High.
Related violations: <none>

PDRC-136#144 Warning
SLICE_PairEqSame_C6C5_WARN  
Luts C6LUT and C5LUT in use in site SLICE_X68Y25 with different equations without A6 pin connected to Global Logic High.
Related violations: <none>

PDRC-136#145 Warning
SLICE_PairEqSame_C6C5_WARN  
Luts C6LUT and C5LUT in use in site SLICE_X69Y19 with different equations without A6 pin connected to Global Logic High.
Related violations: <none>

PDRC-136#146 Warning
SLICE_PairEqSame_C6C5_WARN  
Luts C6LUT and C5LUT in use in site SLICE_X70Y22 with different equations without A6 pin connected to Global Logic High.
Related violations: <none>

PDRC-136#147 Warning
SLICE_PairEqSame_C6C5_WARN  
Luts C6LUT and C5LUT in use in site SLICE_X71Y27 with different equations without A6 pin connected to Global Logic High.
Related violations: <none>

PDRC-136#148 Warning
SLICE_PairEqSame_C6C5_WARN  
Luts C6LUT and C5LUT in use in site SLICE_X73Y22 with different equations without A6 pin connected to Global Logic High.
Related violations: <none>

PDRC-136#149 Warning
SLICE_PairEqSame_C6C5_WARN  
Luts C6LUT and C5LUT in use in site SLICE_X78Y21 with different equations without A6 pin connected to Global Logic High.
Related violations: <none>

PDRC-136#150 Warning
SLICE_PairEqSame_C6C5_WARN  
Luts C6LUT and C5LUT in use in site SLICE_X81Y25 with different equations without A6 pin connected to Global Logic High.
Related violations: <none>

PDRC-136#151 Warning
SLICE_PairEqSame_C6C5_WARN  
Luts C6LUT and C5LUT in use in site SLICE_X91Y63 with different equations without A6 pin connected to Global Logic High.
Related violations: <none>

PDRC-138#1 Warning
SLICE_PairEqSame_D6D5_WARN  
Luts D6LUT and D5LUT in use in site SLICE_X13Y15 with different equations without A6 pin connected to Global Logic High.
Related violations: <none>

PDRC-138#2 Warning
SLICE_PairEqSame_D6D5_WARN  
Luts D6LUT and D5LUT in use in site SLICE_X13Y48 with different equations without A6 pin connected to Global Logic High.
Related violations: <none>

PDRC-138#3 Warning
SLICE_PairEqSame_D6D5_WARN  
Luts D6LUT and D5LUT in use in site SLICE_X19Y47 with different equations without A6 pin connected to Global Logic High.
Related violations: <none>

PDRC-138#4 Warning
SLICE_PairEqSame_D6D5_WARN  
Luts D6LUT and D5LUT in use in site SLICE_X21Y17 with different equations without A6 pin connected to Global Logic High.
Related violations: <none>

PDRC-138#5 Warning
SLICE_PairEqSame_D6D5_WARN  
Luts D6LUT and D5LUT in use in site SLICE_X21Y38 with different equations without A6 pin connected to Global Logic High.
Related violations: <none>

PDRC-138#6 Warning
SLICE_PairEqSame_D6D5_WARN  
Luts D6LUT and D5LUT in use in site SLICE_X23Y36 with different equations without A6 pin connected to Global Logic High.
Related violations: <none>

PDRC-138#7 Warning
SLICE_PairEqSame_D6D5_WARN  
Luts D6LUT and D5LUT in use in site SLICE_X23Y38 with different equations without A6 pin connected to Global Logic High.
Related violations: <none>

PDRC-138#8 Warning
SLICE_PairEqSame_D6D5_WARN  
Luts D6LUT and D5LUT in use in site SLICE_X23Y39 with different equations without A6 pin connected to Global Logic High.
Related violations: <none>

PDRC-138#9 Warning
SLICE_PairEqSame_D6D5_WARN  
Luts D6LUT and D5LUT in use in site SLICE_X23Y45 with different equations without A6 pin connected to Global Logic High.
Related violations: <none>

PDRC-138#10 Warning
SLICE_PairEqSame_D6D5_WARN  
Luts D6LUT and D5LUT in use in site SLICE_X24Y31 with different equations without A6 pin connected to Global Logic High.
Related violations: <none>

PDRC-138#11 Warning
SLICE_PairEqSame_D6D5_WARN  
Luts D6LUT and D5LUT in use in site SLICE_X24Y43 with different equations without A6 pin connected to Global Logic High.
Related violations: <none>

PDRC-138#12 Warning
SLICE_PairEqSame_D6D5_WARN  
Luts D6LUT and D5LUT in use in site SLICE_X24Y45 with different equations without A6 pin connected to Global Logic High.
Related violations: <none>

PDRC-138#13 Warning
SLICE_PairEqSame_D6D5_WARN  
Luts D6LUT and D5LUT in use in site SLICE_X25Y35 with different equations without A6 pin connected to Global Logic High.
Related violations: <none>

PDRC-138#14 Warning
SLICE_PairEqSame_D6D5_WARN  
Luts D6LUT and D5LUT in use in site SLICE_X27Y38 with different equations without A6 pin connected to Global Logic High.
Related violations: <none>

PDRC-138#15 Warning
SLICE_PairEqSame_D6D5_WARN  
Luts D6LUT and D5LUT in use in site SLICE_X27Y45 with different equations without A6 pin connected to Global Logic High.
Related violations: <none>

PDRC-138#16 Warning
SLICE_PairEqSame_D6D5_WARN  
Luts D6LUT and D5LUT in use in site SLICE_X27Y46 with different equations without A6 pin connected to Global Logic High.
Related violations: <none>

PDRC-138#17 Warning
SLICE_PairEqSame_D6D5_WARN  
Luts D6LUT and D5LUT in use in site SLICE_X27Y47 with different equations without A6 pin connected to Global Logic High.
Related violations: <none>

PDRC-138#18 Warning
SLICE_PairEqSame_D6D5_WARN  
Luts D6LUT and D5LUT in use in site SLICE_X27Y62 with different equations without A6 pin connected to Global Logic High.
Related violations: <none>

PDRC-138#19 Warning
SLICE_PairEqSame_D6D5_WARN  
Luts D6LUT and D5LUT in use in site SLICE_X27Y63 with different equations without A6 pin connected to Global Logic High.
Related violations: <none>

PDRC-138#20 Warning
SLICE_PairEqSame_D6D5_WARN  
Luts D6LUT and D5LUT in use in site SLICE_X27Y64 with different equations without A6 pin connected to Global Logic High.
Related violations: <none>

PDRC-138#21 Warning
SLICE_PairEqSame_D6D5_WARN  
Luts D6LUT and D5LUT in use in site SLICE_X28Y34 with different equations without A6 pin connected to Global Logic High.
Related violations: <none>

PDRC-138#22 Warning
SLICE_PairEqSame_D6D5_WARN  
Luts D6LUT and D5LUT in use in site SLICE_X28Y35 with different equations without A6 pin connected to Global Logic High.
Related violations: <none>

PDRC-138#23 Warning
SLICE_PairEqSame_D6D5_WARN  
Luts D6LUT and D5LUT in use in site SLICE_X28Y48 with different equations without A6 pin connected to Global Logic High.
Related violations: <none>

PDRC-138#24 Warning
SLICE_PairEqSame_D6D5_WARN  
Luts D6LUT and D5LUT in use in site SLICE_X28Y49 with different equations without A6 pin connected to Global Logic High.
Related violations: <none>

PDRC-138#25 Warning
SLICE_PairEqSame_D6D5_WARN  
Luts D6LUT and D5LUT in use in site SLICE_X28Y50 with different equations without A6 pin connected to Global Logic High.
Related violations: <none>

PDRC-138#26 Warning
SLICE_PairEqSame_D6D5_WARN  
Luts D6LUT and D5LUT in use in site SLICE_X28Y54 with different equations without A6 pin connected to Global Logic High.
Related violations: <none>

PDRC-138#27 Warning
SLICE_PairEqSame_D6D5_WARN  
Luts D6LUT and D5LUT in use in site SLICE_X28Y55 with different equations without A6 pin connected to Global Logic High.
Related violations: <none>

PDRC-138#28 Warning
SLICE_PairEqSame_D6D5_WARN  
Luts D6LUT and D5LUT in use in site SLICE_X28Y56 with different equations without A6 pin connected to Global Logic High.
Related violations: <none>

PDRC-138#29 Warning
SLICE_PairEqSame_D6D5_WARN  
Luts D6LUT and D5LUT in use in site SLICE_X28Y59 with different equations without A6 pin connected to Global Logic High.
Related violations: <none>

PDRC-138#30 Warning
SLICE_PairEqSame_D6D5_WARN  
Luts D6LUT and D5LUT in use in site SLICE_X28Y60 with different equations without A6 pin connected to Global Logic High.
Related violations: <none>

PDRC-138#31 Warning
SLICE_PairEqSame_D6D5_WARN  
Luts D6LUT and D5LUT in use in site SLICE_X28Y61 with different equations without A6 pin connected to Global Logic High.
Related violations: <none>

PDRC-138#32 Warning
SLICE_PairEqSame_D6D5_WARN  
Luts D6LUT and D5LUT in use in site SLICE_X29Y31 with different equations without A6 pin connected to Global Logic High.
Related violations: <none>

PDRC-138#33 Warning
SLICE_PairEqSame_D6D5_WARN  
Luts D6LUT and D5LUT in use in site SLICE_X29Y32 with different equations without A6 pin connected to Global Logic High.
Related violations: <none>

PDRC-138#34 Warning
SLICE_PairEqSame_D6D5_WARN  
Luts D6LUT and D5LUT in use in site SLICE_X29Y40 with different equations without A6 pin connected to Global Logic High.
Related violations: <none>

PDRC-138#35 Warning
SLICE_PairEqSame_D6D5_WARN  
Luts D6LUT and D5LUT in use in site SLICE_X29Y45 with different equations without A6 pin connected to Global Logic High.
Related violations: <none>

PDRC-138#36 Warning
SLICE_PairEqSame_D6D5_WARN  
Luts D6LUT and D5LUT in use in site SLICE_X29Y60 with different equations without A6 pin connected to Global Logic High.
Related violations: <none>

PDRC-138#37 Warning
SLICE_PairEqSame_D6D5_WARN  
Luts D6LUT and D5LUT in use in site SLICE_X29Y61 with different equations without A6 pin connected to Global Logic High.
Related violations: <none>

PDRC-138#38 Warning
SLICE_PairEqSame_D6D5_WARN  
Luts D6LUT and D5LUT in use in site SLICE_X31Y33 with different equations without A6 pin connected to Global Logic High.
Related violations: <none>

PDRC-138#39 Warning
SLICE_PairEqSame_D6D5_WARN  
Luts D6LUT and D5LUT in use in site SLICE_X31Y35 with different equations without A6 pin connected to Global Logic High.
Related violations: <none>

PDRC-138#40 Warning
SLICE_PairEqSame_D6D5_WARN  
Luts D6LUT and D5LUT in use in site SLICE_X31Y55 with different equations without A6 pin connected to Global Logic High.
Related violations: <none>

PDRC-138#41 Warning
SLICE_PairEqSame_D6D5_WARN  
Luts D6LUT and D5LUT in use in site SLICE_X33Y32 with different equations without A6 pin connected to Global Logic High.
Related violations: <none>

PDRC-138#42 Warning
SLICE_PairEqSame_D6D5_WARN  
Luts D6LUT and D5LUT in use in site SLICE_X33Y33 with different equations without A6 pin connected to Global Logic High.
Related violations: <none>

PDRC-138#43 Warning
SLICE_PairEqSame_D6D5_WARN  
Luts D6LUT and D5LUT in use in site SLICE_X33Y34 with different equations without A6 pin connected to Global Logic High.
Related violations: <none>

PDRC-138#44 Warning
SLICE_PairEqSame_D6D5_WARN  
Luts D6LUT and D5LUT in use in site SLICE_X33Y35 with different equations without A6 pin connected to Global Logic High.
Related violations: <none>

PDRC-138#45 Warning
SLICE_PairEqSame_D6D5_WARN  
Luts D6LUT and D5LUT in use in site SLICE_X33Y54 with different equations without A6 pin connected to Global Logic High.
Related violations: <none>

PDRC-138#46 Warning
SLICE_PairEqSame_D6D5_WARN  
Luts D6LUT and D5LUT in use in site SLICE_X33Y55 with different equations without A6 pin connected to Global Logic High.
Related violations: <none>

PDRC-138#47 Warning
SLICE_PairEqSame_D6D5_WARN  
Luts D6LUT and D5LUT in use in site SLICE_X33Y56 with different equations without A6 pin connected to Global Logic High.
Related violations: <none>

PDRC-138#48 Warning
SLICE_PairEqSame_D6D5_WARN  
Luts D6LUT and D5LUT in use in site SLICE_X35Y31 with different equations without A6 pin connected to Global Logic High.
Related violations: <none>

PDRC-138#49 Warning
SLICE_PairEqSame_D6D5_WARN  
Luts D6LUT and D5LUT in use in site SLICE_X35Y61 with different equations without A6 pin connected to Global Logic High.
Related violations: <none>

PDRC-138#50 Warning
SLICE_PairEqSame_D6D5_WARN  
Luts D6LUT and D5LUT in use in site SLICE_X35Y63 with different equations without A6 pin connected to Global Logic High.
Related violations: <none>

PDRC-138#51 Warning
SLICE_PairEqSame_D6D5_WARN  
Luts D6LUT and D5LUT in use in site SLICE_X37Y45 with different equations without A6 pin connected to Global Logic High.
Related violations: <none>

PDRC-138#52 Warning
SLICE_PairEqSame_D6D5_WARN  
Luts D6LUT and D5LUT in use in site SLICE_X37Y46 with different equations without A6 pin connected to Global Logic High.
Related violations: <none>

PDRC-138#53 Warning
SLICE_PairEqSame_D6D5_WARN  
Luts D6LUT and D5LUT in use in site SLICE_X37Y48 with different equations without A6 pin connected to Global Logic High.
Related violations: <none>

PDRC-138#54 Warning
SLICE_PairEqSame_D6D5_WARN  
Luts D6LUT and D5LUT in use in site SLICE_X40Y110 with different equations without A6 pin connected to Global Logic High.
Related violations: <none>

PDRC-138#55 Warning
SLICE_PairEqSame_D6D5_WARN  
Luts D6LUT and D5LUT in use in site SLICE_X41Y36 with different equations without A6 pin connected to Global Logic High.
Related violations: <none>

PDRC-138#56 Warning
SLICE_PairEqSame_D6D5_WARN  
Luts D6LUT and D5LUT in use in site SLICE_X41Y52 with different equations without A6 pin connected to Global Logic High.
Related violations: <none>

PDRC-138#57 Warning
SLICE_PairEqSame_D6D5_WARN  
Luts D6LUT and D5LUT in use in site SLICE_X41Y54 with different equations without A6 pin connected to Global Logic High.
Related violations: <none>

PDRC-138#58 Warning
SLICE_PairEqSame_D6D5_WARN  
Luts D6LUT and D5LUT in use in site SLICE_X43Y34 with different equations without A6 pin connected to Global Logic High.
Related violations: <none>

PDRC-138#59 Warning
SLICE_PairEqSame_D6D5_WARN  
Luts D6LUT and D5LUT in use in site SLICE_X43Y45 with different equations without A6 pin connected to Global Logic High.
Related violations: <none>

PDRC-138#60 Warning
SLICE_PairEqSame_D6D5_WARN  
Luts D6LUT and D5LUT in use in site SLICE_X44Y32 with different equations without A6 pin connected to Global Logic High.
Related violations: <none>

PDRC-138#61 Warning
SLICE_PairEqSame_D6D5_WARN  
Luts D6LUT and D5LUT in use in site SLICE_X44Y60 with different equations without A6 pin connected to Global Logic High.
Related violations: <none>

PDRC-138#62 Warning
SLICE_PairEqSame_D6D5_WARN  
Luts D6LUT and D5LUT in use in site SLICE_X44Y61 with different equations without A6 pin connected to Global Logic High.
Related violations: <none>

PDRC-138#63 Warning
SLICE_PairEqSame_D6D5_WARN  
Luts D6LUT and D5LUT in use in site SLICE_X45Y61 with different equations without A6 pin connected to Global Logic High.
Related violations: <none>

PDRC-138#64 Warning
SLICE_PairEqSame_D6D5_WARN  
Luts D6LUT and D5LUT in use in site SLICE_X48Y41 with different equations without A6 pin connected to Global Logic High.
Related violations: <none>

PDRC-138#65 Warning
SLICE_PairEqSame_D6D5_WARN  
Luts D6LUT and D5LUT in use in site SLICE_X48Y42 with different equations without A6 pin connected to Global Logic High.
Related violations: <none>

PDRC-138#66 Warning
SLICE_PairEqSame_D6D5_WARN  
Luts D6LUT and D5LUT in use in site SLICE_X49Y39 with different equations without A6 pin connected to Global Logic High.
Related violations: <none>

PDRC-138#67 Warning
SLICE_PairEqSame_D6D5_WARN  
Luts D6LUT and D5LUT in use in site SLICE_X49Y41 with different equations without A6 pin connected to Global Logic High.
Related violations: <none>

PDRC-138#68 Warning
SLICE_PairEqSame_D6D5_WARN  
Luts D6LUT and D5LUT in use in site SLICE_X51Y37 with different equations without A6 pin connected to Global Logic High.
Related violations: <none>

PDRC-138#69 Warning
SLICE_PairEqSame_D6D5_WARN  
Luts D6LUT and D5LUT in use in site SLICE_X51Y38 with different equations without A6 pin connected to Global Logic High.
Related violations: <none>

PDRC-138#70 Warning
SLICE_PairEqSame_D6D5_WARN  
Luts D6LUT and D5LUT in use in site SLICE_X51Y42 with different equations without A6 pin connected to Global Logic High.
Related violations: <none>

PDRC-138#71 Warning
SLICE_PairEqSame_D6D5_WARN  
Luts D6LUT and D5LUT in use in site SLICE_X51Y44 with different equations without A6 pin connected to Global Logic High.
Related violations: <none>

PDRC-138#72 Warning
SLICE_PairEqSame_D6D5_WARN  
Luts D6LUT and D5LUT in use in site SLICE_X52Y40 with different equations without A6 pin connected to Global Logic High.
Related violations: <none>

PDRC-138#73 Warning
SLICE_PairEqSame_D6D5_WARN  
Luts D6LUT and D5LUT in use in site SLICE_X52Y42 with different equations without A6 pin connected to Global Logic High.
Related violations: <none>

PDRC-138#74 Warning
SLICE_PairEqSame_D6D5_WARN  
Luts D6LUT and D5LUT in use in site SLICE_X55Y37 with different equations without A6 pin connected to Global Logic High.
Related violations: <none>

PDRC-138#75 Warning
SLICE_PairEqSame_D6D5_WARN  
Luts D6LUT and D5LUT in use in site SLICE_X55Y38 with different equations without A6 pin connected to Global Logic High.
Related violations: <none>

PDRC-138#76 Warning
SLICE_PairEqSame_D6D5_WARN  
Luts D6LUT and D5LUT in use in site SLICE_X55Y41 with different equations without A6 pin connected to Global Logic High.
Related violations: <none>

PDRC-138#77 Warning
SLICE_PairEqSame_D6D5_WARN  
Luts D6LUT and D5LUT in use in site SLICE_X55Y50 with different equations without A6 pin connected to Global Logic High.
Related violations: <none>

PDRC-138#78 Warning
SLICE_PairEqSame_D6D5_WARN  
Luts D6LUT and D5LUT in use in site SLICE_X56Y38 with different equations without A6 pin connected to Global Logic High.
Related violations: <none>

PDRC-138#79 Warning
SLICE_PairEqSame_D6D5_WARN  
Luts D6LUT and D5LUT in use in site SLICE_X56Y55 with different equations without A6 pin connected to Global Logic High.
Related violations: <none>

PDRC-138#80 Warning
SLICE_PairEqSame_D6D5_WARN  
Luts D6LUT and D5LUT in use in site SLICE_X57Y47 with different equations without A6 pin connected to Global Logic High.
Related violations: <none>

PDRC-138#81 Warning
SLICE_PairEqSame_D6D5_WARN  
Luts D6LUT and D5LUT in use in site SLICE_X57Y48 with different equations without A6 pin connected to Global Logic High.
Related violations: <none>

PDRC-138#82 Warning
SLICE_PairEqSame_D6D5_WARN  
Luts D6LUT and D5LUT in use in site SLICE_X57Y49 with different equations without A6 pin connected to Global Logic High.
Related violations: <none>

PDRC-138#83 Warning
SLICE_PairEqSame_D6D5_WARN  
Luts D6LUT and D5LUT in use in site SLICE_X57Y57 with different equations without A6 pin connected to Global Logic High.
Related violations: <none>

PDRC-138#84 Warning
SLICE_PairEqSame_D6D5_WARN  
Luts D6LUT and D5LUT in use in site SLICE_X57Y59 with different equations without A6 pin connected to Global Logic High.
Related violations: <none>

PDRC-138#85 Warning
SLICE_PairEqSame_D6D5_WARN  
Luts D6LUT and D5LUT in use in site SLICE_X59Y43 with different equations without A6 pin connected to Global Logic High.
Related violations: <none>

PDRC-138#86 Warning
SLICE_PairEqSame_D6D5_WARN  
Luts D6LUT and D5LUT in use in site SLICE_X59Y59 with different equations without A6 pin connected to Global Logic High.
Related violations: <none>

PDRC-138#87 Warning
SLICE_PairEqSame_D6D5_WARN  
Luts D6LUT and D5LUT in use in site SLICE_X59Y60 with different equations without A6 pin connected to Global Logic High.
Related violations: <none>

PDRC-138#88 Warning
SLICE_PairEqSame_D6D5_WARN  
Luts D6LUT and D5LUT in use in site SLICE_X60Y40 with different equations without A6 pin connected to Global Logic High.
Related violations: <none>

PDRC-138#89 Warning
SLICE_PairEqSame_D6D5_WARN  
Luts D6LUT and D5LUT in use in site SLICE_X60Y45 with different equations without A6 pin connected to Global Logic High.
Related violations: <none>

PDRC-138#90 Warning
SLICE_PairEqSame_D6D5_WARN  
Luts D6LUT and D5LUT in use in site SLICE_X60Y52 with different equations without A6 pin connected to Global Logic High.
Related violations: <none>

PDRC-138#91 Warning
SLICE_PairEqSame_D6D5_WARN  
Luts D6LUT and D5LUT in use in site SLICE_X60Y56 with different equations without A6 pin connected to Global Logic High.
Related violations: <none>

PDRC-138#92 Warning
SLICE_PairEqSame_D6D5_WARN  
Luts D6LUT and D5LUT in use in site SLICE_X60Y58 with different equations without A6 pin connected to Global Logic High.
Related violations: <none>

PDRC-138#93 Warning
SLICE_PairEqSame_D6D5_WARN  
Luts D6LUT and D5LUT in use in site SLICE_X61Y39 with different equations without A6 pin connected to Global Logic High.
Related violations: <none>

PDRC-138#94 Warning
SLICE_PairEqSame_D6D5_WARN  
Luts D6LUT and D5LUT in use in site SLICE_X61Y49 with different equations without A6 pin connected to Global Logic High.
Related violations: <none>

PDRC-138#95 Warning
SLICE_PairEqSame_D6D5_WARN  
Luts D6LUT and D5LUT in use in site SLICE_X65Y27 with different equations without A6 pin connected to Global Logic High.
Related violations: <none>

PDRC-138#96 Warning
SLICE_PairEqSame_D6D5_WARN  
Luts D6LUT and D5LUT in use in site SLICE_X68Y22 with different equations without A6 pin connected to Global Logic High.
Related violations: <none>

PDRC-138#97 Warning
SLICE_PairEqSame_D6D5_WARN  
Luts D6LUT and D5LUT in use in site SLICE_X68Y25 with different equations without A6 pin connected to Global Logic High.
Related violations: <none>

PDRC-140#1 Warning
SLICE_PairEqSame_A6A5_WARN  
Luts A6LUT and A5LUT in use in site SLICE_X14Y45 with different equations without A6 pin connected to Global Logic High.
Related violations: <none>

PDRC-140#2 Warning
SLICE_PairEqSame_A6A5_WARN  
Luts A6LUT and A5LUT in use in site SLICE_X14Y46 with different equations without A6 pin connected to Global Logic High.
Related violations: <none>

PDRC-140#3 Warning
SLICE_PairEqSame_A6A5_WARN  
Luts A6LUT and A5LUT in use in site SLICE_X14Y47 with different equations without A6 pin connected to Global Logic High.
Related violations: <none>

PDRC-140#4 Warning
SLICE_PairEqSame_A6A5_WARN  
Luts A6LUT and A5LUT in use in site SLICE_X18Y42 with different equations without A6 pin connected to Global Logic High.
Related violations: <none>

PDRC-140#5 Warning
SLICE_PairEqSame_A6A5_WARN  
Luts A6LUT and A5LUT in use in site SLICE_X18Y43 with different equations without A6 pin connected to Global Logic High.
Related violations: <none>

PDRC-140#6 Warning
SLICE_PairEqSame_A6A5_WARN  
Luts A6LUT and A5LUT in use in site SLICE_X18Y44 with different equations without A6 pin connected to Global Logic High.
Related violations: <none>

PDRC-140#7 Warning
SLICE_PairEqSame_A6A5_WARN  
Luts A6LUT and A5LUT in use in site SLICE_X20Y38 with different equations without A6 pin connected to Global Logic High.
Related violations: <none>

PDRC-140#8 Warning
SLICE_PairEqSame_A6A5_WARN  
Luts A6LUT and A5LUT in use in site SLICE_X20Y39 with different equations without A6 pin connected to Global Logic High.
Related violations: <none>

PDRC-140#9 Warning
SLICE_PairEqSame_A6A5_WARN  
Luts A6LUT and A5LUT in use in site SLICE_X20Y40 with different equations without A6 pin connected to Global Logic High.
Related violations: <none>

PDRC-140#10 Warning
SLICE_PairEqSame_A6A5_WARN  
Luts A6LUT and A5LUT in use in site SLICE_X20Y42 with different equations without A6 pin connected to Global Logic High.
Related violations: <none>

PDRC-140#11 Warning
SLICE_PairEqSame_A6A5_WARN  
Luts A6LUT and A5LUT in use in site SLICE_X20Y43 with different equations without A6 pin connected to Global Logic High.
Related violations: <none>

PDRC-140#12 Warning
SLICE_PairEqSame_A6A5_WARN  
Luts A6LUT and A5LUT in use in site SLICE_X20Y44 with different equations without A6 pin connected to Global Logic High.
Related violations: <none>

PDRC-140#13 Warning
SLICE_PairEqSame_A6A5_WARN  
Luts A6LUT and A5LUT in use in site SLICE_X22Y40 with different equations without A6 pin connected to Global Logic High.
Related violations: <none>

PDRC-140#14 Warning
SLICE_PairEqSame_A6A5_WARN  
Luts A6LUT and A5LUT in use in site SLICE_X22Y41 with different equations without A6 pin connected to Global Logic High.
Related violations: <none>

PDRC-140#15 Warning
SLICE_PairEqSame_A6A5_WARN  
Luts A6LUT and A5LUT in use in site SLICE_X22Y42 with different equations without A6 pin connected to Global Logic High.
Related violations: <none>

PDRC-140#16 Warning
SLICE_PairEqSame_A6A5_WARN  
Luts A6LUT and A5LUT in use in site SLICE_X26Y34 with different equations without A6 pin connected to Global Logic High.
Related violations: <none>

PDRC-140#17 Warning
SLICE_PairEqSame_A6A5_WARN  
Luts A6LUT and A5LUT in use in site SLICE_X26Y35 with different equations without A6 pin connected to Global Logic High.
Related violations: <none>

PDRC-140#18 Warning
SLICE_PairEqSame_A6A5_WARN  
Luts A6LUT and A5LUT in use in site SLICE_X26Y36 with different equations without A6 pin connected to Global Logic High.
Related violations: <none>

PDRC-140#19 Warning
SLICE_PairEqSame_A6A5_WARN  
Luts A6LUT and A5LUT in use in site SLICE_X26Y42 with different equations without A6 pin connected to Global Logic High.
Related violations: <none>

PDRC-140#20 Warning
SLICE_PairEqSame_A6A5_WARN  
Luts A6LUT and A5LUT in use in site SLICE_X26Y43 with different equations without A6 pin connected to Global Logic High.
Related violations: <none>

PDRC-140#21 Warning
SLICE_PairEqSame_A6A5_WARN  
Luts A6LUT and A5LUT in use in site SLICE_X26Y44 with different equations without A6 pin connected to Global Logic High.
Related violations: <none>

PDRC-140#22 Warning
SLICE_PairEqSame_A6A5_WARN  
Luts A6LUT and A5LUT in use in site SLICE_X26Y49 with different equations without A6 pin connected to Global Logic High.
Related violations: <none>

PDRC-140#23 Warning
SLICE_PairEqSame_A6A5_WARN  
Luts A6LUT and A5LUT in use in site SLICE_X26Y50 with different equations without A6 pin connected to Global Logic High.
Related violations: <none>

PDRC-140#24 Warning
SLICE_PairEqSame_A6A5_WARN  
Luts A6LUT and A5LUT in use in site SLICE_X26Y51 with different equations without A6 pin connected to Global Logic High.
Related violations: <none>

PDRC-140#25 Warning
SLICE_PairEqSame_A6A5_WARN  
Luts A6LUT and A5LUT in use in site SLICE_X26Y54 with different equations without A6 pin connected to Global Logic High.
Related violations: <none>

PDRC-140#26 Warning
SLICE_PairEqSame_A6A5_WARN  
Luts A6LUT and A5LUT in use in site SLICE_X26Y55 with different equations without A6 pin connected to Global Logic High.
Related violations: <none>

PDRC-140#27 Warning
SLICE_PairEqSame_A6A5_WARN  
Luts A6LUT and A5LUT in use in site SLICE_X26Y56 with different equations without A6 pin connected to Global Logic High.
Related violations: <none>

PDRC-140#28 Warning
SLICE_PairEqSame_A6A5_WARN  
Luts A6LUT and A5LUT in use in site SLICE_X26Y61 with different equations without A6 pin connected to Global Logic High.
Related violations: <none>

PDRC-140#29 Warning
SLICE_PairEqSame_A6A5_WARN  
Luts A6LUT and A5LUT in use in site SLICE_X26Y62 with different equations without A6 pin connected to Global Logic High.
Related violations: <none>

PDRC-140#30 Warning
SLICE_PairEqSame_A6A5_WARN  
Luts A6LUT and A5LUT in use in site SLICE_X26Y63 with different equations without A6 pin connected to Global Logic High.
Related violations: <none>

PDRC-140#31 Warning
SLICE_PairEqSame_A6A5_WARN  
Luts A6LUT and A5LUT in use in site SLICE_X30Y12 with different equations without A6 pin connected to Global Logic High.
Related violations: <none>

PDRC-140#32 Warning
SLICE_PairEqSame_A6A5_WARN  
Luts A6LUT and A5LUT in use in site SLICE_X30Y36 with different equations without A6 pin connected to Global Logic High.
Related violations: <none>

PDRC-140#33 Warning
SLICE_PairEqSame_A6A5_WARN  
Luts A6LUT and A5LUT in use in site SLICE_X30Y37 with different equations without A6 pin connected to Global Logic High.
Related violations: <none>

PDRC-140#34 Warning
SLICE_PairEqSame_A6A5_WARN  
Luts A6LUT and A5LUT in use in site SLICE_X30Y38 with different equations without A6 pin connected to Global Logic High.
Related violations: <none>

PDRC-140#35 Warning
SLICE_PairEqSame_A6A5_WARN  
Luts A6LUT and A5LUT in use in site SLICE_X30Y42 with different equations without A6 pin connected to Global Logic High.
Related violations: <none>

PDRC-140#36 Warning
SLICE_PairEqSame_A6A5_WARN  
Luts A6LUT and A5LUT in use in site SLICE_X30Y43 with different equations without A6 pin connected to Global Logic High.
Related violations: <none>

PDRC-140#37 Warning
SLICE_PairEqSame_A6A5_WARN  
Luts A6LUT and A5LUT in use in site SLICE_X30Y44 with different equations without A6 pin connected to Global Logic High.
Related violations: <none>

PDRC-140#38 Warning
SLICE_PairEqSame_A6A5_WARN  
Luts A6LUT and A5LUT in use in site SLICE_X30Y62 with different equations without A6 pin connected to Global Logic High.
Related violations: <none>

PDRC-140#39 Warning
SLICE_PairEqSame_A6A5_WARN  
Luts A6LUT and A5LUT in use in site SLICE_X30Y63 with different equations without A6 pin connected to Global Logic High.
Related violations: <none>

PDRC-140#40 Warning
SLICE_PairEqSame_A6A5_WARN  
Luts A6LUT and A5LUT in use in site SLICE_X30Y64 with different equations without A6 pin connected to Global Logic High.
Related violations: <none>

PDRC-140#41 Warning
SLICE_PairEqSame_A6A5_WARN  
Luts A6LUT and A5LUT in use in site SLICE_X32Y31 with different equations without A6 pin connected to Global Logic High.
Related violations: <none>

PDRC-140#42 Warning
SLICE_PairEqSame_A6A5_WARN  
Luts A6LUT and A5LUT in use in site SLICE_X32Y32 with different equations without A6 pin connected to Global Logic High.
Related violations: <none>

PDRC-140#43 Warning
SLICE_PairEqSame_A6A5_WARN  
Luts A6LUT and A5LUT in use in site SLICE_X32Y33 with different equations without A6 pin connected to Global Logic High.
Related violations: <none>

PDRC-140#44 Warning
SLICE_PairEqSame_A6A5_WARN  
Luts A6LUT and A5LUT in use in site SLICE_X32Y49 with different equations without A6 pin connected to Global Logic High.
Related violations: <none>

PDRC-140#45 Warning
SLICE_PairEqSame_A6A5_WARN  
Luts A6LUT and A5LUT in use in site SLICE_X32Y50 with different equations without A6 pin connected to Global Logic High.
Related violations: <none>

PDRC-140#46 Warning
SLICE_PairEqSame_A6A5_WARN  
Luts A6LUT and A5LUT in use in site SLICE_X32Y51 with different equations without A6 pin connected to Global Logic High.
Related violations: <none>

PDRC-140#47 Warning
SLICE_PairEqSame_A6A5_WARN  
Luts A6LUT and A5LUT in use in site SLICE_X32Y53 with different equations without A6 pin connected to Global Logic High.
Related violations: <none>

PDRC-140#48 Warning
SLICE_PairEqSame_A6A5_WARN  
Luts A6LUT and A5LUT in use in site SLICE_X32Y54 with different equations without A6 pin connected to Global Logic High.
Related violations: <none>

PDRC-140#49 Warning
SLICE_PairEqSame_A6A5_WARN  
Luts A6LUT and A5LUT in use in site SLICE_X32Y55 with different equations without A6 pin connected to Global Logic High.
Related violations: <none>

PDRC-140#50 Warning
SLICE_PairEqSame_A6A5_WARN  
Luts A6LUT and A5LUT in use in site SLICE_X32Y57 with different equations without A6 pin connected to Global Logic High.
Related violations: <none>

PDRC-140#51 Warning
SLICE_PairEqSame_A6A5_WARN  
Luts A6LUT and A5LUT in use in site SLICE_X32Y58 with different equations without A6 pin connected to Global Logic High.
Related violations: <none>

PDRC-140#52 Warning
SLICE_PairEqSame_A6A5_WARN  
Luts A6LUT and A5LUT in use in site SLICE_X32Y59 with different equations without A6 pin connected to Global Logic High.
Related violations: <none>

PDRC-140#53 Warning
SLICE_PairEqSame_A6A5_WARN  
Luts A6LUT and A5LUT in use in site SLICE_X34Y35 with different equations without A6 pin connected to Global Logic High.
Related violations: <none>

PDRC-140#54 Warning
SLICE_PairEqSame_A6A5_WARN  
Luts A6LUT and A5LUT in use in site SLICE_X34Y36 with different equations without A6 pin connected to Global Logic High.
Related violations: <none>

PDRC-140#55 Warning
SLICE_PairEqSame_A6A5_WARN  
Luts A6LUT and A5LUT in use in site SLICE_X34Y60 with different equations without A6 pin connected to Global Logic High.
Related violations: <none>

PDRC-140#56 Warning
SLICE_PairEqSame_A6A5_WARN  
Luts A6LUT and A5LUT in use in site SLICE_X34Y61 with different equations without A6 pin connected to Global Logic High.
Related violations: <none>

PDRC-140#57 Warning
SLICE_PairEqSame_A6A5_WARN  
Luts A6LUT and A5LUT in use in site SLICE_X34Y62 with different equations without A6 pin connected to Global Logic High.
Related violations: <none>

PDRC-140#58 Warning
SLICE_PairEqSame_A6A5_WARN  
Luts A6LUT and A5LUT in use in site SLICE_X36Y31 with different equations without A6 pin connected to Global Logic High.
Related violations: <none>

PDRC-140#59 Warning
SLICE_PairEqSame_A6A5_WARN  
Luts A6LUT and A5LUT in use in site SLICE_X36Y32 with different equations without A6 pin connected to Global Logic High.
Related violations: <none>

PDRC-140#60 Warning
SLICE_PairEqSame_A6A5_WARN  
Luts A6LUT and A5LUT in use in site SLICE_X36Y33 with different equations without A6 pin connected to Global Logic High.
Related violations: <none>

PDRC-140#61 Warning
SLICE_PairEqSame_A6A5_WARN  
Luts A6LUT and A5LUT in use in site SLICE_X36Y61 with different equations without A6 pin connected to Global Logic High.
Related violations: <none>

PDRC-140#62 Warning
SLICE_PairEqSame_A6A5_WARN  
Luts A6LUT and A5LUT in use in site SLICE_X36Y62 with different equations without A6 pin connected to Global Logic High.
Related violations: <none>

PDRC-140#63 Warning
SLICE_PairEqSame_A6A5_WARN  
Luts A6LUT and A5LUT in use in site SLICE_X36Y63 with different equations without A6 pin connected to Global Logic High.
Related violations: <none>

PDRC-140#64 Warning
SLICE_PairEqSame_A6A5_WARN  
Luts A6LUT and A5LUT in use in site SLICE_X38Y39 with different equations without A6 pin connected to Global Logic High.
Related violations: <none>

PDRC-140#65 Warning
SLICE_PairEqSame_A6A5_WARN  
Luts A6LUT and A5LUT in use in site SLICE_X38Y40 with different equations without A6 pin connected to Global Logic High.
Related violations: <none>

PDRC-140#66 Warning
SLICE_PairEqSame_A6A5_WARN  
Luts A6LUT and A5LUT in use in site SLICE_X38Y41 with different equations without A6 pin connected to Global Logic High.
Related violations: <none>

PDRC-140#67 Warning
SLICE_PairEqSame_A6A5_WARN  
Luts A6LUT and A5LUT in use in site SLICE_X42Y30 with different equations without A6 pin connected to Global Logic High.
Related violations: <none>

PDRC-140#68 Warning
SLICE_PairEqSame_A6A5_WARN  
Luts A6LUT and A5LUT in use in site SLICE_X42Y31 with different equations without A6 pin connected to Global Logic High.
Related violations: <none>

PDRC-140#69 Warning
SLICE_PairEqSame_A6A5_WARN  
Luts A6LUT and A5LUT in use in site SLICE_X42Y32 with different equations without A6 pin connected to Global Logic High.
Related violations: <none>

PDRC-140#70 Warning
SLICE_PairEqSame_A6A5_WARN  
Luts A6LUT and A5LUT in use in site SLICE_X42Y56 with different equations without A6 pin connected to Global Logic High.
Related violations: <none>

PDRC-140#71 Warning
SLICE_PairEqSame_A6A5_WARN  
Luts A6LUT and A5LUT in use in site SLICE_X42Y57 with different equations without A6 pin connected to Global Logic High.
Related violations: <none>

PDRC-140#72 Warning
SLICE_PairEqSame_A6A5_WARN  
Luts A6LUT and A5LUT in use in site SLICE_X42Y58 with different equations without A6 pin connected to Global Logic High.
Related violations: <none>

PDRC-140#73 Warning
SLICE_PairEqSame_A6A5_WARN  
Luts A6LUT and A5LUT in use in site SLICE_X46Y32 with different equations without A6 pin connected to Global Logic High.
Related violations: <none>

PDRC-140#74 Warning
SLICE_PairEqSame_A6A5_WARN  
Luts A6LUT and A5LUT in use in site SLICE_X46Y33 with different equations without A6 pin connected to Global Logic High.
Related violations: <none>

PDRC-140#75 Warning
SLICE_PairEqSame_A6A5_WARN  
Luts A6LUT and A5LUT in use in site SLICE_X46Y34 with different equations without A6 pin connected to Global Logic High.
Related violations: <none>

PDRC-140#76 Warning
SLICE_PairEqSame_A6A5_WARN  
Luts A6LUT and A5LUT in use in site SLICE_X46Y38 with different equations without A6 pin connected to Global Logic High.
Related violations: <none>

PDRC-140#77 Warning
SLICE_PairEqSame_A6A5_WARN  
Luts A6LUT and A5LUT in use in site SLICE_X46Y39 with different equations without A6 pin connected to Global Logic High.
Related violations: <none>

PDRC-140#78 Warning
SLICE_PairEqSame_A6A5_WARN  
Luts A6LUT and A5LUT in use in site SLICE_X46Y40 with different equations without A6 pin connected to Global Logic High.
Related violations: <none>

PDRC-140#79 Warning
SLICE_PairEqSame_A6A5_WARN  
Luts A6LUT and A5LUT in use in site SLICE_X46Y51 with different equations without A6 pin connected to Global Logic High.
Related violations: <none>

PDRC-140#80 Warning
SLICE_PairEqSame_A6A5_WARN  
Luts A6LUT and A5LUT in use in site SLICE_X46Y52 with different equations without A6 pin connected to Global Logic High.
Related violations: <none>

PDRC-140#81 Warning
SLICE_PairEqSame_A6A5_WARN  
Luts A6LUT and A5LUT in use in site SLICE_X46Y53 with different equations without A6 pin connected to Global Logic High.
Related violations: <none>

PDRC-140#82 Warning
SLICE_PairEqSame_A6A5_WARN  
Luts A6LUT and A5LUT in use in site SLICE_X50Y49 with different equations without A6 pin connected to Global Logic High.
Related violations: <none>

PDRC-140#83 Warning
SLICE_PairEqSame_A6A5_WARN  
Luts A6LUT and A5LUT in use in site SLICE_X50Y50 with different equations without A6 pin connected to Global Logic High.
Related violations: <none>

PDRC-140#84 Warning
SLICE_PairEqSame_A6A5_WARN  
Luts A6LUT and A5LUT in use in site SLICE_X50Y51 with different equations without A6 pin connected to Global Logic High.
Related violations: <none>

PDRC-140#85 Warning
SLICE_PairEqSame_A6A5_WARN  
Luts A6LUT and A5LUT in use in site SLICE_X50Y53 with different equations without A6 pin connected to Global Logic High.
Related violations: <none>

PDRC-140#86 Warning
SLICE_PairEqSame_A6A5_WARN  
Luts A6LUT and A5LUT in use in site SLICE_X50Y54 with different equations without A6 pin connected to Global Logic High.
Related violations: <none>

PDRC-140#87 Warning
SLICE_PairEqSame_A6A5_WARN  
Luts A6LUT and A5LUT in use in site SLICE_X50Y55 with different equations without A6 pin connected to Global Logic High.
Related violations: <none>

PDRC-140#88 Warning
SLICE_PairEqSame_A6A5_WARN  
Luts A6LUT and A5LUT in use in site SLICE_X50Y57 with different equations without A6 pin connected to Global Logic High.
Related violations: <none>

PDRC-140#89 Warning
SLICE_PairEqSame_A6A5_WARN  
Luts A6LUT and A5LUT in use in site SLICE_X50Y58 with different equations without A6 pin connected to Global Logic High.
Related violations: <none>

PDRC-140#90 Warning
SLICE_PairEqSame_A6A5_WARN  
Luts A6LUT and A5LUT in use in site SLICE_X50Y59 with different equations without A6 pin connected to Global Logic High.
Related violations: <none>

PDRC-140#91 Warning
SLICE_PairEqSame_A6A5_WARN  
Luts A6LUT and A5LUT in use in site SLICE_X54Y43 with different equations without A6 pin connected to Global Logic High.
Related violations: <none>

PDRC-140#92 Warning
SLICE_PairEqSame_A6A5_WARN  
Luts A6LUT and A5LUT in use in site SLICE_X54Y44 with different equations without A6 pin connected to Global Logic High.
Related violations: <none>

PDRC-140#93 Warning
SLICE_PairEqSame_A6A5_WARN  
Luts A6LUT and A5LUT in use in site SLICE_X54Y45 with different equations without A6 pin connected to Global Logic High.
Related violations: <none>

PDRC-140#94 Warning
SLICE_PairEqSame_A6A5_WARN  
Luts A6LUT and A5LUT in use in site SLICE_X54Y52 with different equations without A6 pin connected to Global Logic High.
Related violations: <none>

PDRC-140#95 Warning
SLICE_PairEqSame_A6A5_WARN  
Luts A6LUT and A5LUT in use in site SLICE_X54Y53 with different equations without A6 pin connected to Global Logic High.
Related violations: <none>

PDRC-140#96 Warning
SLICE_PairEqSame_A6A5_WARN  
Luts A6LUT and A5LUT in use in site SLICE_X54Y54 with different equations without A6 pin connected to Global Logic High.
Related violations: <none>

PDRC-140#97 Warning
SLICE_PairEqSame_A6A5_WARN  
Luts A6LUT and A5LUT in use in site SLICE_X58Y40 with different equations without A6 pin connected to Global Logic High.
Related violations: <none>

PDRC-140#98 Warning
SLICE_PairEqSame_A6A5_WARN  
Luts A6LUT and A5LUT in use in site SLICE_X58Y41 with different equations without A6 pin connected to Global Logic High.
Related violations: <none>

PDRC-140#99 Warning
SLICE_PairEqSame_A6A5_WARN  
Luts A6LUT and A5LUT in use in site SLICE_X58Y42 with different equations without A6 pin connected to Global Logic High.
Related violations: <none>

PDRC-140#100 Warning
SLICE_PairEqSame_A6A5_WARN  
Luts A6LUT and A5LUT in use in site SLICE_X58Y47 with different equations without A6 pin connected to Global Logic High.
Related violations: <none>

PDRC-140#101 Warning
SLICE_PairEqSame_A6A5_WARN  
Luts A6LUT and A5LUT in use in site SLICE_X58Y48 with different equations without A6 pin connected to Global Logic High.
Related violations: <none>

PDRC-140#102 Warning
SLICE_PairEqSame_A6A5_WARN  
Luts A6LUT and A5LUT in use in site SLICE_X58Y49 with different equations without A6 pin connected to Global Logic High.
Related violations: <none>

PDRC-140#103 Warning
SLICE_PairEqSame_A6A5_WARN  
Luts A6LUT and A5LUT in use in site SLICE_X58Y54 with different equations without A6 pin connected to Global Logic High.
Related violations: <none>

PDRC-140#104 Warning
SLICE_PairEqSame_A6A5_WARN  
Luts A6LUT and A5LUT in use in site SLICE_X58Y55 with different equations without A6 pin connected to Global Logic High.
Related violations: <none>

PDRC-140#105 Warning
SLICE_PairEqSame_A6A5_WARN  
Luts A6LUT and A5LUT in use in site SLICE_X58Y56 with different equations without A6 pin connected to Global Logic High.
Related violations: <none>

PDRC-140#106 Warning
SLICE_PairEqSame_A6A5_WARN  
Luts A6LUT and A5LUT in use in site SLICE_X62Y43 with different equations without A6 pin connected to Global Logic High.
Related violations: <none>

PDRC-140#107 Warning
SLICE_PairEqSame_A6A5_WARN  
Luts A6LUT and A5LUT in use in site SLICE_X62Y44 with different equations without A6 pin connected to Global Logic High.
Related violations: <none>

PDRC-140#108 Warning
SLICE_PairEqSame_A6A5_WARN  
Luts A6LUT and A5LUT in use in site SLICE_X62Y45 with different equations without A6 pin connected to Global Logic High.
Related violations: <none>

PDRC-140#109 Warning
SLICE_PairEqSame_A6A5_WARN  
Luts A6LUT and A5LUT in use in site SLICE_X66Y43 with different equations without A6 pin connected to Global Logic High.
Related violations: <none>

PDRC-140#110 Warning
SLICE_PairEqSame_A6A5_WARN  
Luts A6LUT and A5LUT in use in site SLICE_X66Y44 with different equations without A6 pin connected to Global Logic High.
Related violations: <none>

PDRC-140#111 Warning
SLICE_PairEqSame_A6A5_WARN  
Luts A6LUT and A5LUT in use in site SLICE_X66Y45 with different equations without A6 pin connected to Global Logic High.
Related violations: <none>

PDRC-140#112 Warning
SLICE_PairEqSame_A6A5_WARN  
Luts A6LUT and A5LUT in use in site SLICE_X66Y51 with different equations without A6 pin connected to Global Logic High.
Related violations: <none>

PDRC-140#113 Warning
SLICE_PairEqSame_A6A5_WARN  
Luts A6LUT and A5LUT in use in site SLICE_X66Y52 with different equations without A6 pin connected to Global Logic High.
Related violations: <none>

PDRC-140#114 Warning
SLICE_PairEqSame_A6A5_WARN  
Luts A6LUT and A5LUT in use in site SLICE_X66Y53 with different equations without A6 pin connected to Global Logic High.
Related violations: <none>

PDRC-142#1 Warning
SLICE_PairEqSame_B6B5_WARN  
Luts B6LUT and B5LUT in use in site SLICE_X14Y46 with different equations without A6 pin connected to Global Logic High.
Related violations: <none>

PDRC-142#2 Warning
SLICE_PairEqSame_B6B5_WARN  
Luts B6LUT and B5LUT in use in site SLICE_X14Y47 with different equations without A6 pin connected to Global Logic High.
Related violations: <none>

PDRC-142#3 Warning
SLICE_PairEqSame_B6B5_WARN  
Luts B6LUT and B5LUT in use in site SLICE_X18Y42 with different equations without A6 pin connected to Global Logic High.
Related violations: <none>

PDRC-142#4 Warning
SLICE_PairEqSame_B6B5_WARN  
Luts B6LUT and B5LUT in use in site SLICE_X22Y40 with different equations without A6 pin connected to Global Logic High.
Related violations: <none>

PDRC-142#5 Warning
SLICE_PairEqSame_B6B5_WARN  
Luts B6LUT and B5LUT in use in site SLICE_X22Y41 with different equations without A6 pin connected to Global Logic High.
Related violations: <none>

PDRC-142#6 Warning
SLICE_PairEqSame_B6B5_WARN  
Luts B6LUT and B5LUT in use in site SLICE_X22Y42 with different equations without A6 pin connected to Global Logic High.
Related violations: <none>

PDRC-142#7 Warning
SLICE_PairEqSame_B6B5_WARN  
Luts B6LUT and B5LUT in use in site SLICE_X26Y34 with different equations without A6 pin connected to Global Logic High.
Related violations: <none>

PDRC-142#8 Warning
SLICE_PairEqSame_B6B5_WARN  
Luts B6LUT and B5LUT in use in site SLICE_X26Y35 with different equations without A6 pin connected to Global Logic High.
Related violations: <none>

PDRC-142#9 Warning
SLICE_PairEqSame_B6B5_WARN  
Luts B6LUT and B5LUT in use in site SLICE_X26Y36 with different equations without A6 pin connected to Global Logic High.
Related violations: <none>

PDRC-142#10 Warning
SLICE_PairEqSame_B6B5_WARN  
Luts B6LUT and B5LUT in use in site SLICE_X26Y42 with different equations without A6 pin connected to Global Logic High.
Related violations: <none>

PDRC-142#11 Warning
SLICE_PairEqSame_B6B5_WARN  
Luts B6LUT and B5LUT in use in site SLICE_X26Y43 with different equations without A6 pin connected to Global Logic High.
Related violations: <none>

PDRC-142#12 Warning
SLICE_PairEqSame_B6B5_WARN  
Luts B6LUT and B5LUT in use in site SLICE_X26Y44 with different equations without A6 pin connected to Global Logic High.
Related violations: <none>

PDRC-142#13 Warning
SLICE_PairEqSame_B6B5_WARN  
Luts B6LUT and B5LUT in use in site SLICE_X26Y49 with different equations without A6 pin connected to Global Logic High.
Related violations: <none>

PDRC-142#14 Warning
SLICE_PairEqSame_B6B5_WARN  
Luts B6LUT and B5LUT in use in site SLICE_X26Y50 with different equations without A6 pin connected to Global Logic High.
Related violations: <none>

PDRC-142#15 Warning
SLICE_PairEqSame_B6B5_WARN  
Luts B6LUT and B5LUT in use in site SLICE_X26Y51 with different equations without A6 pin connected to Global Logic High.
Related violations: <none>

PDRC-142#16 Warning
SLICE_PairEqSame_B6B5_WARN  
Luts B6LUT and B5LUT in use in site SLICE_X26Y54 with different equations without A6 pin connected to Global Logic High.
Related violations: <none>

PDRC-142#17 Warning
SLICE_PairEqSame_B6B5_WARN  
Luts B6LUT and B5LUT in use in site SLICE_X26Y55 with different equations without A6 pin connected to Global Logic High.
Related violations: <none>

PDRC-142#18 Warning
SLICE_PairEqSame_B6B5_WARN  
Luts B6LUT and B5LUT in use in site SLICE_X26Y56 with different equations without A6 pin connected to Global Logic High.
Related violations: <none>

PDRC-142#19 Warning
SLICE_PairEqSame_B6B5_WARN  
Luts B6LUT and B5LUT in use in site SLICE_X26Y61 with different equations without A6 pin connected to Global Logic High.
Related violations: <none>

PDRC-142#20 Warning
SLICE_PairEqSame_B6B5_WARN  
Luts B6LUT and B5LUT in use in site SLICE_X30Y35 with different equations without A6 pin connected to Global Logic High.
Related violations: <none>

PDRC-142#21 Warning
SLICE_PairEqSame_B6B5_WARN  
Luts B6LUT and B5LUT in use in site SLICE_X30Y37 with different equations without A6 pin connected to Global Logic High.
Related violations: <none>

PDRC-142#22 Warning
SLICE_PairEqSame_B6B5_WARN  
Luts B6LUT and B5LUT in use in site SLICE_X30Y38 with different equations without A6 pin connected to Global Logic High.
Related violations: <none>

PDRC-142#23 Warning
SLICE_PairEqSame_B6B5_WARN  
Luts B6LUT and B5LUT in use in site SLICE_X30Y43 with different equations without A6 pin connected to Global Logic High.
Related violations: <none>

PDRC-142#24 Warning
SLICE_PairEqSame_B6B5_WARN  
Luts B6LUT and B5LUT in use in site SLICE_X30Y44 with different equations without A6 pin connected to Global Logic High.
Related violations: <none>

PDRC-142#25 Warning
SLICE_PairEqSame_B6B5_WARN  
Luts B6LUT and B5LUT in use in site SLICE_X30Y62 with different equations without A6 pin connected to Global Logic High.
Related violations: <none>

PDRC-142#26 Warning
SLICE_PairEqSame_B6B5_WARN  
Luts B6LUT and B5LUT in use in site SLICE_X30Y63 with different equations without A6 pin connected to Global Logic High.
Related violations: <none>

PDRC-142#27 Warning
SLICE_PairEqSame_B6B5_WARN  
Luts B6LUT and B5LUT in use in site SLICE_X30Y64 with different equations without A6 pin connected to Global Logic High.
Related violations: <none>

PDRC-142#28 Warning
SLICE_PairEqSame_B6B5_WARN  
Luts B6LUT and B5LUT in use in site SLICE_X32Y31 with different equations without A6 pin connected to Global Logic High.
Related violations: <none>

PDRC-142#29 Warning
SLICE_PairEqSame_B6B5_WARN  
Luts B6LUT and B5LUT in use in site SLICE_X32Y32 with different equations without A6 pin connected to Global Logic High.
Related violations: <none>

PDRC-142#30 Warning
SLICE_PairEqSame_B6B5_WARN  
Luts B6LUT and B5LUT in use in site SLICE_X32Y33 with different equations without A6 pin connected to Global Logic High.
Related violations: <none>

PDRC-142#31 Warning
SLICE_PairEqSame_B6B5_WARN  
Luts B6LUT and B5LUT in use in site SLICE_X32Y50 with different equations without A6 pin connected to Global Logic High.
Related violations: <none>

PDRC-142#32 Warning
SLICE_PairEqSame_B6B5_WARN  
Luts B6LUT and B5LUT in use in site SLICE_X32Y51 with different equations without A6 pin connected to Global Logic High.
Related violations: <none>

PDRC-142#33 Warning
SLICE_PairEqSame_B6B5_WARN  
Luts B6LUT and B5LUT in use in site SLICE_X32Y53 with different equations without A6 pin connected to Global Logic High.
Related violations: <none>

PDRC-142#34 Warning
SLICE_PairEqSame_B6B5_WARN  
Luts B6LUT and B5LUT in use in site SLICE_X32Y54 with different equations without A6 pin connected to Global Logic High.
Related violations: <none>

PDRC-142#35 Warning
SLICE_PairEqSame_B6B5_WARN  
Luts B6LUT and B5LUT in use in site SLICE_X32Y55 with different equations without A6 pin connected to Global Logic High.
Related violations: <none>

PDRC-142#36 Warning
SLICE_PairEqSame_B6B5_WARN  
Luts B6LUT and B5LUT in use in site SLICE_X32Y57 with different equations without A6 pin connected to Global Logic High.
Related violations: <none>

PDRC-142#37 Warning
SLICE_PairEqSame_B6B5_WARN  
Luts B6LUT and B5LUT in use in site SLICE_X32Y58 with different equations without A6 pin connected to Global Logic High.
Related violations: <none>

PDRC-142#38 Warning
SLICE_PairEqSame_B6B5_WARN  
Luts B6LUT and B5LUT in use in site SLICE_X32Y59 with different equations without A6 pin connected to Global Logic High.
Related violations: <none>

PDRC-142#39 Warning
SLICE_PairEqSame_B6B5_WARN  
Luts B6LUT and B5LUT in use in site SLICE_X34Y35 with different equations without A6 pin connected to Global Logic High.
Related violations: <none>

PDRC-142#40 Warning
SLICE_PairEqSame_B6B5_WARN  
Luts B6LUT and B5LUT in use in site SLICE_X34Y60 with different equations without A6 pin connected to Global Logic High.
Related violations: <none>

PDRC-142#41 Warning
SLICE_PairEqSame_B6B5_WARN  
Luts B6LUT and B5LUT in use in site SLICE_X34Y61 with different equations without A6 pin connected to Global Logic High.
Related violations: <none>

PDRC-142#42 Warning
SLICE_PairEqSame_B6B5_WARN  
Luts B6LUT and B5LUT in use in site SLICE_X34Y62 with different equations without A6 pin connected to Global Logic High.
Related violations: <none>

PDRC-142#43 Warning
SLICE_PairEqSame_B6B5_WARN  
Luts B6LUT and B5LUT in use in site SLICE_X36Y31 with different equations without A6 pin connected to Global Logic High.
Related violations: <none>

PDRC-142#44 Warning
SLICE_PairEqSame_B6B5_WARN  
Luts B6LUT and B5LUT in use in site SLICE_X36Y32 with different equations without A6 pin connected to Global Logic High.
Related violations: <none>

PDRC-142#45 Warning
SLICE_PairEqSame_B6B5_WARN  
Luts B6LUT and B5LUT in use in site SLICE_X36Y33 with different equations without A6 pin connected to Global Logic High.
Related violations: <none>

PDRC-142#46 Warning
SLICE_PairEqSame_B6B5_WARN  
Luts B6LUT and B5LUT in use in site SLICE_X36Y61 with different equations without A6 pin connected to Global Logic High.
Related violations: <none>

PDRC-142#47 Warning
SLICE_PairEqSame_B6B5_WARN  
Luts B6LUT and B5LUT in use in site SLICE_X36Y62 with different equations without A6 pin connected to Global Logic High.
Related violations: <none>

PDRC-142#48 Warning
SLICE_PairEqSame_B6B5_WARN  
Luts B6LUT and B5LUT in use in site SLICE_X36Y63 with different equations without A6 pin connected to Global Logic High.
Related violations: <none>

PDRC-142#49 Warning
SLICE_PairEqSame_B6B5_WARN  
Luts B6LUT and B5LUT in use in site SLICE_X38Y39 with different equations without A6 pin connected to Global Logic High.
Related violations: <none>

PDRC-142#50 Warning
SLICE_PairEqSame_B6B5_WARN  
Luts B6LUT and B5LUT in use in site SLICE_X38Y40 with different equations without A6 pin connected to Global Logic High.
Related violations: <none>

PDRC-142#51 Warning
SLICE_PairEqSame_B6B5_WARN  
Luts B6LUT and B5LUT in use in site SLICE_X38Y41 with different equations without A6 pin connected to Global Logic High.
Related violations: <none>

PDRC-142#52 Warning
SLICE_PairEqSame_B6B5_WARN  
Luts B6LUT and B5LUT in use in site SLICE_X42Y30 with different equations without A6 pin connected to Global Logic High.
Related violations: <none>

PDRC-142#53 Warning
SLICE_PairEqSame_B6B5_WARN  
Luts B6LUT and B5LUT in use in site SLICE_X42Y57 with different equations without A6 pin connected to Global Logic High.
Related violations: <none>

PDRC-142#54 Warning
SLICE_PairEqSame_B6B5_WARN  
Luts B6LUT and B5LUT in use in site SLICE_X42Y58 with different equations without A6 pin connected to Global Logic High.
Related violations: <none>

PDRC-142#55 Warning
SLICE_PairEqSame_B6B5_WARN  
Luts B6LUT and B5LUT in use in site SLICE_X46Y32 with different equations without A6 pin connected to Global Logic High.
Related violations: <none>

PDRC-142#56 Warning
SLICE_PairEqSame_B6B5_WARN  
Luts B6LUT and B5LUT in use in site SLICE_X46Y33 with different equations without A6 pin connected to Global Logic High.
Related violations: <none>

PDRC-142#57 Warning
SLICE_PairEqSame_B6B5_WARN  
Luts B6LUT and B5LUT in use in site SLICE_X46Y34 with different equations without A6 pin connected to Global Logic High.
Related violations: <none>

PDRC-142#58 Warning
SLICE_PairEqSame_B6B5_WARN  
Luts B6LUT and B5LUT in use in site SLICE_X46Y38 with different equations without A6 pin connected to Global Logic High.
Related violations: <none>

PDRC-142#59 Warning
SLICE_PairEqSame_B6B5_WARN  
Luts B6LUT and B5LUT in use in site SLICE_X46Y39 with different equations without A6 pin connected to Global Logic High.
Related violations: <none>

PDRC-142#60 Warning
SLICE_PairEqSame_B6B5_WARN  
Luts B6LUT and B5LUT in use in site SLICE_X46Y40 with different equations without A6 pin connected to Global Logic High.
Related violations: <none>

PDRC-142#61 Warning
SLICE_PairEqSame_B6B5_WARN  
Luts B6LUT and B5LUT in use in site SLICE_X46Y51 with different equations without A6 pin connected to Global Logic High.
Related violations: <none>

PDRC-142#62 Warning
SLICE_PairEqSame_B6B5_WARN  
Luts B6LUT and B5LUT in use in site SLICE_X46Y52 with different equations without A6 pin connected to Global Logic High.
Related violations: <none>

PDRC-142#63 Warning
SLICE_PairEqSame_B6B5_WARN  
Luts B6LUT and B5LUT in use in site SLICE_X46Y53 with different equations without A6 pin connected to Global Logic High.
Related violations: <none>

PDRC-142#64 Warning
SLICE_PairEqSame_B6B5_WARN  
Luts B6LUT and B5LUT in use in site SLICE_X50Y49 with different equations without A6 pin connected to Global Logic High.
Related violations: <none>

PDRC-142#65 Warning
SLICE_PairEqSame_B6B5_WARN  
Luts B6LUT and B5LUT in use in site SLICE_X50Y50 with different equations without A6 pin connected to Global Logic High.
Related violations: <none>

PDRC-142#66 Warning
SLICE_PairEqSame_B6B5_WARN  
Luts B6LUT and B5LUT in use in site SLICE_X50Y51 with different equations without A6 pin connected to Global Logic High.
Related violations: <none>

PDRC-142#67 Warning
SLICE_PairEqSame_B6B5_WARN  
Luts B6LUT and B5LUT in use in site SLICE_X50Y53 with different equations without A6 pin connected to Global Logic High.
Related violations: <none>

PDRC-142#68 Warning
SLICE_PairEqSame_B6B5_WARN  
Luts B6LUT and B5LUT in use in site SLICE_X50Y54 with different equations without A6 pin connected to Global Logic High.
Related violations: <none>

PDRC-142#69 Warning
SLICE_PairEqSame_B6B5_WARN  
Luts B6LUT and B5LUT in use in site SLICE_X50Y55 with different equations without A6 pin connected to Global Logic High.
Related violations: <none>

PDRC-142#70 Warning
SLICE_PairEqSame_B6B5_WARN  
Luts B6LUT and B5LUT in use in site SLICE_X50Y57 with different equations without A6 pin connected to Global Logic High.
Related violations: <none>

PDRC-142#71 Warning
SLICE_PairEqSame_B6B5_WARN  
Luts B6LUT and B5LUT in use in site SLICE_X50Y58 with different equations without A6 pin connected to Global Logic High.
Related violations: <none>

PDRC-142#72 Warning
SLICE_PairEqSame_B6B5_WARN  
Luts B6LUT and B5LUT in use in site SLICE_X50Y59 with different equations without A6 pin connected to Global Logic High.
Related violations: <none>

PDRC-142#73 Warning
SLICE_PairEqSame_B6B5_WARN  
Luts B6LUT and B5LUT in use in site SLICE_X54Y43 with different equations without A6 pin connected to Global Logic High.
Related violations: <none>

PDRC-142#74 Warning
SLICE_PairEqSame_B6B5_WARN  
Luts B6LUT and B5LUT in use in site SLICE_X54Y44 with different equations without A6 pin connected to Global Logic High.
Related violations: <none>

PDRC-142#75 Warning
SLICE_PairEqSame_B6B5_WARN  
Luts B6LUT and B5LUT in use in site SLICE_X54Y45 with different equations without A6 pin connected to Global Logic High.
Related violations: <none>

PDRC-142#76 Warning
SLICE_PairEqSame_B6B5_WARN  
Luts B6LUT and B5LUT in use in site SLICE_X54Y52 with different equations without A6 pin connected to Global Logic High.
Related violations: <none>

PDRC-142#77 Warning
SLICE_PairEqSame_B6B5_WARN  
Luts B6LUT and B5LUT in use in site SLICE_X54Y53 with different equations without A6 pin connected to Global Logic High.
Related violations: <none>

PDRC-142#78 Warning
SLICE_PairEqSame_B6B5_WARN  
Luts B6LUT and B5LUT in use in site SLICE_X54Y54 with different equations without A6 pin connected to Global Logic High.
Related violations: <none>

PDRC-142#79 Warning
SLICE_PairEqSame_B6B5_WARN  
Luts B6LUT and B5LUT in use in site SLICE_X58Y40 with different equations without A6 pin connected to Global Logic High.
Related violations: <none>

PDRC-142#80 Warning
SLICE_PairEqSame_B6B5_WARN  
Luts B6LUT and B5LUT in use in site SLICE_X58Y41 with different equations without A6 pin connected to Global Logic High.
Related violations: <none>

PDRC-142#81 Warning
SLICE_PairEqSame_B6B5_WARN  
Luts B6LUT and B5LUT in use in site SLICE_X58Y42 with different equations without A6 pin connected to Global Logic High.
Related violations: <none>

PDRC-142#82 Warning
SLICE_PairEqSame_B6B5_WARN  
Luts B6LUT and B5LUT in use in site SLICE_X58Y47 with different equations without A6 pin connected to Global Logic High.
Related violations: <none>

PDRC-142#83 Warning
SLICE_PairEqSame_B6B5_WARN  
Luts B6LUT and B5LUT in use in site SLICE_X58Y48 with different equations without A6 pin connected to Global Logic High.
Related violations: <none>

PDRC-142#84 Warning
SLICE_PairEqSame_B6B5_WARN  
Luts B6LUT and B5LUT in use in site SLICE_X58Y49 with different equations without A6 pin connected to Global Logic High.
Related violations: <none>

PDRC-142#85 Warning
SLICE_PairEqSame_B6B5_WARN  
Luts B6LUT and B5LUT in use in site SLICE_X58Y54 with different equations without A6 pin connected to Global Logic High.
Related violations: <none>

PDRC-142#86 Warning
SLICE_PairEqSame_B6B5_WARN  
Luts B6LUT and B5LUT in use in site SLICE_X58Y55 with different equations without A6 pin connected to Global Logic High.
Related violations: <none>

PDRC-142#87 Warning
SLICE_PairEqSame_B6B5_WARN  
Luts B6LUT and B5LUT in use in site SLICE_X58Y56 with different equations without A6 pin connected to Global Logic High.
Related violations: <none>

PDRC-142#88 Warning
SLICE_PairEqSame_B6B5_WARN  
Luts B6LUT and B5LUT in use in site SLICE_X62Y43 with different equations without A6 pin connected to Global Logic High.
Related violations: <none>

PDRC-142#89 Warning
SLICE_PairEqSame_B6B5_WARN  
Luts B6LUT and B5LUT in use in site SLICE_X62Y45 with different equations without A6 pin connected to Global Logic High.
Related violations: <none>

PDRC-142#90 Warning
SLICE_PairEqSame_B6B5_WARN  
Luts B6LUT and B5LUT in use in site SLICE_X66Y43 with different equations without A6 pin connected to Global Logic High.
Related violations: <none>

PDRC-142#91 Warning
SLICE_PairEqSame_B6B5_WARN  
Luts B6LUT and B5LUT in use in site SLICE_X66Y44 with different equations without A6 pin connected to Global Logic High.
Related violations: <none>

PDRC-142#92 Warning
SLICE_PairEqSame_B6B5_WARN  
Luts B6LUT and B5LUT in use in site SLICE_X66Y51 with different equations without A6 pin connected to Global Logic High.
Related violations: <none>

PDRC-142#93 Warning
SLICE_PairEqSame_B6B5_WARN  
Luts B6LUT and B5LUT in use in site SLICE_X66Y52 with different equations without A6 pin connected to Global Logic High.
Related violations: <none>

PDRC-142#94 Warning
SLICE_PairEqSame_B6B5_WARN  
Luts B6LUT and B5LUT in use in site SLICE_X66Y53 with different equations without A6 pin connected to Global Logic High.
Related violations: <none>

PDRC-144#1 Warning
SLICE_PairEqSame_C6C5_WARN  
Luts C6LUT and C5LUT in use in site SLICE_X14Y25 with different equations without A6 pin connected to Global Logic High.
Related violations: <none>

PDRC-144#2 Warning
SLICE_PairEqSame_C6C5_WARN  
Luts C6LUT and C5LUT in use in site SLICE_X18Y41 with different equations without A6 pin connected to Global Logic High.
Related violations: <none>

PDRC-144#3 Warning
SLICE_PairEqSame_C6C5_WARN  
Luts C6LUT and C5LUT in use in site SLICE_X22Y40 with different equations without A6 pin connected to Global Logic High.
Related violations: <none>

PDRC-144#4 Warning
SLICE_PairEqSame_C6C5_WARN  
Luts C6LUT and C5LUT in use in site SLICE_X22Y41 with different equations without A6 pin connected to Global Logic High.
Related violations: <none>

PDRC-144#5 Warning
SLICE_PairEqSame_C6C5_WARN  
Luts C6LUT and C5LUT in use in site SLICE_X22Y42 with different equations without A6 pin connected to Global Logic High.
Related violations: <none>

PDRC-144#6 Warning
SLICE_PairEqSame_C6C5_WARN  
Luts C6LUT and C5LUT in use in site SLICE_X26Y34 with different equations without A6 pin connected to Global Logic High.
Related violations: <none>

PDRC-144#7 Warning
SLICE_PairEqSame_C6C5_WARN  
Luts C6LUT and C5LUT in use in site SLICE_X26Y35 with different equations without A6 pin connected to Global Logic High.
Related violations: <none>

PDRC-144#8 Warning
SLICE_PairEqSame_C6C5_WARN  
Luts C6LUT and C5LUT in use in site SLICE_X26Y42 with different equations without A6 pin connected to Global Logic High.
Related violations: <none>

PDRC-144#9 Warning
SLICE_PairEqSame_C6C5_WARN  
Luts C6LUT and C5LUT in use in site SLICE_X26Y43 with different equations without A6 pin connected to Global Logic High.
Related violations: <none>

PDRC-144#10 Warning
SLICE_PairEqSame_C6C5_WARN  
Luts C6LUT and C5LUT in use in site SLICE_X26Y44 with different equations without A6 pin connected to Global Logic High.
Related violations: <none>

PDRC-144#11 Warning
SLICE_PairEqSame_C6C5_WARN  
Luts C6LUT and C5LUT in use in site SLICE_X26Y48 with different equations without A6 pin connected to Global Logic High.
Related violations: <none>

PDRC-144#12 Warning
SLICE_PairEqSame_C6C5_WARN  
Luts C6LUT and C5LUT in use in site SLICE_X26Y50 with different equations without A6 pin connected to Global Logic High.
Related violations: <none>

PDRC-144#13 Warning
SLICE_PairEqSame_C6C5_WARN  
Luts C6LUT and C5LUT in use in site SLICE_X26Y51 with different equations without A6 pin connected to Global Logic High.
Related violations: <none>

PDRC-144#14 Warning
SLICE_PairEqSame_C6C5_WARN  
Luts C6LUT and C5LUT in use in site SLICE_X26Y55 with different equations without A6 pin connected to Global Logic High.
Related violations: <none>

PDRC-144#15 Warning
SLICE_PairEqSame_C6C5_WARN  
Luts C6LUT and C5LUT in use in site SLICE_X26Y56 with different equations without A6 pin connected to Global Logic High.
Related violations: <none>

PDRC-144#16 Warning
SLICE_PairEqSame_C6C5_WARN  
Luts C6LUT and C5LUT in use in site SLICE_X26Y61 with different equations without A6 pin connected to Global Logic High.
Related violations: <none>

PDRC-144#17 Warning
SLICE_PairEqSame_C6C5_WARN  
Luts C6LUT and C5LUT in use in site SLICE_X30Y37 with different equations without A6 pin connected to Global Logic High.
Related violations: <none>

PDRC-144#18 Warning
SLICE_PairEqSame_C6C5_WARN  
Luts C6LUT and C5LUT in use in site SLICE_X30Y43 with different equations without A6 pin connected to Global Logic High.
Related violations: <none>

PDRC-144#19 Warning
SLICE_PairEqSame_C6C5_WARN  
Luts C6LUT and C5LUT in use in site SLICE_X30Y44 with different equations without A6 pin connected to Global Logic High.
Related violations: <none>

PDRC-144#20 Warning
SLICE_PairEqSame_C6C5_WARN  
Luts C6LUT and C5LUT in use in site SLICE_X30Y63 with different equations without A6 pin connected to Global Logic High.
Related violations: <none>

PDRC-144#21 Warning
SLICE_PairEqSame_C6C5_WARN  
Luts C6LUT and C5LUT in use in site SLICE_X30Y64 with different equations without A6 pin connected to Global Logic High.
Related violations: <none>

PDRC-144#22 Warning
SLICE_PairEqSame_C6C5_WARN  
Luts C6LUT and C5LUT in use in site SLICE_X32Y31 with different equations without A6 pin connected to Global Logic High.
Related violations: <none>

PDRC-144#23 Warning
SLICE_PairEqSame_C6C5_WARN  
Luts C6LUT and C5LUT in use in site SLICE_X32Y33 with different equations without A6 pin connected to Global Logic High.
Related violations: <none>

PDRC-144#24 Warning
SLICE_PairEqSame_C6C5_WARN  
Luts C6LUT and C5LUT in use in site SLICE_X32Y53 with different equations without A6 pin connected to Global Logic High.
Related violations: <none>

PDRC-144#25 Warning
SLICE_PairEqSame_C6C5_WARN  
Luts C6LUT and C5LUT in use in site SLICE_X32Y54 with different equations without A6 pin connected to Global Logic High.
Related violations: <none>

PDRC-144#26 Warning
SLICE_PairEqSame_C6C5_WARN  
Luts C6LUT and C5LUT in use in site SLICE_X32Y55 with different equations without A6 pin connected to Global Logic High.
Related violations: <none>

PDRC-144#27 Warning
SLICE_PairEqSame_C6C5_WARN  
Luts C6LUT and C5LUT in use in site SLICE_X32Y58 with different equations without A6 pin connected to Global Logic High.
Related violations: <none>

PDRC-144#28 Warning
SLICE_PairEqSame_C6C5_WARN  
Luts C6LUT and C5LUT in use in site SLICE_X32Y59 with different equations without A6 pin connected to Global Logic High.
Related violations: <none>

PDRC-144#29 Warning
SLICE_PairEqSame_C6C5_WARN  
Luts C6LUT and C5LUT in use in site SLICE_X32Y6 with different equations without A6 pin connected to Global Logic High.
Related violations: <none>

PDRC-144#30 Warning
SLICE_PairEqSame_C6C5_WARN  
Luts C6LUT and C5LUT in use in site SLICE_X34Y35 with different equations without A6 pin connected to Global Logic High.
Related violations: <none>

PDRC-144#31 Warning
SLICE_PairEqSame_C6C5_WARN  
Luts C6LUT and C5LUT in use in site SLICE_X34Y6 with different equations without A6 pin connected to Global Logic High.
Related violations: <none>

PDRC-144#32 Warning
SLICE_PairEqSame_C6C5_WARN  
Luts C6LUT and C5LUT in use in site SLICE_X34Y60 with different equations without A6 pin connected to Global Logic High.
Related violations: <none>

PDRC-144#33 Warning
SLICE_PairEqSame_C6C5_WARN  
Luts C6LUT and C5LUT in use in site SLICE_X34Y61 with different equations without A6 pin connected to Global Logic High.
Related violations: <none>

PDRC-144#34 Warning
SLICE_PairEqSame_C6C5_WARN  
Luts C6LUT and C5LUT in use in site SLICE_X34Y62 with different equations without A6 pin connected to Global Logic High.
Related violations: <none>

PDRC-144#35 Warning
SLICE_PairEqSame_C6C5_WARN  
Luts C6LUT and C5LUT in use in site SLICE_X36Y32 with different equations without A6 pin connected to Global Logic High.
Related violations: <none>

PDRC-144#36 Warning
SLICE_PairEqSame_C6C5_WARN  
Luts C6LUT and C5LUT in use in site SLICE_X36Y33 with different equations without A6 pin connected to Global Logic High.
Related violations: <none>

PDRC-144#37 Warning
SLICE_PairEqSame_C6C5_WARN  
Luts C6LUT and C5LUT in use in site SLICE_X36Y63 with different equations without A6 pin connected to Global Logic High.
Related violations: <none>

PDRC-144#38 Warning
SLICE_PairEqSame_C6C5_WARN  
Luts C6LUT and C5LUT in use in site SLICE_X38Y40 with different equations without A6 pin connected to Global Logic High.
Related violations: <none>

PDRC-144#39 Warning
SLICE_PairEqSame_C6C5_WARN  
Luts C6LUT and C5LUT in use in site SLICE_X38Y41 with different equations without A6 pin connected to Global Logic High.
Related violations: <none>

PDRC-144#40 Warning
SLICE_PairEqSame_C6C5_WARN  
Luts C6LUT and C5LUT in use in site SLICE_X42Y17 with different equations without A6 pin connected to Global Logic High.
Related violations: <none>

PDRC-144#41 Warning
SLICE_PairEqSame_C6C5_WARN  
Luts C6LUT and C5LUT in use in site SLICE_X42Y26 with different equations without A6 pin connected to Global Logic High.
Related violations: <none>

PDRC-144#42 Warning
SLICE_PairEqSame_C6C5_WARN  
Luts C6LUT and C5LUT in use in site SLICE_X42Y28 with different equations without A6 pin connected to Global Logic High.
Related violations: <none>

PDRC-144#43 Warning
SLICE_PairEqSame_C6C5_WARN  
Luts C6LUT and C5LUT in use in site SLICE_X46Y34 with different equations without A6 pin connected to Global Logic High.
Related violations: <none>

PDRC-144#44 Warning
SLICE_PairEqSame_C6C5_WARN  
Luts C6LUT and C5LUT in use in site SLICE_X46Y39 with different equations without A6 pin connected to Global Logic High.
Related violations: <none>

PDRC-144#45 Warning
SLICE_PairEqSame_C6C5_WARN  
Luts C6LUT and C5LUT in use in site SLICE_X46Y40 with different equations without A6 pin connected to Global Logic High.
Related violations: <none>

PDRC-144#46 Warning
SLICE_PairEqSame_C6C5_WARN  
Luts C6LUT and C5LUT in use in site SLICE_X46Y52 with different equations without A6 pin connected to Global Logic High.
Related violations: <none>

PDRC-144#47 Warning
SLICE_PairEqSame_C6C5_WARN  
Luts C6LUT and C5LUT in use in site SLICE_X46Y53 with different equations without A6 pin connected to Global Logic High.
Related violations: <none>

PDRC-144#48 Warning
SLICE_PairEqSame_C6C5_WARN  
Luts C6LUT and C5LUT in use in site SLICE_X50Y49 with different equations without A6 pin connected to Global Logic High.
Related violations: <none>

PDRC-144#49 Warning
SLICE_PairEqSame_C6C5_WARN  
Luts C6LUT and C5LUT in use in site SLICE_X50Y50 with different equations without A6 pin connected to Global Logic High.
Related violations: <none>

PDRC-144#50 Warning
SLICE_PairEqSame_C6C5_WARN  
Luts C6LUT and C5LUT in use in site SLICE_X50Y54 with different equations without A6 pin connected to Global Logic High.
Related violations: <none>

PDRC-144#51 Warning
SLICE_PairEqSame_C6C5_WARN  
Luts C6LUT and C5LUT in use in site SLICE_X50Y55 with different equations without A6 pin connected to Global Logic High.
Related violations: <none>

PDRC-144#52 Warning
SLICE_PairEqSame_C6C5_WARN  
Luts C6LUT and C5LUT in use in site SLICE_X50Y57 with different equations without A6 pin connected to Global Logic High.
Related violations: <none>

PDRC-144#53 Warning
SLICE_PairEqSame_C6C5_WARN  
Luts C6LUT and C5LUT in use in site SLICE_X50Y58 with different equations without A6 pin connected to Global Logic High.
Related violations: <none>

PDRC-144#54 Warning
SLICE_PairEqSame_C6C5_WARN  
Luts C6LUT and C5LUT in use in site SLICE_X50Y59 with different equations without A6 pin connected to Global Logic High.
Related violations: <none>

PDRC-144#55 Warning
SLICE_PairEqSame_C6C5_WARN  
Luts C6LUT and C5LUT in use in site SLICE_X54Y43 with different equations without A6 pin connected to Global Logic High.
Related violations: <none>

PDRC-144#56 Warning
SLICE_PairEqSame_C6C5_WARN  
Luts C6LUT and C5LUT in use in site SLICE_X54Y44 with different equations without A6 pin connected to Global Logic High.
Related violations: <none>

PDRC-144#57 Warning
SLICE_PairEqSame_C6C5_WARN  
Luts C6LUT and C5LUT in use in site SLICE_X54Y52 with different equations without A6 pin connected to Global Logic High.
Related violations: <none>

PDRC-144#58 Warning
SLICE_PairEqSame_C6C5_WARN  
Luts C6LUT and C5LUT in use in site SLICE_X54Y53 with different equations without A6 pin connected to Global Logic High.
Related violations: <none>

PDRC-144#59 Warning
SLICE_PairEqSame_C6C5_WARN  
Luts C6LUT and C5LUT in use in site SLICE_X54Y54 with different equations without A6 pin connected to Global Logic High.
Related violations: <none>

PDRC-144#60 Warning
SLICE_PairEqSame_C6C5_WARN  
Luts C6LUT and C5LUT in use in site SLICE_X58Y4 with different equations without A6 pin connected to Global Logic High.
Related violations: <none>

PDRC-144#61 Warning
SLICE_PairEqSame_C6C5_WARN  
Luts C6LUT and C5LUT in use in site SLICE_X58Y40 with different equations without A6 pin connected to Global Logic High.
Related violations: <none>

PDRC-144#62 Warning
SLICE_PairEqSame_C6C5_WARN  
Luts C6LUT and C5LUT in use in site SLICE_X58Y41 with different equations without A6 pin connected to Global Logic High.
Related violations: <none>

PDRC-144#63 Warning
SLICE_PairEqSame_C6C5_WARN  
Luts C6LUT and C5LUT in use in site SLICE_X58Y42 with different equations without A6 pin connected to Global Logic High.
Related violations: <none>

PDRC-144#64 Warning
SLICE_PairEqSame_C6C5_WARN  
Luts C6LUT and C5LUT in use in site SLICE_X58Y47 with different equations without A6 pin connected to Global Logic High.
Related violations: <none>

PDRC-144#65 Warning
SLICE_PairEqSame_C6C5_WARN  
Luts C6LUT and C5LUT in use in site SLICE_X58Y48 with different equations without A6 pin connected to Global Logic High.
Related violations: <none>

PDRC-144#66 Warning
SLICE_PairEqSame_C6C5_WARN  
Luts C6LUT and C5LUT in use in site SLICE_X58Y49 with different equations without A6 pin connected to Global Logic High.
Related violations: <none>

PDRC-144#67 Warning
SLICE_PairEqSame_C6C5_WARN  
Luts C6LUT and C5LUT in use in site SLICE_X58Y55 with different equations without A6 pin connected to Global Logic High.
Related violations: <none>

PDRC-144#68 Warning
SLICE_PairEqSame_C6C5_WARN  
Luts C6LUT and C5LUT in use in site SLICE_X58Y56 with different equations without A6 pin connected to Global Logic High.
Related violations: <none>

PDRC-144#69 Warning
SLICE_PairEqSame_C6C5_WARN  
Luts C6LUT and C5LUT in use in site SLICE_X62Y22 with different equations without A6 pin connected to Global Logic High.
Related violations: <none>

PDRC-144#70 Warning
SLICE_PairEqSame_C6C5_WARN  
Luts C6LUT and C5LUT in use in site SLICE_X62Y43 with different equations without A6 pin connected to Global Logic High.
Related violations: <none>

PDRC-144#71 Warning
SLICE_PairEqSame_C6C5_WARN  
Luts C6LUT and C5LUT in use in site SLICE_X62Y45 with different equations without A6 pin connected to Global Logic High.
Related violations: <none>

PDRC-144#72 Warning
SLICE_PairEqSame_C6C5_WARN  
Luts C6LUT and C5LUT in use in site SLICE_X66Y20 with different equations without A6 pin connected to Global Logic High.
Related violations: <none>

PDRC-144#73 Warning
SLICE_PairEqSame_C6C5_WARN  
Luts C6LUT and C5LUT in use in site SLICE_X66Y25 with different equations without A6 pin connected to Global Logic High.
Related violations: <none>

PDRC-144#74 Warning
SLICE_PairEqSame_C6C5_WARN  
Luts C6LUT and C5LUT in use in site SLICE_X66Y43 with different equations without A6 pin connected to Global Logic High.
Related violations: <none>

PDRC-144#75 Warning
SLICE_PairEqSame_C6C5_WARN  
Luts C6LUT and C5LUT in use in site SLICE_X82Y53 with different equations without A6 pin connected to Global Logic High.
Related violations: <none>

PDRC-144#76 Warning
SLICE_PairEqSame_C6C5_WARN  
Luts C6LUT and C5LUT in use in site SLICE_X96Y63 with different equations without A6 pin connected to Global Logic High.
Related violations: <none>

PDRC-146#1 Warning
SLICE_PairEqSame_D6D5_WARN  
Luts D6LUT and D5LUT in use in site SLICE_X20Y37 with different equations without A6 pin connected to Global Logic High.
Related violations: <none>

PDRC-146#2 Warning
SLICE_PairEqSame_D6D5_WARN  
Luts D6LUT and D5LUT in use in site SLICE_X22Y19 with different equations without A6 pin connected to Global Logic High.
Related violations: <none>

PDRC-146#3 Warning
SLICE_PairEqSame_D6D5_WARN  
Luts D6LUT and D5LUT in use in site SLICE_X22Y40 with different equations without A6 pin connected to Global Logic High.
Related violations: <none>

PDRC-146#4 Warning
SLICE_PairEqSame_D6D5_WARN  
Luts D6LUT and D5LUT in use in site SLICE_X22Y41 with different equations without A6 pin connected to Global Logic High.
Related violations: <none>

PDRC-146#5 Warning
SLICE_PairEqSame_D6D5_WARN  
Luts D6LUT and D5LUT in use in site SLICE_X22Y42 with different equations without A6 pin connected to Global Logic High.
Related violations: <none>

PDRC-146#6 Warning
SLICE_PairEqSame_D6D5_WARN  
Luts D6LUT and D5LUT in use in site SLICE_X26Y34 with different equations without A6 pin connected to Global Logic High.
Related violations: <none>

PDRC-146#7 Warning
SLICE_PairEqSame_D6D5_WARN  
Luts D6LUT and D5LUT in use in site SLICE_X26Y35 with different equations without A6 pin connected to Global Logic High.
Related violations: <none>

PDRC-146#8 Warning
SLICE_PairEqSame_D6D5_WARN  
Luts D6LUT and D5LUT in use in site SLICE_X26Y43 with different equations without A6 pin connected to Global Logic High.
Related violations: <none>

PDRC-146#9 Warning
SLICE_PairEqSame_D6D5_WARN  
Luts D6LUT and D5LUT in use in site SLICE_X26Y48 with different equations without A6 pin connected to Global Logic High.
Related violations: <none>

PDRC-146#10 Warning
SLICE_PairEqSame_D6D5_WARN  
Luts D6LUT and D5LUT in use in site SLICE_X26Y50 with different equations without A6 pin connected to Global Logic High.
Related violations: <none>

PDRC-146#11 Warning
SLICE_PairEqSame_D6D5_WARN  
Luts D6LUT and D5LUT in use in site SLICE_X26Y51 with different equations without A6 pin connected to Global Logic High.
Related violations: <none>

PDRC-146#12 Warning
SLICE_PairEqSame_D6D5_WARN  
Luts D6LUT and D5LUT in use in site SLICE_X26Y56 with different equations without A6 pin connected to Global Logic High.
Related violations: <none>

PDRC-146#13 Warning
SLICE_PairEqSame_D6D5_WARN  
Luts D6LUT and D5LUT in use in site SLICE_X26Y61 with different equations without A6 pin connected to Global Logic High.
Related violations: <none>

PDRC-146#14 Warning
SLICE_PairEqSame_D6D5_WARN  
Luts D6LUT and D5LUT in use in site SLICE_X30Y11 with different equations without A6 pin connected to Global Logic High.
Related violations: <none>

PDRC-146#15 Warning
SLICE_PairEqSame_D6D5_WARN  
Luts D6LUT and D5LUT in use in site SLICE_X30Y19 with different equations without A6 pin connected to Global Logic High.
Related violations: <none>

PDRC-146#16 Warning
SLICE_PairEqSame_D6D5_WARN  
Luts D6LUT and D5LUT in use in site SLICE_X30Y37 with different equations without A6 pin connected to Global Logic High.
Related violations: <none>

PDRC-146#17 Warning
SLICE_PairEqSame_D6D5_WARN  
Luts D6LUT and D5LUT in use in site SLICE_X30Y44 with different equations without A6 pin connected to Global Logic High.
Related violations: <none>

PDRC-146#18 Warning
SLICE_PairEqSame_D6D5_WARN  
Luts D6LUT and D5LUT in use in site SLICE_X30Y60 with different equations without A6 pin connected to Global Logic High.
Related violations: <none>

PDRC-146#19 Warning
SLICE_PairEqSame_D6D5_WARN  
Luts D6LUT and D5LUT in use in site SLICE_X30Y64 with different equations without A6 pin connected to Global Logic High.
Related violations: <none>

PDRC-146#20 Warning
SLICE_PairEqSame_D6D5_WARN  
Luts D6LUT and D5LUT in use in site SLICE_X32Y31 with different equations without A6 pin connected to Global Logic High.
Related violations: <none>

PDRC-146#21 Warning
SLICE_PairEqSame_D6D5_WARN  
Luts D6LUT and D5LUT in use in site SLICE_X32Y33 with different equations without A6 pin connected to Global Logic High.
Related violations: <none>

PDRC-146#22 Warning
SLICE_PairEqSame_D6D5_WARN  
Luts D6LUT and D5LUT in use in site SLICE_X32Y53 with different equations without A6 pin connected to Global Logic High.
Related violations: <none>

PDRC-146#23 Warning
SLICE_PairEqSame_D6D5_WARN  
Luts D6LUT and D5LUT in use in site SLICE_X32Y54 with different equations without A6 pin connected to Global Logic High.
Related violations: <none>

PDRC-146#24 Warning
SLICE_PairEqSame_D6D5_WARN  
Luts D6LUT and D5LUT in use in site SLICE_X32Y55 with different equations without A6 pin connected to Global Logic High.
Related violations: <none>

PDRC-146#25 Warning
SLICE_PairEqSame_D6D5_WARN  
Luts D6LUT and D5LUT in use in site SLICE_X32Y6 with different equations without A6 pin connected to Global Logic High.
Related violations: <none>

PDRC-146#26 Warning
SLICE_PairEqSame_D6D5_WARN  
Luts D6LUT and D5LUT in use in site SLICE_X34Y35 with different equations without A6 pin connected to Global Logic High.
Related violations: <none>

PDRC-146#27 Warning
SLICE_PairEqSame_D6D5_WARN  
Luts D6LUT and D5LUT in use in site SLICE_X34Y6 with different equations without A6 pin connected to Global Logic High.
Related violations: <none>

PDRC-146#28 Warning
SLICE_PairEqSame_D6D5_WARN  
Luts D6LUT and D5LUT in use in site SLICE_X34Y61 with different equations without A6 pin connected to Global Logic High.
Related violations: <none>

PDRC-146#29 Warning
SLICE_PairEqSame_D6D5_WARN  
Luts D6LUT and D5LUT in use in site SLICE_X36Y30 with different equations without A6 pin connected to Global Logic High.
Related violations: <none>

PDRC-146#30 Warning
SLICE_PairEqSame_D6D5_WARN  
Luts D6LUT and D5LUT in use in site SLICE_X36Y32 with different equations without A6 pin connected to Global Logic High.
Related violations: <none>

PDRC-146#31 Warning
SLICE_PairEqSame_D6D5_WARN  
Luts D6LUT and D5LUT in use in site SLICE_X36Y33 with different equations without A6 pin connected to Global Logic High.
Related violations: <none>

PDRC-146#32 Warning
SLICE_PairEqSame_D6D5_WARN  
Luts D6LUT and D5LUT in use in site SLICE_X42Y17 with different equations without A6 pin connected to Global Logic High.
Related violations: <none>

PDRC-146#33 Warning
SLICE_PairEqSame_D6D5_WARN  
Luts D6LUT and D5LUT in use in site SLICE_X42Y26 with different equations without A6 pin connected to Global Logic High.
Related violations: <none>

PDRC-146#34 Warning
SLICE_PairEqSame_D6D5_WARN  
Luts D6LUT and D5LUT in use in site SLICE_X46Y34 with different equations without A6 pin connected to Global Logic High.
Related violations: <none>

PDRC-146#35 Warning
SLICE_PairEqSame_D6D5_WARN  
Luts D6LUT and D5LUT in use in site SLICE_X46Y40 with different equations without A6 pin connected to Global Logic High.
Related violations: <none>

PDRC-146#36 Warning
SLICE_PairEqSame_D6D5_WARN  
Luts D6LUT and D5LUT in use in site SLICE_X50Y49 with different equations without A6 pin connected to Global Logic High.
Related violations: <none>

PDRC-146#37 Warning
SLICE_PairEqSame_D6D5_WARN  
Luts D6LUT and D5LUT in use in site SLICE_X50Y54 with different equations without A6 pin connected to Global Logic High.
Related violations: <none>

PDRC-146#38 Warning
SLICE_PairEqSame_D6D5_WARN  
Luts D6LUT and D5LUT in use in site SLICE_X50Y55 with different equations without A6 pin connected to Global Logic High.
Related violations: <none>

PDRC-146#39 Warning
SLICE_PairEqSame_D6D5_WARN  
Luts D6LUT and D5LUT in use in site SLICE_X54Y52 with different equations without A6 pin connected to Global Logic High.
Related violations: <none>

PDRC-146#40 Warning
SLICE_PairEqSame_D6D5_WARN  
Luts D6LUT and D5LUT in use in site SLICE_X54Y54 with different equations without A6 pin connected to Global Logic High.
Related violations: <none>

PDRC-146#41 Warning
SLICE_PairEqSame_D6D5_WARN  
Luts D6LUT and D5LUT in use in site SLICE_X58Y4 with different equations without A6 pin connected to Global Logic High.
Related violations: <none>

PDRC-146#42 Warning
SLICE_PairEqSame_D6D5_WARN  
Luts D6LUT and D5LUT in use in site SLICE_X58Y40 with different equations without A6 pin connected to Global Logic High.
Related violations: <none>

PDRC-146#43 Warning
SLICE_PairEqSame_D6D5_WARN  
Luts D6LUT and D5LUT in use in site SLICE_X58Y42 with different equations without A6 pin connected to Global Logic High.
Related violations: <none>

PDRC-146#44 Warning
SLICE_PairEqSame_D6D5_WARN  
Luts D6LUT and D5LUT in use in site SLICE_X58Y47 with different equations without A6 pin connected to Global Logic High.
Related violations: <none>

PDRC-146#45 Warning
SLICE_PairEqSame_D6D5_WARN  
Luts D6LUT and D5LUT in use in site SLICE_X58Y49 with different equations without A6 pin connected to Global Logic High.
Related violations: <none>

PDRC-146#46 Warning
SLICE_PairEqSame_D6D5_WARN  
Luts D6LUT and D5LUT in use in site SLICE_X58Y55 with different equations without A6 pin connected to Global Logic High.
Related violations: <none>

PDRC-146#47 Warning
SLICE_PairEqSame_D6D5_WARN  
Luts D6LUT and D5LUT in use in site SLICE_X58Y56 with different equations without A6 pin connected to Global Logic High.
Related violations: <none>

PDRC-146#48 Warning
SLICE_PairEqSame_D6D5_WARN  
Luts D6LUT and D5LUT in use in site SLICE_X66Y20 with different equations without A6 pin connected to Global Logic High.
Related violations: <none>

PDRC-146#49 Warning
SLICE_PairEqSame_D6D5_WARN  
Luts D6LUT and D5LUT in use in site SLICE_X6Y12 with different equations without A6 pin connected to Global Logic High.
Related violations: <none>

PDRC-146#50 Warning
SLICE_PairEqSame_D6D5_WARN  
Luts D6LUT and D5LUT in use in site SLICE_X96Y63 with different equations without A6 pin connected to Global Logic High.
Related violations: <none>

RTSTAT-10#1 Warning
No routable loads  
49 net(s) have no routable loads. The problem bus(es) and/or net(s) are u_uart_dmem_loader/aux_addr_o_reg[31]_0[13],
u_uart_dmem_loader/aux_addr_o_reg[31]_0[14],
u_uart_dmem_loader/aux_addr_o_reg[31]_0[15],
u_uart_dmem_loader/aux_addr_o_reg[31]_0[16],
u_uart_dmem_loader/aux_addr_o_reg[31]_0[17],
u_uart_dmem_loader/aux_addr_o_reg[31]_0[18],
u_uart_dmem_loader/aux_addr_o_reg[31]_0[19],
u_uart_dmem_loader/aux_addr_o_reg[31]_0[20],
u_uart_dmem_loader/aux_addr_o_reg[31]_0[21],
u_uart_dmem_loader/aux_addr_o_reg[31]_0[22],
u_uart_dmem_loader/aux_addr_o_reg[31]_0[23],
u_uart_dmem_loader/aux_addr_o_reg[31]_0[24],
u_uart_dmem_loader/aux_addr_o_reg[31]_0[25],
u_uart_dmem_loader/aux_addr_o_reg[31]_0[26],
u_uart_dmem_loader/aux_addr_o_reg[31]_0[27]
 (the first 15 of 18 listed nets/buses).
Related violations: <none>

ZPS7-1#1 Warning
PS7 block required  
The PS7 cell must be used in this Zynq design in order to enable correct default configuration.
Related violations: <none>


