#-----------------------------------------------------------
# Vivado v2024.2 (64-bit)
# SW Build 5239630 on Fri Nov 08 22:35:27 MST 2024
# IP Build 5239520 on Sun Nov 10 16:12:51 MST 2024
# SharedData Build 5239561 on Fri Nov 08 14:39:27 MST 2024
# Start of session at: Tue Apr 21 21:18:03 2026
# Process ID         : 84200
# Current directory  : H:/Academic/senior_project/DATN/work/luc/AES_huffman_all6
# Command line       : vivado.exe -mode batch -source vivado\synth_soc.tcl
# Log file           : H:/Academic/senior_project/DATN/work/luc/AES_huffman_all6/vivado.log
# Journal file       : H:/Academic/senior_project/DATN/work/luc/AES_huffman_all6\vivado.jou
# Running On         : An
# Platform           : Windows Server 2016 or Windows 10
# Operating System   : 26200
# Processor Detail   : Intel(R) Core(TM) i7-8565U CPU @ 1.80GHz
# CPU Frequency      : 1992 MHz
# CPU Physical cores : 4
# CPU Logical cores  : 8
# Host memory        : 17024 MB
# Swap memory        : 27917 MB
# Total Virtual      : 44941 MB
# Available Virtual  : 7580 MB
#-----------------------------------------------------------
source {vivado\synth_soc.tcl}
# set script_path [file normalize [info script]]
# set script_dir  [file dirname $script_path]
# set repo_dir    [file normalize [file join $script_dir ".."]]
# if {![info exists PART_NAME]} {
#   set PART_NAME "xc7z020clg484-1"
# }
# if {![info exists TOP_NAME]} {
#   set TOP_NAME "rv32_soc_top"
# }
# set project_name "rv32_soc_synth"
# set build_root   [file normalize [file join $repo_dir "vivado" "build"]]
# set project_dir  [file normalize [file join $build_root $project_name]]
# set report_dir   [file normalize [file join $project_dir "reports"]]
# set rtl_f        [file normalize [file join $repo_dir "sim" "rtl.f"]]
# set mem_src      [file normalize [file join $repo_dir "sim" "instruction.mem"]]
# set mem_dst      [file normalize [file join $project_dir "instruction.mem"]]
# puts "INFO: repo_dir    = $repo_dir"
INFO: repo_dir    = H:/Academic/senior_project/DATN/work/luc/AES_huffman_all6
# puts "INFO: project_dir = $project_dir"
INFO: project_dir = H:/Academic/senior_project/DATN/work/luc/AES_huffman_all6/vivado/build/rv32_soc_synth
# puts "INFO: PART_NAME   = $PART_NAME"
INFO: PART_NAME   = xc7z020clg484-1
# puts "INFO: TOP_NAME    = $TOP_NAME"
INFO: TOP_NAME    = rv32_soc_top
# if {![file exists $rtl_f]} {
#   error "Cannot find RTL file list: $rtl_f"
# }
# file mkdir $build_root
# file mkdir $project_dir
# file mkdir $report_dir
# if {[llength [get_projects -quiet]] > 0} {
#   close_project
# }
# create_project -force $project_name $project_dir -part $PART_NAME
INFO: [ProjectBase 1-489] The host OS only allows 260 characters in a normal path. The project is stored in a path with more than 80 characters. If you experience issues with IP, Block Designs, or files not being found, please consider moving the project to a location with a shorter path. Alternately consider using the OS subst command to map part of the path to a drive letter.
Current project path is 'H:/Academic/senior_project/DATN/work/luc/AES_huffman_all6/vivado/build/rv32_soc_synth'
create_project: Time (s): cpu = 00:00:10 ; elapsed = 00:00:11 . Memory (MB): peak = 619.875 ; gain = 191.418
# set_property target_language Verilog [current_project]
# set_property default_lib work [current_project]
# set rtl_files {}
# set fh [open $rtl_f r]
# while {[gets $fh line] >= 0} {
#   set line [string trim $line]
#   if {$line eq ""} {
#     continue
#   }
#   if {[string match "#*" $line]} {
#     continue
#   }
#   set file_path [file normalize [file join [file dirname $rtl_f] $line]]
#   if {![file exists $file_path]} {
#     close $fh
#     error "RTL entry from rtl.f does not exist: $line -> $file_path"
#   }
#   lappend rtl_files $file_path
# }
# close $fh
# if {[llength $rtl_files] == 0} {
#   error "No active RTL files found in $rtl_f"
# }
# puts "INFO: adding [llength $rtl_files] RTL files from $rtl_f"
INFO: adding 47 RTL files from H:/Academic/senior_project/DATN/work/luc/AES_huffman_all6/sim/rtl.f
# add_files -fileset sources_1 $rtl_files
# set_property include_dirs [list [file normalize [file join $repo_dir "rtl"]]] [get_filesets sources_1]
# set_property top $TOP_NAME [get_filesets sources_1]
# if {[file exists $mem_src]} {
#   file copy -force $mem_src $mem_dst
#   add_files -fileset sources_1 $mem_dst
#   set_property file_type {Memory File} [get_files $mem_dst]
#   puts "INFO: copied instruction memory: $mem_src -> $mem_dst"
# } else {
#   puts "WARNING: $mem_src does not exist. imem_sync.v uses \$readmemh(\"instruction.mem\"); create it before synthesis if IMEM init is required."
# }
INFO: copied instruction memory: H:/Academic/senior_project/DATN/work/luc/AES_huffman_all6/sim/instruction.mem -> H:/Academic/senior_project/DATN/work/luc/AES_huffman_all6/vivado/build/rv32_soc_synth/instruction.mem
# update_compile_order -fileset sources_1
# puts "INFO: starting synthesis..."
INFO: starting synthesis...
# synth_design -top $TOP_NAME -part $PART_NAME -flatten_hierarchy rebuilt
Command: synth_design -top rv32_soc_top -part xc7z020clg484-1 -flatten_hierarchy rebuilt
Starting synth_design
Attempting to get a license for feature 'Synthesis' and/or device 'xc7z020'
INFO: [Common 17-349] Got license for feature 'Synthesis' and/or device 'xc7z020'
INFO: [Synth 8-7079] Multithreading enabled for synth_design using a maximum of 2 processes.
INFO: [Synth 8-7078] Launching helper process for spawning children vivado processes
INFO: [Synth 8-7075] Helper process launched with PID 76528
---------------------------------------------------------------------------------
Starting Synthesize : Time (s): cpu = 00:00:08 ; elapsed = 00:00:09 . Memory (MB): peak = 1095.602 ; gain = 471.785
---------------------------------------------------------------------------------
INFO: [Synth 8-6157] synthesizing module 'rv32_soc_top' [H:/Academic/senior_project/DATN/work/luc/AES_huffman_all6/rtl/rv32_soc_top.v:12]
INFO: [Synth 8-6157] synthesizing module 'top_rv32_sync' [H:/Academic/senior_project/DATN/work/luc/AES_huffman_all6/rtl/top_rv32_sync.v:2]
INFO: [Synth 8-6157] synthesizing module 'if_stage_sync' [H:/Academic/senior_project/DATN/work/luc/AES_huffman_all6/rtl/if_stage_sync.v:8]
INFO: [Synth 8-6155] done synthesizing module 'if_stage_sync' (0#1) [H:/Academic/senior_project/DATN/work/luc/AES_huffman_all6/rtl/if_stage_sync.v:8]
INFO: [Synth 8-6157] synthesizing module 'id_stage' [H:/Academic/senior_project/DATN/work/luc/AES_huffman_all6/rtl/id_stage.v:3]
INFO: [Synth 8-6155] done synthesizing module 'id_stage' (0#1) [H:/Academic/senior_project/DATN/work/luc/AES_huffman_all6/rtl/id_stage.v:3]
INFO: [Synth 8-6157] synthesizing module 'ex_stage' [H:/Academic/senior_project/DATN/work/luc/AES_huffman_all6/rtl/ex_stage.v:3]
INFO: [Synth 8-6155] done synthesizing module 'ex_stage' (0#1) [H:/Academic/senior_project/DATN/work/luc/AES_huffman_all6/rtl/ex_stage.v:3]
INFO: [Synth 8-6157] synthesizing module 'mem_stage_sync' [H:/Academic/senior_project/DATN/work/luc/AES_huffman_all6/rtl/mem_stage_sync.v:7]
INFO: [Synth 8-6155] done synthesizing module 'mem_stage_sync' (0#1) [H:/Academic/senior_project/DATN/work/luc/AES_huffman_all6/rtl/mem_stage_sync.v:7]
INFO: [Synth 8-6157] synthesizing module 'forwarding' [H:/Academic/senior_project/DATN/work/luc/AES_huffman_all6/rtl/forwarding.v:1]
INFO: [Synth 8-6155] done synthesizing module 'forwarding' (0#1) [H:/Academic/senior_project/DATN/work/luc/AES_huffman_all6/rtl/forwarding.v:1]
INFO: [Synth 8-6155] done synthesizing module 'top_rv32_sync' (0#1) [H:/Academic/senior_project/DATN/work/luc/AES_huffman_all6/rtl/top_rv32_sync.v:2]
INFO: [Synth 8-6157] synthesizing module 'registers_file' [H:/Academic/senior_project/DATN/work/luc/AES_huffman_all6/rtl/registers_file.v:1]
INFO: [Synth 8-6155] done synthesizing module 'registers_file' (0#1) [H:/Academic/senior_project/DATN/work/luc/AES_huffman_all6/rtl/registers_file.v:1]
INFO: [Synth 8-6157] synthesizing module 'imem_sync' [H:/Academic/senior_project/DATN/work/luc/AES_huffman_all6/rtl/imem_sync.v:3]
INFO: [Synth 8-3876] $readmem data file 'instruction.mem' is read successfully [H:/Academic/senior_project/DATN/work/luc/AES_huffman_all6/rtl/imem_sync.v:19]
INFO: [Synth 8-251] Sync Istr 0: xxxxxxxx [H:/Academic/senior_project/DATN/work/luc/AES_huffman_all6/rtl/imem_sync.v:20]
INFO: [Synth 8-251] Sync Istr 1: xxxxxxxx [H:/Academic/senior_project/DATN/work/luc/AES_huffman_all6/rtl/imem_sync.v:21]
INFO: [Synth 8-251] Sync Istr 2: xxxxxxxx [H:/Academic/senior_project/DATN/work/luc/AES_huffman_all6/rtl/imem_sync.v:22]
INFO: [Synth 8-251] Sync Istr 3: xxxxxxxx [H:/Academic/senior_project/DATN/work/luc/AES_huffman_all6/rtl/imem_sync.v:23]
INFO: [Synth 8-6155] done synthesizing module 'imem_sync' (0#1) [H:/Academic/senior_project/DATN/work/luc/AES_huffman_all6/rtl/imem_sync.v:3]
INFO: [Synth 8-6157] synthesizing module 'dmem_ip_wrapper' [H:/Academic/senior_project/DATN/work/luc/AES_huffman_all6/rtl/dmem_ip_wrapper.v:11]
INFO: [Synth 8-6157] synthesizing module 'DMEM_ip' [H:/Academic/senior_project/DATN/work/luc/AES_huffman_all6/rtl/DMEM_ip.v:13]
INFO: [Synth 8-6155] done synthesizing module 'DMEM_ip' (0#1) [H:/Academic/senior_project/DATN/work/luc/AES_huffman_all6/rtl/DMEM_ip.v:13]
INFO: [Synth 8-6155] done synthesizing module 'dmem_ip_wrapper' (0#1) [H:/Academic/senior_project/DATN/work/luc/AES_huffman_all6/rtl/dmem_ip_wrapper.v:11]
INFO: [Synth 8-6157] synthesizing module 'apb_huffman_aes_tx_top' [H:/Academic/senior_project/DATN/work/luc/AES_huffman_all6/rtl/apb_huffman_aes_tx_top.v:1]
INFO: [Synth 8-6157] synthesizing module 'apb_huffman_tx_if' [H:/Academic/senior_project/DATN/work/luc/AES_huffman_all6/rtl/apb_huffman_tx_if.v:1]
	Parameter BLOCK_SIZE_WIDTH bound to: 6 - type: integer 
INFO: [Synth 8-6155] done synthesizing module 'apb_huffman_tx_if' (0#1) [H:/Academic/senior_project/DATN/work/luc/AES_huffman_all6/rtl/apb_huffman_tx_if.v:1]
INFO: [Synth 8-6157] synthesizing module 'huffman_aes_tx_top' [H:/Academic/senior_project/DATN/work/luc/AES_huffman_all6/rtl/huffman_aes_tx_top.v:1]
	Parameter BLOCK_SIZE_WIDTH bound to: 6 - type: integer 
	Parameter BUFFER_ADDR_WIDTH bound to: 5 - type: integer 
	Parameter SYMBOL_WIDTH bound to: 8 - type: integer 
	Parameter SYMBOL_COUNT_WIDTH bound to: 6 - type: integer 
	Parameter COUNT_WIDTH bound to: 6 - type: integer 
	Parameter SYMBOL_INDEX_WIDTH bound to: 7 - type: integer 
	Parameter CODE_LEN_WIDTH bound to: 5 - type: integer 
	Parameter CODE_WIDTH bound to: 31 - type: integer 
	Parameter HEADER_BITS_WIDTH bound to: 10 - type: integer 
	Parameter TOTAL_BITS_WIDTH bound to: 11 - type: integer 
	Parameter CHUNK_DATA_WIDTH bound to: 32 - type: integer 
	Parameter CHUNK_LEN_WIDTH bound to: 6 - type: integer 
	Parameter MAX_SYMBOLS_PER_BLOCK bound to: 32 - type: integer 
	Parameter MAX_TREE_NODES bound to: 63 - type: integer 
	Parameter ASCII_MIN bound to: 8'b00100000 
	Parameter ASCII_MAX bound to: 8'b01111110 
	Parameter TRANSPORT_WORD_WIDTH bound to: 128 - type: integer 
	Parameter VALID_BITS_WIDTH bound to: 7 - type: integer 
	Parameter AES_KEY_FIXED bound to: 128'b00000000000100010010001000110011010001000101010101100110011101111000100010011001101010101011101111001100110111011110111011111111 
INFO: [Synth 8-6157] synthesizing module 'dynamic_huffman_encoder' [H:/Academic/senior_project/DATN/work/luc/AES_huffman_all6/rtl/dynamic_huffman_encoder.v:1]
	Parameter BLOCK_SIZE_WIDTH bound to: 6 - type: integer 
	Parameter BUFFER_ADDR_WIDTH bound to: 5 - type: integer 
	Parameter SYMBOL_WIDTH bound to: 8 - type: integer 
	Parameter SYMBOL_COUNT_WIDTH bound to: 6 - type: integer 
	Parameter COUNT_WIDTH bound to: 6 - type: integer 
	Parameter SYMBOL_INDEX_WIDTH bound to: 7 - type: integer 
	Parameter CODE_LEN_WIDTH bound to: 5 - type: integer 
	Parameter CODE_WIDTH bound to: 31 - type: integer 
	Parameter HEADER_BITS_WIDTH bound to: 10 - type: integer 
	Parameter TOTAL_BITS_WIDTH bound to: 11 - type: integer 
	Parameter CHUNK_DATA_WIDTH bound to: 32 - type: integer 
	Parameter CHUNK_LEN_WIDTH bound to: 6 - type: integer 
	Parameter MAX_SYMBOLS_PER_BLOCK bound to: 32 - type: integer 
	Parameter MAX_TREE_NODES bound to: 63 - type: integer 
	Parameter ASCII_MIN bound to: 8'b00100000 
	Parameter ASCII_MAX bound to: 8'b01111110 
INFO: [Synth 8-6157] synthesizing module 'input_collect_unit' [H:/Academic/senior_project/DATN/work/luc/AES_huffman_all6/rtl/input_collect_unit.v:1]
	Parameter BLOCK_SIZE bound to: 32 - type: integer 
	Parameter SYMBOL_WIDTH bound to: 8 - type: integer 
	Parameter ALPHABET_SIZE bound to: 96 - type: integer 
	Parameter ASCII_MIN bound to: 8'b00100000 
	Parameter ASCII_MAX bound to: 8'b01111110 
	Parameter DEFAULT_REMAP bound to: 8'b00100000 
	Parameter BLOCK_SIZE_WIDTH bound to: 6 - type: integer 
	Parameter COUNT_WIDTH bound to: 6 - type: integer 
	Parameter ADDR_WIDTH bound to: 5 - type: integer 
	Parameter SYMBOL_INDEX_WIDTH bound to: 7 - type: integer 
INFO: [Synth 8-6157] synthesizing module 'block_buffer' [H:/Academic/senior_project/DATN/work/luc/AES_huffman_all6/rtl/block_buffer.v:1]
	Parameter BLOCK_SIZE bound to: 32 - type: integer 
	Parameter DATA_WIDTH bound to: 8 - type: integer 
	Parameter BLOCK_SIZE_WIDTH bound to: 6 - type: integer 
	Parameter ADDR_WIDTH bound to: 5 - type: integer 
INFO: [Synth 8-6155] done synthesizing module 'block_buffer' (0#1) [H:/Academic/senior_project/DATN/work/luc/AES_huffman_all6/rtl/block_buffer.v:1]
INFO: [Synth 8-6157] synthesizing module 'frequency_counter' [H:/Academic/senior_project/DATN/work/luc/AES_huffman_all6/rtl/frequency_counter.v:1]
	Parameter ALPHABET_SIZE bound to: 96 - type: integer 
	Parameter SYMBOL_WIDTH bound to: 8 - type: integer 
	Parameter COUNT_WIDTH bound to: 6 - type: integer 
	Parameter SYMBOL_INDEX_WIDTH bound to: 7 - type: integer 
	Parameter ASCII_MIN bound to: 8'b00100000 
	Parameter ASCII_MAX bound to: 8'b01111110 
	Parameter DEFAULT_REMAP bound to: 8'b00100000 
INFO: [Synth 8-6155] done synthesizing module 'frequency_counter' (0#1) [H:/Academic/senior_project/DATN/work/luc/AES_huffman_all6/rtl/frequency_counter.v:1]
INFO: [Synth 8-226] default block is never used [H:/Academic/senior_project/DATN/work/luc/AES_huffman_all6/rtl/input_collect_unit.v:139]
INFO: [Synth 8-226] default block is never used [H:/Academic/senior_project/DATN/work/luc/AES_huffman_all6/rtl/input_collect_unit.v:180]
INFO: [Synth 8-6155] done synthesizing module 'input_collect_unit' (0#1) [H:/Academic/senior_project/DATN/work/luc/AES_huffman_all6/rtl/input_collect_unit.v:1]
INFO: [Synth 8-6157] synthesizing module 'huffman_builder' [H:/Academic/senior_project/DATN/work/luc/AES_huffman_all6/rtl/huffman_builder.v:1]
	Parameter ALPHABET_SIZE bound to: 96 - type: integer 
	Parameter SYMBOL_WIDTH bound to: 8 - type: integer 
	Parameter SYMBOL_COUNT_WIDTH bound to: 6 - type: integer 
	Parameter COUNT_WIDTH bound to: 6 - type: integer 
	Parameter SYMBOL_INDEX_WIDTH bound to: 7 - type: integer 
	Parameter CODE_LEN_WIDTH bound to: 5 - type: integer 
	Parameter CODE_WIDTH bound to: 31 - type: integer 
	Parameter MAX_SYMBOLS_PER_BLOCK bound to: 32 - type: integer 
	Parameter MAX_TREE_NODES bound to: 63 - type: integer 
	Parameter ASCII_MIN bound to: 8'b00100000 
INFO: [Synth 8-6157] synthesizing module 'symbol_list_builder' [H:/Academic/senior_project/DATN/work/luc/AES_huffman_all6/rtl/symbol_list_builder.v:1]
	Parameter ALPHABET_SIZE bound to: 96 - type: integer 
	Parameter SYMBOL_WIDTH bound to: 8 - type: integer 
	Parameter SYMBOL_COUNT_WIDTH bound to: 6 - type: integer 
	Parameter COUNT_WIDTH bound to: 6 - type: integer 
	Parameter SYMBOL_INDEX_WIDTH bound to: 7 - type: integer 
	Parameter MAX_SYMBOLS_PER_BLOCK bound to: 32 - type: integer 
	Parameter ASCII_MIN bound to: 8'b00100000 
INFO: [Synth 8-226] default block is never used [H:/Academic/senior_project/DATN/work/luc/AES_huffman_all6/rtl/symbol_list_builder.v:83]
INFO: [Synth 8-226] default block is never used [H:/Academic/senior_project/DATN/work/luc/AES_huffman_all6/rtl/symbol_list_builder.v:124]
INFO: [Synth 8-6155] done synthesizing module 'symbol_list_builder' (0#1) [H:/Academic/senior_project/DATN/work/luc/AES_huffman_all6/rtl/symbol_list_builder.v:1]
INFO: [Synth 8-6157] synthesizing module 'code_length_builder' [H:/Academic/senior_project/DATN/work/luc/AES_huffman_all6/rtl/code_length_builder.v:1]
	Parameter ALPHABET_SIZE bound to: 96 - type: integer 
	Parameter SYMBOL_WIDTH bound to: 8 - type: integer 
	Parameter SYMBOL_COUNT_WIDTH bound to: 6 - type: integer 
	Parameter COUNT_WIDTH bound to: 6 - type: integer 
	Parameter SYMBOL_INDEX_WIDTH bound to: 7 - type: integer 
	Parameter CODE_LEN_WIDTH bound to: 5 - type: integer 
	Parameter MAX_SYMBOLS_PER_BLOCK bound to: 32 - type: integer 
	Parameter MAX_TREE_NODES bound to: 63 - type: integer 
	Parameter ASCII_MIN bound to: 8'b00100000 
INFO: [Synth 8-6155] done synthesizing module 'code_length_builder' (0#1) [H:/Academic/senior_project/DATN/work/luc/AES_huffman_all6/rtl/code_length_builder.v:1]
INFO: [Synth 8-6157] synthesizing module 'canonical_code_generator' [H:/Academic/senior_project/DATN/work/luc/AES_huffman_all6/rtl/canonical_code_generator.v:1]
	Parameter ALPHABET_SIZE bound to: 96 - type: integer 
	Parameter SYMBOL_WIDTH bound to: 8 - type: integer 
	Parameter SYMBOL_COUNT_WIDTH bound to: 6 - type: integer 
	Parameter SYMBOL_INDEX_WIDTH bound to: 7 - type: integer 
	Parameter CODE_LEN_WIDTH bound to: 5 - type: integer 
	Parameter CODE_WIDTH bound to: 31 - type: integer 
	Parameter MAX_SYMBOLS_PER_BLOCK bound to: 32 - type: integer 
	Parameter ASCII_MIN bound to: 8'b00100000 
INFO: [Synth 8-6155] done synthesizing module 'canonical_code_generator' (0#1) [H:/Academic/senior_project/DATN/work/luc/AES_huffman_all6/rtl/canonical_code_generator.v:1]
INFO: [Synth 8-6155] done synthesizing module 'huffman_builder' (0#1) [H:/Academic/senior_project/DATN/work/luc/AES_huffman_all6/rtl/huffman_builder.v:1]
INFO: [Synth 8-6157] synthesizing module 'mode_decision_logic' [H:/Academic/senior_project/DATN/work/luc/AES_huffman_all6/rtl/mode_decision_logic.v:1]
	Parameter BLOCK_SIZE_WIDTH bound to: 6 - type: integer 
	Parameter BUFFER_ADDR_WIDTH bound to: 5 - type: integer 
	Parameter SYMBOL_WIDTH bound to: 8 - type: integer 
	Parameter SYMBOL_INDEX_WIDTH bound to: 7 - type: integer 
	Parameter CODE_LEN_WIDTH bound to: 5 - type: integer 
	Parameter TOTAL_BITS_WIDTH bound to: 11 - type: integer 
	Parameter ASCII_MIN bound to: 8'b00100000 
	Parameter ASCII_MAX bound to: 8'b01111110 
INFO: [Synth 8-6155] done synthesizing module 'mode_decision_logic' (0#1) [H:/Academic/senior_project/DATN/work/luc/AES_huffman_all6/rtl/mode_decision_logic.v:1]
INFO: [Synth 8-6157] synthesizing module 'emit_backend' [H:/Academic/senior_project/DATN/work/luc/AES_huffman_all6/rtl/emit_backend.v:1]
	Parameter BLOCK_SIZE_WIDTH bound to: 6 - type: integer 
	Parameter BUFFER_ADDR_WIDTH bound to: 5 - type: integer 
	Parameter SYMBOL_WIDTH bound to: 8 - type: integer 
	Parameter SYMBOL_INDEX_WIDTH bound to: 7 - type: integer 
	Parameter CODE_LEN_WIDTH bound to: 5 - type: integer 
	Parameter CODE_WIDTH bound to: 31 - type: integer 
	Parameter HEADER_BITS_WIDTH bound to: 10 - type: integer 
	Parameter CHUNK_DATA_WIDTH bound to: 32 - type: integer 
	Parameter CHUNK_LEN_WIDTH bound to: 6 - type: integer 
	Parameter ASCII_MIN bound to: 8'b00100000 
	Parameter ASCII_MAX bound to: 8'b01111110 
INFO: [Synth 8-6157] synthesizing module 'header_formatter' [H:/Academic/senior_project/DATN/work/luc/AES_huffman_all6/rtl/header_formatter.v:1]
	Parameter BLOCK_SIZE_WIDTH bound to: 6 - type: integer 
	Parameter SYMBOL_WIDTH bound to: 8 - type: integer 
	Parameter SYMBOL_INDEX_WIDTH bound to: 7 - type: integer 
	Parameter CODE_LEN_WIDTH bound to: 5 - type: integer 
	Parameter HEADER_BITS_WIDTH bound to: 10 - type: integer 
	Parameter CHUNK_DATA_WIDTH bound to: 32 - type: integer 
	Parameter CHUNK_LEN_WIDTH bound to: 6 - type: integer 
	Parameter ASCII_MIN bound to: 8'b00100000 
	Parameter ASCII_MAX bound to: 8'b01111110 
INFO: [Synth 8-6155] done synthesizing module 'header_formatter' (0#1) [H:/Academic/senior_project/DATN/work/luc/AES_huffman_all6/rtl/header_formatter.v:1]
INFO: [Synth 8-6157] synthesizing module 'payload_emitter' [H:/Academic/senior_project/DATN/work/luc/AES_huffman_all6/rtl/payload_emitter.v:1]
	Parameter BLOCK_SIZE_WIDTH bound to: 6 - type: integer 
	Parameter BUFFER_ADDR_WIDTH bound to: 5 - type: integer 
	Parameter SYMBOL_WIDTH bound to: 8 - type: integer 
	Parameter SYMBOL_INDEX_WIDTH bound to: 7 - type: integer 
	Parameter CODE_LEN_WIDTH bound to: 5 - type: integer 
	Parameter CODE_WIDTH bound to: 31 - type: integer 
	Parameter CHUNK_DATA_WIDTH bound to: 32 - type: integer 
	Parameter CHUNK_LEN_WIDTH bound to: 6 - type: integer 
	Parameter ASCII_MIN bound to: 8'b00100000 
	Parameter ASCII_MAX bound to: 8'b01111110 
INFO: [Synth 8-6155] done synthesizing module 'payload_emitter' (0#1) [H:/Academic/senior_project/DATN/work/luc/AES_huffman_all6/rtl/payload_emitter.v:1]
INFO: [Synth 8-6157] synthesizing module 'stream_output_interface' [H:/Academic/senior_project/DATN/work/luc/AES_huffman_all6/rtl/stream_output_interface.v:1]
	Parameter STREAM_DATA_WIDTH bound to: 32 - type: integer 
	Parameter STREAM_LEN_WIDTH bound to: 6 - type: integer 
INFO: [Synth 8-226] default block is never used [H:/Academic/senior_project/DATN/work/luc/AES_huffman_all6/rtl/stream_output_interface.v:62]
INFO: [Synth 8-6155] done synthesizing module 'stream_output_interface' (0#1) [H:/Academic/senior_project/DATN/work/luc/AES_huffman_all6/rtl/stream_output_interface.v:1]
INFO: [Synth 8-6155] done synthesizing module 'emit_backend' (0#1) [H:/Academic/senior_project/DATN/work/luc/AES_huffman_all6/rtl/emit_backend.v:1]
INFO: [Synth 8-6157] synthesizing module 'control_fsm' [H:/Academic/senior_project/DATN/work/luc/AES_huffman_all6/rtl/control_fsm.v:1]
INFO: [Synth 8-6155] done synthesizing module 'control_fsm' (0#1) [H:/Academic/senior_project/DATN/work/luc/AES_huffman_all6/rtl/control_fsm.v:1]
INFO: [Synth 8-6155] done synthesizing module 'dynamic_huffman_encoder' (0#1) [H:/Academic/senior_project/DATN/work/luc/AES_huffman_all6/rtl/dynamic_huffman_encoder.v:1]
INFO: [Synth 8-6157] synthesizing module 'bit_packer_128' [H:/Academic/senior_project/DATN/work/luc/AES_huffman_all6/rtl/bit_packer_128.v:1]
	Parameter CHUNK_DATA_WIDTH bound to: 32 - type: integer 
	Parameter CHUNK_LEN_WIDTH bound to: 6 - type: integer 
	Parameter TRANSPORT_WORD_WIDTH bound to: 128 - type: integer 
	Parameter VALID_BITS_WIDTH bound to: 7 - type: integer 
WARNING: [Synth 8-324] index 152 out of range [H:/Academic/senior_project/DATN/work/luc/AES_huffman_all6/rtl/bit_packer_128.v:168]
WARNING: [Synth 8-324] index 153 out of range [H:/Academic/senior_project/DATN/work/luc/AES_huffman_all6/rtl/bit_packer_128.v:168]
WARNING: [Synth 8-324] index 154 out of range [H:/Academic/senior_project/DATN/work/luc/AES_huffman_all6/rtl/bit_packer_128.v:168]
WARNING: [Synth 8-324] index 155 out of range [H:/Academic/senior_project/DATN/work/luc/AES_huffman_all6/rtl/bit_packer_128.v:168]
WARNING: [Synth 8-324] index 156 out of range [H:/Academic/senior_project/DATN/work/luc/AES_huffman_all6/rtl/bit_packer_128.v:168]
WARNING: [Synth 8-324] index 157 out of range [H:/Academic/senior_project/DATN/work/luc/AES_huffman_all6/rtl/bit_packer_128.v:168]
WARNING: [Synth 8-324] index 158 out of range [H:/Academic/senior_project/DATN/work/luc/AES_huffman_all6/rtl/bit_packer_128.v:168]
WARNING: [Synth 8-324] index 159 out of range [H:/Academic/senior_project/DATN/work/luc/AES_huffman_all6/rtl/bit_packer_128.v:168]
WARNING: [Synth 8-324] index 160 out of range [H:/Academic/senior_project/DATN/work/luc/AES_huffman_all6/rtl/bit_packer_128.v:168]
WARNING: [Synth 8-324] index 161 out of range [H:/Academic/senior_project/DATN/work/luc/AES_huffman_all6/rtl/bit_packer_128.v:168]
WARNING: [Synth 8-324] index 162 out of range [H:/Academic/senior_project/DATN/work/luc/AES_huffman_all6/rtl/bit_packer_128.v:168]
WARNING: [Synth 8-324] index 163 out of range [H:/Academic/senior_project/DATN/work/luc/AES_huffman_all6/rtl/bit_packer_128.v:168]
WARNING: [Synth 8-324] index 164 out of range [H:/Academic/senior_project/DATN/work/luc/AES_huffman_all6/rtl/bit_packer_128.v:168]
WARNING: [Synth 8-324] index 165 out of range [H:/Academic/senior_project/DATN/work/luc/AES_huffman_all6/rtl/bit_packer_128.v:168]
WARNING: [Synth 8-324] index 166 out of range [H:/Academic/senior_project/DATN/work/luc/AES_huffman_all6/rtl/bit_packer_128.v:168]
WARNING: [Synth 8-324] index 167 out of range [H:/Academic/senior_project/DATN/work/luc/AES_huffman_all6/rtl/bit_packer_128.v:168]
WARNING: [Synth 8-324] index 168 out of range [H:/Academic/senior_project/DATN/work/luc/AES_huffman_all6/rtl/bit_packer_128.v:168]
WARNING: [Synth 8-324] index 169 out of range [H:/Academic/senior_project/DATN/work/luc/AES_huffman_all6/rtl/bit_packer_128.v:168]
WARNING: [Synth 8-324] index 170 out of range [H:/Academic/senior_project/DATN/work/luc/AES_huffman_all6/rtl/bit_packer_128.v:168]
WARNING: [Synth 8-324] index 171 out of range [H:/Academic/senior_project/DATN/work/luc/AES_huffman_all6/rtl/bit_packer_128.v:168]
WARNING: [Synth 8-324] index 172 out of range [H:/Academic/senior_project/DATN/work/luc/AES_huffman_all6/rtl/bit_packer_128.v:168]
WARNING: [Synth 8-324] index 173 out of range [H:/Academic/senior_project/DATN/work/luc/AES_huffman_all6/rtl/bit_packer_128.v:168]
WARNING: [Synth 8-324] index 174 out of range [H:/Academic/senior_project/DATN/work/luc/AES_huffman_all6/rtl/bit_packer_128.v:168]
WARNING: [Synth 8-324] index 175 out of range [H:/Academic/senior_project/DATN/work/luc/AES_huffman_all6/rtl/bit_packer_128.v:168]
WARNING: [Synth 8-324] index 176 out of range [H:/Academic/senior_project/DATN/work/luc/AES_huffman_all6/rtl/bit_packer_128.v:168]
WARNING: [Synth 8-324] index 177 out of range [H:/Academic/senior_project/DATN/work/luc/AES_huffman_all6/rtl/bit_packer_128.v:168]
WARNING: [Synth 8-324] index 178 out of range [H:/Academic/senior_project/DATN/work/luc/AES_huffman_all6/rtl/bit_packer_128.v:168]
WARNING: [Synth 8-324] index 179 out of range [H:/Academic/senior_project/DATN/work/luc/AES_huffman_all6/rtl/bit_packer_128.v:168]
WARNING: [Synth 8-324] index 180 out of range [H:/Academic/senior_project/DATN/work/luc/AES_huffman_all6/rtl/bit_packer_128.v:168]
WARNING: [Synth 8-324] index 181 out of range [H:/Academic/senior_project/DATN/work/luc/AES_huffman_all6/rtl/bit_packer_128.v:168]
WARNING: [Synth 8-324] index 182 out of range [H:/Academic/senior_project/DATN/work/luc/AES_huffman_all6/rtl/bit_packer_128.v:168]
WARNING: [Synth 8-324] index 183 out of range [H:/Academic/senior_project/DATN/work/luc/AES_huffman_all6/rtl/bit_packer_128.v:168]
WARNING: [Synth 8-324] index 184 out of range [H:/Academic/senior_project/DATN/work/luc/AES_huffman_all6/rtl/bit_packer_128.v:168]
WARNING: [Synth 8-324] index 185 out of range [H:/Academic/senior_project/DATN/work/luc/AES_huffman_all6/rtl/bit_packer_128.v:168]
WARNING: [Synth 8-324] index 186 out of range [H:/Academic/senior_project/DATN/work/luc/AES_huffman_all6/rtl/bit_packer_128.v:168]
WARNING: [Synth 8-324] index 187 out of range [H:/Academic/senior_project/DATN/work/luc/AES_huffman_all6/rtl/bit_packer_128.v:168]
WARNING: [Synth 8-324] index 188 out of range [H:/Academic/senior_project/DATN/work/luc/AES_huffman_all6/rtl/bit_packer_128.v:168]
WARNING: [Synth 8-324] index 189 out of range [H:/Academic/senior_project/DATN/work/luc/AES_huffman_all6/rtl/bit_packer_128.v:168]
WARNING: [Synth 8-324] index 190 out of range [H:/Academic/senior_project/DATN/work/luc/AES_huffman_all6/rtl/bit_packer_128.v:168]
WARNING: [Synth 8-324] index 191 out of range [H:/Academic/senior_project/DATN/work/luc/AES_huffman_all6/rtl/bit_packer_128.v:168]
WARNING: [Synth 8-324] index 192 out of range [H:/Academic/senior_project/DATN/work/luc/AES_huffman_all6/rtl/bit_packer_128.v:168]
WARNING: [Synth 8-324] index 193 out of range [H:/Academic/senior_project/DATN/work/luc/AES_huffman_all6/rtl/bit_packer_128.v:168]
WARNING: [Synth 8-324] index 194 out of range [H:/Academic/senior_project/DATN/work/luc/AES_huffman_all6/rtl/bit_packer_128.v:168]
WARNING: [Synth 8-324] index 195 out of range [H:/Academic/senior_project/DATN/work/luc/AES_huffman_all6/rtl/bit_packer_128.v:168]
WARNING: [Synth 8-324] index 196 out of range [H:/Academic/senior_project/DATN/work/luc/AES_huffman_all6/rtl/bit_packer_128.v:168]
WARNING: [Synth 8-324] index 197 out of range [H:/Academic/senior_project/DATN/work/luc/AES_huffman_all6/rtl/bit_packer_128.v:168]
WARNING: [Synth 8-324] index 198 out of range [H:/Academic/senior_project/DATN/work/luc/AES_huffman_all6/rtl/bit_packer_128.v:168]
WARNING: [Synth 8-324] index 199 out of range [H:/Academic/senior_project/DATN/work/luc/AES_huffman_all6/rtl/bit_packer_128.v:168]
WARNING: [Synth 8-324] index 200 out of range [H:/Academic/senior_project/DATN/work/luc/AES_huffman_all6/rtl/bit_packer_128.v:168]
WARNING: [Synth 8-324] index 201 out of range [H:/Academic/senior_project/DATN/work/luc/AES_huffman_all6/rtl/bit_packer_128.v:168]
WARNING: [Synth 8-324] index 202 out of range [H:/Academic/senior_project/DATN/work/luc/AES_huffman_all6/rtl/bit_packer_128.v:168]
WARNING: [Synth 8-324] index 203 out of range [H:/Academic/senior_project/DATN/work/luc/AES_huffman_all6/rtl/bit_packer_128.v:168]
WARNING: [Synth 8-324] index 204 out of range [H:/Academic/senior_project/DATN/work/luc/AES_huffman_all6/rtl/bit_packer_128.v:168]
WARNING: [Synth 8-324] index 205 out of range [H:/Academic/senior_project/DATN/work/luc/AES_huffman_all6/rtl/bit_packer_128.v:168]
WARNING: [Synth 8-324] index 206 out of range [H:/Academic/senior_project/DATN/work/luc/AES_huffman_all6/rtl/bit_packer_128.v:168]
WARNING: [Synth 8-324] index 207 out of range [H:/Academic/senior_project/DATN/work/luc/AES_huffman_all6/rtl/bit_packer_128.v:168]
WARNING: [Synth 8-324] index 208 out of range [H:/Academic/senior_project/DATN/work/luc/AES_huffman_all6/rtl/bit_packer_128.v:168]
WARNING: [Synth 8-324] index 209 out of range [H:/Academic/senior_project/DATN/work/luc/AES_huffman_all6/rtl/bit_packer_128.v:168]
WARNING: [Synth 8-324] index 210 out of range [H:/Academic/senior_project/DATN/work/luc/AES_huffman_all6/rtl/bit_packer_128.v:168]
WARNING: [Synth 8-324] index 211 out of range [H:/Academic/senior_project/DATN/work/luc/AES_huffman_all6/rtl/bit_packer_128.v:168]
WARNING: [Synth 8-324] index 212 out of range [H:/Academic/senior_project/DATN/work/luc/AES_huffman_all6/rtl/bit_packer_128.v:168]
WARNING: [Synth 8-324] index 213 out of range [H:/Academic/senior_project/DATN/work/luc/AES_huffman_all6/rtl/bit_packer_128.v:168]
WARNING: [Synth 8-324] index 214 out of range [H:/Academic/senior_project/DATN/work/luc/AES_huffman_all6/rtl/bit_packer_128.v:168]
WARNING: [Synth 8-324] index 215 out of range [H:/Academic/senior_project/DATN/work/luc/AES_huffman_all6/rtl/bit_packer_128.v:168]
WARNING: [Synth 8-324] index 216 out of range [H:/Academic/senior_project/DATN/work/luc/AES_huffman_all6/rtl/bit_packer_128.v:168]
WARNING: [Synth 8-324] index 217 out of range [H:/Academic/senior_project/DATN/work/luc/AES_huffman_all6/rtl/bit_packer_128.v:168]
WARNING: [Synth 8-324] index 218 out of range [H:/Academic/senior_project/DATN/work/luc/AES_huffman_all6/rtl/bit_packer_128.v:168]
WARNING: [Synth 8-324] index 219 out of range [H:/Academic/senior_project/DATN/work/luc/AES_huffman_all6/rtl/bit_packer_128.v:168]
WARNING: [Synth 8-324] index 220 out of range [H:/Academic/senior_project/DATN/work/luc/AES_huffman_all6/rtl/bit_packer_128.v:168]
WARNING: [Synth 8-324] index 221 out of range [H:/Academic/senior_project/DATN/work/luc/AES_huffman_all6/rtl/bit_packer_128.v:168]
WARNING: [Synth 8-324] index 222 out of range [H:/Academic/senior_project/DATN/work/luc/AES_huffman_all6/rtl/bit_packer_128.v:168]
WARNING: [Synth 8-324] index 223 out of range [H:/Academic/senior_project/DATN/work/luc/AES_huffman_all6/rtl/bit_packer_128.v:168]
WARNING: [Synth 8-324] index 224 out of range [H:/Academic/senior_project/DATN/work/luc/AES_huffman_all6/rtl/bit_packer_128.v:168]
WARNING: [Synth 8-324] index 225 out of range [H:/Academic/senior_project/DATN/work/luc/AES_huffman_all6/rtl/bit_packer_128.v:168]
WARNING: [Synth 8-324] index 226 out of range [H:/Academic/senior_project/DATN/work/luc/AES_huffman_all6/rtl/bit_packer_128.v:168]
WARNING: [Synth 8-324] index 227 out of range [H:/Academic/senior_project/DATN/work/luc/AES_huffman_all6/rtl/bit_packer_128.v:168]
WARNING: [Synth 8-324] index 228 out of range [H:/Academic/senior_project/DATN/work/luc/AES_huffman_all6/rtl/bit_packer_128.v:168]
WARNING: [Synth 8-324] index 229 out of range [H:/Academic/senior_project/DATN/work/luc/AES_huffman_all6/rtl/bit_packer_128.v:168]
WARNING: [Synth 8-324] index 230 out of range [H:/Academic/senior_project/DATN/work/luc/AES_huffman_all6/rtl/bit_packer_128.v:168]
WARNING: [Synth 8-324] index 231 out of range [H:/Academic/senior_project/DATN/work/luc/AES_huffman_all6/rtl/bit_packer_128.v:168]
WARNING: [Synth 8-324] index 232 out of range [H:/Academic/senior_project/DATN/work/luc/AES_huffman_all6/rtl/bit_packer_128.v:168]
WARNING: [Synth 8-324] index 233 out of range [H:/Academic/senior_project/DATN/work/luc/AES_huffman_all6/rtl/bit_packer_128.v:168]
WARNING: [Synth 8-324] index 234 out of range [H:/Academic/senior_project/DATN/work/luc/AES_huffman_all6/rtl/bit_packer_128.v:168]
WARNING: [Synth 8-324] index 235 out of range [H:/Academic/senior_project/DATN/work/luc/AES_huffman_all6/rtl/bit_packer_128.v:168]
WARNING: [Synth 8-324] index 236 out of range [H:/Academic/senior_project/DATN/work/luc/AES_huffman_all6/rtl/bit_packer_128.v:168]
WARNING: [Synth 8-324] index 237 out of range [H:/Academic/senior_project/DATN/work/luc/AES_huffman_all6/rtl/bit_packer_128.v:168]
WARNING: [Synth 8-324] index 238 out of range [H:/Academic/senior_project/DATN/work/luc/AES_huffman_all6/rtl/bit_packer_128.v:168]
WARNING: [Synth 8-324] index 239 out of range [H:/Academic/senior_project/DATN/work/luc/AES_huffman_all6/rtl/bit_packer_128.v:168]
WARNING: [Synth 8-324] index 152 out of range [H:/Academic/senior_project/DATN/work/luc/AES_huffman_all6/rtl/bit_packer_128.v:214]
WARNING: [Synth 8-324] index 153 out of range [H:/Academic/senior_project/DATN/work/luc/AES_huffman_all6/rtl/bit_packer_128.v:214]
WARNING: [Synth 8-324] index 154 out of range [H:/Academic/senior_project/DATN/work/luc/AES_huffman_all6/rtl/bit_packer_128.v:214]
WARNING: [Synth 8-324] index 155 out of range [H:/Academic/senior_project/DATN/work/luc/AES_huffman_all6/rtl/bit_packer_128.v:214]
WARNING: [Synth 8-324] index 156 out of range [H:/Academic/senior_project/DATN/work/luc/AES_huffman_all6/rtl/bit_packer_128.v:214]
WARNING: [Synth 8-324] index 157 out of range [H:/Academic/senior_project/DATN/work/luc/AES_huffman_all6/rtl/bit_packer_128.v:214]
WARNING: [Synth 8-324] index 158 out of range [H:/Academic/senior_project/DATN/work/luc/AES_huffman_all6/rtl/bit_packer_128.v:214]
WARNING: [Synth 8-324] index 159 out of range [H:/Academic/senior_project/DATN/work/luc/AES_huffman_all6/rtl/bit_packer_128.v:214]
WARNING: [Synth 8-324] index 160 out of range [H:/Academic/senior_project/DATN/work/luc/AES_huffman_all6/rtl/bit_packer_128.v:214]
WARNING: [Synth 8-324] index 161 out of range [H:/Academic/senior_project/DATN/work/luc/AES_huffman_all6/rtl/bit_packer_128.v:214]
WARNING: [Synth 8-324] index 162 out of range [H:/Academic/senior_project/DATN/work/luc/AES_huffman_all6/rtl/bit_packer_128.v:214]
WARNING: [Synth 8-324] index 163 out of range [H:/Academic/senior_project/DATN/work/luc/AES_huffman_all6/rtl/bit_packer_128.v:214]
INFO: [Common 17-14] Message 'Synth 8-324' appears 100 times and further instances of the messages will be disabled. Use the Tcl command set_msg_config to change the current settings.
INFO: [Synth 8-6155] done synthesizing module 'bit_packer_128' (0#1) [H:/Academic/senior_project/DATN/work/luc/AES_huffman_all6/rtl/bit_packer_128.v:1]
INFO: [Synth 8-6157] synthesizing module 'wrapper' [H:/Academic/senior_project/DATN/work/luc/AES_huffman_all6/rtl/wrapper.v:1]
	Parameter AES_KEY_FIXED bound to: 128'b00000000000100010010001000110011010001000101010101100110011101111000100010011001101010101011101111001100110111011110111011111111 
INFO: [Synth 8-6155] done synthesizing module 'wrapper' (0#1) [H:/Academic/senior_project/DATN/work/luc/AES_huffman_all6/rtl/wrapper.v:1]
INFO: [Synth 8-6155] done synthesizing module 'huffman_aes_tx_top' (0#1) [H:/Academic/senior_project/DATN/work/luc/AES_huffman_all6/rtl/huffman_aes_tx_top.v:1]
INFO: [Synth 8-6157] synthesizing module 'aes128_cipher_top' [H:/Academic/senior_project/DATN/work/luc/AES_huffman_all6/rtl/aes128_cipher_top.v:13]
INFO: [Synth 8-6157] synthesizing module 'aes128_cipher_core' [H:/Academic/senior_project/DATN/work/luc/AES_huffman_all6/rtl/aes128_cipher_core.v:11]
INFO: [Synth 8-226] default block is never used [H:/Academic/senior_project/DATN/work/luc/AES_huffman_all6/rtl/aes_encrypt_funcs.vh:164]
INFO: [Synth 8-6155] done synthesizing module 'aes128_cipher_core' (0#1) [H:/Academic/senior_project/DATN/work/luc/AES_huffman_all6/rtl/aes128_cipher_core.v:11]
INFO: [Synth 8-6157] synthesizing module 'aes128_key_expansion' [H:/Academic/senior_project/DATN/work/luc/AES_huffman_all6/rtl/aes128_key_expansion.v:11]
INFO: [Synth 8-226] default block is never used [H:/Academic/senior_project/DATN/work/luc/AES_huffman_all6/rtl/aes_encrypt_funcs.vh:164]
INFO: [Synth 8-6155] done synthesizing module 'aes128_key_expansion' (0#1) [H:/Academic/senior_project/DATN/work/luc/AES_huffman_all6/rtl/aes128_key_expansion.v:11]
INFO: [Synth 8-6155] done synthesizing module 'aes128_cipher_top' (0#1) [H:/Academic/senior_project/DATN/work/luc/AES_huffman_all6/rtl/aes128_cipher_top.v:13]
INFO: [Synth 8-6155] done synthesizing module 'apb_huffman_aes_tx_top' (0#1) [H:/Academic/senior_project/DATN/work/luc/AES_huffman_all6/rtl/apb_huffman_aes_tx_top.v:1]
INFO: [Synth 8-6157] synthesizing module 'apb_huffman_aes_rx_top' [H:/Academic/senior_project/DATN/work/luc/AES_huffman_all6/rtl/apb_huffman_aes_rx_top.v:1]
INFO: [Synth 8-6157] synthesizing module 'wrapper_rx' [H:/Academic/senior_project/DATN/work/luc/AES_huffman_all6/rtl/wrapper_rx.v:1]
	Parameter ROUND_KEY_10_FIXED bound to: 128'b00110110110100000010010001000110000111011000010010111000001101110101111111000000111110011100000001001100101110101011011010111011 
INFO: [Synth 8-6155] done synthesizing module 'wrapper_rx' (0#1) [H:/Academic/senior_project/DATN/work/luc/AES_huffman_all6/rtl/wrapper_rx.v:1]
INFO: [Synth 8-6157] synthesizing module 'aes128_cipher_inv_top' [H:/Academic/senior_project/DATN/work/luc/AES_huffman_all6/rtl/aes128_cipher_inv_top.v:13]
INFO: [Synth 8-6157] synthesizing module 'aes128_cipher_core_inv' [H:/Academic/senior_project/DATN/work/luc/AES_huffman_all6/rtl/aes128_cipher_core_inv.v:11]
INFO: [Synth 8-6155] done synthesizing module 'aes128_cipher_core_inv' (0#1) [H:/Academic/senior_project/DATN/work/luc/AES_huffman_all6/rtl/aes128_cipher_core_inv.v:11]
INFO: [Synth 8-6157] synthesizing module 'aes128_key_expansion_inv' [H:/Academic/senior_project/DATN/work/luc/AES_huffman_all6/rtl/aes128_key_expansion_inv.v:11]
INFO: [Synth 8-6155] done synthesizing module 'aes128_key_expansion_inv' (0#1) [H:/Academic/senior_project/DATN/work/luc/AES_huffman_all6/rtl/aes128_key_expansion_inv.v:11]
INFO: [Synth 8-6155] done synthesizing module 'aes128_cipher_inv_top' (0#1) [H:/Academic/senior_project/DATN/work/luc/AES_huffman_all6/rtl/aes128_cipher_inv_top.v:13]
INFO: [Synth 8-6157] synthesizing module 'bit_depacker_128' [H:/Academic/senior_project/DATN/work/luc/AES_huffman_all6/rtl/bit_depacker_128.v:1]
	Parameter CHUNK_DATA_WIDTH bound to: 32 - type: integer 
	Parameter CHUNK_LEN_WIDTH bound to: 6 - type: integer 
	Parameter TRANSPORT_WORD_WIDTH bound to: 128 - type: integer 
	Parameter VALID_BITS_WIDTH bound to: 7 - type: integer 
INFO: [Synth 8-6155] done synthesizing module 'bit_depacker_128' (0#1) [H:/Academic/senior_project/DATN/work/luc/AES_huffman_all6/rtl/bit_depacker_128.v:1]
INFO: [Synth 8-6157] synthesizing module 'huffman_block_parser' [H:/Academic/senior_project/DATN/work/luc/AES_huffman_all6/rtl/huffman_block_parser.v:1]
	Parameter STREAM_DATA_WIDTH bound to: 32 - type: integer 
	Parameter STREAM_LEN_WIDTH bound to: 6 - type: integer 
	Parameter BLOCK_SIZE_WIDTH bound to: 6 - type: integer 
	Parameter SYMBOL_WIDTH bound to: 8 - type: integer 
	Parameter SYMBOL_COUNT_WIDTH bound to: 6 - type: integer 
	Parameter CODE_LEN_WIDTH bound to: 5 - type: integer 
	Parameter ASCII_MIN bound to: 8'b00100000 
	Parameter ASCII_MAX bound to: 8'b01111110 
INFO: [Synth 8-6155] done synthesizing module 'huffman_block_parser' (0#1) [H:/Academic/senior_project/DATN/work/luc/AES_huffman_all6/rtl/huffman_block_parser.v:1]
INFO: [Synth 8-6157] synthesizing module 'huffman_block_decoder' [H:/Academic/senior_project/DATN/work/luc/AES_huffman_all6/rtl/huffman_block_decoder.v:1]
	Parameter STREAM_DATA_WIDTH bound to: 32 - type: integer 
	Parameter STREAM_LEN_WIDTH bound to: 6 - type: integer 
	Parameter BLOCK_SIZE_WIDTH bound to: 6 - type: integer 
	Parameter SYMBOL_WIDTH bound to: 8 - type: integer 
	Parameter SYMBOL_COUNT_WIDTH bound to: 6 - type: integer 
	Parameter CODE_LEN_WIDTH bound to: 5 - type: integer 
	Parameter CODE_WIDTH bound to: 31 - type: integer 
	Parameter MAX_SYMBOLS bound to: 32 - type: integer 
	Parameter ASCII_MIN bound to: 8'b00100000 
	Parameter ASCII_MAX bound to: 8'b01111110 
INFO: [Synth 8-6155] done synthesizing module 'huffman_block_decoder' (0#1) [H:/Academic/senior_project/DATN/work/luc/AES_huffman_all6/rtl/huffman_block_decoder.v:1]
INFO: [Synth 8-6157] synthesizing module 'rx_byte_packer_32' [H:/Academic/senior_project/DATN/work/luc/AES_huffman_all6/rtl/rx_byte_packer_32.v:1]
INFO: [Synth 8-6155] done synthesizing module 'rx_byte_packer_32' (0#1) [H:/Academic/senior_project/DATN/work/luc/AES_huffman_all6/rtl/rx_byte_packer_32.v:1]
INFO: [Synth 8-6157] synthesizing module 'apb_huffman_rx_if' [H:/Academic/senior_project/DATN/work/luc/AES_huffman_all6/rtl/apb_huffman_rx_if.v:1]
INFO: [Synth 8-6155] done synthesizing module 'apb_huffman_rx_if' (0#1) [H:/Academic/senior_project/DATN/work/luc/AES_huffman_all6/rtl/apb_huffman_rx_if.v:1]
INFO: [Synth 8-6155] done synthesizing module 'apb_huffman_aes_rx_top' (0#1) [H:/Academic/senior_project/DATN/work/luc/AES_huffman_all6/rtl/apb_huffman_aes_rx_top.v:1]
INFO: [Synth 8-6157] synthesizing module 'cpu_mmio_to_apb_bridge' [H:/Academic/senior_project/DATN/work/luc/AES_huffman_all6/rtl/cpu_mmio_to_apb_bridge.v:1]
INFO: [Synth 8-6155] done synthesizing module 'cpu_mmio_to_apb_bridge' (0#1) [H:/Academic/senior_project/DATN/work/luc/AES_huffman_all6/rtl/cpu_mmio_to_apb_bridge.v:1]
INFO: [Synth 8-6157] synthesizing module 'dma_regfile' [H:/Academic/senior_project/DATN/work/luc/AES_huffman_all6/rtl/dma_regfile.v:1]
INFO: [Synth 8-6155] done synthesizing module 'dma_regfile' (0#1) [H:/Academic/senior_project/DATN/work/luc/AES_huffman_all6/rtl/dma_regfile.v:1]
INFO: [Synth 8-6157] synthesizing module 'dma_tx_engine' [H:/Academic/senior_project/DATN/work/luc/AES_huffman_all6/rtl/dma_tx_engine.v:1]
INFO: [Synth 8-6155] done synthesizing module 'dma_tx_engine' (0#1) [H:/Academic/senior_project/DATN/work/luc/AES_huffman_all6/rtl/dma_tx_engine.v:1]
INFO: [Synth 8-6157] synthesizing module 'dma_rx_engine' [H:/Academic/senior_project/DATN/work/luc/AES_huffman_all6/rtl/dma_rx_engine.v:1]
INFO: [Synth 8-6155] done synthesizing module 'dma_rx_engine' (0#1) [H:/Academic/senior_project/DATN/work/luc/AES_huffman_all6/rtl/dma_rx_engine.v:1]
INFO: [Synth 8-6155] done synthesizing module 'rv32_soc_top' (0#1) [H:/Academic/senior_project/DATN/work/luc/AES_huffman_all6/rtl/rv32_soc_top.v:12]
WARNING: [Synth 8-6014] Unused sequential element tx_meta_r_reg was removed.  [H:/Academic/senior_project/DATN/work/luc/AES_huffman_all6/rtl/dma_tx_engine.v:126]
WARNING: [Synth 8-7129] Port clear_done_i in module dma_rx_engine is either unconnected or has no load
WARNING: [Synth 8-7129] Port block_size_i[5] in module dma_rx_engine is either unconnected or has no load
WARNING: [Synth 8-7129] Port block_size_i[4] in module dma_rx_engine is either unconnected or has no load
WARNING: [Synth 8-7129] Port block_size_i[3] in module dma_rx_engine is either unconnected or has no load
WARNING: [Synth 8-7129] Port block_size_i[2] in module dma_rx_engine is either unconnected or has no load
WARNING: [Synth 8-7129] Port block_size_i[1] in module dma_rx_engine is either unconnected or has no load
WARNING: [Synth 8-7129] Port block_size_i[0] in module dma_rx_engine is either unconnected or has no load
WARNING: [Synth 8-7129] Port clear_done_i in module dma_tx_engine is either unconnected or has no load
WARNING: [Synth 8-7129] Port payload_window_data[31] in module huffman_block_decoder is either unconnected or has no load
WARNING: [Synth 8-7129] Port rst_n in module aes128_key_expansion_inv is either unconnected or has no load
WARNING: [Synth 8-7129] Port rst_n in module aes128_key_expansion is either unconnected or has no load
WARNING: [Synth 8-7129] Port addra[31] in module DMEM_ip is either unconnected or has no load
WARNING: [Synth 8-7129] Port addra[30] in module DMEM_ip is either unconnected or has no load
WARNING: [Synth 8-7129] Port addra[29] in module DMEM_ip is either unconnected or has no load
WARNING: [Synth 8-7129] Port addra[28] in module DMEM_ip is either unconnected or has no load
WARNING: [Synth 8-7129] Port addra[27] in module DMEM_ip is either unconnected or has no load
WARNING: [Synth 8-7129] Port addra[26] in module DMEM_ip is either unconnected or has no load
WARNING: [Synth 8-7129] Port addra[25] in module DMEM_ip is either unconnected or has no load
WARNING: [Synth 8-7129] Port addra[24] in module DMEM_ip is either unconnected or has no load
WARNING: [Synth 8-7129] Port addra[23] in module DMEM_ip is either unconnected or has no load
WARNING: [Synth 8-7129] Port addra[22] in module DMEM_ip is either unconnected or has no load
WARNING: [Synth 8-7129] Port addra[21] in module DMEM_ip is either unconnected or has no load
WARNING: [Synth 8-7129] Port addra[20] in module DMEM_ip is either unconnected or has no load
WARNING: [Synth 8-7129] Port addra[19] in module DMEM_ip is either unconnected or has no load
WARNING: [Synth 8-7129] Port addra[18] in module DMEM_ip is either unconnected or has no load
WARNING: [Synth 8-7129] Port addra[17] in module DMEM_ip is either unconnected or has no load
WARNING: [Synth 8-7129] Port addra[16] in module DMEM_ip is either unconnected or has no load
WARNING: [Synth 8-7129] Port addra[15] in module DMEM_ip is either unconnected or has no load
WARNING: [Synth 8-7129] Port addra[1] in module DMEM_ip is either unconnected or has no load
WARNING: [Synth 8-7129] Port addra[0] in module DMEM_ip is either unconnected or has no load
WARNING: [Synth 8-7129] Port addrb[31] in module DMEM_ip is either unconnected or has no load
WARNING: [Synth 8-7129] Port addrb[30] in module DMEM_ip is either unconnected or has no load
WARNING: [Synth 8-7129] Port addrb[29] in module DMEM_ip is either unconnected or has no load
WARNING: [Synth 8-7129] Port addrb[28] in module DMEM_ip is either unconnected or has no load
WARNING: [Synth 8-7129] Port addrb[27] in module DMEM_ip is either unconnected or has no load
WARNING: [Synth 8-7129] Port addrb[26] in module DMEM_ip is either unconnected or has no load
WARNING: [Synth 8-7129] Port addrb[25] in module DMEM_ip is either unconnected or has no load
WARNING: [Synth 8-7129] Port addrb[24] in module DMEM_ip is either unconnected or has no load
WARNING: [Synth 8-7129] Port addrb[23] in module DMEM_ip is either unconnected or has no load
WARNING: [Synth 8-7129] Port addrb[22] in module DMEM_ip is either unconnected or has no load
WARNING: [Synth 8-7129] Port addrb[21] in module DMEM_ip is either unconnected or has no load
WARNING: [Synth 8-7129] Port addrb[20] in module DMEM_ip is either unconnected or has no load
WARNING: [Synth 8-7129] Port addrb[19] in module DMEM_ip is either unconnected or has no load
WARNING: [Synth 8-7129] Port addrb[18] in module DMEM_ip is either unconnected or has no load
WARNING: [Synth 8-7129] Port addrb[17] in module DMEM_ip is either unconnected or has no load
WARNING: [Synth 8-7129] Port addrb[16] in module DMEM_ip is either unconnected or has no load
WARNING: [Synth 8-7129] Port addrb[15] in module DMEM_ip is either unconnected or has no load
WARNING: [Synth 8-7129] Port addrb[1] in module DMEM_ip is either unconnected or has no load
WARNING: [Synth 8-7129] Port addrb[0] in module DMEM_ip is either unconnected or has no load
---------------------------------------------------------------------------------
Finished Synthesize : Time (s): cpu = 00:00:47 ; elapsed = 00:00:50 . Memory (MB): peak = 2262.781 ; gain = 1638.965
---------------------------------------------------------------------------------
---------------------------------------------------------------------------------
Finished Constraint Validation : Time (s): cpu = 00:00:55 ; elapsed = 00:01:00 . Memory (MB): peak = 2262.781 ; gain = 1638.965
---------------------------------------------------------------------------------
---------------------------------------------------------------------------------
Start Loading Part and Timing Information
---------------------------------------------------------------------------------
Loading part: xc7z020clg484-1
---------------------------------------------------------------------------------
INFO: [Device 21-403] Loading part xc7z020clg484-1
Finished Loading Part and Timing Information : Time (s): cpu = 00:00:55 ; elapsed = 00:01:00 . Memory (MB): peak = 2262.781 ; gain = 1638.965
---------------------------------------------------------------------------------
INFO: [Synth 8-802] inferred FSM for state register 'state_reg' in module 'input_collect_unit'
INFO: [Synth 8-802] inferred FSM for state register 'state_reg' in module 'symbol_list_builder'
INFO: [Synth 8-802] inferred FSM for state register 'state_reg' in module 'code_length_builder'
INFO: [Synth 8-802] inferred FSM for state register 'state_reg' in module 'canonical_code_generator'
INFO: [Synth 8-802] inferred FSM for state register 'state_reg' in module 'huffman_builder'
INFO: [Synth 8-802] inferred FSM for state register 'state_reg' in module 'mode_decision_logic'
INFO: [Synth 8-802] inferred FSM for state register 'state_reg' in module 'header_formatter'
INFO: [Synth 8-802] inferred FSM for state register 'state_reg' in module 'payload_emitter'
INFO: [Synth 8-802] inferred FSM for state register 'state_reg' in module 'stream_output_interface'
INFO: [Synth 8-802] inferred FSM for state register 'state_reg' in module 'emit_backend'
INFO: [Synth 8-802] inferred FSM for state register 'state_reg' in module 'control_fsm'
INFO: [Synth 8-802] inferred FSM for state register 'state_r_reg' in module 'huffman_block_decoder'
INFO: [Synth 8-802] inferred FSM for state register 'state_r_reg' in module 'cpu_mmio_to_apb_bridge'
WARNING: [Synth 8-6841] Block RAM (mem_reg) originally specified as a Byte Wide Write Enable RAM cannot take advantage of ByteWide feature and is implemented with single write enable per RAM due to following reason.
(address width (13) is more than optimal threshold of 12. Implementing using BWWE will require more logic and timing would be suboptimal. Please use attribute ram_decomp = power if BWWE is desired.)
INFO: [Synth 8-3971] The signal "DMEM_ip:/mem_reg" was recognized as a true dual port RAM template.
---------------------------------------------------------------------------------------------------
                   State |                     New Encoding |                Previous Encoding 
---------------------------------------------------------------------------------------------------
                 ST_IDLE |                               11 |                               00
           ST_WAIT_FIRST |                               01 |                               01
              ST_COLLECT |                               10 |                               10
                 ST_DONE |                               00 |                               11
---------------------------------------------------------------------------------------------------
INFO: [Synth 8-3354] encoded FSM with state register 'state_reg' using encoding 'sequential' in module 'input_collect_unit'
---------------------------------------------------------------------------------------------------
                   State |                     New Encoding |                Previous Encoding 
---------------------------------------------------------------------------------------------------
                 ST_IDLE |                             0001 |                               00
                 ST_INIT |                             0010 |                               01
                 ST_SCAN |                             0100 |                               10
                 ST_DONE |                             1000 |                               11
---------------------------------------------------------------------------------------------------
INFO: [Synth 8-3354] encoded FSM with state register 'state_reg' using encoding 'one-hot' in module 'symbol_list_builder'
---------------------------------------------------------------------------------------------------
                   State |                     New Encoding |                Previous Encoding 
---------------------------------------------------------------------------------------------------
                 ST_IDLE |                              000 |                              000
                 ST_INIT |                              010 |                              001
                 ST_LOAD |                              101 |                              010
                ST_BUILD |                              100 |                              011
            ST_MAP_TABLE |                              011 |                              100
                 ST_DONE |                              001 |                              101
---------------------------------------------------------------------------------------------------
INFO: [Synth 8-3354] encoded FSM with state register 'state_reg' using encoding 'sequential' in module 'code_length_builder'
---------------------------------------------------------------------------------------------------
                   State |                     New Encoding |                Previous Encoding 
---------------------------------------------------------------------------------------------------
                 ST_IDLE |                              000 |                              000
                 ST_INIT |                              010 |                              001
                 ST_LOAD |                              101 |                              010
                 ST_SORT |                              100 |                              011
               ST_ASSIGN |                              011 |                              100
                 ST_DONE |                              001 |                              101
---------------------------------------------------------------------------------------------------
INFO: [Synth 8-3354] encoded FSM with state register 'state_reg' using encoding 'sequential' in module 'canonical_code_generator'
---------------------------------------------------------------------------------------------------
                   State |                     New Encoding |                Previous Encoding 
---------------------------------------------------------------------------------------------------
                 ST_IDLE |                         00000001 |                             0000
            ST_START_SLB |                         00000100 |                             0001
              ST_RUN_SLB |                         10000000 |                             0010
            ST_START_CLB |                         01000000 |                             0011
              ST_RUN_CLB |                         00100000 |                             0100
            ST_START_CGG |                         00010000 |                             0101
              ST_RUN_CGG |                         00001000 |                             0110
                 ST_DONE |                         00000010 |                             0111
---------------------------------------------------------------------------------------------------
INFO: [Synth 8-3354] encoded FSM with state register 'state_reg' using encoding 'one-hot' in module 'huffman_builder'
---------------------------------------------------------------------------------------------------
                   State |                     New Encoding |                Previous Encoding 
---------------------------------------------------------------------------------------------------
                 ST_IDLE |                              000 |                              000
                 ST_INIT |                              010 |                              001
                 ST_SCAN |                              100 |                              010
              ST_COMPARE |                              011 |                              011
                 ST_DONE |                              001 |                              100
---------------------------------------------------------------------------------------------------
INFO: [Synth 8-3354] encoded FSM with state register 'state_reg' using encoding 'sequential' in module 'mode_decision_logic'
---------------------------------------------------------------------------------------------------
                   State |                     New Encoding |                Previous Encoding 
---------------------------------------------------------------------------------------------------
                 ST_IDLE |                              000 |                              000
                 ST_INIT |                              010 |                              001
            ST_BUILD_ONE |                              110 |                              110
         ST_BUILD_SYMBOL |                              101 |                              010
           ST_PREP_CHUNK |                              100 |                              011
           ST_SEND_CHUNK |                              011 |                              100
                 ST_DONE |                              001 |                              101
---------------------------------------------------------------------------------------------------
INFO: [Synth 8-3354] encoded FSM with state register 'state_reg' using encoding 'sequential' in module 'header_formatter'
---------------------------------------------------------------------------------------------------
                   State |                     New Encoding |                Previous Encoding 
---------------------------------------------------------------------------------------------------
                 ST_IDLE |                              000 |                              000
                 ST_INIT |                              010 |                              001
                 ST_PREP |                              100 |                              010
                 ST_SEND |                              011 |                              011
                 ST_DONE |                              001 |                              100
---------------------------------------------------------------------------------------------------
INFO: [Synth 8-3354] encoded FSM with state register 'state_reg' using encoding 'sequential' in module 'payload_emitter'
---------------------------------------------------------------------------------------------------
                   State |                     New Encoding |                Previous Encoding 
---------------------------------------------------------------------------------------------------
                 ST_IDLE |                               11 |                               00
               ST_HEADER |                               01 |                               01
              ST_PAYLOAD |                               10 |                               10
                 ST_DONE |                               00 |                               11
---------------------------------------------------------------------------------------------------
INFO: [Synth 8-3354] encoded FSM with state register 'state_reg' using encoding 'sequential' in module 'stream_output_interface'
---------------------------------------------------------------------------------------------------
                   State |                     New Encoding |                Previous Encoding 
---------------------------------------------------------------------------------------------------
                 ST_IDLE |                              000 |                              000
         ST_START_HEADER |                              001 |                              001
           ST_RUN_HEADER |                              010 |                              010
        ST_START_PAYLOAD |                              011 |                              011
          ST_RUN_PAYLOAD |                              100 |                              100
---------------------------------------------------------------------------------------------------
INFO: [Synth 8-3354] encoded FSM with state register 'state_reg' using encoding 'sequential' in module 'emit_backend'
---------------------------------------------------------------------------------------------------
                   State |                     New Encoding |                Previous Encoding 
---------------------------------------------------------------------------------------------------
                 ST_IDLE |                      00000100000 |                             0000
        ST_START_COLLECT |                      00001000000 |                             0001
         ST_WAIT_COLLECT |                      00000010000 |                             0010
          ST_START_BUILD |                      00000000001 |                             0011
           ST_WAIT_BUILD |                      00000000010 |                             0100
           ST_START_MODE |                      00000001000 |                             0101
            ST_WAIT_MODE |                      10000000000 |                             0110
           ST_START_EMIT |                      00010000000 |                             0111
            ST_WAIT_EMIT |                      00100000000 |                             1000
                ST_ERROR |                      00000000100 |                             1010
                 ST_DONE |                      01000000000 |                             1001
---------------------------------------------------------------------------------------------------
INFO: [Synth 8-3354] encoded FSM with state register 'state_reg' using encoding 'one-hot' in module 'control_fsm'
---------------------------------------------------------------------------------------------------
                   State |                     New Encoding |                Previous Encoding 
---------------------------------------------------------------------------------------------------
                 ST_IDLE |                     000000000001 |                             0000
      ST_EMPTY_WAIT_DONE |                     000000000010 |                             0001
        ST_ONE_WAIT_DONE |                     000000000100 |                             0010
              ST_ONE_RUN |                     000000001000 |                             0011
              ST_RAW_RUN |                     000000010000 |                             0100
        ST_RAW_WAIT_DONE |                     000000100000 |                             0101
           ST_COMP_ENTRY |                     000001000000 |                             0110
            ST_COMP_SORT |                     000010000000 |                             0111
          ST_COMP_ASSIGN |                     000100000000 |                             1000
          ST_COMP_DECODE |                     001000000000 |                             1001
       ST_COMP_WAIT_DONE |                     010000000000 |                             1010
            ST_FINAL_OUT |                     100000000000 |                             1011
---------------------------------------------------------------------------------------------------
INFO: [Synth 8-3354] encoded FSM with state register 'state_r_reg' using encoding 'one-hot' in module 'huffman_block_decoder'
---------------------------------------------------------------------------------------------------
                   State |                     New Encoding |                Previous Encoding 
---------------------------------------------------------------------------------------------------
              STATE_IDLE |                                0 |                               00
            STATE_ACCESS |                                1 |                               10
---------------------------------------------------------------------------------------------------
INFO: [Synth 8-3354] encoded FSM with state register 'state_r_reg' using encoding 'sequential' in module 'cpu_mmio_to_apb_bridge'
---------------------------------------------------------------------------------
Finished RTL Optimization Phase 2 : Time (s): cpu = 00:02:37 ; elapsed = 00:02:42 . Memory (MB): peak = 2454.348 ; gain = 1830.531
---------------------------------------------------------------------------------
No constraint files found.
---------------------------------------------------------------------------------
Start RTL Component Statistics 
---------------------------------------------------------------------------------
Detailed RTL Component Info : 
+---Adders : 
	   2 Input   32 Bit       Adders := 15    
	   3 Input   32 Bit       Adders := 2     
	   2 Input   31 Bit       Adders := 2     
	   2 Input   15 Bit       Adders := 120   
	   2 Input   13 Bit       Adders := 2     
	   2 Input   12 Bit       Adders := 31    
	   3 Input   11 Bit       Adders := 33    
	   4 Input   11 Bit       Adders := 1     
	   2 Input   11 Bit       Adders := 65    
	   2 Input   10 Bit       Adders := 40    
	   4 Input   10 Bit       Adders := 1     
	   3 Input   10 Bit       Adders := 3     
	   2 Input    9 Bit       Adders := 377   
	   2 Input    8 Bit       Adders := 127   
	   2 Input    7 Bit       Adders := 74    
	   2 Input    6 Bit       Adders := 30    
	   3 Input    6 Bit       Adders := 3     
	   2 Input    5 Bit       Adders := 1057  
	   3 Input    5 Bit       Adders := 2     
	   2 Input    4 Bit       Adders := 11    
	   2 Input    3 Bit       Adders := 4     
	   2 Input    2 Bit       Adders := 2     
+---XORs : 
	   2 Input    128 Bit         XORs := 2     
	   3 Input     32 Bit         XORs := 2     
	   2 Input     32 Bit         XORs := 7     
	   2 Input      8 Bit         XORs := 73    
	   3 Input      8 Bit         XORs := 12    
	   5 Input      8 Bit         XORs := 14    
	   4 Input      8 Bit         XORs := 8     
	   7 Input      8 Bit         XORs := 4     
	   6 Input      8 Bit         XORs := 5     
	   2 Input      4 Bit         XORs := 80    
	   2 Input      2 Bit         XORs := 400   
	   2 Input      1 Bit         XORs := 1554  
	   4 Input      1 Bit         XORs := 80    
	   3 Input      1 Bit         XORs := 653   
	   6 Input      1 Bit         XORs := 72    
	   5 Input      1 Bit         XORs := 29    
+---XORs : 
	                4 Bit    Wide XORs := 40    
+---Registers : 
	              430 Bit    Registers := 1     
	              152 Bit    Registers := 1     
	              128 Bit    Registers := 14    
	               32 Bit    Registers := 193   
	               31 Bit    Registers := 130   
	               11 Bit    Registers := 5     
	               10 Bit    Registers := 5     
	                8 Bit    Registers := 214   
	                7 Bit    Registers := 3     
	                6 Bit    Registers := 221   
	                5 Bit    Registers := 303   
	                4 Bit    Registers := 13    
	                3 Bit    Registers := 28    
	                2 Bit    Registers := 14    
	                1 Bit    Registers := 291   
+---RAMs : 
	             256K Bit	(8192 X 32 bit)          RAMs := 1     
+---ROMs : 
	                    ROMs := 2     
+---Muxes : 
	   2 Input  512 Bit        Muxes := 92    
	   4 Input  430 Bit        Muxes := 1     
	 512 Input  430 Bit        Muxes := 1     
	   2 Input  430 Bit        Muxes := 1     
	   7 Input  430 Bit        Muxes := 2     
	   2 Input  152 Bit        Muxes := 285   
	   2 Input  128 Bit        Muxes := 18    
	   5 Input  120 Bit        Muxes := 1     
	   6 Input   32 Bit        Muxes := 1     
	   2 Input   32 Bit        Muxes := 70    
	   7 Input   32 Bit        Muxes := 1     
	   5 Input   32 Bit        Muxes := 1     
	   3 Input   32 Bit        Muxes := 5     
	   4 Input   32 Bit        Muxes := 6     
	  13 Input   32 Bit        Muxes := 1     
	  26 Input   32 Bit        Muxes := 2     
	  28 Input   32 Bit        Muxes := 8     
	   2 Input   31 Bit        Muxes := 4     
	   6 Input   31 Bit        Muxes := 2     
	  12 Input   31 Bit        Muxes := 3     
	   3 Input   16 Bit        Muxes := 1     
	   2 Input   13 Bit        Muxes := 7     
	  17 Input   12 Bit        Muxes := 1     
	   2 Input   11 Bit        Muxes := 6     
	   5 Input   11 Bit        Muxes := 2     
	  11 Input   11 Bit        Muxes := 1     
	   4 Input   10 Bit        Muxes := 1     
	   7 Input   10 Bit        Muxes := 2     
	   2 Input   10 Bit        Muxes := 59    
	   2 Input    9 Bit        Muxes := 1     
	   3 Input    8 Bit        Muxes := 2     
	   4 Input    8 Bit        Muxes := 5     
	   2 Input    8 Bit        Muxes := 155   
	   6 Input    8 Bit        Muxes := 35    
	   8 Input    8 Bit        Muxes := 1     
	  12 Input    8 Bit        Muxes := 34    
	   2 Input    7 Bit        Muxes := 11    
	   4 Input    7 Bit        Muxes := 1     
	   3 Input    7 Bit        Muxes := 2     
	   5 Input    7 Bit        Muxes := 1     
	  26 Input    7 Bit        Muxes := 1     
	   2 Input    6 Bit        Muxes := 334   
	   3 Input    6 Bit        Muxes := 7     
	   4 Input    6 Bit        Muxes := 5     
	   6 Input    6 Bit        Muxes := 13    
	   7 Input    6 Bit        Muxes := 3     
	   5 Input    6 Bit        Muxes := 3     
	  12 Input    6 Bit        Muxes := 5     
	   2 Input    5 Bit        Muxes := 226   
	   6 Input    5 Bit        Muxes := 67    
	   4 Input    5 Bit        Muxes := 2     
	   3 Input    5 Bit        Muxes := 2     
	  12 Input    5 Bit        Muxes := 34    
	  28 Input    5 Bit        Muxes := 1     
	   2 Input    4 Bit        Muxes := 109   
	   4 Input    4 Bit        Muxes := 3     
	  11 Input    4 Bit        Muxes := 1     
	   6 Input    4 Bit        Muxes := 4     
	   3 Input    4 Bit        Muxes := 3     
	   7 Input    4 Bit        Muxes := 1     
	   2 Input    3 Bit        Muxes := 94    
	   6 Input    3 Bit        Muxes := 4     
	   3 Input    3 Bit        Muxes := 7     
	  13 Input    3 Bit        Muxes := 2     
	   5 Input    3 Bit        Muxes := 5     
	   4 Input    3 Bit        Muxes := 1     
	  28 Input    3 Bit        Muxes := 1     
	   2 Input    2 Bit        Muxes := 62    
	   6 Input    2 Bit        Muxes := 5     
	   4 Input    2 Bit        Muxes := 4     
	   5 Input    2 Bit        Muxes := 1     
	   3 Input    2 Bit        Muxes := 6     
	   2 Input    1 Bit        Muxes := 4734  
	   3 Input    1 Bit        Muxes := 43    
	   4 Input    1 Bit        Muxes := 50    
	   6 Input    1 Bit        Muxes := 573   
	   8 Input    1 Bit        Muxes := 1     
	   7 Input    1 Bit        Muxes := 16    
	   5 Input    1 Bit        Muxes := 20    
	  11 Input    1 Bit        Muxes := 3     
	  12 Input    1 Bit        Muxes := 89    
	  26 Input    1 Bit        Muxes := 16    
	  28 Input    1 Bit        Muxes := 14    
---------------------------------------------------------------------------------
Finished RTL Component Statistics 
---------------------------------------------------------------------------------
---------------------------------------------------------------------------------
Start Part Resource Summary
---------------------------------------------------------------------------------
Part Resources:
DSPs: 220 (col length:60)
BRAMs: 280 (col length: RAMB18 60 RAMB36 30)
---------------------------------------------------------------------------------
Finished Part Resource Summary
---------------------------------------------------------------------------------
No constraint files found.
---------------------------------------------------------------------------------
Start Cross Boundary and Area Optimization
---------------------------------------------------------------------------------
INFO: [Synth 8-3886] merging instance 'pending_word_r_reg[32]' (FDCE) to 'pending_word_r_reg[119]'
INFO: [Synth 8-3886] merging instance 'pending_word_r_reg[33]' (FDCE) to 'pending_word_r_reg[119]'
INFO: [Synth 8-3886] merging instance 'pending_word_r_reg[34]' (FDCE) to 'pending_word_r_reg[119]'
INFO: [Synth 8-3886] merging instance 'pending_word_r_reg[35]' (FDCE) to 'pending_word_r_reg[119]'
INFO: [Synth 8-3886] merging instance 'pending_word_r_reg[36]' (FDCE) to 'pending_word_r_reg[119]'
INFO: [Synth 8-3886] merging instance 'pending_word_r_reg[37]' (FDCE) to 'pending_word_r_reg[119]'
INFO: [Synth 8-3886] merging instance 'pending_word_r_reg[38]' (FDCE) to 'pending_word_r_reg[119]'
INFO: [Synth 8-3886] merging instance 'pending_word_r_reg[39]' (FDCE) to 'pending_word_r_reg[119]'
INFO: [Synth 8-3886] merging instance 'pending_word_r_reg[40]' (FDCE) to 'pending_word_r_reg[119]'
INFO: [Synth 8-3886] merging instance 'pending_word_r_reg[41]' (FDCE) to 'pending_word_r_reg[119]'
INFO: [Synth 8-3886] merging instance 'pending_word_r_reg[42]' (FDCE) to 'pending_word_r_reg[119]'
INFO: [Synth 8-3886] merging instance 'pending_word_r_reg[43]' (FDCE) to 'pending_word_r_reg[119]'
INFO: [Synth 8-3886] merging instance 'pending_word_r_reg[44]' (FDCE) to 'pending_word_r_reg[119]'
INFO: [Synth 8-3886] merging instance 'pending_word_r_reg[45]' (FDCE) to 'pending_word_r_reg[119]'
INFO: [Synth 8-3886] merging instance 'pending_word_r_reg[46]' (FDCE) to 'pending_word_r_reg[119]'
INFO: [Synth 8-3886] merging instance 'pending_word_r_reg[47]' (FDCE) to 'pending_word_r_reg[119]'
INFO: [Synth 8-3886] merging instance 'pending_word_r_reg[48]' (FDCE) to 'pending_word_r_reg[119]'
INFO: [Synth 8-3886] merging instance 'pending_word_r_reg[49]' (FDCE) to 'pending_word_r_reg[119]'
INFO: [Synth 8-3886] merging instance 'pending_word_r_reg[50]' (FDCE) to 'pending_word_r_reg[119]'
INFO: [Synth 8-3886] merging instance 'pending_word_r_reg[51]' (FDCE) to 'pending_word_r_reg[119]'
INFO: [Synth 8-3886] merging instance 'pending_word_r_reg[52]' (FDCE) to 'pending_word_r_reg[119]'
INFO: [Synth 8-3886] merging instance 'pending_word_r_reg[53]' (FDCE) to 'pending_word_r_reg[119]'
INFO: [Synth 8-3886] merging instance 'pending_word_r_reg[54]' (FDCE) to 'pending_word_r_reg[119]'
INFO: [Synth 8-3886] merging instance 'pending_word_r_reg[55]' (FDCE) to 'pending_word_r_reg[119]'
INFO: [Synth 8-3886] merging instance 'pending_word_r_reg[56]' (FDCE) to 'pending_word_r_reg[119]'
INFO: [Synth 8-3886] merging instance 'pending_word_r_reg[57]' (FDCE) to 'pending_word_r_reg[119]'
INFO: [Synth 8-3886] merging instance 'pending_word_r_reg[58]' (FDCE) to 'pending_word_r_reg[119]'
INFO: [Synth 8-3886] merging instance 'pending_word_r_reg[59]' (FDCE) to 'pending_word_r_reg[119]'
INFO: [Synth 8-3886] merging instance 'pending_word_r_reg[60]' (FDCE) to 'pending_word_r_reg[119]'
INFO: [Synth 8-3886] merging instance 'pending_word_r_reg[61]' (FDCE) to 'pending_word_r_reg[119]'
INFO: [Synth 8-3886] merging instance 'pending_word_r_reg[62]' (FDCE) to 'pending_word_r_reg[119]'
INFO: [Synth 8-3886] merging instance 'pending_word_r_reg[63]' (FDCE) to 'pending_word_r_reg[119]'
INFO: [Synth 8-3886] merging instance 'pending_word_r_reg[64]' (FDCE) to 'pending_word_r_reg[119]'
INFO: [Synth 8-3886] merging instance 'pending_word_r_reg[65]' (FDCE) to 'pending_word_r_reg[119]'
INFO: [Synth 8-3886] merging instance 'pending_word_r_reg[66]' (FDCE) to 'pending_word_r_reg[119]'
INFO: [Synth 8-3886] merging instance 'pending_word_r_reg[67]' (FDCE) to 'pending_word_r_reg[119]'
INFO: [Synth 8-3886] merging instance 'pending_word_r_reg[68]' (FDCE) to 'pending_word_r_reg[119]'
INFO: [Synth 8-3886] merging instance 'pending_word_r_reg[69]' (FDCE) to 'pending_word_r_reg[119]'
INFO: [Synth 8-3886] merging instance 'pending_word_r_reg[70]' (FDCE) to 'pending_word_r_reg[119]'
INFO: [Synth 8-3886] merging instance 'pending_word_r_reg[71]' (FDCE) to 'pending_word_r_reg[119]'
INFO: [Synth 8-3886] merging instance 'pending_word_r_reg[72]' (FDCE) to 'pending_word_r_reg[119]'
INFO: [Synth 8-3886] merging instance 'pending_word_r_reg[73]' (FDCE) to 'pending_word_r_reg[119]'
INFO: [Synth 8-3886] merging instance 'pending_word_r_reg[74]' (FDCE) to 'pending_word_r_reg[119]'
INFO: [Synth 8-3886] merging instance 'pending_word_r_reg[75]' (FDCE) to 'pending_word_r_reg[119]'
INFO: [Synth 8-3886] merging instance 'pending_word_r_reg[76]' (FDCE) to 'pending_word_r_reg[119]'
INFO: [Synth 8-3886] merging instance 'pending_word_r_reg[77]' (FDCE) to 'pending_word_r_reg[119]'
INFO: [Synth 8-3886] merging instance 'pending_word_r_reg[78]' (FDCE) to 'pending_word_r_reg[119]'
INFO: [Synth 8-3886] merging instance 'pending_word_r_reg[79]' (FDCE) to 'pending_word_r_reg[119]'
INFO: [Synth 8-3886] merging instance 'pending_word_r_reg[80]' (FDCE) to 'pending_word_r_reg[119]'
INFO: [Synth 8-3886] merging instance 'pending_word_r_reg[81]' (FDCE) to 'pending_word_r_reg[119]'
INFO: [Synth 8-3886] merging instance 'pending_word_r_reg[82]' (FDCE) to 'pending_word_r_reg[119]'
INFO: [Synth 8-3886] merging instance 'pending_word_r_reg[83]' (FDCE) to 'pending_word_r_reg[119]'
INFO: [Synth 8-3886] merging instance 'pending_word_r_reg[84]' (FDCE) to 'pending_word_r_reg[119]'
INFO: [Synth 8-3886] merging instance 'pending_word_r_reg[85]' (FDCE) to 'pending_word_r_reg[119]'
INFO: [Synth 8-3886] merging instance 'pending_word_r_reg[86]' (FDCE) to 'pending_word_r_reg[119]'
INFO: [Synth 8-3886] merging instance 'pending_word_r_reg[87]' (FDCE) to 'pending_word_r_reg[119]'
INFO: [Synth 8-3886] merging instance 'pending_word_r_reg[88]' (FDCE) to 'pending_word_r_reg[119]'
INFO: [Synth 8-3886] merging instance 'pending_word_r_reg[89]' (FDCE) to 'pending_word_r_reg[119]'
INFO: [Synth 8-3886] merging instance 'pending_word_r_reg[90]' (FDCE) to 'pending_word_r_reg[119]'
INFO: [Synth 8-3886] merging instance 'pending_word_r_reg[91]' (FDCE) to 'pending_word_r_reg[119]'
INFO: [Synth 8-3886] merging instance 'pending_word_r_reg[92]' (FDCE) to 'pending_word_r_reg[119]'
INFO: [Synth 8-3886] merging instance 'pending_word_r_reg[93]' (FDCE) to 'pending_word_r_reg[119]'
INFO: [Synth 8-3886] merging instance 'pending_word_r_reg[94]' (FDCE) to 'pending_word_r_reg[119]'
INFO: [Synth 8-3886] merging instance 'pending_word_r_reg[95]' (FDCE) to 'pending_word_r_reg[119]'
INFO: [Synth 8-3886] merging instance 'pending_word_r_reg[96]' (FDCE) to 'pending_word_r_reg[119]'
INFO: [Synth 8-3886] merging instance 'pending_word_r_reg[97]' (FDCE) to 'pending_word_r_reg[119]'
INFO: [Synth 8-3886] merging instance 'pending_word_r_reg[98]' (FDCE) to 'pending_word_r_reg[119]'
INFO: [Synth 8-3886] merging instance 'pending_word_r_reg[99]' (FDCE) to 'pending_word_r_reg[119]'
INFO: [Synth 8-3886] merging instance 'pending_word_r_reg[100]' (FDCE) to 'pending_word_r_reg[119]'
INFO: [Synth 8-3886] merging instance 'pending_word_r_reg[101]' (FDCE) to 'pending_word_r_reg[119]'
INFO: [Synth 8-3886] merging instance 'pending_word_r_reg[102]' (FDCE) to 'pending_word_r_reg[119]'
INFO: [Synth 8-3886] merging instance 'pending_word_r_reg[103]' (FDCE) to 'pending_word_r_reg[119]'
INFO: [Synth 8-3886] merging instance 'pending_word_r_reg[104]' (FDCE) to 'pending_word_r_reg[119]'
INFO: [Synth 8-3886] merging instance 'pending_word_r_reg[105]' (FDCE) to 'pending_word_r_reg[119]'
INFO: [Synth 8-3886] merging instance 'pending_word_r_reg[106]' (FDCE) to 'pending_word_r_reg[119]'
INFO: [Synth 8-3886] merging instance 'pending_word_r_reg[107]' (FDCE) to 'pending_word_r_reg[119]'
INFO: [Synth 8-3886] merging instance 'pending_word_r_reg[108]' (FDCE) to 'pending_word_r_reg[119]'
INFO: [Synth 8-3886] merging instance 'pending_word_r_reg[109]' (FDCE) to 'pending_word_r_reg[119]'
INFO: [Synth 8-3886] merging instance 'pending_word_r_reg[110]' (FDCE) to 'pending_word_r_reg[119]'
INFO: [Synth 8-3886] merging instance 'pending_word_r_reg[111]' (FDCE) to 'pending_word_r_reg[119]'
INFO: [Synth 8-3886] merging instance 'pending_word_r_reg[112]' (FDCE) to 'pending_word_r_reg[119]'
INFO: [Synth 8-3886] merging instance 'pending_word_r_reg[113]' (FDCE) to 'pending_word_r_reg[119]'
INFO: [Synth 8-3886] merging instance 'pending_word_r_reg[114]' (FDCE) to 'pending_word_r_reg[119]'
INFO: [Synth 8-3886] merging instance 'pending_word_r_reg[115]' (FDCE) to 'pending_word_r_reg[119]'
INFO: [Synth 8-3886] merging instance 'pending_word_r_reg[116]' (FDCE) to 'pending_word_r_reg[119]'
INFO: [Synth 8-3886] merging instance 'pending_word_r_reg[117]' (FDCE) to 'pending_word_r_reg[119]'
INFO: [Synth 8-3886] merging instance 'pending_word_r_reg[118]' (FDCE) to 'pending_word_r_reg[119]'
INFO: [Synth 8-3333] propagating constant 0 across sequential element (\pending_word_r_reg[119] )
INFO: [Synth 8-5544] ROM "inv_branch" won't be mapped to Block RAM because address size (4) smaller than threshold (5)
INFO: [Synth 8-5544] ROM "inv_branch" won't be mapped to Block RAM because address size (4) smaller than threshold (5)
INFO: [Synth 8-5544] ROM "inv_branch" won't be mapped to Block RAM because address size (4) smaller than threshold (5)
INFO: [Synth 8-5544] ROM "inv_branch" won't be mapped to Block RAM because address size (4) smaller than threshold (5)
INFO: [Synth 8-5544] ROM "inv_branch" won't be mapped to Block RAM because address size (4) smaller than threshold (5)
INFO: [Synth 8-5544] ROM "inv_branch" won't be mapped to Block RAM because address size (4) smaller than threshold (5)
INFO: [Synth 8-5544] ROM "inv_branch" won't be mapped to Block RAM because address size (4) smaller than threshold (5)
INFO: [Synth 8-5544] ROM "inv_branch" won't be mapped to Block RAM because address size (4) smaller than threshold (5)
INFO: [Synth 8-5544] ROM "inv_branch" won't be mapped to Block RAM because address size (4) smaller than threshold (5)
INFO: [Synth 8-5544] ROM "inv_branch" won't be mapped to Block RAM because address size (4) smaller than threshold (5)
INFO: [Synth 8-5544] ROM "inv_branch" won't be mapped to Block RAM because address size (4) smaller than threshold (5)
INFO: [Synth 8-5544] ROM "inv_branch" won't be mapped to Block RAM because address size (4) smaller than threshold (5)
INFO: [Synth 8-5544] ROM "inv_branch" won't be mapped to Block RAM because address size (4) smaller than threshold (5)
INFO: [Synth 8-5544] ROM "inv_branch" won't be mapped to Block RAM because address size (4) smaller than threshold (5)
INFO: [Synth 8-5544] ROM "inv_branch" won't be mapped to Block RAM because address size (4) smaller than threshold (5)
INFO: [Synth 8-5544] ROM "inv_branch" won't be mapped to Block RAM because address size (4) smaller than threshold (5)
INFO: [Synth 8-5544] ROM "u_aes128_key_expansion/inv_branch" won't be mapped to Block RAM because address size (4) smaller than threshold (5)
INFO: [Synth 8-5544] ROM "u_aes128_key_expansion/inv_branch" won't be mapped to Block RAM because address size (4) smaller than threshold (5)
INFO: [Synth 8-5544] ROM "u_aes128_key_expansion/inv_branch" won't be mapped to Block RAM because address size (4) smaller than threshold (5)
INFO: [Synth 8-5544] ROM "u_aes128_key_expansion/inv_branch" won't be mapped to Block RAM because address size (4) smaller than threshold (5)
INFO: [Synth 8-5544] ROM "u_aes128_key_expansion/aes128_rcon" won't be mapped to Block RAM because address size (4) smaller than threshold (5)
INFO: [Synth 8-3333] propagating constant 0 across sequential element (\one_symbol_value_r_reg[7] )
INFO: [Synth 8-3333] propagating constant 0 across sequential element (\payload_consume_len_r_reg[5] )
INFO: [Synth 8-5544] ROM "inv_b" won't be mapped to Block RAM because address size (4) smaller than threshold (5)
INFO: [Synth 8-5544] ROM "inv_b" won't be mapped to Block RAM because address size (4) smaller than threshold (5)
INFO: [Synth 8-5544] ROM "inv_b" won't be mapped to Block RAM because address size (4) smaller than threshold (5)
INFO: [Synth 8-5544] ROM "inv_b" won't be mapped to Block RAM because address size (4) smaller than threshold (5)
INFO: [Synth 8-5544] ROM "inv_b" won't be mapped to Block RAM because address size (4) smaller than threshold (5)
INFO: [Synth 8-5544] ROM "inv_b" won't be mapped to Block RAM because address size (4) smaller than threshold (5)
INFO: [Synth 8-5544] ROM "inv_b" won't be mapped to Block RAM because address size (4) smaller than threshold (5)
INFO: [Synth 8-5544] ROM "inv_b" won't be mapped to Block RAM because address size (4) smaller than threshold (5)
INFO: [Synth 8-5544] ROM "inv_b" won't be mapped to Block RAM because address size (4) smaller than threshold (5)
INFO: [Synth 8-5544] ROM "inv_b" won't be mapped to Block RAM because address size (4) smaller than threshold (5)
INFO: [Synth 8-5544] ROM "inv_b" won't be mapped to Block RAM because address size (4) smaller than threshold (5)
INFO: [Synth 8-5544] ROM "inv_b" won't be mapped to Block RAM because address size (4) smaller than threshold (5)
INFO: [Synth 8-5544] ROM "inv_b" won't be mapped to Block RAM because address size (4) smaller than threshold (5)
INFO: [Synth 8-5544] ROM "inv_b" won't be mapped to Block RAM because address size (4) smaller than threshold (5)
INFO: [Synth 8-5544] ROM "inv_b" won't be mapped to Block RAM because address size (4) smaller than threshold (5)
INFO: [Synth 8-5544] ROM "inv_b" won't be mapped to Block RAM because address size (4) smaller than threshold (5)
INFO: [Synth 8-5544] ROM "u_AES_top_rx/u_aes128_key_expansion_inv/inv_b" won't be mapped to Block RAM because address size (4) smaller than threshold (5)
INFO: [Synth 8-5544] ROM "u_AES_top_rx/u_aes128_key_expansion_inv/inv_b" won't be mapped to Block RAM because address size (4) smaller than threshold (5)
INFO: [Synth 8-5544] ROM "u_AES_top_rx/u_aes128_key_expansion_inv/inv_b" won't be mapped to Block RAM because address size (4) smaller than threshold (5)
INFO: [Synth 8-5544] ROM "u_AES_top_rx/u_aes128_key_expansion_inv/inv_b" won't be mapped to Block RAM because address size (4) smaller than threshold (5)
INFO: [Synth 8-5544] ROM "u_AES_top_rx/u_aes128_key_expansion_inv/aes128_rcon_inv" won't be mapped to Block RAM because address size (4) smaller than threshold (5)
WARNING: [Synth 8-7129] Port clear_done_i in module dma_rx_engine is either unconnected or has no load
WARNING: [Synth 8-7129] Port block_size_i[5] in module dma_rx_engine is either unconnected or has no load
WARNING: [Synth 8-7129] Port block_size_i[4] in module dma_rx_engine is either unconnected or has no load
WARNING: [Synth 8-7129] Port block_size_i[3] in module dma_rx_engine is either unconnected or has no load
WARNING: [Synth 8-7129] Port block_size_i[2] in module dma_rx_engine is either unconnected or has no load
WARNING: [Synth 8-7129] Port block_size_i[1] in module dma_rx_engine is either unconnected or has no load
WARNING: [Synth 8-7129] Port block_size_i[0] in module dma_rx_engine is either unconnected or has no load
WARNING: [Synth 8-7129] Port clear_done_i in module dma_tx_engine is either unconnected or has no load
WARNING: [Synth 8-7129] Port cpu_addr_i[31] in module dmem_ip_wrapper is either unconnected or has no load
WARNING: [Synth 8-7129] Port cpu_addr_i[30] in module dmem_ip_wrapper is either unconnected or has no load
WARNING: [Synth 8-7129] Port cpu_addr_i[29] in module dmem_ip_wrapper is either unconnected or has no load
WARNING: [Synth 8-7129] Port cpu_addr_i[28] in module dmem_ip_wrapper is either unconnected or has no load
WARNING: [Synth 8-7129] Port cpu_addr_i[27] in module dmem_ip_wrapper is either unconnected or has no load
WARNING: [Synth 8-7129] Port cpu_addr_i[26] in module dmem_ip_wrapper is either unconnected or has no load
WARNING: [Synth 8-7129] Port cpu_addr_i[25] in module dmem_ip_wrapper is either unconnected or has no load
WARNING: [Synth 8-7129] Port cpu_addr_i[24] in module dmem_ip_wrapper is either unconnected or has no load
WARNING: [Synth 8-7129] Port cpu_addr_i[23] in module dmem_ip_wrapper is either unconnected or has no load
WARNING: [Synth 8-7129] Port cpu_addr_i[22] in module dmem_ip_wrapper is either unconnected or has no load
WARNING: [Synth 8-7129] Port cpu_addr_i[21] in module dmem_ip_wrapper is either unconnected or has no load
WARNING: [Synth 8-7129] Port cpu_addr_i[20] in module dmem_ip_wrapper is either unconnected or has no load
WARNING: [Synth 8-7129] Port cpu_addr_i[19] in module dmem_ip_wrapper is either unconnected or has no load
WARNING: [Synth 8-7129] Port cpu_addr_i[18] in module dmem_ip_wrapper is either unconnected or has no load
WARNING: [Synth 8-7129] Port cpu_addr_i[17] in module dmem_ip_wrapper is either unconnected or has no load
WARNING: [Synth 8-7129] Port cpu_addr_i[16] in module dmem_ip_wrapper is either unconnected or has no load
WARNING: [Synth 8-7129] Port cpu_addr_i[15] in module dmem_ip_wrapper is either unconnected or has no load
WARNING: [Synth 8-7129] Port cpu_addr_i[1] in module dmem_ip_wrapper is either unconnected or has no load
WARNING: [Synth 8-7129] Port cpu_addr_i[0] in module dmem_ip_wrapper is either unconnected or has no load
WARNING: [Synth 8-7129] Port aux_addr_i[31] in module dmem_ip_wrapper is either unconnected or has no load
WARNING: [Synth 8-7129] Port aux_addr_i[30] in module dmem_ip_wrapper is either unconnected or has no load
WARNING: [Synth 8-7129] Port aux_addr_i[29] in module dmem_ip_wrapper is either unconnected or has no load
WARNING: [Synth 8-7129] Port aux_addr_i[28] in module dmem_ip_wrapper is either unconnected or has no load
WARNING: [Synth 8-7129] Port aux_addr_i[27] in module dmem_ip_wrapper is either unconnected or has no load
WARNING: [Synth 8-7129] Port aux_addr_i[26] in module dmem_ip_wrapper is either unconnected or has no load
WARNING: [Synth 8-7129] Port aux_addr_i[25] in module dmem_ip_wrapper is either unconnected or has no load
WARNING: [Synth 8-7129] Port aux_addr_i[24] in module dmem_ip_wrapper is either unconnected or has no load
WARNING: [Synth 8-7129] Port aux_addr_i[23] in module dmem_ip_wrapper is either unconnected or has no load
WARNING: [Synth 8-7129] Port aux_addr_i[22] in module dmem_ip_wrapper is either unconnected or has no load
WARNING: [Synth 8-7129] Port aux_addr_i[21] in module dmem_ip_wrapper is either unconnected or has no load
WARNING: [Synth 8-7129] Port aux_addr_i[20] in module dmem_ip_wrapper is either unconnected or has no load
WARNING: [Synth 8-7129] Port aux_addr_i[19] in module dmem_ip_wrapper is either unconnected or has no load
WARNING: [Synth 8-7129] Port aux_addr_i[18] in module dmem_ip_wrapper is either unconnected or has no load
WARNING: [Synth 8-7129] Port aux_addr_i[17] in module dmem_ip_wrapper is either unconnected or has no load
WARNING: [Synth 8-7129] Port aux_addr_i[16] in module dmem_ip_wrapper is either unconnected or has no load
WARNING: [Synth 8-7129] Port aux_addr_i[15] in module dmem_ip_wrapper is either unconnected or has no load
WARNING: [Synth 8-7129] Port aux_addr_i[1] in module dmem_ip_wrapper is either unconnected or has no load
WARNING: [Synth 8-7129] Port aux_addr_i[0] in module dmem_ip_wrapper is either unconnected or has no load
WARNING: [Synth 8-6841] Block RAM (u_dmem_ip/mem_reg) originally specified as a Byte Wide Write Enable RAM cannot take advantage of ByteWide feature and is implemented with single write enable per RAM due to following reason.
(address width (13) is more than optimal threshold of 12. Implementing using BWWE will require more logic and timing would be suboptimal. Please use attribute ram_decomp = power if BWWE is desired.)
INFO: [Synth 8-3971] The signal "u_dmem/u_dmem_ip/mem_reg" was recognized as a true dual port RAM template.
INFO: [Synth 8-3886] merging instance 'u_cpu/u_mem_stage/load_alu_result_r_reg[0]' (FDRE) to 'u_cpu/u_mem_stage/load_addr_low_r_reg[0]'
INFO: [Synth 8-3886] merging instance 'u_cpu/u_mem_stage/load_alu_result_r_reg[1]' (FDRE) to 'u_cpu/u_mem_stage/load_addr_low_r_reg[1]'
INFO: [Synth 8-3886] merging instance 'u_dma_rx_engine/apb_resume_state_r_reg[3]' (FDRE) to 'u_dma_rx_engine/apb_addr_r_reg[0]'
INFO: [Synth 8-3886] merging instance 'u_dma_rx_engine/apb_addr_r_reg[0]' (FDRE) to 'u_dma_rx_engine/apb_addr_r_reg[1]'
INFO: [Synth 8-3886] merging instance 'u_dma_rx_engine/apb_addr_r_reg[1]' (FDRE) to 'u_dma_rx_engine/apb_addr_r_reg[4]'
INFO: [Synth 8-3886] merging instance 'u_dma_rx_engine/apb_addr_r_reg[4]' (FDRE) to 'u_dma_rx_engine/apb_addr_r_reg[5]'
INFO: [Synth 8-3886] merging instance 'u_dma_rx_engine/apb_addr_r_reg[5]' (FDRE) to 'u_dma_rx_engine/apb_addr_r_reg[6]'
INFO: [Synth 8-3886] merging instance 'u_dma_rx_engine/apb_addr_r_reg[6]' (FDRE) to 'u_dma_rx_engine/apb_addr_r_reg[7]'
INFO: [Synth 8-3886] merging instance 'u_dma_rx_engine/apb_addr_r_reg[7]' (FDRE) to 'u_dma_rx_engine/apb_addr_r_reg[8]'
INFO: [Synth 8-3886] merging instance 'u_dma_rx_engine/apb_addr_r_reg[8]' (FDRE) to 'u_dma_rx_engine/apb_addr_r_reg[9]'
INFO: [Synth 8-3886] merging instance 'u_dma_rx_engine/apb_addr_r_reg[9]' (FDRE) to 'u_dma_rx_engine/apb_addr_r_reg[10]'
INFO: [Synth 8-3886] merging instance 'u_dma_rx_engine/apb_addr_r_reg[10]' (FDRE) to 'u_dma_rx_engine/apb_addr_r_reg[11]'
INFO: [Synth 8-3886] merging instance 'u_dma_rx_engine/apb_addr_r_reg[11]' (FDRE) to 'u_dma_rx_engine/apb_addr_r_reg[12]'
INFO: [Common 17-14] Message 'Synth 8-3886' appears 100 times and further instances of the messages will be disabled. Use the Tcl command set_msg_config to change the current settings.
INFO: [Synth 8-3333] propagating constant 0 across sequential element (u_dma_rx_engine/\apb_addr_r_reg[31] )
---------------------------------------------------------------------------------
Finished Cross Boundary and Area Optimization : Time (s): cpu = 00:14:04 ; elapsed = 00:16:10 . Memory (MB): peak = 2552.344 ; gain = 1928.527
---------------------------------------------------------------------------------
---------------------------------------------------------------------------------
Start ROM, RAM, DSP, Shift Register and Retiming Reporting
---------------------------------------------------------------------------------

Block RAM: Preliminary Mapping Report (see note below)
+------------+-------------------+------------------------+---+---+------------------------+---+---+------------------+--------+--------+
|Module Name | RTL Object        | PORT A (Depth x Width) | W | R | PORT B (Depth x Width) | W | R | Ports driving FF | RAMB18 | RAMB36 | 
+------------+-------------------+------------------------+---+---+------------------------+---+---+------------------+--------+--------+
|u_dmem      | u_dmem_ip/mem_reg | 8 K x 32(READ_FIRST)   | W | R | 8 K x 32(READ_FIRST)   | W | R | Port A and B     | 0      | 8      | 
+------------+-------------------+------------------------+---+---+------------------------+---+---+------------------+--------+--------+

Note: The table above is a preliminary report that shows the Block RAMs at the current stage of the synthesis flow. Some Block RAMs may be reimplemented as non Block RAM primitives later in the synthesis flow. Multiple instantiated Block RAMs are reported only once. 
---------------------------------------------------------------------------------
Finished ROM, RAM, DSP, Shift Register and Retiming Reporting
---------------------------------------------------------------------------------
No constraint files found.
---------------------------------------------------------------------------------
Start Timing Optimization
---------------------------------------------------------------------------------
---------------------------------------------------------------------------------
Finished Timing Optimization : Time (s): cpu = 00:14:35 ; elapsed = 00:16:46 . Memory (MB): peak = 2552.344 ; gain = 1928.527
---------------------------------------------------------------------------------
---------------------------------------------------------------------------------
Start ROM, RAM, DSP, Shift Register and Retiming Reporting
---------------------------------------------------------------------------------

Block RAM: Final Mapping Report
+------------+-------------------+------------------------+---+---+------------------------+---+---+------------------+--------+--------+
|Module Name | RTL Object        | PORT A (Depth x Width) | W | R | PORT B (Depth x Width) | W | R | Ports driving FF | RAMB18 | RAMB36 | 
+------------+-------------------+------------------------+---+---+------------------------+---+---+------------------+--------+--------+
|u_dmem      | u_dmem_ip/mem_reg | 8 K x 32(READ_FIRST)   | W | R | 8 K x 32(READ_FIRST)   | W | R | Port A and B     | 0      | 8      | 
+------------+-------------------+------------------------+---+---+------------------------+---+---+------------------+--------+--------+

---------------------------------------------------------------------------------
Finished ROM, RAM, DSP, Shift Register and Retiming Reporting
---------------------------------------------------------------------------------
---------------------------------------------------------------------------------
Start Technology Mapping
---------------------------------------------------------------------------------
INFO: [Synth 8-3333] propagating constant 0 across sequential element (\u_reg_file/registers_reg[0][11] )
INFO: [Synth 8-3333] propagating constant 0 across sequential element (\u_reg_file/registers_reg[0][27] )
INFO: [Synth 8-3333] propagating constant 0 across sequential element (\u_reg_file/registers_reg[0][19] )
INFO: [Synth 8-3333] propagating constant 0 across sequential element (\u_reg_file/registers_reg[0][31] )
INFO: [Synth 8-3333] propagating constant 0 across sequential element (\u_reg_file/registers_reg[0][15] )
INFO: [Synth 8-3333] propagating constant 0 across sequential element (\u_reg_file/registers_reg[0][23] )
INFO: [Synth 8-3333] propagating constant 0 across sequential element (\u_reg_file/registers_reg[0][7] )
INFO: [Synth 8-3333] propagating constant 0 across sequential element (\u_reg_file/registers_reg[0][13] )
INFO: [Synth 8-3333] propagating constant 0 across sequential element (\u_reg_file/registers_reg[0][29] )
INFO: [Synth 8-3333] propagating constant 0 across sequential element (\u_reg_file/registers_reg[0][21] )
INFO: [Synth 8-3333] propagating constant 0 across sequential element (\u_reg_file/registers_reg[0][5] )
INFO: [Synth 8-3333] propagating constant 0 across sequential element (\u_reg_file/registers_reg[0][9] )
INFO: [Synth 8-3333] propagating constant 0 across sequential element (\u_reg_file/registers_reg[0][25] )
INFO: [Synth 8-3333] propagating constant 0 across sequential element (\u_reg_file/registers_reg[0][17] )
INFO: [Synth 8-3333] propagating constant 0 across sequential element (\u_reg_file/registers_reg[0][8] )
INFO: [Synth 8-3333] propagating constant 0 across sequential element (\u_reg_file/registers_reg[0][24] )
INFO: [Synth 8-3333] propagating constant 0 across sequential element (\u_reg_file/registers_reg[0][16] )
INFO: [Synth 8-3333] propagating constant 0 across sequential element (\u_reg_file/registers_reg[0][12] )
INFO: [Synth 8-3333] propagating constant 0 across sequential element (\u_reg_file/registers_reg[0][28] )
INFO: [Synth 8-3333] propagating constant 0 across sequential element (\u_reg_file/registers_reg[0][20] )
INFO: [Synth 8-3333] propagating constant 0 across sequential element (\u_reg_file/registers_reg[0][10] )
INFO: [Synth 8-3333] propagating constant 0 across sequential element (\u_reg_file/registers_reg[0][26] )
INFO: [Synth 8-3333] propagating constant 0 across sequential element (\u_reg_file/registers_reg[0][18] )
INFO: [Synth 8-3333] propagating constant 0 across sequential element (\u_reg_file/registers_reg[0][14] )
INFO: [Synth 8-3333] propagating constant 0 across sequential element (\u_reg_file/registers_reg[0][30] )
INFO: [Synth 8-3333] propagating constant 0 across sequential element (\u_reg_file/registers_reg[0][22] )
INFO: [Synth 8-3333] propagating constant 0 across sequential element (\u_reg_file/registers_reg[0][6] )
INFO: [Synth 8-3333] propagating constant 0 across sequential element (\u_reg_file/registers_reg[0][0] )
INFO: [Synth 8-3333] propagating constant 0 across sequential element (\u_reg_file/registers_reg[0][3] )
INFO: [Synth 8-3333] propagating constant 0 across sequential element (\u_reg_file/registers_reg[0][4] )
INFO: [Synth 8-3333] propagating constant 0 across sequential element (\u_reg_file/registers_reg[0][1] )
INFO: [Synth 8-3333] propagating constant 0 across sequential element (\u_reg_file/registers_reg[0][2] )
INFO: [Synth 8-7052] The timing for the instance i_0/u_dmem/u_dmem_ip/mem_reg_0_0 (implemented as a Block RAM) might be sub-optimal as no optional output register could be merged into the ram block. Providing additional output register may help in improving timing.
INFO: [Synth 8-7052] The timing for the instance i_0/u_dmem/u_dmem_ip/mem_reg_0_0 (implemented as a Block RAM) might be sub-optimal as no optional output register could be merged into the ram block. Providing additional output register may help in improving timing.
INFO: [Synth 8-7052] The timing for the instance i_0/u_dmem/u_dmem_ip/mem_reg_0_1 (implemented as a Block RAM) might be sub-optimal as no optional output register could be merged into the ram block. Providing additional output register may help in improving timing.
INFO: [Synth 8-7052] The timing for the instance i_0/u_dmem/u_dmem_ip/mem_reg_0_1 (implemented as a Block RAM) might be sub-optimal as no optional output register could be merged into the ram block. Providing additional output register may help in improving timing.
INFO: [Synth 8-7052] The timing for the instance i_0/u_dmem/u_dmem_ip/mem_reg_1_0 (implemented as a Block RAM) might be sub-optimal as no optional output register could be merged into the ram block. Providing additional output register may help in improving timing.
INFO: [Synth 8-7052] The timing for the instance i_0/u_dmem/u_dmem_ip/mem_reg_1_0 (implemented as a Block RAM) might be sub-optimal as no optional output register could be merged into the ram block. Providing additional output register may help in improving timing.
INFO: [Synth 8-7052] The timing for the instance i_0/u_dmem/u_dmem_ip/mem_reg_1_1 (implemented as a Block RAM) might be sub-optimal as no optional output register could be merged into the ram block. Providing additional output register may help in improving timing.
INFO: [Synth 8-7052] The timing for the instance i_0/u_dmem/u_dmem_ip/mem_reg_1_1 (implemented as a Block RAM) might be sub-optimal as no optional output register could be merged into the ram block. Providing additional output register may help in improving timing.
INFO: [Synth 8-7052] The timing for the instance i_0/u_dmem/u_dmem_ip/mem_reg_2_0 (implemented as a Block RAM) might be sub-optimal as no optional output register could be merged into the ram block. Providing additional output register may help in improving timing.
INFO: [Synth 8-7052] The timing for the instance i_0/u_dmem/u_dmem_ip/mem_reg_2_0 (implemented as a Block RAM) might be sub-optimal as no optional output register could be merged into the ram block. Providing additional output register may help in improving timing.
INFO: [Synth 8-7052] The timing for the instance i_0/u_dmem/u_dmem_ip/mem_reg_2_1 (implemented as a Block RAM) might be sub-optimal as no optional output register could be merged into the ram block. Providing additional output register may help in improving timing.
INFO: [Synth 8-7052] The timing for the instance i_0/u_dmem/u_dmem_ip/mem_reg_2_1 (implemented as a Block RAM) might be sub-optimal as no optional output register could be merged into the ram block. Providing additional output register may help in improving timing.
INFO: [Synth 8-7052] The timing for the instance i_0/u_dmem/u_dmem_ip/mem_reg_3_0 (implemented as a Block RAM) might be sub-optimal as no optional output register could be merged into the ram block. Providing additional output register may help in improving timing.
INFO: [Synth 8-7052] The timing for the instance i_0/u_dmem/u_dmem_ip/mem_reg_3_0 (implemented as a Block RAM) might be sub-optimal as no optional output register could be merged into the ram block. Providing additional output register may help in improving timing.
INFO: [Synth 8-7052] The timing for the instance i_0/u_dmem/u_dmem_ip/mem_reg_3_1 (implemented as a Block RAM) might be sub-optimal as no optional output register could be merged into the ram block. Providing additional output register may help in improving timing.
INFO: [Synth 8-7052] The timing for the instance i_0/u_dmem/u_dmem_ip/mem_reg_3_1 (implemented as a Block RAM) might be sub-optimal as no optional output register could be merged into the ram block. Providing additional output register may help in improving timing.
INFO: [Synth 8-7052] The timing for the instance i_0/u_dma_tx_engine/apb_addr_r_reg (implemented as a Block RAM) might be sub-optimal as no optional output register could be merged into the ram block. Providing additional output register may help in improving timing.
INFO: [Synth 8-7052] The timing for the instance i_0/u_dma_tx_engine/apb_addr_r_reg (implemented as a Block RAM) might be sub-optimal as no optional output register could be merged into the ram block. Providing additional output register may help in improving timing.
INFO: [Synth 8-7052] The timing for the instance i_0/u_imem/instruction_r_reg_0 (implemented as a Block RAM) might be sub-optimal as no optional output register could be merged into the ram block. Providing additional output register may help in improving timing.
INFO: [Synth 8-7052] The timing for the instance i_0/u_imem/instruction_r_reg_1 (implemented as a Block RAM) might be sub-optimal as no optional output register could be merged into the ram block. Providing additional output register may help in improving timing.
---------------------------------------------------------------------------------
Finished Technology Mapping : Time (s): cpu = 00:15:46 ; elapsed = 00:18:04 . Memory (MB): peak = 2552.344 ; gain = 1928.527
---------------------------------------------------------------------------------
---------------------------------------------------------------------------------
Start IO Insertion
---------------------------------------------------------------------------------
---------------------------------------------------------------------------------
Start Flattening Before IO Insertion
---------------------------------------------------------------------------------
---------------------------------------------------------------------------------
Finished Flattening Before IO Insertion
---------------------------------------------------------------------------------
---------------------------------------------------------------------------------
Start Final Netlist Cleanup
---------------------------------------------------------------------------------
INFO: [Synth 8-7052] The timing for the instance u_dmem/u_dmem_ip/mem_reg_0_0 (implemented as a Block RAM) might be sub-optimal as no optional output register could be merged into the ram block. Providing additional output register may help in improving timing.
INFO: [Synth 8-7052] The timing for the instance u_dmem/u_dmem_ip/mem_reg_0_0 (implemented as a Block RAM) might be sub-optimal as no optional output register could be merged into the ram block. Providing additional output register may help in improving timing.
INFO: [Synth 8-7052] The timing for the instance u_dmem/u_dmem_ip/mem_reg_0_1 (implemented as a Block RAM) might be sub-optimal as no optional output register could be merged into the ram block. Providing additional output register may help in improving timing.
INFO: [Synth 8-7052] The timing for the instance u_dmem/u_dmem_ip/mem_reg_0_1 (implemented as a Block RAM) might be sub-optimal as no optional output register could be merged into the ram block. Providing additional output register may help in improving timing.
INFO: [Synth 8-7052] The timing for the instance u_dmem/u_dmem_ip/mem_reg_1_0 (implemented as a Block RAM) might be sub-optimal as no optional output register could be merged into the ram block. Providing additional output register may help in improving timing.
INFO: [Synth 8-7052] The timing for the instance u_dmem/u_dmem_ip/mem_reg_1_0 (implemented as a Block RAM) might be sub-optimal as no optional output register could be merged into the ram block. Providing additional output register may help in improving timing.
INFO: [Synth 8-7052] The timing for the instance u_dmem/u_dmem_ip/mem_reg_1_1 (implemented as a Block RAM) might be sub-optimal as no optional output register could be merged into the ram block. Providing additional output register may help in improving timing.
INFO: [Synth 8-7052] The timing for the instance u_dmem/u_dmem_ip/mem_reg_1_1 (implemented as a Block RAM) might be sub-optimal as no optional output register could be merged into the ram block. Providing additional output register may help in improving timing.
INFO: [Synth 8-7052] The timing for the instance u_dmem/u_dmem_ip/mem_reg_2_0 (implemented as a Block RAM) might be sub-optimal as no optional output register could be merged into the ram block. Providing additional output register may help in improving timing.
INFO: [Synth 8-7052] The timing for the instance u_dmem/u_dmem_ip/mem_reg_2_0 (implemented as a Block RAM) might be sub-optimal as no optional output register could be merged into the ram block. Providing additional output register may help in improving timing.
INFO: [Synth 8-7052] The timing for the instance u_dmem/u_dmem_ip/mem_reg_2_1 (implemented as a Block RAM) might be sub-optimal as no optional output register could be merged into the ram block. Providing additional output register may help in improving timing.
INFO: [Synth 8-7052] The timing for the instance u_dmem/u_dmem_ip/mem_reg_2_1 (implemented as a Block RAM) might be sub-optimal as no optional output register could be merged into the ram block. Providing additional output register may help in improving timing.
INFO: [Synth 8-7052] The timing for the instance u_dmem/u_dmem_ip/mem_reg_3_0 (implemented as a Block RAM) might be sub-optimal as no optional output register could be merged into the ram block. Providing additional output register may help in improving timing.
INFO: [Synth 8-7052] The timing for the instance u_dmem/u_dmem_ip/mem_reg_3_0 (implemented as a Block RAM) might be sub-optimal as no optional output register could be merged into the ram block. Providing additional output register may help in improving timing.
INFO: [Synth 8-7052] The timing for the instance u_dmem/u_dmem_ip/mem_reg_3_1 (implemented as a Block RAM) might be sub-optimal as no optional output register could be merged into the ram block. Providing additional output register may help in improving timing.
INFO: [Synth 8-7052] The timing for the instance u_dmem/u_dmem_ip/mem_reg_3_1 (implemented as a Block RAM) might be sub-optimal as no optional output register could be merged into the ram block. Providing additional output register may help in improving timing.
INFO: [Synth 8-7052] The timing for the instance u_dma_tx_engine/apb_addr_r_reg (implemented as a Block RAM) might be sub-optimal as no optional output register could be merged into the ram block. Providing additional output register may help in improving timing.
INFO: [Synth 8-7052] The timing for the instance u_dma_tx_engine/apb_addr_r_reg (implemented as a Block RAM) might be sub-optimal as no optional output register could be merged into the ram block. Providing additional output register may help in improving timing.
INFO: [Synth 8-7052] The timing for the instance u_imem/instruction_r_reg_0 (implemented as a Block RAM) might be sub-optimal as no optional output register could be merged into the ram block. Providing additional output register may help in improving timing.
INFO: [Synth 8-7052] The timing for the instance u_imem/instruction_r_reg_1 (implemented as a Block RAM) might be sub-optimal as no optional output register could be merged into the ram block. Providing additional output register may help in improving timing.
---------------------------------------------------------------------------------
Finished Final Netlist Cleanup
---------------------------------------------------------------------------------
---------------------------------------------------------------------------------
Finished IO Insertion : Time (s): cpu = 00:16:42 ; elapsed = 00:19:14 . Memory (MB): peak = 2552.344 ; gain = 1928.527
---------------------------------------------------------------------------------
---------------------------------------------------------------------------------
Start Renaming Generated Instances
---------------------------------------------------------------------------------
---------------------------------------------------------------------------------
Finished Renaming Generated Instances : Time (s): cpu = 00:16:44 ; elapsed = 00:19:16 . Memory (MB): peak = 2552.344 ; gain = 1928.527
---------------------------------------------------------------------------------
---------------------------------------------------------------------------------
Start Rebuilding User Hierarchy
---------------------------------------------------------------------------------
---------------------------------------------------------------------------------
Finished Rebuilding User Hierarchy : Time (s): cpu = 00:16:59 ; elapsed = 00:19:32 . Memory (MB): peak = 2559.988 ; gain = 1936.172
---------------------------------------------------------------------------------
---------------------------------------------------------------------------------
Start Renaming Generated Ports
---------------------------------------------------------------------------------
---------------------------------------------------------------------------------
Finished Renaming Generated Ports : Time (s): cpu = 00:17:00 ; elapsed = 00:19:34 . Memory (MB): peak = 2559.988 ; gain = 1936.172
---------------------------------------------------------------------------------
---------------------------------------------------------------------------------
Start Handling Custom Attributes
---------------------------------------------------------------------------------
---------------------------------------------------------------------------------
Finished Handling Custom Attributes : Time (s): cpu = 00:17:40 ; elapsed = 00:20:33 . Memory (MB): peak = 2562.762 ; gain = 1938.945
---------------------------------------------------------------------------------
---------------------------------------------------------------------------------
Start Renaming Generated Nets
---------------------------------------------------------------------------------
---------------------------------------------------------------------------------
Finished Renaming Generated Nets : Time (s): cpu = 00:17:41 ; elapsed = 00:20:35 . Memory (MB): peak = 2562.762 ; gain = 1938.945
---------------------------------------------------------------------------------
---------------------------------------------------------------------------------
Start Writing Synthesis Report
---------------------------------------------------------------------------------

Report BlackBoxes: 
+-+--------------+----------+
| |BlackBox name |Instances |
+-+--------------+----------+
+-+--------------+----------+

Report Cell Usage: 
+------+---------+------+
|      |Cell     |Count |
+------+---------+------+
|1     |BUFG     |     1|
|2     |CARRY4   |  1532|
|3     |LUT1     |   646|
|4     |LUT2     |  8059|
|5     |LUT3     | 10088|
|6     |LUT4     |  9031|
|7     |LUT5     | 31621|
|8     |LUT6     | 93814|
|9     |MUXF7    | 10576|
|10    |MUXF8    |  2515|
|11    |RAMB18E1 |     1|
|12    |RAMB36E1 |    10|
|13    |FDCE     | 15245|
|14    |FDPE     |    16|
|15    |FDRE     |  2802|
|16    |FDSE     |     9|
|17    |IBUF     |    54|
|18    |OBUF     |    34|
+------+---------+------+

Report Instance Areas: 
+------+-------------------------------------+-------------------------+-------+
|      |Instance                             |Module                   |Cells  |
+------+-------------------------------------+-------------------------+-------+
|1     |top                                  |                         | 186054|
|2     |  u_cpu                              |top_rv32_sync            |   2760|
|3     |    u_ex_stage                       |ex_stage                 |    689|
|4     |    u_id_stage                       |id_stage                 |    756|
|5     |    u_if_stage                       |if_stage_sync            |    401|
|6     |    u_mem_stage                      |mem_stage_sync           |    914|
|7     |  u_cpu_mmio_to_apb_bridge           |cpu_mmio_to_apb_bridge   |    118|
|8     |  u_dma_regfile                      |dma_regfile              |    149|
|9     |  u_dma_rx_engine                    |dma_rx_engine            |    707|
|10    |  u_dma_tx_engine                    |dma_tx_engine            |    865|
|11    |  u_dmem                             |dmem_ip_wrapper          |     41|
|12    |    u_dmem_ip                        |DMEM_ip                  |     41|
|13    |  u_imem                             |imem_sync                |      2|
|14    |  u_reg_file                         |registers_file           |   1824|
|15    |  u_rx_top                           |apb_huffman_aes_rx_top   | 101343|
|16    |    u_AES_top_rx                     |aes128_cipher_inv_top    |   2219|
|17    |      u_aes128_cipher_core_inv       |aes128_cipher_core_inv   |   1685|
|18    |      u_aes128_key_expansion_inv     |aes128_key_expansion_inv |    534|
|19    |    u_aes_input_wrapper_rx           |wrapper_rx               |    130|
|20    |    u_apb_huffman_rx_if              |apb_huffman_rx_if        |    874|
|21    |    u_bit_depacker_128               |bit_depacker_128         |  61867|
|22    |    u_huffman_block_decoder          |huffman_block_decoder    |   9714|
|23    |    u_huffman_block_parser           |huffman_block_parser     |  26146|
|24    |    u_rx_byte_packer_32              |rx_byte_packer_32        |    132|
|25    |  u_tx_top                           |apb_huffman_aes_tx_top   |  78154|
|26    |    u_AES_top_tx                     |aes128_cipher_top        |   2150|
|27    |      u_aes128_cipher_core           |aes128_cipher_core       |   1613|
|28    |      u_aes128_key_expansion         |aes128_key_expansion     |    537|
|29    |    u_apb_huffman_tx_if              |apb_huffman_tx_if        |   1407|
|30    |    u_huffman_aes_tx_top             |huffman_aes_tx_top       |  74334|
|31    |      u_aes_input_wrapper            |wrapper                  |    133|
|32    |      u_bit_packer_128               |bit_packer_128           |   7943|
|33    |      u_dynamic_huffman_encoder      |dynamic_huffman_encoder  |  66172|
|34    |        u_control_fsm                |control_fsm              |     55|
|35    |        u_emit_backend               |emit_backend             |   5647|
|36    |          u_header_formatter         |header_formatter         |   4973|
|37    |          u_payload_emitter          |payload_emitter          |     98|
|38    |          u_stream_output_interface  |stream_output_interface  |    571|
|39    |        u_huffman_builder            |huffman_builder          |  58382|
|40    |          u_canonical_code_generator |canonical_code_generator |   7441|
|41    |          u_code_length_builder      |code_length_builder      |  50325|
|42    |          u_symbol_list_builder      |symbol_list_builder      |    603|
|43    |        u_input_collect_unit         |input_collect_unit       |   1891|
|44    |          u_block_buffer             |block_buffer             |    527|
|45    |          u_frequency_counter        |frequency_counter        |   1339|
|46    |        u_mode_decision_logic        |mode_decision_logic      |    197|
+------+-------------------------------------+-------------------------+-------+
---------------------------------------------------------------------------------
Finished Writing Synthesis Report : Time (s): cpu = 00:17:42 ; elapsed = 00:20:36 . Memory (MB): peak = 2562.762 ; gain = 1938.945
---------------------------------------------------------------------------------
Synthesis finished with 0 errors, 0 critical warnings and 306 warnings.
Synthesis Optimization Runtime : Time (s): cpu = 00:17:42 ; elapsed = 00:20:41 . Memory (MB): peak = 2562.762 ; gain = 1938.945
Synthesis Optimization Complete : Time (s): cpu = 00:17:42 ; elapsed = 00:20:41 . Memory (MB): peak = 2562.762 ; gain = 1938.945
INFO: [Project 1-571] Translating synthesized netlist
Netlist sorting complete. Time (s): cpu = 00:00:02 ; elapsed = 00:00:03 . Memory (MB): peak = 2703.871 ; gain = 0.000
INFO: [Netlist 29-17] Analyzing 14634 Unisim elements for replacement
INFO: [Netlist 29-28] Unisim Transformation completed in 1 CPU seconds
INFO: [Project 1-570] Preparing netlist for logic optimization
INFO: [Opt 31-138] Pushed 0 inverter(s) to 0 load pin(s).
Netlist sorting complete. Time (s): cpu = 00:00:00 ; elapsed = 00:00:00.115 . Memory (MB): peak = 2831.891 ; gain = 0.000
INFO: [Project 1-111] Unisim Transformation Summary:
No Unisim elements were transformed.

Synth Design complete | Checksum: 52d18c3e
INFO: [Common 17-83] Releasing license: Synthesis
366 Infos, 198 Warnings, 0 Critical Warnings and 0 Errors encountered.
synth_design completed successfully
synth_design: Time (s): cpu = 00:18:28 ; elapsed = 00:21:32 . Memory (MB): peak = 2831.891 ; gain = 2212.016
# puts "INFO: writing synthesis checkpoint and reports..."
INFO: writing synthesis checkpoint and reports...
# write_checkpoint -force [file join $project_dir "${TOP_NAME}_synth.dcp"]
Write ShapeDB Complete: Time (s): cpu = 00:00:01 ; elapsed = 00:00:00.599 . Memory (MB): peak = 2831.891 ; gain = 0.000
INFO: [Common 17-1381] The checkpoint 'H:/Academic/senior_project/DATN/work/luc/AES_huffman_all6/vivado/build/rv32_soc_synth/rv32_soc_top_synth.dcp' has been generated.
write_checkpoint: Time (s): cpu = 00:00:46 ; elapsed = 00:00:55 . Memory (MB): peak = 2831.891 ; gain = 0.000
# report_utilization -file [file join $report_dir "post_synth_utilization.rpt"]
# report_timing_summary -file [file join $report_dir "post_synth_timing_summary.rpt"]
INFO: [Timing 38-35] Done setting XDC timing constraints.
INFO: [Timing 38-91] UpdateTimingParams: Speed grade: -1, Delay Type: min_max.
INFO: [Timing 38-191] Multithreading enabled for timing update using a maximum of 2 CPUs
report_timing_summary: Time (s): cpu = 00:01:24 ; elapsed = 00:01:05 . Memory (MB): peak = 3080.301 ; gain = 248.410
# report_drc -file [file join $report_dir "post_synth_drc.rpt"]
Command: report_drc -file H:/Academic/senior_project/DATN/work/luc/AES_huffman_all6/vivado/build/rv32_soc_synth/reports/post_synth_drc.rpt
INFO: [IP_Flow 19-234] Refreshing IP repositories
INFO: [IP_Flow 19-1704] No user IP repositories specified
INFO: [IP_Flow 19-2313] Loaded Vivado IP repository 'H:/From_software/Vivado/Vivado/Vivado/2024.2/data/ip'.
INFO: [DRC 23-27] Running DRC with 2 threads
INFO: [Vivado_Tcl 2-168] The results of DRC are in file H:/Academic/senior_project/DATN/work/luc/AES_huffman_all6/vivado/build/rv32_soc_synth/reports/post_synth_drc.rpt.
report_drc completed successfully
report_drc: Time (s): cpu = 00:00:24 ; elapsed = 00:00:19 . Memory (MB): peak = 3229.000 ; gain = 148.699
# puts "INFO: synthesis completed."
INFO: synthesis completed.
# puts "INFO: checkpoint: [file join $project_dir "${TOP_NAME}_synth.dcp"]"
INFO: checkpoint: H:/Academic/senior_project/DATN/work/luc/AES_huffman_all6/vivado/build/rv32_soc_synth/rv32_soc_top_synth.dcp
# puts "INFO: reports:"
INFO: reports:
# puts "INFO:   [file join $report_dir "post_synth_utilization.rpt"]"
INFO:   H:/Academic/senior_project/DATN/work/luc/AES_huffman_all6/vivado/build/rv32_soc_synth/reports/post_synth_utilization.rpt
# puts "INFO:   [file join $report_dir "post_synth_timing_summary.rpt"]"
INFO:   H:/Academic/senior_project/DATN/work/luc/AES_huffman_all6/vivado/build/rv32_soc_synth/reports/post_synth_timing_summary.rpt
# puts "INFO:   [file join $report_dir "post_synth_drc.rpt"]"
INFO:   H:/Academic/senior_project/DATN/work/luc/AES_huffman_all6/vivado/build/rv32_soc_synth/reports/post_synth_drc.rpt
INFO: [Common 17-206] Exiting Vivado at Tue Apr 21 21:42:20 2026...
