Copyright 1986-2022 Xilinx, Inc. All Rights Reserved. Copyright 2022-2024 Advanced Micro Devices, Inc. All Rights Reserved.
---------------------------------------------------------------------------------------------------------------------------------------------
| Tool Version : Vivado v.2024.2 (win64) Build 5239630 Fri Nov 08 22:35:27 MST 2024
| Date         : Thu May 14 19:12:07 2026
| Host         : An running 64-bit major release  (build 9200)
| Command      : report_control_sets -verbose -file rv32_soc_fpga_demo_top_control_sets_placed.rpt
| Design       : rv32_soc_fpga_demo_top
| Device       : xc7z020
---------------------------------------------------------------------------------------------------------------------------------------------

Control Set Information

Table of Contents
-----------------
1. Summary
2. Histogram
3. Flip-Flop Distribution
4. Detailed Control Set Information

1. Summary
----------

+----------------------------------------------------------+-------+
|                          Status                          | Count |
+----------------------------------------------------------+-------+
| Total control sets                                       |   905 |
|    Minimum number of control sets                        |   905 |
|    Addition due to synthesis replication                 |     0 |
|    Addition due to physical synthesis replication        |     0 |
| Unused register locations in slices containing registers |  2281 |
+----------------------------------------------------------+-------+
* Control sets can be merged at opt_design using control_set_merge or merge_equivalent_drivers
** Run report_qor_suggestions for automated merging and remapping suggestions


2. Histogram
------------

+--------------------+-------+
|       Fanout       | Count |
+--------------------+-------+
| Total control sets |   905 |
| >= 0 to < 4        |     1 |
| >= 4 to < 6        |    10 |
| >= 6 to < 8        |     6 |
| >= 8 to < 10       |    13 |
| >= 10 to < 12      |     2 |
| >= 12 to < 14      |   257 |
| >= 14 to < 16      |     3 |
| >= 16              |   613 |
+--------------------+-------+
* Control sets can be remapped at either synth_design or opt_design


3. Flip-Flop Distribution
-------------------------

+--------------+-----------------------+------------------------+-----------------+--------------+
| Clock Enable | Synchronous Set/Reset | Asynchronous Set/Reset | Total Registers | Total Slices |
+--------------+-----------------------+------------------------+-----------------+--------------+
| No           | No                    | No                     |              28 |           19 |
| No           | No                    | Yes                    |             175 |           96 |
| No           | Yes                   | No                     |             317 |          155 |
| Yes          | No                    | No                     |             303 |          133 |
| Yes          | No                    | Yes                    |             841 |          294 |
| Yes          | Yes                   | No                     |           26015 |        10886 |
+--------------+-----------------------+------------------------+-----------------+--------------+


4. Detailed Control Set Information
-----------------------------------

+------------------+--------------------------------------------------------------------------------------------+-----------------------------------------------------------------------+------------------+----------------+--------------+
|   Clock Signal   |                                        Enable Signal                                       |                            Set/Reset Signal                           | Slice Load Count | Bel Load Count | Bels / Slice |
+------------------+--------------------------------------------------------------------------------------------+-----------------------------------------------------------------------+------------------+----------------+--------------+
|  clk_i_IBUF_BUFG | u_uart_dmem_loader/u_uart_tx/txd_r_i_1_n_0                                                 | u_uart_dmem_loader/u_uart_rx/SR[0]                                    |                1 |              1 |         1.00 |
|  clk_i_IBUF_BUFG | u_soc/u_rx_top/u_AES_top_rx/u_aes128_cipher_core_inv/decipher_counter[3]_i_1_n_0           | u_uart_dmem_loader/rst_i_BUFG                                         |                3 |              4 |         1.33 |
|  clk_i_IBUF_BUFG | u_soc/u_cpu/u_ex_stage/exmem_rs2_data_o_reg[1]_0[0]                                        | u_uart_dmem_loader/rst_i_BUFG                                         |                2 |              4 |         2.00 |
|  clk_i_IBUF_BUFG | u_soc/u_cpu/u_id_stage/load_pending_r_reg_0[0]                                             | u_soc/u_cpu/u_if_stage/ifid_instruction_r_reg[1]_0                    |                2 |              4 |         2.00 |
|  clk_i_IBUF_BUFG | u_soc/u_dma_rx_engine/apb_addr_r_reg[3]_0[0]                                               | u_uart_dmem_loader/rst_i_BUFG                                         |                1 |              4 |         4.00 |
|  clk_i_IBUF_BUFG | u_soc/u_dma_rx_engine/E[0]                                                                 | u_uart_dmem_loader/rst_i_BUFG                                         |                2 |              4 |         2.00 |
|  clk_i_IBUF_BUFG | u_uart_dmem_loader/u_uart_rx/data_valid_o_reg_2[0]                                         | u_uart_dmem_loader/u_uart_rx/SR[0]                                    |                3 |              4 |         1.33 |
|  clk_i_IBUF_BUFG |                                                                                            | u_soc/u_rx_top/u_huffman_block_decoder/FSM_onehot_state_r[17]_i_1_n_0 |                5 |              5 |         1.00 |
|  clk_i_IBUF_BUFG | u_soc/u_dma_rx_engine/apb_wdata_r                                                          | u_soc/u_dma_regfile/soft_reset_pulse_o_reg_0                          |                2 |              5 |         2.50 |
|  clk_i_IBUF_BUFG | u_soc/u_rx_top/u_rx_byte_packer_32/word_valid_r_reg_1[0]                                   | u_uart_dmem_loader/rst_i_BUFG                                         |                2 |              5 |         2.50 |
|  clk_i_IBUF_BUFG | u_soc/u_dma_rx_engine/state_r                                                              | u_soc/u_dma_regfile/soft_reset_pulse_o_reg_0                          |                2 |              5 |         2.50 |
|  clk_i_IBUF_BUFG | u_soc/u_rx_top/u_rx_byte_packer_32/word_valid_r                                            | u_uart_dmem_loader/rst_i_BUFG                                         |                2 |              6 |         3.00 |
|  clk_i_IBUF_BUFG |                                                                                            | u_soc/u_dma_regfile/soft_reset_pulse_o_reg_0                          |                2 |              6 |         3.00 |
|  clk_i_IBUF_BUFG | u_soc/u_rx_top/u_huffman_block_decoder/u_main_decode_table/E[0]                            | u_uart_dmem_loader/rst_i_BUFG                                         |                2 |              6 |         3.00 |
|  clk_i_IBUF_BUFG | u_soc/u_rx_top/u_huffman_block_parser/block_size_r[5]_i_1_n_0                              | u_soc/u_rx_top/u_huffman_block_parser/entry_code_len_r                |                2 |              6 |         3.00 |
|  clk_i_IBUF_BUFG | u_soc/u_cpu/u_ex_stage/exmem_alu_result_o_reg[5]_0[0]                                      | u_uart_dmem_loader/rst_i_BUFG                                         |                4 |              6 |         1.50 |
|  clk_i_IBUF_BUFG | u_uart_dmem_loader/u_uart_tx/bit_cnt_r[7]_i_2_n_0                                          | u_uart_dmem_loader/u_uart_tx/bit_cnt_r[7]_i_1_n_0                     |                2 |              6 |         3.00 |
|  clk_i_IBUF_BUFG | u_soc/u_rx_top/u_huffman_block_parser/one_symbol_value_n                                   | u_soc/u_rx_top/u_huffman_block_parser/entry_code_len_r                |                6 |              8 |         1.33 |
|  clk_i_IBUF_BUFG | u_soc/u_rx_top/u_huffman_block_decoder/u_main_decode_table/FSM_onehot_state_r_reg[17][0]   | u_uart_dmem_loader/rst_i_BUFG                                         |                3 |              8 |         2.67 |
|  clk_i_IBUF_BUFG | u_soc/u_rx_top/u_huffman_block_decoder/u_main_decode_table/FSM_onehot_state_r_reg[11]_1[0] | u_uart_dmem_loader/rst_i_BUFG                                         |                4 |              8 |         2.00 |
|  clk_i_IBUF_BUFG | u_soc/u_rx_top/u_huffman_block_decoder/one_symbol_value_r[7]_i_1_n_0                       | u_uart_dmem_loader/rst_i_BUFG                                         |                3 |              8 |         2.67 |
|  clk_i_IBUF_BUFG | u_uart_dmem_loader/u_uart_rx/data_o[7]_i_1_n_0                                             | u_uart_dmem_loader/u_uart_rx/SR[0]                                    |                4 |              8 |         2.00 |
|  clk_i_IBUF_BUFG | u_uart_dmem_loader/u_uart_rx/FSM_sequential_state_r_reg[3][1]                              | u_uart_dmem_loader/u_uart_rx/SR[0]                                    |                2 |              8 |         4.00 |
|  clk_i_IBUF_BUFG | u_uart_dmem_loader/u_uart_rx/FSM_sequential_state_r_reg[3][0]                              | u_uart_dmem_loader/u_uart_rx/SR[0]                                    |                2 |              8 |         4.00 |
|  clk_i_IBUF_BUFG | u_uart_dmem_loader/u_uart_rx/FSM_sequential_state_r_reg[3][3]                              | u_uart_dmem_loader/u_uart_rx/SR[0]                                    |                2 |              8 |         4.00 |
|  clk_i_IBUF_BUFG | u_uart_dmem_loader/u_uart_rx/FSM_sequential_state_r_reg[3][2]                              | u_uart_dmem_loader/u_uart_rx/SR[0]                                    |                3 |              8 |         2.67 |
|  clk_i_IBUF_BUFG | u_uart_dmem_loader/u_uart_tx/shift_r[7]_i_1__0_n_0                                         | u_uart_dmem_loader/u_uart_rx/SR[0]                                    |                1 |              8 |         8.00 |
|  clk_i_IBUF_BUFG | u_soc/u_rx_top/u_huffman_block_parser/symbol_count_r[8]_i_1__0_n_0                         | u_soc/u_rx_top/u_huffman_block_parser/entry_code_len_r                |                2 |              9 |         4.50 |
|  clk_i_IBUF_BUFG | u_soc/u_rx_top/u_huffman_block_parser/error_r_reg_rep[0]                                   | u_uart_dmem_loader/rst_i_BUFG                                         |                3 |              9 |         3.00 |
|  clk_i_IBUF_BUFG | u_soc/u_rx_top/u_huffman_block_decoder/sort_pass_r[8]_i_1_n_0                              | u_uart_dmem_loader/rst_i_BUFG                                         |                3 |              9 |         3.00 |
|  clk_i_IBUF_BUFG | u_soc/u_rx_top/u_huffman_block_decoder/table_fill_idx_r[10]_i_1_n_0                        | u_uart_dmem_loader/rst_i_BUFG                                         |                3 |             11 |         3.67 |
|  clk_i_IBUF_BUFG | u_soc/u_rx_top/u_huffman_block_decoder/table_clear_idx_r[10]_i_1_n_0                       | u_uart_dmem_loader/rst_i_BUFG                                         |                3 |             11 |         3.67 |
|  clk_i_IBUF_BUFG | u_soc/u_rx_top/u_huffman_block_decoder/len_local[240][4]_i_1_n_0                           | u_uart_dmem_loader/rst_i_BUFG                                         |                8 |             13 |         1.62 |
|  clk_i_IBUF_BUFG | u_soc/u_rx_top/u_huffman_block_decoder/len_local[237][4]_i_1_n_0                           | u_uart_dmem_loader/rst_i_BUFG                                         |                6 |             13 |         2.17 |
|  clk_i_IBUF_BUFG | u_soc/u_rx_top/u_huffman_block_decoder/len_local[23][4]_i_1_n_0                            | u_uart_dmem_loader/rst_i_BUFG                                         |                5 |             13 |         2.60 |
|  clk_i_IBUF_BUFG | u_soc/u_rx_top/u_huffman_block_decoder/len_local[241][4]_i_1_n_0                           | u_uart_dmem_loader/rst_i_BUFG                                         |                7 |             13 |         1.86 |
|  clk_i_IBUF_BUFG | u_soc/u_rx_top/u_huffman_block_decoder/len_local[235][4]_i_1_n_0                           | u_uart_dmem_loader/rst_i_BUFG                                         |                4 |             13 |         3.25 |
|  clk_i_IBUF_BUFG | u_soc/u_rx_top/u_huffman_block_decoder/len_local[232][4]_i_1_n_0                           | u_uart_dmem_loader/rst_i_BUFG                                         |                4 |             13 |         3.25 |
|  clk_i_IBUF_BUFG | u_soc/u_rx_top/u_huffman_block_decoder/len_local[236][4]_i_1_n_0                           | u_uart_dmem_loader/rst_i_BUFG                                         |                4 |             13 |         3.25 |
|  clk_i_IBUF_BUFG | u_soc/u_rx_top/u_huffman_block_decoder/len_local[230][4]_i_1_n_0                           | u_uart_dmem_loader/rst_i_BUFG                                         |                4 |             13 |         3.25 |
|  clk_i_IBUF_BUFG | u_soc/u_rx_top/u_huffman_block_parser/entry_symbol_r[7]_i_1_n_0                            | u_soc/u_rx_top/u_huffman_block_parser/entry_code_len_r                |                8 |             13 |         1.62 |
|  clk_i_IBUF_BUFG | u_soc/u_rx_top/u_huffman_block_decoder/len_local[233][4]_i_1_n_0                           | u_uart_dmem_loader/rst_i_BUFG                                         |                5 |             13 |         2.60 |
|  clk_i_IBUF_BUFG | u_soc/u_rx_top/u_huffman_block_decoder/len_local[161][4]_i_1_n_0                           | u_uart_dmem_loader/rst_i_BUFG                                         |                7 |             13 |         1.86 |
|  clk_i_IBUF_BUFG | u_soc/u_rx_top/u_huffman_block_decoder/len_local[234][4]_i_1_n_0                           | u_uart_dmem_loader/rst_i_BUFG                                         |                6 |             13 |         2.17 |
|  clk_i_IBUF_BUFG | u_soc/u_rx_top/u_huffman_block_decoder/len_local[231][4]_i_1_n_0                           | u_uart_dmem_loader/rst_i_BUFG                                         |                5 |             13 |         2.60 |
|  clk_i_IBUF_BUFG | u_soc/u_rx_top/u_huffman_block_decoder/len_local[188][4]_i_1_n_0                           | u_uart_dmem_loader/rst_i_BUFG                                         |                9 |             13 |         1.44 |
|  clk_i_IBUF_BUFG | u_soc/u_rx_top/u_huffman_block_decoder/len_local[192][4]_i_1_n_0                           | u_uart_dmem_loader/rst_i_BUFG                                         |                7 |             13 |         1.86 |
|  clk_i_IBUF_BUFG | u_soc/u_rx_top/u_huffman_block_decoder/len_local[32][4]_i_1_n_0                            | u_uart_dmem_loader/rst_i_BUFG                                         |                6 |             13 |         2.17 |
|  clk_i_IBUF_BUFG | u_soc/u_rx_top/u_huffman_block_decoder/len_local[186][4]_i_1_n_0                           | u_uart_dmem_loader/rst_i_BUFG                                         |                8 |             13 |         1.62 |
|  clk_i_IBUF_BUFG | u_soc/u_rx_top/u_huffman_block_decoder/len_local[185][4]_i_1_n_0                           | u_uart_dmem_loader/rst_i_BUFG                                         |                8 |             13 |         1.62 |
|  clk_i_IBUF_BUFG | u_soc/u_rx_top/u_huffman_block_decoder/len_local[184][4]_i_1_n_0                           | u_uart_dmem_loader/rst_i_BUFG                                         |                4 |             13 |         3.25 |
|  clk_i_IBUF_BUFG | u_soc/u_rx_top/u_huffman_block_decoder/len_local[182][4]_i_1_n_0                           | u_uart_dmem_loader/rst_i_BUFG                                         |                9 |             13 |         1.44 |
|  clk_i_IBUF_BUFG | u_soc/u_rx_top/u_huffman_block_decoder/len_local[183][4]_i_1_n_0                           | u_uart_dmem_loader/rst_i_BUFG                                         |                5 |             13 |         2.60 |
|  clk_i_IBUF_BUFG | u_soc/u_rx_top/u_huffman_block_decoder/len_local[17][4]_i_1_n_0                            | u_uart_dmem_loader/rst_i_BUFG                                         |                5 |             13 |         2.60 |
|  clk_i_IBUF_BUFG | u_soc/u_rx_top/u_huffman_block_decoder/len_local[180][4]_i_1_n_0                           | u_uart_dmem_loader/rst_i_BUFG                                         |                5 |             13 |         2.60 |
|  clk_i_IBUF_BUFG | u_soc/u_rx_top/u_huffman_block_decoder/len_local[181][4]_i_1_n_0                           | u_uart_dmem_loader/rst_i_BUFG                                         |                6 |             13 |         2.17 |
|  clk_i_IBUF_BUFG | u_soc/u_rx_top/u_huffman_block_decoder/len_local[179][4]_i_1_n_0                           | u_uart_dmem_loader/rst_i_BUFG                                         |                7 |             13 |         1.86 |
|  clk_i_IBUF_BUFG | u_soc/u_rx_top/u_huffman_block_decoder/len_local[178][4]_i_1_n_0                           | u_uart_dmem_loader/rst_i_BUFG                                         |                7 |             13 |         1.86 |
|  clk_i_IBUF_BUFG | u_soc/u_rx_top/u_huffman_block_decoder/len_local[175][4]_i_1_n_0                           | u_uart_dmem_loader/rst_i_BUFG                                         |                9 |             13 |         1.44 |
|  clk_i_IBUF_BUFG | u_soc/u_rx_top/u_huffman_block_decoder/len_local[173][4]_i_1_n_0                           | u_uart_dmem_loader/rst_i_BUFG                                         |                4 |             13 |         3.25 |
|  clk_i_IBUF_BUFG | u_soc/u_rx_top/u_huffman_block_decoder/len_local[176][4]_i_1_n_0                           | u_uart_dmem_loader/rst_i_BUFG                                         |                6 |             13 |         2.17 |
|  clk_i_IBUF_BUFG | u_soc/u_rx_top/u_huffman_block_decoder/len_local[177][4]_i_1_n_0                           | u_uart_dmem_loader/rst_i_BUFG                                         |                4 |             13 |         3.25 |
|  clk_i_IBUF_BUFG | u_soc/u_rx_top/u_huffman_block_decoder/len_local[174][4]_i_1_n_0                           | u_uart_dmem_loader/rst_i_BUFG                                         |                7 |             13 |         1.86 |
|  clk_i_IBUF_BUFG | u_soc/u_rx_top/u_huffman_block_decoder/len_local[16][4]_i_1_n_0                            | u_uart_dmem_loader/rst_i_BUFG                                         |                5 |             13 |         2.60 |
|  clk_i_IBUF_BUFG | u_soc/u_rx_top/u_huffman_block_decoder/len_local[170][4]_i_1_n_0                           | u_uart_dmem_loader/rst_i_BUFG                                         |                8 |             13 |         1.62 |
|  clk_i_IBUF_BUFG | u_soc/u_rx_top/u_huffman_block_decoder/len_local[172][4]_i_1_n_0                           | u_uart_dmem_loader/rst_i_BUFG                                         |                5 |             13 |         2.60 |
|  clk_i_IBUF_BUFG | u_soc/u_rx_top/u_huffman_block_decoder/len_local[171][4]_i_1_n_0                           | u_uart_dmem_loader/rst_i_BUFG                                         |                9 |             13 |         1.44 |
|  clk_i_IBUF_BUFG | u_soc/u_rx_top/u_huffman_block_decoder/len_local[168][4]_i_1_n_0                           | u_uart_dmem_loader/rst_i_BUFG                                         |                5 |             13 |         2.60 |
|  clk_i_IBUF_BUFG | u_soc/u_rx_top/u_huffman_block_decoder/len_local[169][4]_i_1_n_0                           | u_uart_dmem_loader/rst_i_BUFG                                         |                6 |             13 |         2.17 |
|  clk_i_IBUF_BUFG | u_soc/u_rx_top/u_huffman_block_decoder/len_local[163][4]_i_1_n_0                           | u_uart_dmem_loader/rst_i_BUFG                                         |                7 |             13 |         1.86 |
|  clk_i_IBUF_BUFG | u_soc/u_rx_top/u_huffman_block_decoder/len_local[167][4]_i_1_n_0                           | u_uart_dmem_loader/rst_i_BUFG                                         |                9 |             13 |         1.44 |
|  clk_i_IBUF_BUFG | u_soc/u_rx_top/u_huffman_block_decoder/len_local[164][4]_i_1_n_0                           | u_uart_dmem_loader/rst_i_BUFG                                         |                6 |             13 |         2.17 |
|  clk_i_IBUF_BUFG | u_soc/u_rx_top/u_huffman_block_decoder/len_local[166][4]_i_1_n_0                           | u_uart_dmem_loader/rst_i_BUFG                                         |                7 |             13 |         1.86 |
|  clk_i_IBUF_BUFG | u_soc/u_rx_top/u_huffman_block_decoder/len_local[165][4]_i_1_n_0                           | u_uart_dmem_loader/rst_i_BUFG                                         |                5 |             13 |         2.60 |
|  clk_i_IBUF_BUFG | u_soc/u_rx_top/u_huffman_block_decoder/len_local[162][4]_i_1_n_0                           | u_uart_dmem_loader/rst_i_BUFG                                         |                9 |             13 |         1.44 |
|  clk_i_IBUF_BUFG | u_soc/u_rx_top/u_huffman_block_decoder/len_local[159][4]_i_1_n_0                           | u_uart_dmem_loader/rst_i_BUFG                                         |                8 |             13 |         1.62 |
|  clk_i_IBUF_BUFG | u_soc/u_rx_top/u_huffman_block_decoder/len_local[15][4]_i_1_n_0                            | u_uart_dmem_loader/rst_i_BUFG                                         |                6 |             13 |         2.17 |
|  clk_i_IBUF_BUFG | u_soc/u_rx_top/u_huffman_block_decoder/len_local[157][4]_i_1_n_0                           | u_uart_dmem_loader/rst_i_BUFG                                         |                7 |             13 |         1.86 |
|  clk_i_IBUF_BUFG | u_soc/u_rx_top/u_huffman_block_decoder/len_local[158][4]_i_1_n_0                           | u_uart_dmem_loader/rst_i_BUFG                                         |                8 |             13 |         1.62 |
|  clk_i_IBUF_BUFG | u_soc/u_rx_top/u_huffman_block_decoder/len_local[160][4]_i_1_n_0                           | u_uart_dmem_loader/rst_i_BUFG                                         |                6 |             13 |         2.17 |
|  clk_i_IBUF_BUFG | u_soc/u_rx_top/u_huffman_block_decoder/len_local[156][4]_i_1_n_0                           | u_uart_dmem_loader/rst_i_BUFG                                         |                7 |             13 |         1.86 |
|  clk_i_IBUF_BUFG | u_soc/u_rx_top/u_huffman_block_decoder/len_local[155][4]_i_1_n_0                           | u_uart_dmem_loader/rst_i_BUFG                                         |               11 |             13 |         1.18 |
|  clk_i_IBUF_BUFG | u_soc/u_rx_top/u_huffman_block_decoder/len_local[154][4]_i_1_n_0                           | u_uart_dmem_loader/rst_i_BUFG                                         |                8 |             13 |         1.62 |
|  clk_i_IBUF_BUFG | u_soc/u_rx_top/u_huffman_block_decoder/len_local[153][4]_i_1_n_0                           | u_uart_dmem_loader/rst_i_BUFG                                         |                6 |             13 |         2.17 |
|  clk_i_IBUF_BUFG | u_soc/u_rx_top/u_huffman_block_decoder/len_local[152][4]_i_1_n_0                           | u_uart_dmem_loader/rst_i_BUFG                                         |                6 |             13 |         2.17 |
|  clk_i_IBUF_BUFG | u_soc/u_rx_top/u_huffman_block_decoder/len_local[151][4]_i_1_n_0                           | u_uart_dmem_loader/rst_i_BUFG                                         |                8 |             13 |         1.62 |
|  clk_i_IBUF_BUFG | u_soc/u_rx_top/u_huffman_block_decoder/len_local[150][4]_i_1_n_0                           | u_uart_dmem_loader/rst_i_BUFG                                         |                9 |             13 |         1.44 |
|  clk_i_IBUF_BUFG | u_soc/u_rx_top/u_huffman_block_decoder/len_local[146][4]_i_1_n_0                           | u_uart_dmem_loader/rst_i_BUFG                                         |                8 |             13 |         1.62 |
|  clk_i_IBUF_BUFG | u_soc/u_rx_top/u_huffman_block_decoder/len_local[145][4]_i_1_n_0                           | u_uart_dmem_loader/rst_i_BUFG                                         |                8 |             13 |         1.62 |
|  clk_i_IBUF_BUFG | u_soc/u_rx_top/u_huffman_block_decoder/len_local[149][4]_i_1_n_0                           | u_uart_dmem_loader/rst_i_BUFG                                         |                7 |             13 |         1.86 |
|  clk_i_IBUF_BUFG | u_soc/u_rx_top/u_huffman_block_decoder/len_local[148][4]_i_1_n_0                           | u_uart_dmem_loader/rst_i_BUFG                                         |                8 |             13 |         1.62 |
|  clk_i_IBUF_BUFG | u_soc/u_rx_top/u_huffman_block_decoder/len_local[147][4]_i_1_n_0                           | u_uart_dmem_loader/rst_i_BUFG                                         |               12 |             13 |         1.08 |
|  clk_i_IBUF_BUFG | u_soc/u_rx_top/u_huffman_block_decoder/len_local[14][4]_i_1_n_0                            | u_uart_dmem_loader/rst_i_BUFG                                         |                6 |             13 |         2.17 |
|  clk_i_IBUF_BUFG | u_soc/u_rx_top/u_huffman_block_decoder/len_local[142][4]_i_1_n_0                           | u_uart_dmem_loader/rst_i_BUFG                                         |                9 |             13 |         1.44 |
|  clk_i_IBUF_BUFG | u_soc/u_rx_top/u_huffman_block_decoder/len_local[141][4]_i_1_n_0                           | u_uart_dmem_loader/rst_i_BUFG                                         |                7 |             13 |         1.86 |
|  clk_i_IBUF_BUFG | u_soc/u_rx_top/u_huffman_block_decoder/len_local[144][4]_i_1_n_0                           | u_uart_dmem_loader/rst_i_BUFG                                         |                6 |             13 |         2.17 |
|  clk_i_IBUF_BUFG | u_soc/u_rx_top/u_huffman_block_decoder/len_local[143][4]_i_1_n_0                           | u_uart_dmem_loader/rst_i_BUFG                                         |                7 |             13 |         1.86 |
|  clk_i_IBUF_BUFG | u_soc/u_rx_top/u_huffman_block_decoder/len_local[13][4]_i_1_n_0                            | u_uart_dmem_loader/rst_i_BUFG                                         |                8 |             13 |         1.62 |
|  clk_i_IBUF_BUFG | u_soc/u_rx_top/u_huffman_block_decoder/len_local[140][4]_i_1_n_0                           | u_uart_dmem_loader/rst_i_BUFG                                         |                9 |             13 |         1.44 |
|  clk_i_IBUF_BUFG | u_soc/u_rx_top/u_huffman_block_decoder/len_local[139][4]_i_1_n_0                           | u_uart_dmem_loader/rst_i_BUFG                                         |                6 |             13 |         2.17 |
|  clk_i_IBUF_BUFG | u_soc/u_rx_top/u_huffman_block_decoder/len_local[135][4]_i_1_n_0                           | u_uart_dmem_loader/rst_i_BUFG                                         |                5 |             13 |         2.60 |
|  clk_i_IBUF_BUFG | u_soc/u_rx_top/u_huffman_block_decoder/len_local[137][4]_i_1_n_0                           | u_uart_dmem_loader/rst_i_BUFG                                         |                9 |             13 |         1.44 |
|  clk_i_IBUF_BUFG | u_soc/u_rx_top/u_huffman_block_decoder/len_local[138][4]_i_1_n_0                           | u_uart_dmem_loader/rst_i_BUFG                                         |                8 |             13 |         1.62 |
|  clk_i_IBUF_BUFG | u_soc/u_rx_top/u_huffman_block_decoder/len_local[134][4]_i_1_n_0                           | u_uart_dmem_loader/rst_i_BUFG                                         |                8 |             13 |         1.62 |
|  clk_i_IBUF_BUFG | u_soc/u_rx_top/u_huffman_block_decoder/len_local[136][4]_i_1_n_0                           | u_uart_dmem_loader/rst_i_BUFG                                         |                6 |             13 |         2.17 |
|  clk_i_IBUF_BUFG | u_soc/u_rx_top/u_huffman_block_decoder/len_local[132][4]_i_1_n_0                           | u_uart_dmem_loader/rst_i_BUFG                                         |                7 |             13 |         1.86 |
|  clk_i_IBUF_BUFG | u_soc/u_rx_top/u_huffman_block_decoder/len_local[12][4]_i_1_n_0                            | u_uart_dmem_loader/rst_i_BUFG                                         |                6 |             13 |         2.17 |
|  clk_i_IBUF_BUFG | u_soc/u_rx_top/u_huffman_block_decoder/len_local[131][4]_i_1_n_0                           | u_uart_dmem_loader/rst_i_BUFG                                         |                7 |             13 |         1.86 |
|  clk_i_IBUF_BUFG | u_soc/u_rx_top/u_huffman_block_decoder/len_local[133][4]_i_1_n_0                           | u_uart_dmem_loader/rst_i_BUFG                                         |                5 |             13 |         2.60 |
|  clk_i_IBUF_BUFG | u_soc/u_rx_top/u_huffman_block_decoder/len_local[130][4]_i_1_n_0                           | u_uart_dmem_loader/rst_i_BUFG                                         |                5 |             13 |         2.60 |
|  clk_i_IBUF_BUFG | u_soc/u_rx_top/u_huffman_block_decoder/len_local[129][4]_i_1_n_0                           | u_uart_dmem_loader/rst_i_BUFG                                         |                6 |             13 |         2.17 |
|  clk_i_IBUF_BUFG | u_soc/u_rx_top/u_huffman_block_decoder/len_local[126][4]_i_1_n_0                           | u_uart_dmem_loader/rst_i_BUFG                                         |                6 |             13 |         2.17 |
|  clk_i_IBUF_BUFG | u_soc/u_rx_top/u_huffman_block_decoder/len_local[127][4]_i_1_n_0                           | u_uart_dmem_loader/rst_i_BUFG                                         |                5 |             13 |         2.60 |
|  clk_i_IBUF_BUFG | u_soc/u_rx_top/u_huffman_block_decoder/len_local[125][4]_i_1_n_0                           | u_uart_dmem_loader/rst_i_BUFG                                         |               10 |             13 |         1.30 |
|  clk_i_IBUF_BUFG | u_soc/u_rx_top/u_huffman_block_decoder/len_local[128][4]_i_1_n_0                           | u_uart_dmem_loader/rst_i_BUFG                                         |                9 |             13 |         1.44 |
|  clk_i_IBUF_BUFG | u_soc/u_rx_top/u_huffman_block_decoder/len_local[124][4]_i_1_n_0                           | u_uart_dmem_loader/rst_i_BUFG                                         |                7 |             13 |         1.86 |
|  clk_i_IBUF_BUFG | u_soc/u_rx_top/u_huffman_block_decoder/len_local[63][4]_i_1_n_0                            | u_uart_dmem_loader/rst_i_BUFG                                         |                5 |             13 |         2.60 |
|  clk_i_IBUF_BUFG | u_soc/u_rx_top/u_huffman_block_decoder/len_local[123][4]_i_1_n_0                           | u_uart_dmem_loader/rst_i_BUFG                                         |                8 |             13 |         1.62 |
|  clk_i_IBUF_BUFG | u_soc/u_rx_top/u_huffman_block_decoder/len_local[121][4]_i_1_n_0                           | u_uart_dmem_loader/rst_i_BUFG                                         |                6 |             13 |         2.17 |
|  clk_i_IBUF_BUFG | u_soc/u_rx_top/u_huffman_block_decoder/len_local[120][4]_i_1_n_0                           | u_uart_dmem_loader/rst_i_BUFG                                         |                8 |             13 |         1.62 |
|  clk_i_IBUF_BUFG | u_soc/u_rx_top/u_huffman_block_decoder/len_local[11][4]_i_1_n_0                            | u_uart_dmem_loader/rst_i_BUFG                                         |                6 |             13 |         2.17 |
|  clk_i_IBUF_BUFG | u_soc/u_rx_top/u_huffman_block_decoder/len_local[122][4]_i_1_n_0                           | u_uart_dmem_loader/rst_i_BUFG                                         |                9 |             13 |         1.44 |
|  clk_i_IBUF_BUFG | u_soc/u_rx_top/u_huffman_block_decoder/len_local[119][4]_i_1_n_0                           | u_uart_dmem_loader/rst_i_BUFG                                         |                6 |             13 |         2.17 |
|  clk_i_IBUF_BUFG | u_soc/u_rx_top/u_huffman_block_decoder/len_local[117][4]_i_1_n_0                           | u_uart_dmem_loader/rst_i_BUFG                                         |                7 |             13 |         1.86 |
|  clk_i_IBUF_BUFG | u_soc/u_rx_top/u_huffman_block_decoder/len_local[118][4]_i_1_n_0                           | u_uart_dmem_loader/rst_i_BUFG                                         |                6 |             13 |         2.17 |
|  clk_i_IBUF_BUFG | u_soc/u_rx_top/u_huffman_block_decoder/len_local[116][4]_i_1_n_0                           | u_uart_dmem_loader/rst_i_BUFG                                         |                6 |             13 |         2.17 |
|  clk_i_IBUF_BUFG | u_soc/u_rx_top/u_huffman_block_decoder/len_local[113][4]_i_1_n_0                           | u_uart_dmem_loader/rst_i_BUFG                                         |                7 |             13 |         1.86 |
|  clk_i_IBUF_BUFG | u_soc/u_rx_top/u_huffman_block_decoder/len_local[114][4]_i_1_n_0                           | u_uart_dmem_loader/rst_i_BUFG                                         |                6 |             13 |         2.17 |
|  clk_i_IBUF_BUFG | u_soc/u_rx_top/u_huffman_block_decoder/len_local[112][4]_i_1_n_0                           | u_uart_dmem_loader/rst_i_BUFG                                         |                6 |             13 |         2.17 |
|  clk_i_IBUF_BUFG | u_soc/u_rx_top/u_huffman_block_decoder/len_local[115][4]_i_1_n_0                           | u_uart_dmem_loader/rst_i_BUFG                                         |                8 |             13 |         1.62 |
|  clk_i_IBUF_BUFG | u_soc/u_rx_top/u_huffman_block_decoder/len_local[10][4]_i_1_n_0                            | u_uart_dmem_loader/rst_i_BUFG                                         |                5 |             13 |         2.60 |
|  clk_i_IBUF_BUFG | u_soc/u_rx_top/u_huffman_block_decoder/len_local[108][4]_i_1_n_0                           | u_uart_dmem_loader/rst_i_BUFG                                         |                7 |             13 |         1.86 |
|  clk_i_IBUF_BUFG | u_soc/u_rx_top/u_huffman_block_decoder/len_local[109][4]_i_1_n_0                           | u_uart_dmem_loader/rst_i_BUFG                                         |                6 |             13 |         2.17 |
|  clk_i_IBUF_BUFG | u_soc/u_rx_top/u_huffman_block_decoder/len_local[111][4]_i_1_n_0                           | u_uart_dmem_loader/rst_i_BUFG                                         |                6 |             13 |         2.17 |
|  clk_i_IBUF_BUFG | u_soc/u_rx_top/u_huffman_block_decoder/len_local[110][4]_i_1_n_0                           | u_uart_dmem_loader/rst_i_BUFG                                         |                6 |             13 |         2.17 |
|  clk_i_IBUF_BUFG | u_soc/u_rx_top/u_huffman_block_decoder/len_local[105][4]_i_1_n_0                           | u_uart_dmem_loader/rst_i_BUFG                                         |                6 |             13 |         2.17 |
|  clk_i_IBUF_BUFG | u_soc/u_rx_top/u_huffman_block_decoder/len_local[104][4]_i_1_n_0                           | u_uart_dmem_loader/rst_i_BUFG                                         |                5 |             13 |         2.60 |
|  clk_i_IBUF_BUFG | u_soc/u_rx_top/u_huffman_block_decoder/len_local[107][4]_i_1_n_0                           | u_uart_dmem_loader/rst_i_BUFG                                         |                7 |             13 |         1.86 |
|  clk_i_IBUF_BUFG | u_soc/u_rx_top/u_huffman_block_decoder/len_local[106][4]_i_1_n_0                           | u_uart_dmem_loader/rst_i_BUFG                                         |                7 |             13 |         1.86 |
|  clk_i_IBUF_BUFG | u_soc/u_rx_top/u_huffman_block_decoder/len_local[103][4]_i_1_n_0                           | u_uart_dmem_loader/rst_i_BUFG                                         |                7 |             13 |         1.86 |
|  clk_i_IBUF_BUFG | u_soc/u_rx_top/u_huffman_block_decoder/len_local[102][4]_i_1_n_0                           | u_uart_dmem_loader/rst_i_BUFG                                         |                6 |             13 |         2.17 |
|  clk_i_IBUF_BUFG | u_soc/u_rx_top/u_huffman_block_decoder/len_local[100][4]_i_1_n_0                           | u_uart_dmem_loader/rst_i_BUFG                                         |                7 |             13 |         1.86 |
|  clk_i_IBUF_BUFG | u_soc/u_rx_top/u_huffman_block_decoder/len_local[101][4]_i_1_n_0                           | u_uart_dmem_loader/rst_i_BUFG                                         |                6 |             13 |         2.17 |
|  clk_i_IBUF_BUFG | u_soc/u_rx_top/u_huffman_block_decoder/len_local[0][4]_i_1_n_0                             | u_uart_dmem_loader/rst_i_BUFG                                         |                6 |             13 |         2.17 |
|  clk_i_IBUF_BUFG | u_soc/u_rx_top/u_huffman_block_decoder/len_local[22][4]_i_1_n_0                            | u_uart_dmem_loader/rst_i_BUFG                                         |                4 |             13 |         3.25 |
|  clk_i_IBUF_BUFG | u_soc/u_rx_top/u_huffman_block_decoder/len_local[226][4]_i_1_n_0                           | u_uart_dmem_loader/rst_i_BUFG                                         |                5 |             13 |         2.60 |
|  clk_i_IBUF_BUFG | u_soc/u_rx_top/u_huffman_block_decoder/len_local[227][4]_i_1_n_0                           | u_uart_dmem_loader/rst_i_BUFG                                         |                4 |             13 |         3.25 |
|  clk_i_IBUF_BUFG | u_soc/u_rx_top/u_huffman_block_decoder/len_local[229][4]_i_1_n_0                           | u_uart_dmem_loader/rst_i_BUFG                                         |                3 |             13 |         4.33 |
|  clk_i_IBUF_BUFG | u_soc/u_rx_top/u_huffman_block_decoder/len_local[228][4]_i_1_n_0                           | u_uart_dmem_loader/rst_i_BUFG                                         |                4 |             13 |         3.25 |
|  clk_i_IBUF_BUFG | u_soc/u_rx_top/u_huffman_block_decoder/len_local[222][4]_i_1_n_0                           | u_uart_dmem_loader/rst_i_BUFG                                         |                5 |             13 |         2.60 |
|  clk_i_IBUF_BUFG | u_soc/u_rx_top/u_huffman_block_decoder/len_local[225][4]_i_1_n_0                           | u_uart_dmem_loader/rst_i_BUFG                                         |                5 |             13 |         2.60 |
|  clk_i_IBUF_BUFG | u_soc/u_rx_top/u_huffman_block_decoder/len_local[220][4]_i_1_n_0                           | u_uart_dmem_loader/rst_i_BUFG                                         |                4 |             13 |         3.25 |
|  clk_i_IBUF_BUFG | u_soc/u_rx_top/u_huffman_block_decoder/len_local[223][4]_i_1_n_0                           | u_uart_dmem_loader/rst_i_BUFG                                         |                4 |             13 |         3.25 |
|  clk_i_IBUF_BUFG | u_soc/u_rx_top/u_huffman_block_decoder/len_local[21][4]_i_1_n_0                            | u_uart_dmem_loader/rst_i_BUFG                                         |                4 |             13 |         3.25 |
|  clk_i_IBUF_BUFG | u_soc/u_rx_top/u_huffman_block_decoder/len_local[224][4]_i_1_n_0                           | u_uart_dmem_loader/rst_i_BUFG                                         |                6 |             13 |         2.17 |
|  clk_i_IBUF_BUFG | u_soc/u_rx_top/u_huffman_block_decoder/len_local[221][4]_i_1_n_0                           | u_uart_dmem_loader/rst_i_BUFG                                         |                4 |             13 |         3.25 |
|  clk_i_IBUF_BUFG | u_soc/u_rx_top/u_huffman_block_decoder/len_local[214][4]_i_1_n_0                           | u_uart_dmem_loader/rst_i_BUFG                                         |                4 |             13 |         3.25 |
|  clk_i_IBUF_BUFG | u_soc/u_rx_top/u_huffman_block_decoder/len_local[215][4]_i_1_n_0                           | u_uart_dmem_loader/rst_i_BUFG                                         |                5 |             13 |         2.60 |
|  clk_i_IBUF_BUFG | u_soc/u_rx_top/u_huffman_block_decoder/len_local[218][4]_i_1_n_0                           | u_uart_dmem_loader/rst_i_BUFG                                         |                4 |             13 |         3.25 |
|  clk_i_IBUF_BUFG | u_soc/u_rx_top/u_huffman_block_decoder/len_local[216][4]_i_1_n_0                           | u_uart_dmem_loader/rst_i_BUFG                                         |                5 |             13 |         2.60 |
|  clk_i_IBUF_BUFG | u_soc/u_rx_top/u_huffman_block_decoder/len_local[217][4]_i_1_n_0                           | u_uart_dmem_loader/rst_i_BUFG                                         |                6 |             13 |         2.17 |
|  clk_i_IBUF_BUFG | u_soc/u_rx_top/u_huffman_block_decoder/len_local[219][4]_i_1_n_0                           | u_uart_dmem_loader/rst_i_BUFG                                         |                6 |             13 |         2.17 |
|  clk_i_IBUF_BUFG | u_soc/u_rx_top/u_huffman_block_decoder/len_local[213][4]_i_1_n_0                           | u_uart_dmem_loader/rst_i_BUFG                                         |                4 |             13 |         3.25 |
|  clk_i_IBUF_BUFG | u_soc/u_rx_top/u_huffman_block_decoder/len_local[212][4]_i_1_n_0                           | u_uart_dmem_loader/rst_i_BUFG                                         |                5 |             13 |         2.60 |
|  clk_i_IBUF_BUFG | u_soc/u_rx_top/u_huffman_block_decoder/len_local[211][4]_i_1_n_0                           | u_uart_dmem_loader/rst_i_BUFG                                         |                4 |             13 |         3.25 |
|  clk_i_IBUF_BUFG | u_soc/u_rx_top/u_huffman_block_decoder/len_local[210][4]_i_1_n_0                           | u_uart_dmem_loader/rst_i_BUFG                                         |                6 |             13 |         2.17 |
|  clk_i_IBUF_BUFG | u_soc/u_rx_top/u_huffman_block_decoder/len_local[20][4]_i_1_n_0                            | u_uart_dmem_loader/rst_i_BUFG                                         |                4 |             13 |         3.25 |
|  clk_i_IBUF_BUFG | u_soc/u_rx_top/u_huffman_block_decoder/len_local[209][4]_i_1_n_0                           | u_uart_dmem_loader/rst_i_BUFG                                         |                4 |             13 |         3.25 |
|  clk_i_IBUF_BUFG | u_soc/u_rx_top/u_huffman_block_decoder/len_local[208][4]_i_1_n_0                           | u_uart_dmem_loader/rst_i_BUFG                                         |                5 |             13 |         2.60 |
|  clk_i_IBUF_BUFG | u_soc/u_rx_top/u_huffman_block_decoder/len_local[206][4]_i_1_n_0                           | u_uart_dmem_loader/rst_i_BUFG                                         |                7 |             13 |         1.86 |
|  clk_i_IBUF_BUFG | u_soc/u_rx_top/u_huffman_block_decoder/len_local[204][4]_i_1_n_0                           | u_uart_dmem_loader/rst_i_BUFG                                         |                3 |             13 |         4.33 |
|  clk_i_IBUF_BUFG | u_soc/u_rx_top/u_huffman_block_decoder/len_local[203][4]_i_1_n_0                           | u_uart_dmem_loader/rst_i_BUFG                                         |                5 |             13 |         2.60 |
|  clk_i_IBUF_BUFG | u_soc/u_rx_top/u_huffman_block_decoder/len_local[207][4]_i_1_n_0                           | u_uart_dmem_loader/rst_i_BUFG                                         |                4 |             13 |         3.25 |
|  clk_i_IBUF_BUFG | u_soc/u_rx_top/u_huffman_block_decoder/len_local[205][4]_i_1_n_0                           | u_uart_dmem_loader/rst_i_BUFG                                         |                6 |             13 |         2.17 |
|  clk_i_IBUF_BUFG | u_soc/u_rx_top/u_huffman_block_decoder/len_local[202][4]_i_1_n_0                           | u_uart_dmem_loader/rst_i_BUFG                                         |                4 |             13 |         3.25 |
|  clk_i_IBUF_BUFG | u_soc/u_rx_top/u_huffman_block_decoder/len_local[200][4]_i_1_n_0                           | u_uart_dmem_loader/rst_i_BUFG                                         |                4 |             13 |         3.25 |
|  clk_i_IBUF_BUFG | u_soc/u_rx_top/u_huffman_block_decoder/len_local[201][4]_i_1_n_0                           | u_uart_dmem_loader/rst_i_BUFG                                         |                6 |             13 |         2.17 |
|  clk_i_IBUF_BUFG | u_soc/u_rx_top/u_huffman_block_decoder/len_local[1][4]_i_1_n_0                             | u_uart_dmem_loader/rst_i_BUFG                                         |                6 |             13 |         2.17 |
|  clk_i_IBUF_BUFG | u_soc/u_rx_top/u_huffman_block_decoder/len_local[198][4]_i_1_n_0                           | u_uart_dmem_loader/rst_i_BUFG                                         |                6 |             13 |         2.17 |
|  clk_i_IBUF_BUFG | u_soc/u_rx_top/u_huffman_block_decoder/len_local[199][4]_i_1_n_0                           | u_uart_dmem_loader/rst_i_BUFG                                         |                5 |             13 |         2.60 |
|  clk_i_IBUF_BUFG | u_soc/u_rx_top/u_huffman_block_decoder/len_local[19][4]_i_1_n_0                            | u_uart_dmem_loader/rst_i_BUFG                                         |                4 |             13 |         3.25 |
|  clk_i_IBUF_BUFG | u_soc/u_rx_top/u_huffman_block_decoder/len_local[196][4]_i_1_n_0                           | u_uart_dmem_loader/rst_i_BUFG                                         |                6 |             13 |         2.17 |
|  clk_i_IBUF_BUFG | u_soc/u_rx_top/u_huffman_block_decoder/len_local[194][4]_i_1_n_0                           | u_uart_dmem_loader/rst_i_BUFG                                         |                7 |             13 |         1.86 |
|  clk_i_IBUF_BUFG | u_soc/u_rx_top/u_huffman_block_decoder/len_local[193][4]_i_1_n_0                           | u_uart_dmem_loader/rst_i_BUFG                                         |                7 |             13 |         1.86 |
|  clk_i_IBUF_BUFG | u_soc/u_rx_top/u_huffman_block_decoder/len_local[197][4]_i_1_n_0                           | u_uart_dmem_loader/rst_i_BUFG                                         |                6 |             13 |         2.17 |
|  clk_i_IBUF_BUFG | u_soc/u_rx_top/u_huffman_block_decoder/len_local[195][4]_i_1_n_0                           | u_uart_dmem_loader/rst_i_BUFG                                         |                7 |             13 |         1.86 |
|  clk_i_IBUF_BUFG | u_soc/u_rx_top/u_huffman_block_decoder/len_local[191][4]_i_1_n_0                           | u_uart_dmem_loader/rst_i_BUFG                                         |                7 |             13 |         1.86 |
|  clk_i_IBUF_BUFG | u_soc/u_rx_top/u_huffman_block_decoder/len_local[189][4]_i_1_n_0                           | u_uart_dmem_loader/rst_i_BUFG                                         |                7 |             13 |         1.86 |
|  clk_i_IBUF_BUFG | u_soc/u_rx_top/u_huffman_block_decoder/len_local[18][4]_i_1_n_0                            | u_uart_dmem_loader/rst_i_BUFG                                         |                6 |             13 |         2.17 |
|  clk_i_IBUF_BUFG | u_soc/u_rx_top/u_huffman_block_decoder/len_local[190][4]_i_1_n_0                           | u_uart_dmem_loader/rst_i_BUFG                                         |                5 |             13 |         2.60 |
|  clk_i_IBUF_BUFG | u_soc/u_rx_top/u_huffman_block_decoder/len_local[187][4]_i_1_n_0                           | u_uart_dmem_loader/rst_i_BUFG                                         |                7 |             13 |         1.86 |
|  clk_i_IBUF_BUFG | u_soc/u_rx_top/u_huffman_block_decoder/len_local[255][4]_i_1_n_0                           | u_uart_dmem_loader/rst_i_BUFG                                         |                5 |             13 |         2.60 |
|  clk_i_IBUF_BUFG | u_soc/u_rx_top/u_huffman_block_decoder/len_local[25][4]_i_1_n_0                            | u_uart_dmem_loader/rst_i_BUFG                                         |                5 |             13 |         2.60 |
|  clk_i_IBUF_BUFG | u_soc/u_rx_top/u_huffman_block_decoder/len_local[27][4]_i_1_n_0                            | u_uart_dmem_loader/rst_i_BUFG                                         |                4 |             13 |         3.25 |
|  clk_i_IBUF_BUFG | u_soc/u_rx_top/u_huffman_block_decoder/len_local[2][4]_i_1_n_0                             | u_uart_dmem_loader/rst_i_BUFG                                         |                7 |             13 |         1.86 |
|  clk_i_IBUF_BUFG | u_soc/u_rx_top/u_huffman_block_decoder/len_local[28][4]_i_1_n_0                            | u_uart_dmem_loader/rst_i_BUFG                                         |                4 |             13 |         3.25 |
|  clk_i_IBUF_BUFG | u_soc/u_rx_top/u_huffman_block_decoder/len_local[26][4]_i_1_n_0                            | u_uart_dmem_loader/rst_i_BUFG                                         |                7 |             13 |         1.86 |
|  clk_i_IBUF_BUFG | u_soc/u_rx_top/u_huffman_block_decoder/len_local[29][4]_i_1_n_0                            | u_uart_dmem_loader/rst_i_BUFG                                         |                5 |             13 |         2.60 |
|  clk_i_IBUF_BUFG | u_soc/u_rx_top/u_huffman_block_decoder/len_local[30][4]_i_1_n_0                            | u_uart_dmem_loader/rst_i_BUFG                                         |                5 |             13 |         2.60 |
|  clk_i_IBUF_BUFG | u_soc/u_rx_top/u_huffman_block_decoder/len_local[31][4]_i_1_n_0                            | u_uart_dmem_loader/rst_i_BUFG                                         |                5 |             13 |         2.60 |
|  clk_i_IBUF_BUFG | u_soc/u_rx_top/u_huffman_block_decoder/len_local[34][4]_i_1_n_0                            | u_uart_dmem_loader/rst_i_BUFG                                         |                6 |             13 |         2.17 |
|  clk_i_IBUF_BUFG | u_soc/u_rx_top/u_huffman_block_decoder/len_local[33][4]_i_1_n_0                            | u_uart_dmem_loader/rst_i_BUFG                                         |                6 |             13 |         2.17 |
|  clk_i_IBUF_BUFG | u_soc/u_rx_top/u_huffman_block_decoder/len_local[3][4]_i_1_n_0                             | u_uart_dmem_loader/rst_i_BUFG                                         |                4 |             13 |         3.25 |
|  clk_i_IBUF_BUFG | u_soc/u_rx_top/u_huffman_block_decoder/len_local[35][4]_i_1_n_0                            | u_uart_dmem_loader/rst_i_BUFG                                         |                5 |             13 |         2.60 |
|  clk_i_IBUF_BUFG | u_soc/u_rx_top/u_huffman_block_decoder/len_local[40][4]_i_1_n_0                            | u_uart_dmem_loader/rst_i_BUFG                                         |                4 |             13 |         3.25 |
|  clk_i_IBUF_BUFG | u_soc/u_rx_top/u_huffman_block_decoder/len_local[39][4]_i_1_n_0                            | u_uart_dmem_loader/rst_i_BUFG                                         |                3 |             13 |         4.33 |
|  clk_i_IBUF_BUFG | u_soc/u_rx_top/u_huffman_block_decoder/len_local[36][4]_i_1_n_0                            | u_uart_dmem_loader/rst_i_BUFG                                         |                6 |             13 |         2.17 |
|  clk_i_IBUF_BUFG | u_soc/u_rx_top/u_huffman_block_decoder/len_local[37][4]_i_1_n_0                            | u_uart_dmem_loader/rst_i_BUFG                                         |                3 |             13 |         4.33 |
|  clk_i_IBUF_BUFG | u_soc/u_rx_top/u_huffman_block_decoder/len_local[38][4]_i_1_n_0                            | u_uart_dmem_loader/rst_i_BUFG                                         |                5 |             13 |         2.60 |
|  clk_i_IBUF_BUFG | u_soc/u_rx_top/u_huffman_block_decoder/len_local[45][4]_i_1_n_0                            | u_uart_dmem_loader/rst_i_BUFG                                         |                5 |             13 |         2.60 |
|  clk_i_IBUF_BUFG | u_soc/u_rx_top/u_huffman_block_decoder/len_local[47][4]_i_1_n_0                            | u_uart_dmem_loader/rst_i_BUFG                                         |                6 |             13 |         2.17 |
|  clk_i_IBUF_BUFG | u_soc/u_rx_top/u_huffman_block_decoder/len_local[41][4]_i_1_n_0                            | u_uart_dmem_loader/rst_i_BUFG                                         |                5 |             13 |         2.60 |
|  clk_i_IBUF_BUFG | u_soc/u_rx_top/u_huffman_block_decoder/len_local[46][4]_i_1_n_0                            | u_uart_dmem_loader/rst_i_BUFG                                         |                5 |             13 |         2.60 |
|  clk_i_IBUF_BUFG | u_soc/u_rx_top/u_huffman_block_decoder/len_local[42][4]_i_1_n_0                            | u_uart_dmem_loader/rst_i_BUFG                                         |                5 |             13 |         2.60 |
|  clk_i_IBUF_BUFG | u_soc/u_rx_top/u_huffman_block_decoder/len_local[43][4]_i_1_n_0                            | u_uart_dmem_loader/rst_i_BUFG                                         |                5 |             13 |         2.60 |
|  clk_i_IBUF_BUFG | u_soc/u_rx_top/u_huffman_block_decoder/len_local[44][4]_i_1_n_0                            | u_uart_dmem_loader/rst_i_BUFG                                         |                5 |             13 |         2.60 |
|  clk_i_IBUF_BUFG | u_soc/u_rx_top/u_huffman_block_decoder/len_local[49][4]_i_1_n_0                            | u_uart_dmem_loader/rst_i_BUFG                                         |                6 |             13 |         2.17 |
|  clk_i_IBUF_BUFG | u_soc/u_rx_top/u_huffman_block_decoder/len_local[48][4]_i_1_n_0                            | u_uart_dmem_loader/rst_i_BUFG                                         |                5 |             13 |         2.60 |
|  clk_i_IBUF_BUFG | u_soc/u_rx_top/u_huffman_block_decoder/len_local[250][4]_i_1_n_0                           | u_uart_dmem_loader/rst_i_BUFG                                         |                8 |             13 |         1.62 |
|  clk_i_IBUF_BUFG | u_soc/u_rx_top/u_huffman_block_decoder/len_local[50][4]_i_1_n_0                            | u_uart_dmem_loader/rst_i_BUFG                                         |                4 |             13 |         3.25 |
|  clk_i_IBUF_BUFG | u_soc/u_rx_top/u_huffman_block_decoder/len_local[52][4]_i_1_n_0                            | u_uart_dmem_loader/rst_i_BUFG                                         |                5 |             13 |         2.60 |
|  clk_i_IBUF_BUFG | u_soc/u_rx_top/u_huffman_block_decoder/len_local[53][4]_i_1_n_0                            | u_uart_dmem_loader/rst_i_BUFG                                         |                6 |             13 |         2.17 |
|  clk_i_IBUF_BUFG | u_soc/u_rx_top/u_huffman_block_decoder/len_local[51][4]_i_1_n_0                            | u_uart_dmem_loader/rst_i_BUFG                                         |                5 |             13 |         2.60 |
|  clk_i_IBUF_BUFG | u_soc/u_rx_top/u_huffman_block_decoder/len_local[55][4]_i_1_n_0                            | u_uart_dmem_loader/rst_i_BUFG                                         |                6 |             13 |         2.17 |
|  clk_i_IBUF_BUFG | u_soc/u_rx_top/u_huffman_block_decoder/len_local[57][4]_i_1_n_0                            | u_uart_dmem_loader/rst_i_BUFG                                         |                5 |             13 |         2.60 |
|  clk_i_IBUF_BUFG | u_soc/u_rx_top/u_huffman_block_decoder/len_local[58][4]_i_1_n_0                            | u_uart_dmem_loader/rst_i_BUFG                                         |                6 |             13 |         2.17 |
|  clk_i_IBUF_BUFG | u_soc/u_rx_top/u_huffman_block_decoder/len_local[56][4]_i_1_n_0                            | u_uart_dmem_loader/rst_i_BUFG                                         |                5 |             13 |         2.60 |
|  clk_i_IBUF_BUFG | u_soc/u_rx_top/u_huffman_block_decoder/len_local[54][4]_i_1_n_0                            | u_uart_dmem_loader/rst_i_BUFG                                         |                5 |             13 |         2.60 |
|  clk_i_IBUF_BUFG | u_soc/u_rx_top/u_huffman_block_decoder/len_local[61][4]_i_1_n_0                            | u_uart_dmem_loader/rst_i_BUFG                                         |                6 |             13 |         2.17 |
|  clk_i_IBUF_BUFG | u_soc/u_rx_top/u_huffman_block_decoder/len_local[59][4]_i_1_n_0                            | u_uart_dmem_loader/rst_i_BUFG                                         |                6 |             13 |         2.17 |
|  clk_i_IBUF_BUFG | u_soc/u_rx_top/u_huffman_block_decoder/len_local[62][4]_i_1_n_0                            | u_uart_dmem_loader/rst_i_BUFG                                         |                6 |             13 |         2.17 |
|  clk_i_IBUF_BUFG | u_soc/u_rx_top/u_huffman_block_decoder/len_local[5][4]_i_1_n_0                             | u_uart_dmem_loader/rst_i_BUFG                                         |                4 |             13 |         3.25 |
|  clk_i_IBUF_BUFG | u_soc/u_rx_top/u_huffman_block_decoder/len_local[60][4]_i_1_n_0                            | u_uart_dmem_loader/rst_i_BUFG                                         |                6 |             13 |         2.17 |
|  clk_i_IBUF_BUFG | u_soc/u_rx_top/u_huffman_block_decoder/len_local[65][4]_i_1_n_0                            | u_uart_dmem_loader/rst_i_BUFG                                         |                7 |             13 |         1.86 |
|  clk_i_IBUF_BUFG | u_soc/u_rx_top/u_huffman_block_decoder/len_local[66][4]_i_1_n_0                            | u_uart_dmem_loader/rst_i_BUFG                                         |                5 |             13 |         2.60 |
|  clk_i_IBUF_BUFG | u_soc/u_rx_top/u_huffman_block_decoder/len_local[64][4]_i_1_n_0                            | u_uart_dmem_loader/rst_i_BUFG                                         |                5 |             13 |         2.60 |
|  clk_i_IBUF_BUFG | u_soc/u_rx_top/u_huffman_block_decoder/len_local[68][4]_i_1_n_0                            | u_uart_dmem_loader/rst_i_BUFG                                         |                5 |             13 |         2.60 |
|  clk_i_IBUF_BUFG | u_soc/u_rx_top/u_huffman_block_decoder/len_local[67][4]_i_1_n_0                            | u_uart_dmem_loader/rst_i_BUFG                                         |                8 |             13 |         1.62 |
|  clk_i_IBUF_BUFG | u_soc/u_rx_top/u_huffman_block_decoder/len_local[69][4]_i_1_n_0                            | u_uart_dmem_loader/rst_i_BUFG                                         |                7 |             13 |         1.86 |
|  clk_i_IBUF_BUFG | u_soc/u_rx_top/u_huffman_block_decoder/len_local[6][4]_i_1_n_0                             | u_uart_dmem_loader/rst_i_BUFG                                         |                6 |             13 |         2.17 |
|  clk_i_IBUF_BUFG | u_soc/u_rx_top/u_huffman_block_decoder/len_local[72][4]_i_1_n_0                            | u_uart_dmem_loader/rst_i_BUFG                                         |                4 |             13 |         3.25 |
|  clk_i_IBUF_BUFG | u_soc/u_rx_top/u_huffman_block_decoder/len_local[71][4]_i_1_n_0                            | u_uart_dmem_loader/rst_i_BUFG                                         |                7 |             13 |         1.86 |
|  clk_i_IBUF_BUFG | u_soc/u_rx_top/u_huffman_block_decoder/len_local[70][4]_i_1_n_0                            | u_uart_dmem_loader/rst_i_BUFG                                         |                6 |             13 |         2.17 |
|  clk_i_IBUF_BUFG | u_soc/u_rx_top/u_huffman_block_decoder/len_local[74][4]_i_1_n_0                            | u_uart_dmem_loader/rst_i_BUFG                                         |                6 |             13 |         2.17 |
|  clk_i_IBUF_BUFG | u_soc/u_rx_top/u_huffman_block_decoder/len_local[73][4]_i_1_n_0                            | u_uart_dmem_loader/rst_i_BUFG                                         |                8 |             13 |         1.62 |
|  clk_i_IBUF_BUFG | u_soc/u_rx_top/u_huffman_block_decoder/len_local[75][4]_i_1_n_0                            | u_uart_dmem_loader/rst_i_BUFG                                         |                7 |             13 |         1.86 |
|  clk_i_IBUF_BUFG | u_soc/u_rx_top/u_huffman_block_decoder/len_local[76][4]_i_1_n_0                            | u_uart_dmem_loader/rst_i_BUFG                                         |                6 |             13 |         2.17 |
|  clk_i_IBUF_BUFG | u_soc/u_rx_top/u_huffman_block_decoder/len_local[77][4]_i_1_n_0                            | u_uart_dmem_loader/rst_i_BUFG                                         |                5 |             13 |         2.60 |
|  clk_i_IBUF_BUFG | u_soc/u_rx_top/u_huffman_block_decoder/len_local[78][4]_i_1_n_0                            | u_uart_dmem_loader/rst_i_BUFG                                         |                7 |             13 |         1.86 |
|  clk_i_IBUF_BUFG | u_soc/u_rx_top/u_huffman_block_decoder/len_local[79][4]_i_1_n_0                            | u_uart_dmem_loader/rst_i_BUFG                                         |                6 |             13 |         2.17 |
|  clk_i_IBUF_BUFG | u_soc/u_rx_top/u_huffman_block_decoder/len_local[81][4]_i_1_n_0                            | u_uart_dmem_loader/rst_i_BUFG                                         |                8 |             13 |         1.62 |
|  clk_i_IBUF_BUFG | u_soc/u_rx_top/u_huffman_block_decoder/len_local[82][4]_i_1_n_0                            | u_uart_dmem_loader/rst_i_BUFG                                         |                9 |             13 |         1.44 |
|  clk_i_IBUF_BUFG | u_soc/u_rx_top/u_huffman_block_decoder/len_local[80][4]_i_1_n_0                            | u_uart_dmem_loader/rst_i_BUFG                                         |                4 |             13 |         3.25 |
|  clk_i_IBUF_BUFG | u_soc/u_rx_top/u_huffman_block_decoder/len_local[7][4]_i_1_n_0                             | u_uart_dmem_loader/rst_i_BUFG                                         |                4 |             13 |         3.25 |
|  clk_i_IBUF_BUFG | u_soc/u_rx_top/u_huffman_block_decoder/len_local[83][4]_i_1_n_0                            | u_uart_dmem_loader/rst_i_BUFG                                         |                9 |             13 |         1.44 |
|  clk_i_IBUF_BUFG | u_soc/u_rx_top/u_huffman_block_decoder/len_local[4][4]_i_1_n_0                             | u_uart_dmem_loader/rst_i_BUFG                                         |                6 |             13 |         2.17 |
|  clk_i_IBUF_BUFG | u_soc/u_rx_top/u_huffman_block_decoder/len_local[86][4]_i_1_n_0                            | u_uart_dmem_loader/rst_i_BUFG                                         |                9 |             13 |         1.44 |
|  clk_i_IBUF_BUFG | u_soc/u_rx_top/u_huffman_block_decoder/len_local[84][4]_i_1_n_0                            | u_uart_dmem_loader/rst_i_BUFG                                         |                6 |             13 |         2.17 |
|  clk_i_IBUF_BUFG | u_soc/u_rx_top/u_huffman_block_decoder/len_local[88][4]_i_1_n_0                            | u_uart_dmem_loader/rst_i_BUFG                                         |                6 |             13 |         2.17 |
|  clk_i_IBUF_BUFG | u_soc/u_rx_top/u_huffman_block_decoder/len_local[89][4]_i_1_n_0                            | u_uart_dmem_loader/rst_i_BUFG                                         |                4 |             13 |         3.25 |
|  clk_i_IBUF_BUFG | u_soc/u_rx_top/u_huffman_block_decoder/len_local[90][4]_i_1_n_0                            | u_uart_dmem_loader/rst_i_BUFG                                         |                8 |             13 |         1.62 |
|  clk_i_IBUF_BUFG | u_soc/u_rx_top/u_huffman_block_decoder/len_local[87][4]_i_1_n_0                            | u_uart_dmem_loader/rst_i_BUFG                                         |                7 |             13 |         1.86 |
|  clk_i_IBUF_BUFG | u_soc/u_rx_top/u_huffman_block_decoder/len_local[91][4]_i_1_n_0                            | u_uart_dmem_loader/rst_i_BUFG                                         |                8 |             13 |         1.62 |
|  clk_i_IBUF_BUFG | u_soc/u_rx_top/u_huffman_block_decoder/len_local[8][4]_i_1_n_0                             | u_uart_dmem_loader/rst_i_BUFG                                         |                6 |             13 |         2.17 |
|  clk_i_IBUF_BUFG | u_soc/u_rx_top/u_huffman_block_decoder/len_local[92][4]_i_1_n_0                            | u_uart_dmem_loader/rst_i_BUFG                                         |                6 |             13 |         2.17 |
|  clk_i_IBUF_BUFG | u_soc/u_rx_top/u_huffman_block_decoder/len_local[93][4]_i_1_n_0                            | u_uart_dmem_loader/rst_i_BUFG                                         |                7 |             13 |         1.86 |
|  clk_i_IBUF_BUFG | u_soc/u_rx_top/u_huffman_block_decoder/len_local[94][4]_i_1_n_0                            | u_uart_dmem_loader/rst_i_BUFG                                         |                8 |             13 |         1.62 |
|  clk_i_IBUF_BUFG | u_soc/u_rx_top/u_huffman_block_decoder/len_local[95][4]_i_1_n_0                            | u_uart_dmem_loader/rst_i_BUFG                                         |                7 |             13 |         1.86 |
|  clk_i_IBUF_BUFG | u_soc/u_rx_top/u_huffman_block_decoder/len_local[97][4]_i_1_n_0                            | u_uart_dmem_loader/rst_i_BUFG                                         |                6 |             13 |         2.17 |
|  clk_i_IBUF_BUFG | u_soc/u_rx_top/u_huffman_block_decoder/len_local[98][4]_i_1_n_0                            | u_uart_dmem_loader/rst_i_BUFG                                         |                7 |             13 |         1.86 |
|  clk_i_IBUF_BUFG | u_soc/u_rx_top/u_huffman_block_decoder/len_local[96][4]_i_1_n_0                            | u_uart_dmem_loader/rst_i_BUFG                                         |                5 |             13 |         2.60 |
|  clk_i_IBUF_BUFG | u_soc/u_rx_top/u_huffman_block_decoder/len_local[99][4]_i_1_n_0                            | u_uart_dmem_loader/rst_i_BUFG                                         |                7 |             13 |         1.86 |
|  clk_i_IBUF_BUFG | u_soc/u_rx_top/u_huffman_block_decoder/len_local[9][4]_i_1_n_0                             | u_uart_dmem_loader/rst_i_BUFG                                         |                6 |             13 |         2.17 |
|  clk_i_IBUF_BUFG | u_soc/u_rx_top/u_huffman_block_decoder/len_local[251][4]_i_1_n_0                           | u_uart_dmem_loader/rst_i_BUFG                                         |                7 |             13 |         1.86 |
|  clk_i_IBUF_BUFG | u_soc/u_rx_top/u_huffman_block_decoder/len_local[253][4]_i_1_n_0                           | u_uart_dmem_loader/rst_i_BUFG                                         |               10 |             13 |         1.30 |
|  clk_i_IBUF_BUFG | u_soc/u_rx_top/u_huffman_block_decoder/len_local[252][4]_i_1_n_0                           | u_uart_dmem_loader/rst_i_BUFG                                         |                8 |             13 |         1.62 |
|  clk_i_IBUF_BUFG | u_soc/u_rx_top/u_huffman_block_decoder/len_local[24][4]_i_1_n_0                            | u_uart_dmem_loader/rst_i_BUFG                                         |                4 |             13 |         3.25 |
|  clk_i_IBUF_BUFG | u_soc/u_rx_top/u_huffman_block_decoder/len_local[254][4]_i_1_n_0                           | u_uart_dmem_loader/rst_i_BUFG                                         |                6 |             13 |         2.17 |
|  clk_i_IBUF_BUFG | u_soc/u_rx_top/u_huffman_block_decoder/len_local[245][4]_i_1_n_0                           | u_uart_dmem_loader/rst_i_BUFG                                         |                8 |             13 |         1.62 |
|  clk_i_IBUF_BUFG | u_soc/u_rx_top/u_huffman_block_decoder/len_local[248][4]_i_1_n_0                           | u_uart_dmem_loader/rst_i_BUFG                                         |                8 |             13 |         1.62 |
|  clk_i_IBUF_BUFG | u_soc/u_rx_top/u_huffman_block_decoder/len_local[246][4]_i_1_n_0                           | u_uart_dmem_loader/rst_i_BUFG                                         |                9 |             13 |         1.44 |
|  clk_i_IBUF_BUFG | u_soc/u_rx_top/u_huffman_block_decoder/len_local[244][4]_i_1_n_0                           | u_uart_dmem_loader/rst_i_BUFG                                         |                7 |             13 |         1.86 |
|  clk_i_IBUF_BUFG | u_soc/u_rx_top/u_huffman_block_decoder/len_local[247][4]_i_1_n_0                           | u_uart_dmem_loader/rst_i_BUFG                                         |                6 |             13 |         2.17 |
|  clk_i_IBUF_BUFG | u_soc/u_rx_top/u_huffman_block_decoder/len_local[243][4]_i_1_n_0                           | u_uart_dmem_loader/rst_i_BUFG                                         |                8 |             13 |         1.62 |
|  clk_i_IBUF_BUFG | u_soc/u_rx_top/u_huffman_block_decoder/len_local[249][4]_i_1_n_0                           | u_uart_dmem_loader/rst_i_BUFG                                         |                8 |             13 |         1.62 |
|  clk_i_IBUF_BUFG | u_soc/u_rx_top/u_huffman_block_decoder/len_local[238][4]_i_1_n_0                           | u_uart_dmem_loader/rst_i_BUFG                                         |                6 |             13 |         2.17 |
|  clk_i_IBUF_BUFG | u_soc/u_rx_top/u_huffman_block_decoder/len_local[242][4]_i_1_n_0                           | u_uart_dmem_loader/rst_i_BUFG                                         |                6 |             13 |         2.17 |
|  clk_i_IBUF_BUFG | u_soc/u_rx_top/u_huffman_block_decoder/len_local[239][4]_i_1_n_0                           | u_uart_dmem_loader/rst_i_BUFG                                         |                6 |             13 |         2.17 |
|  clk_i_IBUF_BUFG | u_soc/u_rx_top/u_huffman_block_decoder/len_local[85][4]_i_1_n_0                            | u_uart_dmem_loader/rst_i_BUFG                                         |                8 |             13 |         1.62 |
|  clk_i_IBUF_BUFG | u_soc/u_dma_rx_engine/src_ptr_r[14]_i_1_n_0                                                | u_soc/u_dma_regfile/soft_reset_pulse_o_reg_0                          |                6 |             14 |         2.33 |
|  clk_i_IBUF_BUFG | u_soc/u_rx_top/u_huffman_block_decoder/fallback_count_r[8]_i_1_n_0                         | u_uart_dmem_loader/rst_i_BUFG                                         |                3 |             15 |         5.00 |
|  clk_i_IBUF_BUFG | u_uart_dmem_loader/u_uart_rx/SR[0]                                                         |                                                                       |                5 |             15 |         3.00 |
|  clk_i_IBUF_BUFG | u_uart_dmem_loader/u_uart_rx/baud_cnt_r                                                    | u_uart_dmem_loader/u_uart_rx/SR[0]                                    |                2 |             16 |         8.00 |
|  clk_i_IBUF_BUFG | u_uart_dmem_loader/u_uart_tx/baud_cnt_r[18]_i_1_n_0                                        | u_uart_dmem_loader/u_uart_rx/SR[0]                                    |                4 |             19 |         4.75 |
|  clk_i_IBUF_BUFG | u_soc/u_rx_top/u_huffman_block_decoder/assign_idx_r[8]_i_1_n_0                             | u_uart_dmem_loader/rst_i_BUFG                                         |               11 |             22 |         2.00 |
|  clk_i_IBUF_BUFG | u_soc/u_rx_top/u_huffman_block_decoder/entry_load_count_r[8]_i_1_n_0                       | u_uart_dmem_loader/rst_i_BUFG                                         |                8 |             23 |         2.88 |
|  clk_i_IBUF_BUFG | u_soc/u_rx_top/u_huffman_block_decoder/in_fire_w                                           | u_uart_dmem_loader/rst_i_BUFG                                         |                8 |             27 |         3.38 |
|  clk_i_IBUF_BUFG |                                                                                            |                                                                       |               19 |             28 |         1.47 |
|  clk_i_IBUF_BUFG | u_uart_dmem_loader/u_uart_rx/data_valid_o_reg_1[0]                                         | u_uart_dmem_loader/u_uart_rx/SR[0]                                    |                7 |             30 |         4.29 |
|  clk_i_IBUF_BUFG | u_soc/u_rx_top/u_huffman_block_decoder/code_local[194][30]_i_1_n_0                         | u_uart_dmem_loader/rst_i_BUFG                                         |               14 |             31 |         2.21 |
|  clk_i_IBUF_BUFG | u_soc/u_rx_top/u_huffman_block_decoder/code_local[197][30]_i_1_n_0                         | u_uart_dmem_loader/rst_i_BUFG                                         |               10 |             31 |         3.10 |
|  clk_i_IBUF_BUFG | u_soc/u_rx_top/u_huffman_block_decoder/code_local[199][30]_i_1_n_0                         | u_uart_dmem_loader/rst_i_BUFG                                         |               13 |             31 |         2.38 |
|  clk_i_IBUF_BUFG | u_soc/u_rx_top/u_huffman_block_decoder/code_local[196][30]_i_1_n_0                         | u_uart_dmem_loader/rst_i_BUFG                                         |               11 |             31 |         2.82 |
|  clk_i_IBUF_BUFG | u_soc/u_rx_top/u_huffman_block_decoder/code_local[193][30]_i_1_n_0                         | u_uart_dmem_loader/rst_i_BUFG                                         |               11 |             31 |         2.82 |
|  clk_i_IBUF_BUFG | u_soc/u_rx_top/u_huffman_block_decoder/code_local[192][30]_i_1_n_0                         | u_uart_dmem_loader/rst_i_BUFG                                         |               14 |             31 |         2.21 |
|  clk_i_IBUF_BUFG | u_soc/u_rx_top/u_huffman_block_decoder/code_local[198][30]_i_1_n_0                         | u_uart_dmem_loader/rst_i_BUFG                                         |               10 |             31 |         3.10 |
|  clk_i_IBUF_BUFG | u_soc/u_rx_top/u_huffman_block_decoder/code_local[19][30]_i_1_n_0                          | u_uart_dmem_loader/rst_i_BUFG                                         |               14 |             31 |         2.21 |
|  clk_i_IBUF_BUFG | u_soc/u_rx_top/u_huffman_block_decoder/code_local[1][30]_i_1_n_0                           | u_uart_dmem_loader/rst_i_BUFG                                         |               10 |             31 |         3.10 |
|  clk_i_IBUF_BUFG | u_soc/u_rx_top/u_huffman_block_decoder/code_local[206][30]_i_1_n_0                         | u_uart_dmem_loader/rst_i_BUFG                                         |               11 |             31 |         2.82 |
|  clk_i_IBUF_BUFG | u_soc/u_rx_top/u_huffman_block_decoder/code_local[216][30]_i_1_n_0                         | u_uart_dmem_loader/rst_i_BUFG                                         |               15 |             31 |         2.07 |
|  clk_i_IBUF_BUFG | u_soc/u_rx_top/u_huffman_block_decoder/code_local[217][30]_i_1_n_0                         | u_uart_dmem_loader/rst_i_BUFG                                         |               17 |             31 |         1.82 |
|  clk_i_IBUF_BUFG | u_soc/u_rx_top/u_huffman_block_decoder/code_local[207][30]_i_1_n_0                         | u_uart_dmem_loader/rst_i_BUFG                                         |               12 |             31 |         2.58 |
|  clk_i_IBUF_BUFG | u_soc/u_rx_top/u_huffman_block_decoder/code_local[208][30]_i_1_n_0                         | u_uart_dmem_loader/rst_i_BUFG                                         |               16 |             31 |         1.94 |
|  clk_i_IBUF_BUFG | u_soc/u_rx_top/u_huffman_block_decoder/code_local[202][30]_i_1_n_0                         | u_uart_dmem_loader/rst_i_BUFG                                         |               12 |             31 |         2.58 |
|  clk_i_IBUF_BUFG | u_soc/u_rx_top/u_huffman_block_decoder/code_local[203][30]_i_1_n_0                         | u_uart_dmem_loader/rst_i_BUFG                                         |               12 |             31 |         2.58 |
|  clk_i_IBUF_BUFG | u_soc/u_rx_top/u_huffman_block_decoder/code_local[212][30]_i_1_n_0                         | u_uart_dmem_loader/rst_i_BUFG                                         |               14 |             31 |         2.21 |
|  clk_i_IBUF_BUFG | u_soc/u_rx_top/u_huffman_block_decoder/code_local[214][30]_i_1_n_0                         | u_uart_dmem_loader/rst_i_BUFG                                         |               16 |             31 |         1.94 |
|  clk_i_IBUF_BUFG | u_soc/u_rx_top/u_huffman_block_decoder/code_local[205][30]_i_1_n_0                         | u_uart_dmem_loader/rst_i_BUFG                                         |               13 |             31 |         2.38 |
|  clk_i_IBUF_BUFG | u_soc/u_rx_top/u_huffman_block_decoder/code_local[204][30]_i_1_n_0                         | u_uart_dmem_loader/rst_i_BUFG                                         |               11 |             31 |         2.82 |
|  clk_i_IBUF_BUFG | u_soc/u_rx_top/u_huffman_block_decoder/code_local[215][30]_i_1_n_0                         | u_uart_dmem_loader/rst_i_BUFG                                         |               15 |             31 |         2.07 |
|  clk_i_IBUF_BUFG | u_soc/u_rx_top/u_huffman_block_decoder/code_local[210][30]_i_1_n_0                         | u_uart_dmem_loader/rst_i_BUFG                                         |               15 |             31 |         2.07 |
|  clk_i_IBUF_BUFG | u_soc/u_rx_top/u_huffman_block_decoder/code_local[213][30]_i_1_n_0                         | u_uart_dmem_loader/rst_i_BUFG                                         |               16 |             31 |         1.94 |
|  clk_i_IBUF_BUFG | u_soc/u_rx_top/u_huffman_block_decoder/code_local[211][30]_i_1_n_0                         | u_uart_dmem_loader/rst_i_BUFG                                         |               16 |             31 |         1.94 |
|  clk_i_IBUF_BUFG | u_soc/u_rx_top/u_huffman_block_decoder/code_local[201][30]_i_1_n_0                         | u_uart_dmem_loader/rst_i_BUFG                                         |               11 |             31 |         2.82 |
|  clk_i_IBUF_BUFG | u_soc/u_rx_top/u_huffman_block_decoder/code_local[209][30]_i_1_n_0                         | u_uart_dmem_loader/rst_i_BUFG                                         |               14 |             31 |         2.21 |
|  clk_i_IBUF_BUFG | u_soc/u_rx_top/u_huffman_block_decoder/code_local[200][30]_i_1_n_0                         | u_uart_dmem_loader/rst_i_BUFG                                         |               12 |             31 |         2.58 |
|  clk_i_IBUF_BUFG | u_soc/u_rx_top/u_huffman_block_decoder/code_local[20][30]_i_1_n_0                          | u_uart_dmem_loader/rst_i_BUFG                                         |               14 |             31 |         2.21 |
|  clk_i_IBUF_BUFG | u_soc/u_rx_top/u_huffman_block_decoder/code_local[218][30]_i_1_n_0                         | u_uart_dmem_loader/rst_i_BUFG                                         |               17 |             31 |         1.82 |
|  clk_i_IBUF_BUFG | u_soc/u_rx_top/u_huffman_block_decoder/code_local[223][30]_i_1_n_0                         | u_uart_dmem_loader/rst_i_BUFG                                         |               17 |             31 |         1.82 |
|  clk_i_IBUF_BUFG | u_soc/u_rx_top/u_huffman_block_decoder/code_local[228][30]_i_1_n_0                         | u_uart_dmem_loader/rst_i_BUFG                                         |               17 |             31 |         1.82 |
|  clk_i_IBUF_BUFG | u_soc/u_rx_top/u_huffman_block_decoder/code_local[22][30]_i_1_n_0                          | u_uart_dmem_loader/rst_i_BUFG                                         |               15 |             31 |         2.07 |
|  clk_i_IBUF_BUFG | u_soc/u_rx_top/u_huffman_block_decoder/code_local[219][30]_i_1_n_0                         | u_uart_dmem_loader/rst_i_BUFG                                         |               14 |             31 |         2.21 |
|  clk_i_IBUF_BUFG | u_soc/u_rx_top/u_huffman_block_decoder/code_local[229][30]_i_1_n_0                         | u_uart_dmem_loader/rst_i_BUFG                                         |               13 |             31 |         2.38 |
|  clk_i_IBUF_BUFG | u_soc/u_rx_top/u_huffman_block_decoder/code_local[237][30]_i_1_n_0                         | u_uart_dmem_loader/rst_i_BUFG                                         |               20 |             31 |         1.55 |
|  clk_i_IBUF_BUFG | u_soc/u_rx_top/u_huffman_block_decoder/code_local[238][30]_i_1_n_0                         | u_uart_dmem_loader/rst_i_BUFG                                         |               16 |             31 |         1.94 |
|  clk_i_IBUF_BUFG | u_soc/u_rx_top/u_huffman_block_decoder/code_local[220][30]_i_1_n_0                         | u_uart_dmem_loader/rst_i_BUFG                                         |               17 |             31 |         1.82 |
|  clk_i_IBUF_BUFG | u_soc/u_rx_top/u_huffman_block_decoder/code_local[235][30]_i_1_n_0                         | u_uart_dmem_loader/rst_i_BUFG                                         |               14 |             31 |         2.21 |
|  clk_i_IBUF_BUFG | u_soc/u_rx_top/u_huffman_block_decoder/code_local[233][30]_i_1_n_0                         | u_uart_dmem_loader/rst_i_BUFG                                         |               18 |             31 |         1.72 |
|  clk_i_IBUF_BUFG | u_soc/u_rx_top/u_huffman_block_decoder/code_local[239][30]_i_1_n_0                         | u_uart_dmem_loader/rst_i_BUFG                                         |               14 |             31 |         2.21 |
|  clk_i_IBUF_BUFG | u_soc/u_rx_top/u_huffman_block_decoder/code_local[221][30]_i_1_n_0                         | u_uart_dmem_loader/rst_i_BUFG                                         |               16 |             31 |         1.94 |
|  clk_i_IBUF_BUFG | u_soc/u_rx_top/u_huffman_block_decoder/code_local[224][30]_i_1_n_0                         | u_uart_dmem_loader/rst_i_BUFG                                         |               14 |             31 |         2.21 |
|  clk_i_IBUF_BUFG | u_soc/u_rx_top/u_huffman_block_decoder/code_local[230][30]_i_1_n_0                         | u_uart_dmem_loader/rst_i_BUFG                                         |               14 |             31 |         2.21 |
|  clk_i_IBUF_BUFG | u_soc/u_rx_top/u_huffman_block_decoder/code_local[240][30]_i_1_n_0                         | u_uart_dmem_loader/rst_i_BUFG                                         |               14 |             31 |         2.21 |
|  clk_i_IBUF_BUFG | u_soc/u_rx_top/u_huffman_block_decoder/code_local[241][30]_i_1_n_0                         | u_uart_dmem_loader/rst_i_BUFG                                         |               14 |             31 |         2.21 |
|  clk_i_IBUF_BUFG | u_soc/u_rx_top/u_huffman_block_decoder/code_local[227][30]_i_1_n_0                         | u_uart_dmem_loader/rst_i_BUFG                                         |               20 |             31 |         1.55 |
|  clk_i_IBUF_BUFG | u_soc/u_rx_top/u_huffman_block_decoder/code_local[23][30]_i_1_n_0                          | u_uart_dmem_loader/rst_i_BUFG                                         |               13 |             31 |         2.38 |
|  clk_i_IBUF_BUFG | u_soc/u_rx_top/u_huffman_block_decoder/code_local[242][30]_i_1_n_0                         | u_uart_dmem_loader/rst_i_BUFG                                         |               13 |             31 |         2.38 |
|  clk_i_IBUF_BUFG | u_soc/u_rx_top/u_huffman_block_decoder/code_local[243][30]_i_1_n_0                         | u_uart_dmem_loader/rst_i_BUFG                                         |               13 |             31 |         2.38 |
|  clk_i_IBUF_BUFG | u_soc/u_rx_top/u_huffman_block_decoder/code_local[225][30]_i_1_n_0                         | u_uart_dmem_loader/rst_i_BUFG                                         |               16 |             31 |         1.94 |
|  clk_i_IBUF_BUFG | u_soc/u_rx_top/u_huffman_block_decoder/code_local[21][30]_i_1_n_0                          | u_uart_dmem_loader/rst_i_BUFG                                         |               12 |             31 |         2.58 |
|  clk_i_IBUF_BUFG | u_soc/u_rx_top/u_huffman_block_decoder/code_local[226][30]_i_1_n_0                         | u_uart_dmem_loader/rst_i_BUFG                                         |               15 |             31 |         2.07 |
|  clk_i_IBUF_BUFG | u_soc/u_rx_top/u_huffman_block_decoder/code_local[222][30]_i_1_n_0                         | u_uart_dmem_loader/rst_i_BUFG                                         |               15 |             31 |         2.07 |
|  clk_i_IBUF_BUFG | u_soc/u_rx_top/u_huffman_block_decoder/code_local[231][30]_i_1_n_0                         | u_uart_dmem_loader/rst_i_BUFG                                         |               14 |             31 |         2.21 |
|  clk_i_IBUF_BUFG | u_soc/u_rx_top/u_huffman_block_decoder/code_local[234][30]_i_1_n_0                         | u_uart_dmem_loader/rst_i_BUFG                                         |               16 |             31 |         1.94 |
|  clk_i_IBUF_BUFG | u_soc/u_rx_top/u_huffman_block_decoder/code_local[236][30]_i_1_n_0                         | u_uart_dmem_loader/rst_i_BUFG                                         |               15 |             31 |         2.07 |
|  clk_i_IBUF_BUFG | u_soc/u_rx_top/u_huffman_block_decoder/code_local[232][30]_i_1_n_0                         | u_uart_dmem_loader/rst_i_BUFG                                         |               14 |             31 |         2.21 |
|  clk_i_IBUF_BUFG | u_soc/u_rx_top/u_huffman_block_decoder/code_local[246][30]_i_1_n_0                         | u_uart_dmem_loader/rst_i_BUFG                                         |               13 |             31 |         2.38 |
|  clk_i_IBUF_BUFG | u_soc/u_rx_top/u_huffman_block_decoder/code_local[251][30]_i_1_n_0                         | u_uart_dmem_loader/rst_i_BUFG                                         |               11 |             31 |         2.82 |
|  clk_i_IBUF_BUFG | u_soc/u_rx_top/u_huffman_block_decoder/code_local[26][30]_i_1_n_0                          | u_uart_dmem_loader/rst_i_BUFG                                         |               15 |             31 |         2.07 |
|  clk_i_IBUF_BUFG | u_soc/u_rx_top/u_huffman_block_decoder/code_local[248][30]_i_1_n_0                         | u_uart_dmem_loader/rst_i_BUFG                                         |               15 |             31 |         2.07 |
|  clk_i_IBUF_BUFG | u_soc/u_rx_top/u_huffman_block_decoder/code_local[24][30]_i_1_n_0                          | u_uart_dmem_loader/rst_i_BUFG                                         |               13 |             31 |         2.38 |
|  clk_i_IBUF_BUFG | u_soc/u_rx_top/u_huffman_block_decoder/code_local[245][30]_i_1_n_0                         | u_uart_dmem_loader/rst_i_BUFG                                         |               15 |             31 |         2.07 |
|  clk_i_IBUF_BUFG | u_soc/u_rx_top/u_huffman_block_decoder/code_local[27][30]_i_1_n_0                          | u_uart_dmem_loader/rst_i_BUFG                                         |               14 |             31 |         2.21 |
|  clk_i_IBUF_BUFG | u_soc/u_rx_top/u_huffman_block_decoder/code_local[28][30]_i_1_n_0                          | u_uart_dmem_loader/rst_i_BUFG                                         |               14 |             31 |         2.21 |
|  clk_i_IBUF_BUFG | u_soc/u_rx_top/u_huffman_block_decoder/code_local[29][30]_i_1_n_0                          | u_uart_dmem_loader/rst_i_BUFG                                         |               16 |             31 |         1.94 |
|  clk_i_IBUF_BUFG | u_soc/u_rx_top/u_huffman_block_decoder/code_local[30][30]_i_1_n_0                          | u_uart_dmem_loader/rst_i_BUFG                                         |               14 |             31 |         2.21 |
|  clk_i_IBUF_BUFG | u_soc/u_rx_top/u_huffman_block_decoder/code_local[31][30]_i_1_n_0                          | u_uart_dmem_loader/rst_i_BUFG                                         |               13 |             31 |         2.38 |
|  clk_i_IBUF_BUFG | u_soc/u_rx_top/u_huffman_block_decoder/code_local[2][30]_i_1_n_0                           | u_uart_dmem_loader/rst_i_BUFG                                         |                9 |             31 |         3.44 |
|  clk_i_IBUF_BUFG | u_soc/u_rx_top/u_huffman_block_decoder/code_local[249][30]_i_1_n_0                         | u_uart_dmem_loader/rst_i_BUFG                                         |               11 |             31 |         2.82 |
|  clk_i_IBUF_BUFG | u_soc/u_rx_top/u_huffman_block_decoder/code_local[247][30]_i_1_n_0                         | u_uart_dmem_loader/rst_i_BUFG                                         |               12 |             31 |         2.58 |
|  clk_i_IBUF_BUFG | u_soc/u_rx_top/u_huffman_block_decoder/code_local[250][30]_i_1_n_0                         | u_uart_dmem_loader/rst_i_BUFG                                         |               14 |             31 |         2.21 |
|  clk_i_IBUF_BUFG | u_soc/u_rx_top/u_huffman_block_decoder/code_local[33][30]_i_1_n_0                          | u_uart_dmem_loader/rst_i_BUFG                                         |               13 |             31 |         2.38 |
|  clk_i_IBUF_BUFG | u_soc/u_rx_top/u_huffman_block_decoder/code_local[35][30]_i_1_n_0                          | u_uart_dmem_loader/rst_i_BUFG                                         |               14 |             31 |         2.21 |
|  clk_i_IBUF_BUFG | u_soc/u_rx_top/u_huffman_block_decoder/code_local[244][30]_i_1_n_0                         | u_uart_dmem_loader/rst_i_BUFG                                         |               13 |             31 |         2.38 |
|  clk_i_IBUF_BUFG | u_soc/u_rx_top/u_huffman_block_decoder/code_local[253][30]_i_1_n_0                         | u_uart_dmem_loader/rst_i_BUFG                                         |               13 |             31 |         2.38 |
|  clk_i_IBUF_BUFG | u_soc/u_rx_top/u_huffman_block_decoder/code_local[37][30]_i_1_n_0                          | u_uart_dmem_loader/rst_i_BUFG                                         |               12 |             31 |         2.58 |
|  clk_i_IBUF_BUFG | u_soc/u_rx_top/u_huffman_block_decoder/code_local[36][30]_i_1_n_0                          | u_uart_dmem_loader/rst_i_BUFG                                         |               15 |             31 |         2.07 |
|  clk_i_IBUF_BUFG | u_soc/u_rx_top/u_huffman_block_decoder/code_local[252][30]_i_1_n_0                         | u_uart_dmem_loader/rst_i_BUFG                                         |               12 |             31 |         2.58 |
|  clk_i_IBUF_BUFG | u_soc/u_rx_top/u_huffman_block_decoder/code_local[38][30]_i_1_n_0                          | u_uart_dmem_loader/rst_i_BUFG                                         |               11 |             31 |         2.82 |
|  clk_i_IBUF_BUFG | u_soc/u_rx_top/u_huffman_block_decoder/code_local[25][30]_i_1_n_0                          | u_uart_dmem_loader/rst_i_BUFG                                         |               10 |             31 |         3.10 |
|  clk_i_IBUF_BUFG | u_soc/u_rx_top/u_huffman_block_decoder/code_local[254][30]_i_1_n_0                         | u_uart_dmem_loader/rst_i_BUFG                                         |               13 |             31 |         2.38 |
|  clk_i_IBUF_BUFG | u_soc/u_rx_top/u_huffman_block_decoder/code_local[34][30]_i_1_n_0                          | u_uart_dmem_loader/rst_i_BUFG                                         |               14 |             31 |         2.21 |
|  clk_i_IBUF_BUFG | u_soc/u_rx_top/u_huffman_block_decoder/code_local[32][30]_i_1_n_0                          | u_uart_dmem_loader/rst_i_BUFG                                         |               13 |             31 |         2.38 |
|  clk_i_IBUF_BUFG | u_soc/u_rx_top/u_huffman_block_decoder/code_local[255][30]_i_1_n_0                         | u_uart_dmem_loader/rst_i_BUFG                                         |               14 |             31 |         2.21 |
|  clk_i_IBUF_BUFG | u_soc/u_rx_top/u_huffman_block_decoder/code_local[42][30]_i_1_n_0                          | u_uart_dmem_loader/rst_i_BUFG                                         |               13 |             31 |         2.38 |
|  clk_i_IBUF_BUFG | u_soc/u_rx_top/u_huffman_block_decoder/code_local[44][30]_i_1_n_0                          | u_uart_dmem_loader/rst_i_BUFG                                         |               14 |             31 |         2.21 |
|  clk_i_IBUF_BUFG | u_soc/u_rx_top/u_huffman_block_decoder/code_local[45][30]_i_1_n_0                          | u_uart_dmem_loader/rst_i_BUFG                                         |               13 |             31 |         2.38 |
|  clk_i_IBUF_BUFG | u_soc/u_rx_top/u_huffman_block_decoder/code_local[43][30]_i_1_n_0                          | u_uart_dmem_loader/rst_i_BUFG                                         |               13 |             31 |         2.38 |
|  clk_i_IBUF_BUFG | u_soc/u_rx_top/u_huffman_block_decoder/code_local[39][30]_i_1_n_0                          | u_uart_dmem_loader/rst_i_BUFG                                         |               13 |             31 |         2.38 |
|  clk_i_IBUF_BUFG | u_soc/u_rx_top/u_huffman_block_decoder/code_local[56][30]_i_1_n_0                          | u_uart_dmem_loader/rst_i_BUFG                                         |               16 |             31 |         1.94 |
|  clk_i_IBUF_BUFG | u_soc/u_rx_top/u_huffman_block_decoder/code_local[41][30]_i_1_n_0                          | u_uart_dmem_loader/rst_i_BUFG                                         |               15 |             31 |         2.07 |
|  clk_i_IBUF_BUFG | u_soc/u_rx_top/u_huffman_block_decoder/code_local[54][30]_i_1_n_0                          | u_uart_dmem_loader/rst_i_BUFG                                         |               13 |             31 |         2.38 |
|  clk_i_IBUF_BUFG | u_soc/u_rx_top/u_huffman_block_decoder/code_local[4][30]_i_1_n_0                           | u_uart_dmem_loader/rst_i_BUFG                                         |                8 |             31 |         3.88 |
|  clk_i_IBUF_BUFG | u_soc/u_rx_top/u_huffman_block_decoder/code_local[55][30]_i_1_n_0                          | u_uart_dmem_loader/rst_i_BUFG                                         |               14 |             31 |         2.21 |
|  clk_i_IBUF_BUFG | u_soc/u_rx_top/u_huffman_block_decoder/code_local[59][30]_i_1_n_0                          | u_uart_dmem_loader/rst_i_BUFG                                         |               13 |             31 |         2.38 |
|  clk_i_IBUF_BUFG | u_soc/u_rx_top/u_huffman_block_decoder/code_local[5][30]_i_1_n_0                           | u_uart_dmem_loader/rst_i_BUFG                                         |               11 |             31 |         2.82 |
|  clk_i_IBUF_BUFG | u_soc/u_rx_top/u_huffman_block_decoder/code_local[52][30]_i_1_n_0                          | u_uart_dmem_loader/rst_i_BUFG                                         |               15 |             31 |         2.07 |
|  clk_i_IBUF_BUFG | u_soc/u_rx_top/u_huffman_block_decoder/code_local[61][30]_i_1_n_0                          | u_uart_dmem_loader/rst_i_BUFG                                         |               16 |             31 |         1.94 |
|  clk_i_IBUF_BUFG | u_soc/u_rx_top/u_huffman_block_decoder/code_local[57][30]_i_1_n_0                          | u_uart_dmem_loader/rst_i_BUFG                                         |               12 |             31 |         2.58 |
|  clk_i_IBUF_BUFG | u_soc/u_rx_top/u_huffman_block_decoder/code_local[62][30]_i_1_n_0                          | u_uart_dmem_loader/rst_i_BUFG                                         |               13 |             31 |         2.38 |
|  clk_i_IBUF_BUFG | u_soc/u_rx_top/u_huffman_block_decoder/code_local[63][30]_i_1_n_0                          | u_uart_dmem_loader/rst_i_BUFG                                         |               13 |             31 |         2.38 |
|  clk_i_IBUF_BUFG | u_soc/u_rx_top/u_huffman_block_decoder/code_local[3][30]_i_1_n_0                           | u_uart_dmem_loader/rst_i_BUFG                                         |               10 |             31 |         3.10 |
|  clk_i_IBUF_BUFG | u_soc/u_rx_top/u_huffman_block_decoder/code_local[40][30]_i_1_n_0                          | u_uart_dmem_loader/rst_i_BUFG                                         |               13 |             31 |         2.38 |
|  clk_i_IBUF_BUFG | u_soc/u_rx_top/u_huffman_block_decoder/code_local[46][30]_i_1_n_0                          | u_uart_dmem_loader/rst_i_BUFG                                         |               12 |             31 |         2.58 |
|  clk_i_IBUF_BUFG | u_soc/u_rx_top/u_huffman_block_decoder/code_local[51][30]_i_1_n_0                          | u_uart_dmem_loader/rst_i_BUFG                                         |               14 |             31 |         2.21 |
|  clk_i_IBUF_BUFG | u_soc/u_rx_top/u_huffman_block_decoder/code_local[58][30]_i_1_n_0                          | u_uart_dmem_loader/rst_i_BUFG                                         |               13 |             31 |         2.38 |
|  clk_i_IBUF_BUFG | u_soc/u_rx_top/u_huffman_block_decoder/code_local[49][30]_i_1_n_0                          | u_uart_dmem_loader/rst_i_BUFG                                         |               14 |             31 |         2.21 |
|  clk_i_IBUF_BUFG | u_soc/u_rx_top/u_huffman_block_decoder/code_local[60][30]_i_1_n_0                          | u_uart_dmem_loader/rst_i_BUFG                                         |               12 |             31 |         2.58 |
|  clk_i_IBUF_BUFG | u_soc/u_rx_top/u_huffman_block_decoder/code_local[48][30]_i_1_n_0                          | u_uart_dmem_loader/rst_i_BUFG                                         |               14 |             31 |         2.21 |
|  clk_i_IBUF_BUFG | u_soc/u_rx_top/u_huffman_block_decoder/code_local[53][30]_i_1_n_0                          | u_uart_dmem_loader/rst_i_BUFG                                         |               11 |             31 |         2.82 |
|  clk_i_IBUF_BUFG | u_soc/u_rx_top/u_huffman_block_decoder/code_local[50][30]_i_1_n_0                          | u_uart_dmem_loader/rst_i_BUFG                                         |               12 |             31 |         2.58 |
|  clk_i_IBUF_BUFG | u_soc/u_rx_top/u_huffman_block_decoder/code_local[47][30]_i_1_n_0                          | u_uart_dmem_loader/rst_i_BUFG                                         |               12 |             31 |         2.58 |
|  clk_i_IBUF_BUFG | u_soc/u_rx_top/u_huffman_block_decoder/code_local[70][30]_i_1_n_0                          | u_uart_dmem_loader/rst_i_BUFG                                         |               13 |             31 |         2.38 |
|  clk_i_IBUF_BUFG | u_soc/u_rx_top/u_huffman_block_decoder/code_local[75][30]_i_1_n_0                          | u_uart_dmem_loader/rst_i_BUFG                                         |               10 |             31 |         3.10 |
|  clk_i_IBUF_BUFG | u_soc/u_rx_top/u_huffman_block_decoder/code_local[79][30]_i_1_n_0                          | u_uart_dmem_loader/rst_i_BUFG                                         |                9 |             31 |         3.44 |
|  clk_i_IBUF_BUFG | u_soc/u_rx_top/u_huffman_block_decoder/code_local[64][30]_i_1_n_0                          | u_uart_dmem_loader/rst_i_BUFG                                         |               12 |             31 |         2.58 |
|  clk_i_IBUF_BUFG | u_soc/u_rx_top/u_huffman_block_decoder/code_local[67][30]_i_1_n_0                          | u_uart_dmem_loader/rst_i_BUFG                                         |               10 |             31 |         3.10 |
|  clk_i_IBUF_BUFG | u_soc/u_rx_top/u_huffman_block_decoder/code_local[72][30]_i_1_n_0                          | u_uart_dmem_loader/rst_i_BUFG                                         |               11 |             31 |         2.82 |
|  clk_i_IBUF_BUFG | u_soc/u_rx_top/u_huffman_block_decoder/code_local[68][30]_i_1_n_0                          | u_uart_dmem_loader/rst_i_BUFG                                         |               11 |             31 |         2.82 |
|  clk_i_IBUF_BUFG | u_soc/u_rx_top/u_huffman_block_decoder/code_local[6][30]_i_1_n_0                           | u_uart_dmem_loader/rst_i_BUFG                                         |               11 |             31 |         2.82 |
|  clk_i_IBUF_BUFG | u_soc/u_rx_top/u_huffman_block_decoder/code_local[66][30]_i_1_n_0                          | u_uart_dmem_loader/rst_i_BUFG                                         |               12 |             31 |         2.58 |
|  clk_i_IBUF_BUFG | u_soc/u_rx_top/u_huffman_block_decoder/code_local[73][30]_i_1_n_0                          | u_uart_dmem_loader/rst_i_BUFG                                         |               12 |             31 |         2.58 |
|  clk_i_IBUF_BUFG | u_soc/u_rx_top/u_huffman_block_decoder/code_local[74][30]_i_1_n_0                          | u_uart_dmem_loader/rst_i_BUFG                                         |               13 |             31 |         2.38 |
|  clk_i_IBUF_BUFG | u_soc/u_rx_top/u_huffman_block_decoder/code_local[69][30]_i_1_n_0                          | u_uart_dmem_loader/rst_i_BUFG                                         |               12 |             31 |         2.58 |
|  clk_i_IBUF_BUFG | u_soc/u_rx_top/u_huffman_block_decoder/code_local[65][30]_i_1_n_0                          | u_uart_dmem_loader/rst_i_BUFG                                         |               12 |             31 |         2.58 |
|  clk_i_IBUF_BUFG | u_soc/u_rx_top/u_huffman_block_decoder/code_local[71][30]_i_1_n_0                          | u_uart_dmem_loader/rst_i_BUFG                                         |               10 |             31 |         3.10 |
|  clk_i_IBUF_BUFG | u_soc/u_rx_top/u_huffman_block_decoder/code_local[76][30]_i_1_n_0                          | u_uart_dmem_loader/rst_i_BUFG                                         |               13 |             31 |         2.38 |
|  clk_i_IBUF_BUFG | u_soc/u_rx_top/u_huffman_block_decoder/code_local[77][30]_i_1_n_0                          | u_uart_dmem_loader/rst_i_BUFG                                         |               12 |             31 |         2.58 |
|  clk_i_IBUF_BUFG | u_soc/u_rx_top/u_huffman_block_decoder/code_local[78][30]_i_1_n_0                          | u_uart_dmem_loader/rst_i_BUFG                                         |               11 |             31 |         2.82 |
|  clk_i_IBUF_BUFG | u_soc/u_rx_top/u_huffman_block_decoder/code_local[96][30]_i_1_n_0                          | u_uart_dmem_loader/rst_i_BUFG                                         |               15 |             31 |         2.07 |
|  clk_i_IBUF_BUFG | u_soc/u_rx_top/u_huffman_block_decoder/code_local[88][30]_i_1_n_0                          | u_uart_dmem_loader/rst_i_BUFG                                         |               13 |             31 |         2.38 |
|  clk_i_IBUF_BUFG | u_soc/u_rx_top/u_huffman_block_decoder/code_local[92][30]_i_1_n_0                          | u_uart_dmem_loader/rst_i_BUFG                                         |               14 |             31 |         2.21 |
|  clk_i_IBUF_BUFG | u_soc/u_rx_top/u_huffman_block_decoder/code_local[81][30]_i_1_n_0                          | u_uart_dmem_loader/rst_i_BUFG                                         |               14 |             31 |         2.21 |
|  clk_i_IBUF_BUFG | u_soc/u_rx_top/u_huffman_block_decoder/code_local[7][30]_i_1_n_0                           | u_uart_dmem_loader/rst_i_BUFG                                         |                9 |             31 |         3.44 |
|  clk_i_IBUF_BUFG | u_soc/u_rx_top/u_huffman_block_decoder/code_local[86][30]_i_1_n_0                          | u_uart_dmem_loader/rst_i_BUFG                                         |               14 |             31 |         2.21 |
|  clk_i_IBUF_BUFG | u_soc/u_rx_top/u_huffman_block_decoder/code_local[93][30]_i_1_n_0                          | u_uart_dmem_loader/rst_i_BUFG                                         |               14 |             31 |         2.21 |
|  clk_i_IBUF_BUFG | u_soc/u_rx_top/u_huffman_block_decoder/code_local[91][30]_i_1_n_0                          | u_uart_dmem_loader/rst_i_BUFG                                         |               14 |             31 |         2.21 |
|  clk_i_IBUF_BUFG | u_soc/u_rx_top/u_huffman_block_decoder/code_local[94][30]_i_1_n_0                          | u_uart_dmem_loader/rst_i_BUFG                                         |               13 |             31 |         2.38 |
|  clk_i_IBUF_BUFG | u_soc/u_rx_top/u_huffman_block_decoder/code_local[90][30]_i_1_n_0                          | u_uart_dmem_loader/rst_i_BUFG                                         |               12 |             31 |         2.58 |
|  clk_i_IBUF_BUFG | u_soc/u_rx_top/u_huffman_block_decoder/code_local[98][30]_i_1_n_0                          | u_uart_dmem_loader/rst_i_BUFG                                         |               13 |             31 |         2.38 |
|  clk_i_IBUF_BUFG | u_soc/u_rx_top/u_huffman_block_decoder/code_local[82][30]_i_1_n_0                          | u_uart_dmem_loader/rst_i_BUFG                                         |               12 |             31 |         2.58 |
|  clk_i_IBUF_BUFG | u_soc/u_rx_top/u_huffman_block_decoder/code_local[85][30]_i_1_n_0                          | u_uart_dmem_loader/rst_i_BUFG                                         |               11 |             31 |         2.82 |
|  clk_i_IBUF_BUFG | u_soc/u_rx_top/u_huffman_block_decoder/code_local[89][30]_i_1_n_0                          | u_uart_dmem_loader/rst_i_BUFG                                         |               12 |             31 |         2.58 |
|  clk_i_IBUF_BUFG | u_soc/u_rx_top/u_huffman_block_decoder/code_local[80][30]_i_1_n_0                          | u_uart_dmem_loader/rst_i_BUFG                                         |               14 |             31 |         2.21 |
|  clk_i_IBUF_BUFG | u_soc/u_rx_top/u_huffman_block_decoder/code_local[83][30]_i_1_n_0                          | u_uart_dmem_loader/rst_i_BUFG                                         |               13 |             31 |         2.38 |
|  clk_i_IBUF_BUFG | u_soc/u_rx_top/u_huffman_block_decoder/code_local[97][30]_i_1_n_0                          | u_uart_dmem_loader/rst_i_BUFG                                         |               18 |             31 |         1.72 |
|  clk_i_IBUF_BUFG | u_soc/u_rx_top/u_huffman_block_decoder/code_local[99][30]_i_1_n_0                          | u_uart_dmem_loader/rst_i_BUFG                                         |               15 |             31 |         2.07 |
|  clk_i_IBUF_BUFG | u_soc/u_rx_top/u_huffman_block_decoder/code_local[9][30]_i_1_n_0                           | u_uart_dmem_loader/rst_i_BUFG                                         |                9 |             31 |         3.44 |
|  clk_i_IBUF_BUFG | u_soc/u_rx_top/u_huffman_block_decoder/code_local[8][30]_i_1_n_0                           | u_uart_dmem_loader/rst_i_BUFG                                         |               11 |             31 |         2.82 |
|  clk_i_IBUF_BUFG | u_soc/u_rx_top/u_huffman_block_decoder/code_local[87][30]_i_1_n_0                          | u_uart_dmem_loader/rst_i_BUFG                                         |               13 |             31 |         2.38 |
|  clk_i_IBUF_BUFG | u_soc/u_rx_top/u_huffman_block_decoder/code_local[95][30]_i_1_n_0                          | u_uart_dmem_loader/rst_i_BUFG                                         |               13 |             31 |         2.38 |
|  clk_i_IBUF_BUFG | u_soc/u_rx_top/u_huffman_block_decoder/code_local[84][30]_i_1_n_0                          | u_uart_dmem_loader/rst_i_BUFG                                         |               13 |             31 |         2.38 |
|  clk_i_IBUF_BUFG | u_soc/u_rx_top/u_huffman_block_decoder/code_local[162][30]_i_1_n_0                         | u_uart_dmem_loader/rst_i_BUFG                                         |               11 |             31 |         2.82 |
|  clk_i_IBUF_BUFG | u_soc/u_rx_top/u_huffman_block_decoder/code_local[0][30]_i_1_n_0                           | u_uart_dmem_loader/rst_i_BUFG                                         |                9 |             31 |         3.44 |
|  clk_i_IBUF_BUFG | u_soc/u_rx_top/u_huffman_block_decoder/code_local[115][30]_i_1_n_0                         | u_uart_dmem_loader/rst_i_BUFG                                         |               12 |             31 |         2.58 |
|  clk_i_IBUF_BUFG | u_soc/u_rx_top/u_huffman_block_decoder/code_local[118][30]_i_1_n_0                         | u_uart_dmem_loader/rst_i_BUFG                                         |               13 |             31 |         2.38 |
|  clk_i_IBUF_BUFG | u_soc/u_rx_top/u_huffman_block_decoder/code_local[125][30]_i_1_n_0                         | u_uart_dmem_loader/rst_i_BUFG                                         |               14 |             31 |         2.21 |
|  clk_i_IBUF_BUFG | u_soc/u_rx_top/u_huffman_block_decoder/code_local[116][30]_i_1_n_0                         | u_uart_dmem_loader/rst_i_BUFG                                         |               12 |             31 |         2.58 |
|  clk_i_IBUF_BUFG | u_soc/u_rx_top/u_huffman_block_decoder/code_local[122][30]_i_1_n_0                         | u_uart_dmem_loader/rst_i_BUFG                                         |               11 |             31 |         2.82 |
|  clk_i_IBUF_BUFG | u_soc/u_rx_top/u_huffman_block_decoder/code_local[123][30]_i_1_n_0                         | u_uart_dmem_loader/rst_i_BUFG                                         |               12 |             31 |         2.58 |
|  clk_i_IBUF_BUFG | u_soc/u_rx_top/u_huffman_block_decoder/code_local[121][30]_i_1_n_0                         | u_uart_dmem_loader/rst_i_BUFG                                         |               13 |             31 |         2.38 |
|  clk_i_IBUF_BUFG | u_soc/u_rx_top/u_huffman_block_decoder/code_local[117][30]_i_1_n_0                         | u_uart_dmem_loader/rst_i_BUFG                                         |               11 |             31 |         2.82 |
|  clk_i_IBUF_BUFG | u_soc/u_rx_top/u_huffman_block_decoder/code_local[11][30]_i_1_n_0                          | u_uart_dmem_loader/rst_i_BUFG                                         |               13 |             31 |         2.38 |
|  clk_i_IBUF_BUFG | u_soc/u_rx_top/u_huffman_block_decoder/code_local[124][30]_i_1_n_0                         | u_uart_dmem_loader/rst_i_BUFG                                         |               12 |             31 |         2.58 |
|  clk_i_IBUF_BUFG | u_soc/u_rx_top/u_huffman_block_decoder/code_local[119][30]_i_1_n_0                         | u_uart_dmem_loader/rst_i_BUFG                                         |               15 |             31 |         2.07 |
|  clk_i_IBUF_BUFG | u_soc/u_rx_top/u_huffman_block_decoder/code_local[107][30]_i_1_n_0                         | u_uart_dmem_loader/rst_i_BUFG                                         |               14 |             31 |         2.21 |
|  clk_i_IBUF_BUFG | u_soc/u_rx_top/u_huffman_block_decoder/code_local[111][30]_i_1_n_0                         | u_uart_dmem_loader/rst_i_BUFG                                         |               16 |             31 |         1.94 |
|  clk_i_IBUF_BUFG | u_soc/u_rx_top/u_huffman_block_decoder/code_local[112][30]_i_1_n_0                         | u_uart_dmem_loader/rst_i_BUFG                                         |               12 |             31 |         2.58 |
|  clk_i_IBUF_BUFG | u_soc/u_rx_top/u_huffman_block_decoder/code_local[10][30]_i_1_n_0                          | u_uart_dmem_loader/rst_i_BUFG                                         |               11 |             31 |         2.82 |
|  clk_i_IBUF_BUFG | u_soc/u_rx_top/u_huffman_block_decoder/code_local[102][30]_i_1_n_0                         | u_uart_dmem_loader/rst_i_BUFG                                         |               13 |             31 |         2.38 |
|  clk_i_IBUF_BUFG | u_soc/u_rx_top/u_huffman_block_decoder/code_local[105][30]_i_1_n_0                         | u_uart_dmem_loader/rst_i_BUFG                                         |               17 |             31 |         1.82 |
|  clk_i_IBUF_BUFG | u_soc/u_rx_top/u_huffman_block_decoder/code_local[127][30]_i_1_n_0                         | u_uart_dmem_loader/rst_i_BUFG                                         |               13 |             31 |         2.38 |
|  clk_i_IBUF_BUFG | u_soc/u_rx_top/u_huffman_block_decoder/code_local[109][30]_i_1_n_0                         | u_uart_dmem_loader/rst_i_BUFG                                         |               16 |             31 |         1.94 |
|  clk_i_IBUF_BUFG | u_soc/u_rx_top/u_huffman_block_decoder/code_local[100][30]_i_1_n_0                         | u_uart_dmem_loader/rst_i_BUFG                                         |               13 |             31 |         2.38 |
|  clk_i_IBUF_BUFG | u_soc/u_rx_top/u_huffman_block_decoder/code_local[103][30]_i_1_n_0                         | u_uart_dmem_loader/rst_i_BUFG                                         |               16 |             31 |         1.94 |
|  clk_i_IBUF_BUFG | u_soc/u_rx_top/u_huffman_block_decoder/code_local[101][30]_i_1_n_0                         | u_uart_dmem_loader/rst_i_BUFG                                         |               15 |             31 |         2.07 |
|  clk_i_IBUF_BUFG | u_soc/u_rx_top/u_huffman_block_decoder/code_local[114][30]_i_1_n_0                         | u_uart_dmem_loader/rst_i_BUFG                                         |               15 |             31 |         2.07 |
|  clk_i_IBUF_BUFG | u_soc/u_rx_top/u_huffman_block_decoder/code_local[120][30]_i_1_n_0                         | u_uart_dmem_loader/rst_i_BUFG                                         |               16 |             31 |         1.94 |
|  clk_i_IBUF_BUFG | u_soc/u_rx_top/u_huffman_block_decoder/code_local[126][30]_i_1_n_0                         | u_uart_dmem_loader/rst_i_BUFG                                         |               11 |             31 |         2.82 |
|  clk_i_IBUF_BUFG | u_soc/u_rx_top/u_huffman_block_decoder/code_local[106][30]_i_1_n_0                         | u_uart_dmem_loader/rst_i_BUFG                                         |               15 |             31 |         2.07 |
|  clk_i_IBUF_BUFG | u_soc/u_rx_top/u_huffman_block_decoder/code_local[110][30]_i_1_n_0                         | u_uart_dmem_loader/rst_i_BUFG                                         |               14 |             31 |         2.21 |
|  clk_i_IBUF_BUFG | u_soc/u_rx_top/u_huffman_block_decoder/code_local[108][30]_i_1_n_0                         | u_uart_dmem_loader/rst_i_BUFG                                         |               16 |             31 |         1.94 |
|  clk_i_IBUF_BUFG | u_soc/u_rx_top/u_huffman_block_decoder/code_local[113][30]_i_1_n_0                         | u_uart_dmem_loader/rst_i_BUFG                                         |               12 |             31 |         2.58 |
|  clk_i_IBUF_BUFG | u_soc/u_rx_top/u_huffman_block_decoder/code_local[104][30]_i_1_n_0                         | u_uart_dmem_loader/rst_i_BUFG                                         |               15 |             31 |         2.07 |
|  clk_i_IBUF_BUFG | u_soc/u_rx_top/u_huffman_block_decoder/code_local[128][30]_i_1_n_0                         | u_uart_dmem_loader/rst_i_BUFG                                         |               13 |             31 |         2.38 |
|  clk_i_IBUF_BUFG | u_soc/u_rx_top/u_huffman_block_decoder/code_local[130][30]_i_1_n_0                         | u_uart_dmem_loader/rst_i_BUFG                                         |               18 |             31 |         1.72 |
|  clk_i_IBUF_BUFG | u_soc/u_rx_top/u_huffman_block_decoder/code_local[131][30]_i_1_n_0                         | u_uart_dmem_loader/rst_i_BUFG                                         |               13 |             31 |         2.38 |
|  clk_i_IBUF_BUFG | u_soc/u_rx_top/u_huffman_block_decoder/code_local[129][30]_i_1_n_0                         | u_uart_dmem_loader/rst_i_BUFG                                         |               17 |             31 |         1.82 |
|  clk_i_IBUF_BUFG | u_soc/u_rx_top/u_huffman_block_decoder/code_local[12][30]_i_1_n_0                          | u_uart_dmem_loader/rst_i_BUFG                                         |               10 |             31 |         3.10 |
|  clk_i_IBUF_BUFG | u_soc/u_rx_top/u_huffman_block_decoder/code_local[132][30]_i_1_n_0                         | u_uart_dmem_loader/rst_i_BUFG                                         |               17 |             31 |         1.82 |
|  clk_i_IBUF_BUFG | u_soc/u_rx_top/u_huffman_block_decoder/code_local[133][30]_i_1_n_0                         | u_uart_dmem_loader/rst_i_BUFG                                         |               13 |             31 |         2.38 |
|  clk_i_IBUF_BUFG | u_soc/u_rx_top/u_huffman_block_decoder/code_local[134][30]_i_1_n_0                         | u_uart_dmem_loader/rst_i_BUFG                                         |               15 |             31 |         2.07 |
|  clk_i_IBUF_BUFG | u_soc/u_rx_top/u_huffman_block_decoder/code_local[135][30]_i_1_n_0                         | u_uart_dmem_loader/rst_i_BUFG                                         |               14 |             31 |         2.21 |
|  clk_i_IBUF_BUFG | u_soc/u_rx_top/u_huffman_block_decoder/code_local[136][30]_i_1_n_0                         | u_uart_dmem_loader/rst_i_BUFG                                         |               15 |             31 |         2.07 |
|  clk_i_IBUF_BUFG | u_soc/u_rx_top/u_huffman_block_decoder/code_local[138][30]_i_1_n_0                         | u_uart_dmem_loader/rst_i_BUFG                                         |               12 |             31 |         2.58 |
|  clk_i_IBUF_BUFG | u_soc/u_rx_top/u_huffman_block_decoder/code_local[139][30]_i_1_n_0                         | u_uart_dmem_loader/rst_i_BUFG                                         |               13 |             31 |         2.38 |
|  clk_i_IBUF_BUFG | u_soc/u_rx_top/u_huffman_block_decoder/code_local[150][30]_i_1_n_0                         | u_uart_dmem_loader/rst_i_BUFG                                         |               15 |             31 |         2.07 |
|  clk_i_IBUF_BUFG | u_soc/u_rx_top/u_huffman_block_decoder/code_local[142][30]_i_1_n_0                         | u_uart_dmem_loader/rst_i_BUFG                                         |               15 |             31 |         2.07 |
|  clk_i_IBUF_BUFG | u_soc/u_rx_top/u_huffman_block_decoder/code_local[140][30]_i_1_n_0                         | u_uart_dmem_loader/rst_i_BUFG                                         |               16 |             31 |         1.94 |
|  clk_i_IBUF_BUFG | u_soc/u_rx_top/u_huffman_block_decoder/code_local[151][30]_i_1_n_0                         | u_uart_dmem_loader/rst_i_BUFG                                         |               13 |             31 |         2.38 |
|  clk_i_IBUF_BUFG | u_soc/u_rx_top/u_huffman_block_decoder/code_local[144][30]_i_1_n_0                         | u_uart_dmem_loader/rst_i_BUFG                                         |               13 |             31 |         2.38 |
|  clk_i_IBUF_BUFG | u_soc/u_rx_top/u_huffman_block_decoder/code_local[141][30]_i_1_n_0                         | u_uart_dmem_loader/rst_i_BUFG                                         |               15 |             31 |         2.07 |
|  clk_i_IBUF_BUFG | u_soc/u_rx_top/u_huffman_block_decoder/code_local[14][30]_i_1_n_0                          | u_uart_dmem_loader/rst_i_BUFG                                         |                9 |             31 |         3.44 |
|  clk_i_IBUF_BUFG | u_soc/u_rx_top/u_huffman_block_decoder/code_local[152][30]_i_1_n_0                         | u_uart_dmem_loader/rst_i_BUFG                                         |               12 |             31 |         2.58 |
|  clk_i_IBUF_BUFG | u_soc/u_rx_top/u_huffman_block_decoder/code_local[153][30]_i_1_n_0                         | u_uart_dmem_loader/rst_i_BUFG                                         |               14 |             31 |         2.21 |
|  clk_i_IBUF_BUFG | u_soc/u_rx_top/u_huffman_block_decoder/code_local[137][30]_i_1_n_0                         | u_uart_dmem_loader/rst_i_BUFG                                         |               16 |             31 |         1.94 |
|  clk_i_IBUF_BUFG | u_soc/u_rx_top/u_huffman_block_decoder/code_local[148][30]_i_1_n_0                         | u_uart_dmem_loader/rst_i_BUFG                                         |               13 |             31 |         2.38 |
|  clk_i_IBUF_BUFG | u_soc/u_rx_top/u_huffman_block_decoder/code_local[13][30]_i_1_n_0                          | u_uart_dmem_loader/rst_i_BUFG                                         |               13 |             31 |         2.38 |
|  clk_i_IBUF_BUFG | u_soc/u_rx_top/u_huffman_block_decoder/code_local[145][30]_i_1_n_0                         | u_uart_dmem_loader/rst_i_BUFG                                         |               13 |             31 |         2.38 |
|  clk_i_IBUF_BUFG | u_soc/u_rx_top/u_huffman_block_decoder/code_local[143][30]_i_1_n_0                         | u_uart_dmem_loader/rst_i_BUFG                                         |               15 |             31 |         2.07 |
|  clk_i_IBUF_BUFG | u_soc/u_rx_top/u_huffman_block_decoder/code_local[146][30]_i_1_n_0                         | u_uart_dmem_loader/rst_i_BUFG                                         |               14 |             31 |         2.21 |
|  clk_i_IBUF_BUFG | u_soc/u_rx_top/u_huffman_block_decoder/code_local[147][30]_i_1_n_0                         | u_uart_dmem_loader/rst_i_BUFG                                         |               13 |             31 |         2.38 |
|  clk_i_IBUF_BUFG | u_soc/u_rx_top/u_huffman_block_decoder/code_local[149][30]_i_1_n_0                         | u_uart_dmem_loader/rst_i_BUFG                                         |               12 |             31 |         2.58 |
|  clk_i_IBUF_BUFG | u_soc/u_rx_top/u_huffman_block_decoder/code_local[167][30]_i_1_n_0                         | u_uart_dmem_loader/rst_i_BUFG                                         |               11 |             31 |         2.82 |
|  clk_i_IBUF_BUFG | u_soc/u_rx_top/u_huffman_block_decoder/code_local[155][30]_i_1_n_0                         | u_uart_dmem_loader/rst_i_BUFG                                         |               16 |             31 |         1.94 |
|  clk_i_IBUF_BUFG | u_soc/u_rx_top/u_huffman_block_decoder/code_local[160][30]_i_1_n_0                         | u_uart_dmem_loader/rst_i_BUFG                                         |               10 |             31 |         3.10 |
|  clk_i_IBUF_BUFG | u_soc/u_rx_top/u_huffman_block_decoder/code_local[168][30]_i_1_n_0                         | u_uart_dmem_loader/rst_i_BUFG                                         |               10 |             31 |         3.10 |
|  clk_i_IBUF_BUFG | u_soc/u_rx_top/u_huffman_block_decoder/code_local[156][30]_i_1_n_0                         | u_uart_dmem_loader/rst_i_BUFG                                         |               12 |             31 |         2.58 |
|  clk_i_IBUF_BUFG | u_soc/u_rx_top/u_huffman_block_decoder/code_local[161][30]_i_1_n_0                         | u_uart_dmem_loader/rst_i_BUFG                                         |               11 |             31 |         2.82 |
|  clk_i_IBUF_BUFG | u_soc/u_rx_top/u_huffman_block_decoder/code_local[16][30]_i_1_n_0                          | u_uart_dmem_loader/rst_i_BUFG                                         |               13 |             31 |         2.38 |
|  clk_i_IBUF_BUFG | u_soc/u_rx_top/u_huffman_block_decoder/code_local[157][30]_i_1_n_0                         | u_uart_dmem_loader/rst_i_BUFG                                         |               13 |             31 |         2.38 |
|  clk_i_IBUF_BUFG | u_soc/u_rx_top/u_huffman_block_decoder/code_local[159][30]_i_1_n_0                         | u_uart_dmem_loader/rst_i_BUFG                                         |               12 |             31 |         2.58 |
|  clk_i_IBUF_BUFG | u_soc/u_rx_top/u_huffman_block_decoder/code_local[15][30]_i_1_n_0                          | u_uart_dmem_loader/rst_i_BUFG                                         |               11 |             31 |         2.82 |
|  clk_i_IBUF_BUFG | u_soc/u_rx_top/u_huffman_block_decoder/code_local[170][30]_i_1_n_0                         | u_uart_dmem_loader/rst_i_BUFG                                         |               10 |             31 |         3.10 |
|  clk_i_IBUF_BUFG | u_soc/u_rx_top/u_huffman_block_decoder/code_local[163][30]_i_1_n_0                         | u_uart_dmem_loader/rst_i_BUFG                                         |               11 |             31 |         2.82 |
|  clk_i_IBUF_BUFG | u_soc/u_rx_top/u_huffman_block_decoder/code_local[165][30]_i_1_n_0                         | u_uart_dmem_loader/rst_i_BUFG                                         |                9 |             31 |         3.44 |
|  clk_i_IBUF_BUFG | u_soc/u_rx_top/u_huffman_block_decoder/code_local[164][30]_i_1_n_0                         | u_uart_dmem_loader/rst_i_BUFG                                         |               12 |             31 |         2.58 |
|  clk_i_IBUF_BUFG | u_soc/u_rx_top/u_huffman_block_decoder/code_local[169][30]_i_1_n_0                         | u_uart_dmem_loader/rst_i_BUFG                                         |               11 |             31 |         2.82 |
|  clk_i_IBUF_BUFG | u_soc/u_rx_top/u_huffman_block_decoder/code_local[171][30]_i_1_n_0                         | u_uart_dmem_loader/rst_i_BUFG                                         |                9 |             31 |         3.44 |
|  clk_i_IBUF_BUFG | u_soc/u_rx_top/u_huffman_block_decoder/code_local[172][30]_i_1_n_0                         | u_uart_dmem_loader/rst_i_BUFG                                         |               12 |             31 |         2.58 |
|  clk_i_IBUF_BUFG | u_soc/u_rx_top/u_huffman_block_decoder/code_local[166][30]_i_1_n_0                         | u_uart_dmem_loader/rst_i_BUFG                                         |               11 |             31 |         2.82 |
|  clk_i_IBUF_BUFG | u_soc/u_rx_top/u_huffman_block_decoder/code_local[154][30]_i_1_n_0                         | u_uart_dmem_loader/rst_i_BUFG                                         |               15 |             31 |         2.07 |
|  clk_i_IBUF_BUFG | u_soc/u_rx_top/u_huffman_block_decoder/code_local[158][30]_i_1_n_0                         | u_uart_dmem_loader/rst_i_BUFG                                         |               14 |             31 |         2.21 |
|  clk_i_IBUF_BUFG | u_soc/u_rx_top/u_huffman_block_decoder/code_local[187][30]_i_1_n_0                         | u_uart_dmem_loader/rst_i_BUFG                                         |               15 |             31 |         2.07 |
|  clk_i_IBUF_BUFG | u_soc/u_rx_top/u_huffman_block_decoder/code_local[190][30]_i_1_n_0                         | u_uart_dmem_loader/rst_i_BUFG                                         |               16 |             31 |         1.94 |
|  clk_i_IBUF_BUFG | u_soc/u_rx_top/u_huffman_block_decoder/code_local[189][30]_i_1_n_0                         | u_uart_dmem_loader/rst_i_BUFG                                         |               13 |             31 |         2.38 |
|  clk_i_IBUF_BUFG | u_soc/u_rx_top/u_huffman_block_decoder/code_local[179][30]_i_1_n_0                         | u_uart_dmem_loader/rst_i_BUFG                                         |               14 |             31 |         2.21 |
|  clk_i_IBUF_BUFG | u_soc/u_rx_top/u_huffman_block_decoder/code_local[186][30]_i_1_n_0                         | u_uart_dmem_loader/rst_i_BUFG                                         |               13 |             31 |         2.38 |
|  clk_i_IBUF_BUFG | u_soc/u_rx_top/u_huffman_block_decoder/code_local[17][30]_i_1_n_0                          | u_uart_dmem_loader/rst_i_BUFG                                         |               14 |             31 |         2.21 |
|  clk_i_IBUF_BUFG | u_soc/u_rx_top/u_huffman_block_decoder/code_local[180][30]_i_1_n_0                         | u_uart_dmem_loader/rst_i_BUFG                                         |               15 |             31 |         2.07 |
|  clk_i_IBUF_BUFG | u_soc/u_rx_top/u_huffman_block_decoder/code_local[181][30]_i_1_n_0                         | u_uart_dmem_loader/rst_i_BUFG                                         |               15 |             31 |         2.07 |
|  clk_i_IBUF_BUFG | u_soc/u_rx_top/u_huffman_block_decoder/code_local[185][30]_i_1_n_0                         | u_uart_dmem_loader/rst_i_BUFG                                         |               18 |             31 |         1.72 |
|  clk_i_IBUF_BUFG | u_soc/u_rx_top/u_huffman_block_decoder/code_local[188][30]_i_1_n_0                         | u_uart_dmem_loader/rst_i_BUFG                                         |               16 |             31 |         1.94 |
|  clk_i_IBUF_BUFG | u_soc/u_rx_top/u_huffman_block_decoder/code_local[176][30]_i_1_n_0                         | u_uart_dmem_loader/rst_i_BUFG                                         |               14 |             31 |         2.21 |
|  clk_i_IBUF_BUFG | u_soc/u_rx_top/u_huffman_block_decoder/code_local[18][30]_i_1_n_0                          | u_uart_dmem_loader/rst_i_BUFG                                         |               12 |             31 |         2.58 |
|  clk_i_IBUF_BUFG | u_soc/u_rx_top/u_huffman_block_decoder/code_local[191][30]_i_1_n_0                         | u_uart_dmem_loader/rst_i_BUFG                                         |               15 |             31 |         2.07 |
|  clk_i_IBUF_BUFG | u_soc/u_rx_top/u_huffman_block_decoder/code_local[174][30]_i_1_n_0                         | u_uart_dmem_loader/rst_i_BUFG                                         |                9 |             31 |         3.44 |
|  clk_i_IBUF_BUFG | u_soc/u_rx_top/u_huffman_block_decoder/code_local[177][30]_i_1_n_0                         | u_uart_dmem_loader/rst_i_BUFG                                         |               15 |             31 |         2.07 |
|  clk_i_IBUF_BUFG | u_soc/u_rx_top/u_huffman_block_decoder/code_local[182][30]_i_1_n_0                         | u_uart_dmem_loader/rst_i_BUFG                                         |               16 |             31 |         1.94 |
|  clk_i_IBUF_BUFG | u_soc/u_rx_top/u_huffman_block_decoder/code_local[178][30]_i_1_n_0                         | u_uart_dmem_loader/rst_i_BUFG                                         |               15 |             31 |         2.07 |
|  clk_i_IBUF_BUFG | u_soc/u_rx_top/u_huffman_block_decoder/code_local[184][30]_i_1_n_0                         | u_uart_dmem_loader/rst_i_BUFG                                         |               16 |             31 |         1.94 |
|  clk_i_IBUF_BUFG | u_soc/u_rx_top/u_huffman_block_decoder/code_local[173][30]_i_1_n_0                         | u_uart_dmem_loader/rst_i_BUFG                                         |               11 |             31 |         2.82 |
|  clk_i_IBUF_BUFG | u_soc/u_rx_top/u_huffman_block_decoder/code_local[183][30]_i_1_n_0                         | u_uart_dmem_loader/rst_i_BUFG                                         |               18 |             31 |         1.72 |
|  clk_i_IBUF_BUFG | u_soc/u_rx_top/u_huffman_block_decoder/code_local[175][30]_i_1_n_0                         | u_uart_dmem_loader/rst_i_BUFG                                         |               13 |             31 |         2.38 |
|  clk_i_IBUF_BUFG | u_soc/u_rx_top/u_huffman_block_decoder/code_local[195][30]_i_1_n_0                         | u_uart_dmem_loader/rst_i_BUFG                                         |               10 |             31 |         3.10 |
|  clk_i_IBUF_BUFG | u_soc/u_cpu/u_mem_stage/load_pending_r_reg_4[0]                                            | u_soc/u_cpu/u_id_stage/SR[1]                                          |               25 |             31 |         1.24 |
|  clk_i_IBUF_BUFG | u_soc/u_cpu/u_ex_stage/exmem_alu_result_o_reg[3]_1[0]                                      | u_uart_dmem_loader/rst_i_BUFG                                         |               10 |             32 |         3.20 |
|  clk_i_IBUF_BUFG | u_soc/u_dma_rx_engine/output_word_r[31]_i_1_n_0                                            | u_soc/u_dma_regfile/soft_reset_pulse_o_reg_0                          |                5 |             32 |         6.40 |
|  clk_i_IBUF_BUFG | u_soc/u_dma_rx_engine/ctxt_w0_r[31]_i_1_n_0                                                | u_soc/u_dma_regfile/soft_reset_pulse_o_reg_0                          |               12 |             32 |         2.67 |
|  clk_i_IBUF_BUFG | u_soc/u_dma_rx_engine/ctxt_w1_r[31]_i_1_n_0                                                | u_soc/u_dma_regfile/soft_reset_pulse_o_reg_0                          |               13 |             32 |         2.46 |
|  clk_i_IBUF_BUFG | u_soc/u_dma_rx_engine/ctxt_w3_r[31]_i_1_n_0                                                | u_soc/u_dma_regfile/soft_reset_pulse_o_reg_0                          |               15 |             32 |         2.13 |
|  clk_i_IBUF_BUFG | u_soc/u_cpu/u_mem_stage/memwb_regwrite_o_reg_20[0]                                         | u_uart_dmem_loader/rst_i_BUFG                                         |                9 |             32 |         3.56 |
|  clk_i_IBUF_BUFG | u_soc/u_dma_rx_engine/ctxt_w2_r[31]_i_1_n_0                                                | u_soc/u_dma_regfile/soft_reset_pulse_o_reg_0                          |               15 |             32 |         2.13 |
|  clk_i_IBUF_BUFG | u_soc/u_dma_rx_engine/ctxt_bytes_remaining_r[31]_i_1_n_0                                   | u_soc/u_dma_regfile/soft_reset_pulse_o_reg_0                          |               13 |             32 |         2.46 |
|  clk_i_IBUF_BUFG | u_soc/u_dma_rx_engine/apb_rdata_r[31]_i_1_n_0                                              | u_soc/u_dma_regfile/soft_reset_pulse_o_reg_0                          |                9 |             32 |         3.56 |
|  clk_i_IBUF_BUFG | u_soc/u_cpu/u_ex_stage/exmem_rs2_data_o_reg[1]_1[0]                                        | u_uart_dmem_loader/rst_i_BUFG                                         |               14 |             32 |         2.29 |
|  clk_i_IBUF_BUFG | u_soc/u_cpu/u_mem_stage/memwb_regwrite_o_reg_0[0]                                          | u_uart_dmem_loader/rst_i_BUFG                                         |               13 |             32 |         2.46 |
|  clk_i_IBUF_BUFG | u_soc/u_cpu/u_mem_stage/memwb_regwrite_o_reg_21[0]                                         | u_uart_dmem_loader/rst_i_BUFG                                         |               13 |             32 |         2.46 |
|  clk_i_IBUF_BUFG | u_soc/u_cpu/u_mem_stage/memwb_regwrite_o_reg_26[0]                                         | u_uart_dmem_loader/rst_i_BUFG                                         |               18 |             32 |         1.78 |
|  clk_i_IBUF_BUFG | u_soc/u_cpu/u_mem_stage/memwb_regwrite_o_reg_27[0]                                         | u_uart_dmem_loader/rst_i_BUFG                                         |               16 |             32 |         2.00 |
|  clk_i_IBUF_BUFG | u_soc/u_cpu/u_ex_stage/exmem_alu_result_o_reg[2]_1[0]                                      | u_uart_dmem_loader/rst_i_BUFG                                         |               10 |             32 |         3.20 |
|  clk_i_IBUF_BUFG | u_soc/u_cpu/u_ex_stage/exmem_alu_result_o_reg[2]_2[0]                                      | u_uart_dmem_loader/rst_i_BUFG                                         |               13 |             32 |         2.46 |
|  clk_i_IBUF_BUFG | u_soc/u_cpu/u_mem_stage/memwb_regwrite_o_reg_18[0]                                         | u_uart_dmem_loader/rst_i_BUFG                                         |                9 |             32 |         3.56 |
|  clk_i_IBUF_BUFG | u_soc/u_cpu/u_mem_stage/memwb_regwrite_o_reg_2[0]                                          | u_uart_dmem_loader/rst_i_BUFG                                         |               17 |             32 |         1.88 |
|  clk_i_IBUF_BUFG | u_soc/u_cpu/u_mem_stage/memwb_regwrite_o_reg_29[0]                                         | u_uart_dmem_loader/rst_i_BUFG                                         |               17 |             32 |         1.88 |
|  clk_i_IBUF_BUFG | u_soc/u_cpu/u_ex_stage/exmem_rs2_data_o_reg[1]_2[0]                                        | u_uart_dmem_loader/rst_i_BUFG                                         |               12 |             32 |         2.67 |
|  clk_i_IBUF_BUFG | u_soc/u_cpu/u_ex_stage/exmem_alu_result_o_reg[5]_2[0]                                      | u_uart_dmem_loader/rst_i_BUFG                                         |               11 |             32 |         2.91 |
|  clk_i_IBUF_BUFG | u_soc/u_cpu/u_ex_stage/exmem_alu_result_o_reg[5]_1[0]                                      | u_uart_dmem_loader/rst_i_BUFG                                         |                9 |             32 |         3.56 |
|  clk_i_IBUF_BUFG | u_soc/u_cpu/u_mem_stage/memwb_regwrite_o_reg_7[0]                                          | u_uart_dmem_loader/rst_i_BUFG                                         |               14 |             32 |         2.29 |
|  clk_i_IBUF_BUFG | u_soc/u_cpu/u_mem_stage/memwb_regwrite_o_reg_30[0]                                         | u_uart_dmem_loader/rst_i_BUFG                                         |               19 |             32 |         1.68 |
|  clk_i_IBUF_BUFG | u_soc/u_cpu/u_mem_stage/memwb_regwrite_o_reg_23[0]                                         | u_uart_dmem_loader/rst_i_BUFG                                         |               18 |             32 |         1.78 |
|  clk_i_IBUF_BUFG | u_soc/u_cpu/u_mem_stage/memwb_regwrite_o_reg_4[0]                                          | u_uart_dmem_loader/rst_i_BUFG                                         |               17 |             32 |         1.88 |
|  clk_i_IBUF_BUFG | u_soc/u_cpu/u_mem_stage/memwb_regwrite_o_reg_28[0]                                         | u_uart_dmem_loader/rst_i_BUFG                                         |               21 |             32 |         1.52 |
|  clk_i_IBUF_BUFG | u_soc/u_cpu/u_ex_stage/req_write_r_reg[0]                                                  | u_uart_dmem_loader/rst_i_BUFG                                         |               18 |             32 |         1.78 |
|  clk_i_IBUF_BUFG | u_soc/u_cpu/u_mem_stage/memwb_regwrite_o_reg_15[0]                                         | u_uart_dmem_loader/rst_i_BUFG                                         |                9 |             32 |         3.56 |
|  clk_i_IBUF_BUFG | u_soc/u_cpu/u_mem_stage/memwb_regwrite_o_reg_17[0]                                         | u_uart_dmem_loader/rst_i_BUFG                                         |               15 |             32 |         2.13 |
|  clk_i_IBUF_BUFG | u_soc/u_cpu/u_mem_stage/memwb_regwrite_o_reg_6[0]                                          | u_uart_dmem_loader/rst_i_BUFG                                         |               17 |             32 |         1.88 |
|  clk_i_IBUF_BUFG | u_soc/u_cpu/u_mem_stage/memwb_regwrite_o_reg_14[0]                                         | u_uart_dmem_loader/rst_i_BUFG                                         |               16 |             32 |         2.00 |
|  clk_i_IBUF_BUFG | u_soc/u_cpu/u_mem_stage/memwb_regwrite_o_reg_22[0]                                         | u_uart_dmem_loader/rst_i_BUFG                                         |               10 |             32 |         3.20 |
|  clk_i_IBUF_BUFG | u_soc/u_cpu/u_mem_stage/memwb_regwrite_o_reg_19[0]                                         | u_uart_dmem_loader/rst_i_BUFG                                         |               12 |             32 |         2.67 |
|  clk_i_IBUF_BUFG | u_soc/u_rx_top/u_huffman_block_decoder/E[0]                                                | u_uart_dmem_loader/rst_i_BUFG                                         |                7 |             32 |         4.57 |
|  clk_i_IBUF_BUFG | u_soc/u_cpu/u_mem_stage/memwb_regwrite_o_reg_1[0]                                          | u_uart_dmem_loader/rst_i_BUFG                                         |               19 |             32 |         1.68 |
|  clk_i_IBUF_BUFG | u_soc/u_cpu/u_mem_stage/memwb_regwrite_o_reg_9[0]                                          | u_uart_dmem_loader/rst_i_BUFG                                         |               14 |             32 |         2.29 |
|  clk_i_IBUF_BUFG | u_soc/u_cpu/u_id_stage/idex_jal_o_reg_0[0]                                                 | u_uart_dmem_loader/rst_i_BUFG                                         |               10 |             32 |         3.20 |
|  clk_i_IBUF_BUFG | u_soc/u_cpu/u_id_stage/load_pending_r_reg_0[0]                                             |                                                                       |               10 |             32 |         3.20 |
|  clk_i_IBUF_BUFG | u_soc/u_cpu/u_mem_stage/load_pending_r_reg_5[0]                                            | u_soc/u_cpu/u_if_stage/ifid_pc_r[31]_i_1_n_0                          |                8 |             32 |         4.00 |
|  clk_i_IBUF_BUFG | u_soc/u_cpu/u_mem_stage/load_pending_r_reg_5[0]                                            | u_soc/u_cpu/u_id_stage/idex_jal_o_reg_1[0]                            |               11 |             32 |         2.91 |
|  clk_i_IBUF_BUFG | u_soc/u_cpu/u_mem_stage/load_pending_r_reg_3[0]                                            | u_uart_dmem_loader/rst_i_BUFG                                         |               10 |             32 |         3.20 |
|  clk_i_IBUF_BUFG | u_soc/u_cpu/u_mem_stage/memwb_regwrite_o_reg_5[0]                                          | u_uart_dmem_loader/rst_i_BUFG                                         |               15 |             32 |         2.13 |
|  clk_i_IBUF_BUFG | u_soc/u_cpu/u_mem_stage/memwb_regwrite_o_reg_8[0]                                          | u_uart_dmem_loader/rst_i_BUFG                                         |               13 |             32 |         2.46 |
|  clk_i_IBUF_BUFG | u_soc/u_cpu/u_mem_stage/memwb_regwrite_o_reg_11[0]                                         | u_uart_dmem_loader/rst_i_BUFG                                         |               14 |             32 |         2.29 |
|  clk_i_IBUF_BUFG | u_soc/u_cpu/u_mem_stage/memwb_regwrite_o_reg_12[0]                                         | u_uart_dmem_loader/rst_i_BUFG                                         |               14 |             32 |         2.29 |
|  clk_i_IBUF_BUFG | u_soc/u_cpu/u_mem_stage/memwb_regwrite_o_reg_25[0]                                         | u_uart_dmem_loader/rst_i_BUFG                                         |               17 |             32 |         1.88 |
|  clk_i_IBUF_BUFG | u_soc/u_cpu/u_mem_stage/memwb_regwrite_o_reg_10[0]                                         | u_uart_dmem_loader/rst_i_BUFG                                         |               17 |             32 |         1.88 |
|  clk_i_IBUF_BUFG | u_soc/u_cpu/u_mem_stage/memwb_regwrite_o_reg_13[0]                                         | u_uart_dmem_loader/rst_i_BUFG                                         |               12 |             32 |         2.67 |
|  clk_i_IBUF_BUFG | u_soc/u_cpu/u_mem_stage/memwb_regwrite_o_reg_24[0]                                         | u_uart_dmem_loader/rst_i_BUFG                                         |               17 |             32 |         1.88 |
|  clk_i_IBUF_BUFG | u_soc/u_cpu/u_mem_stage/memwb_regwrite_o_reg_16[0]                                         | u_uart_dmem_loader/rst_i_BUFG                                         |               12 |             32 |         2.67 |
|  clk_i_IBUF_BUFG | u_soc/u_cpu/u_mem_stage/memwb_regwrite_o_reg_3[0]                                          | u_uart_dmem_loader/rst_i_BUFG                                         |               17 |             32 |         1.88 |
|  clk_i_IBUF_BUFG | u_soc/u_rx_top/u_huffman_block_decoder/table_len_r[4]_i_1_n_0                              | u_uart_dmem_loader/rst_i_BUFG                                         |                9 |             35 |         3.89 |
|  clk_i_IBUF_BUFG | u_soc/u_rx_top/u_huffman_block_decoder/prev_len_r[4]_i_1_n_0                               | u_uart_dmem_loader/rst_i_BUFG                                         |                9 |             36 |         4.00 |
|  clk_i_IBUF_BUFG | u_soc/u_rx_top/u_apb_huffman_rx_if/fifo_data_mem[1][31]_i_1_n_0                            | u_uart_dmem_loader/rst_i_BUFG                                         |               15 |             37 |         2.47 |
|  clk_i_IBUF_BUFG | u_soc/u_rx_top/u_apb_huffman_rx_if/fifo_data_mem[5][31]_i_1_n_0                            | u_uart_dmem_loader/rst_i_BUFG                                         |               13 |             37 |         2.85 |
|  clk_i_IBUF_BUFG | u_soc/u_rx_top/u_apb_huffman_rx_if/fifo_data_mem[4][31]_i_1_n_0                            | u_uart_dmem_loader/rst_i_BUFG                                         |               13 |             37 |         2.85 |
|  clk_i_IBUF_BUFG | u_soc/u_rx_top/u_apb_huffman_rx_if/fifo_data_mem[14][31]_i_1_n_0                           | u_uart_dmem_loader/rst_i_BUFG                                         |               12 |             37 |         3.08 |
|  clk_i_IBUF_BUFG | u_soc/u_rx_top/u_apb_huffman_rx_if/fifo_data_mem[8][31]_i_1_n_0                            | u_uart_dmem_loader/rst_i_BUFG                                         |               12 |             37 |         3.08 |
|  clk_i_IBUF_BUFG | u_soc/u_rx_top/u_apb_huffman_rx_if/fifo_data_mem[9][31]_i_1_n_0                            | u_uart_dmem_loader/rst_i_BUFG                                         |                9 |             37 |         4.11 |
|  clk_i_IBUF_BUFG | u_soc/u_rx_top/u_apb_huffman_rx_if/fifo_data_mem[12][31]_i_1_n_0                           | u_uart_dmem_loader/rst_i_BUFG                                         |               13 |             37 |         2.85 |
|  clk_i_IBUF_BUFG | u_soc/u_rx_top/u_apb_huffman_rx_if/fifo_data_mem[13][31]_i_1_n_0                           | u_uart_dmem_loader/rst_i_BUFG                                         |               14 |             37 |         2.64 |
|  clk_i_IBUF_BUFG | u_soc/u_rx_top/u_apb_huffman_rx_if/fifo_data_mem[0][31]_i_1_n_0                            | u_uart_dmem_loader/rst_i_BUFG                                         |               16 |             37 |         2.31 |
|  clk_i_IBUF_BUFG | u_soc/u_rx_top/u_apb_huffman_rx_if/fifo_data_mem[6][31]_i_1_n_0                            | u_uart_dmem_loader/rst_i_BUFG                                         |               12 |             37 |         3.08 |
|  clk_i_IBUF_BUFG | u_soc/u_rx_top/u_apb_huffman_rx_if/fifo_data_mem[3][31]_i_1_n_0                            | u_uart_dmem_loader/rst_i_BUFG                                         |               12 |             37 |         3.08 |
|  clk_i_IBUF_BUFG | u_soc/u_rx_top/u_apb_huffman_rx_if/fifo_data_mem[15][31]_i_1_n_0                           | u_uart_dmem_loader/rst_i_BUFG                                         |               10 |             37 |         3.70 |
|  clk_i_IBUF_BUFG | u_soc/u_rx_top/u_apb_huffman_rx_if/fifo_data_mem[11][31]_i_1_n_0                           | u_uart_dmem_loader/rst_i_BUFG                                         |               13 |             37 |         2.85 |
|  clk_i_IBUF_BUFG | u_soc/u_rx_top/u_apb_huffman_rx_if/fifo_data_mem[7][31]_i_1_n_0                            | u_uart_dmem_loader/rst_i_BUFG                                         |                9 |             37 |         4.11 |
|  clk_i_IBUF_BUFG | u_soc/u_rx_top/u_apb_huffman_rx_if/fifo_data_mem[2][31]_i_1_n_0                            | u_uart_dmem_loader/rst_i_BUFG                                         |               13 |             37 |         2.85 |
|  clk_i_IBUF_BUFG | u_soc/u_rx_top/u_apb_huffman_rx_if/fifo_data_mem[10][31]_i_1_n_0                           | u_uart_dmem_loader/rst_i_BUFG                                         |               12 |             37 |         3.08 |
|  clk_i_IBUF_BUFG | u_soc/u_cpu_mmio_to_apb_bridge/FSM_sequential_state_r_reg_0[0]                             | u_soc/u_cpu/u_ex_stage/load_pending_r_reg_0[0]                        |               13 |             39 |         3.00 |
|  clk_i_IBUF_BUFG | u_soc/u_rx_top/u_bit_depacker_128/stream_last_r_i_1_n_0                                    | u_uart_dmem_loader/rst_i_BUFG                                         |                8 |             39 |         4.88 |
|  clk_i_IBUF_BUFG | u_soc/u_rx_top/u_huffman_block_decoder/fallback_len[185][4]_i_1_n_0                        | u_uart_dmem_loader/rst_i_BUFG                                         |               20 |             44 |         2.20 |
|  clk_i_IBUF_BUFG | u_soc/u_rx_top/u_huffman_block_decoder/fallback_len[193][4]_i_1_n_0                        | u_uart_dmem_loader/rst_i_BUFG                                         |               16 |             44 |         2.75 |
|  clk_i_IBUF_BUFG | u_soc/u_rx_top/u_huffman_block_decoder/fallback_len[186][4]_i_1_n_0                        | u_uart_dmem_loader/rst_i_BUFG                                         |               17 |             44 |         2.59 |
|  clk_i_IBUF_BUFG | u_soc/u_rx_top/u_huffman_block_decoder/fallback_len[209][4]_i_1_n_0                        | u_uart_dmem_loader/rst_i_BUFG                                         |               25 |             44 |         1.76 |
|  clk_i_IBUF_BUFG | u_soc/u_rx_top/u_huffman_block_decoder/fallback_len[206][4]_i_1_n_0                        | u_uart_dmem_loader/rst_i_BUFG                                         |               20 |             44 |         2.20 |
|  clk_i_IBUF_BUFG | u_soc/u_rx_top/u_huffman_block_decoder/fallback_len[18][4]_i_1_n_0                         | u_uart_dmem_loader/rst_i_BUFG                                         |               21 |             44 |         2.10 |
|  clk_i_IBUF_BUFG | u_soc/u_rx_top/u_huffman_block_decoder/fallback_len[188][4]_i_1_n_0                        | u_uart_dmem_loader/rst_i_BUFG                                         |               16 |             44 |         2.75 |
|  clk_i_IBUF_BUFG | u_soc/u_rx_top/u_huffman_block_decoder/fallback_len[191][4]_i_1_n_0                        | u_uart_dmem_loader/rst_i_BUFG                                         |               17 |             44 |         2.59 |
|  clk_i_IBUF_BUFG | u_soc/u_rx_top/u_huffman_block_decoder/fallback_len[201][4]_i_1_n_0                        | u_uart_dmem_loader/rst_i_BUFG                                         |               17 |             44 |         2.59 |
|  clk_i_IBUF_BUFG | u_soc/u_rx_top/u_huffman_block_decoder/fallback_len[165][4]_i_1_n_0                        | u_uart_dmem_loader/rst_i_BUFG                                         |               19 |             44 |         2.32 |
|  clk_i_IBUF_BUFG | u_soc/u_rx_top/u_huffman_block_decoder/fallback_len[178][4]_i_1_n_0                        | u_uart_dmem_loader/rst_i_BUFG                                         |               17 |             44 |         2.59 |
|  clk_i_IBUF_BUFG | u_soc/u_rx_top/u_huffman_block_decoder/fallback_len[176][4]_i_1_n_0                        | u_uart_dmem_loader/rst_i_BUFG                                         |               17 |             44 |         2.59 |
|  clk_i_IBUF_BUFG | u_soc/u_rx_top/u_huffman_block_decoder/fallback_len[16][4]_i_1_n_0                         | u_uart_dmem_loader/rst_i_BUFG                                         |               17 |             44 |         2.59 |
|  clk_i_IBUF_BUFG | u_soc/u_rx_top/u_huffman_block_decoder/fallback_len[168][4]_i_1_n_0                        | u_uart_dmem_loader/rst_i_BUFG                                         |               19 |             44 |         2.32 |
|  clk_i_IBUF_BUFG | u_soc/u_rx_top/u_huffman_block_decoder/fallback_len[162][4]_i_1_n_0                        | u_uart_dmem_loader/rst_i_BUFG                                         |               16 |             44 |         2.75 |
|  clk_i_IBUF_BUFG | u_soc/u_rx_top/u_huffman_block_decoder/fallback_len[179][4]_i_1_n_0                        | u_uart_dmem_loader/rst_i_BUFG                                         |               17 |             44 |         2.59 |
|  clk_i_IBUF_BUFG | u_soc/u_rx_top/u_huffman_block_decoder/fallback_len[181][4]_i_1_n_0                        | u_uart_dmem_loader/rst_i_BUFG                                         |               17 |             44 |         2.59 |
|  clk_i_IBUF_BUFG | u_soc/u_rx_top/u_huffman_block_decoder/fallback_len[175][4]_i_1_n_0                        | u_uart_dmem_loader/rst_i_BUFG                                         |               19 |             44 |         2.32 |
|  clk_i_IBUF_BUFG | u_soc/u_rx_top/u_huffman_block_decoder/fallback_len[171][4]_i_1_n_0                        | u_uart_dmem_loader/rst_i_BUFG                                         |               19 |             44 |         2.32 |
|  clk_i_IBUF_BUFG | u_soc/u_rx_top/u_huffman_block_decoder/fallback_len[169][4]_i_1_n_0                        | u_uart_dmem_loader/rst_i_BUFG                                         |               20 |             44 |         2.20 |
|  clk_i_IBUF_BUFG | u_soc/u_rx_top/u_huffman_block_decoder/fallback_len[167][4]_i_1_n_0                        | u_uart_dmem_loader/rst_i_BUFG                                         |               16 |             44 |         2.75 |
|  clk_i_IBUF_BUFG | u_soc/u_rx_top/u_huffman_block_decoder/fallback_len[160][4]_i_1_n_0                        | u_uart_dmem_loader/rst_i_BUFG                                         |               16 |             44 |         2.75 |
|  clk_i_IBUF_BUFG | u_soc/u_rx_top/u_huffman_block_decoder/fallback_len[159][4]_i_1_n_0                        | u_uart_dmem_loader/rst_i_BUFG                                         |               17 |             44 |         2.59 |
|  clk_i_IBUF_BUFG | u_soc/u_rx_top/u_huffman_block_decoder/fallback_len[17][4]_i_1_n_0                         | u_uart_dmem_loader/rst_i_BUFG                                         |               22 |             44 |         2.00 |
|  clk_i_IBUF_BUFG | u_soc/u_rx_top/u_huffman_block_decoder/fallback_len[173][4]_i_1_n_0                        | u_uart_dmem_loader/rst_i_BUFG                                         |               16 |             44 |         2.75 |
|  clk_i_IBUF_BUFG | u_soc/u_rx_top/u_huffman_block_decoder/fallback_len[184][4]_i_1_n_0                        | u_uart_dmem_loader/rst_i_BUFG                                         |               16 |             44 |         2.75 |
|  clk_i_IBUF_BUFG | u_soc/u_rx_top/u_huffman_block_decoder/fallback_len[183][4]_i_1_n_0                        | u_uart_dmem_loader/rst_i_BUFG                                         |               18 |             44 |         2.44 |
|  clk_i_IBUF_BUFG | u_soc/u_rx_top/u_huffman_block_decoder/fallback_len[182][4]_i_1_n_0                        | u_uart_dmem_loader/rst_i_BUFG                                         |               15 |             44 |         2.93 |
|  clk_i_IBUF_BUFG | u_soc/u_rx_top/u_huffman_block_decoder/fallback_len[157][4]_i_1_n_0                        | u_uart_dmem_loader/rst_i_BUFG                                         |               16 |             44 |         2.75 |
|  clk_i_IBUF_BUFG | u_soc/u_rx_top/u_huffman_block_decoder/fallback_len[177][4]_i_1_n_0                        | u_uart_dmem_loader/rst_i_BUFG                                         |               17 |             44 |         2.59 |
|  clk_i_IBUF_BUFG | u_soc/u_rx_top/u_huffman_block_decoder/fallback_len[156][4]_i_1_n_0                        | u_uart_dmem_loader/rst_i_BUFG                                         |               16 |             44 |         2.75 |
|  clk_i_IBUF_BUFG | u_soc/u_rx_top/u_huffman_block_decoder/fallback_len[180][4]_i_1_n_0                        | u_uart_dmem_loader/rst_i_BUFG                                         |               17 |             44 |         2.59 |
|  clk_i_IBUF_BUFG | u_soc/u_rx_top/u_huffman_block_decoder/fallback_len[174][4]_i_1_n_0                        | u_uart_dmem_loader/rst_i_BUFG                                         |               19 |             44 |         2.32 |
|  clk_i_IBUF_BUFG | u_soc/u_rx_top/u_huffman_block_decoder/fallback_len[164][4]_i_1_n_0                        | u_uart_dmem_loader/rst_i_BUFG                                         |               17 |             44 |         2.59 |
|  clk_i_IBUF_BUFG | u_soc/u_rx_top/u_huffman_block_decoder/fallback_len[163][4]_i_1_n_0                        | u_uart_dmem_loader/rst_i_BUFG                                         |               16 |             44 |         2.75 |
|  clk_i_IBUF_BUFG | u_soc/u_rx_top/u_huffman_block_decoder/fallback_len[172][4]_i_1_n_0                        | u_uart_dmem_loader/rst_i_BUFG                                         |               17 |             44 |         2.59 |
|  clk_i_IBUF_BUFG | u_soc/u_rx_top/u_huffman_block_decoder/fallback_len[155][4]_i_1_n_0                        | u_uart_dmem_loader/rst_i_BUFG                                         |               20 |             44 |         2.20 |
|  clk_i_IBUF_BUFG | u_soc/u_rx_top/u_huffman_block_decoder/fallback_len[166][4]_i_1_n_0                        | u_uart_dmem_loader/rst_i_BUFG                                         |               19 |             44 |         2.32 |
|  clk_i_IBUF_BUFG | u_soc/u_rx_top/u_huffman_block_decoder/fallback_len[161][4]_i_1_n_0                        | u_uart_dmem_loader/rst_i_BUFG                                         |               17 |             44 |         2.59 |
|  clk_i_IBUF_BUFG | u_soc/u_rx_top/u_huffman_block_decoder/fallback_len[170][4]_i_1_n_0                        | u_uart_dmem_loader/rst_i_BUFG                                         |               16 |             44 |         2.75 |
|  clk_i_IBUF_BUFG | u_soc/u_rx_top/u_huffman_block_decoder/fallback_len[15][4]_i_1_n_0                         | u_uart_dmem_loader/rst_i_BUFG                                         |               17 |             44 |         2.59 |
|  clk_i_IBUF_BUFG | u_soc/u_rx_top/u_huffman_block_decoder/fallback_len[158][4]_i_1_n_0                        | u_uart_dmem_loader/rst_i_BUFG                                         |               18 |             44 |         2.44 |
|  clk_i_IBUF_BUFG | u_soc/u_rx_top/u_huffman_block_decoder/fallback_len[141][4]_i_1_n_0                        | u_uart_dmem_loader/rst_i_BUFG                                         |               19 |             44 |         2.32 |
|  clk_i_IBUF_BUFG | u_soc/u_rx_top/u_huffman_block_decoder/fallback_len[13][4]_i_1_n_0                         | u_uart_dmem_loader/rst_i_BUFG                                         |               17 |             44 |         2.59 |
|  clk_i_IBUF_BUFG | u_soc/u_rx_top/u_huffman_block_decoder/fallback_len[129][4]_i_1_n_0                        | u_uart_dmem_loader/rst_i_BUFG                                         |               22 |             44 |         2.00 |
|  clk_i_IBUF_BUFG | u_soc/u_rx_top/u_huffman_block_decoder/fallback_len[128][4]_i_1_n_0                        | u_uart_dmem_loader/rst_i_BUFG                                         |               19 |             44 |         2.32 |
|  clk_i_IBUF_BUFG | u_soc/u_rx_top/u_huffman_block_decoder/fallback_len[145][4]_i_1_n_0                        | u_uart_dmem_loader/rst_i_BUFG                                         |               18 |             44 |         2.44 |
|  clk_i_IBUF_BUFG | u_soc/u_rx_top/u_huffman_block_decoder/fallback_len[127][4]_i_1_n_0                        | u_uart_dmem_loader/rst_i_BUFG                                         |               16 |             44 |         2.75 |
|  clk_i_IBUF_BUFG | u_soc/u_rx_top/u_huffman_block_decoder/fallback_len[134][4]_i_1_n_0                        | u_uart_dmem_loader/rst_i_BUFG                                         |               20 |             44 |         2.20 |
|  clk_i_IBUF_BUFG | u_soc/u_rx_top/u_huffman_block_decoder/fallback_len[130][4]_i_1_n_0                        | u_uart_dmem_loader/rst_i_BUFG                                         |               19 |             44 |         2.32 |
|  clk_i_IBUF_BUFG | u_soc/u_rx_top/u_huffman_block_decoder/fallback_len[154][4]_i_1_n_0                        | u_uart_dmem_loader/rst_i_BUFG                                         |               17 |             44 |         2.59 |
|  clk_i_IBUF_BUFG | u_soc/u_rx_top/u_huffman_block_decoder/fallback_len[152][4]_i_1_n_0                        | u_uart_dmem_loader/rst_i_BUFG                                         |               17 |             44 |         2.59 |
|  clk_i_IBUF_BUFG | u_soc/u_rx_top/u_huffman_block_decoder/fallback_len[132][4]_i_1_n_0                        | u_uart_dmem_loader/rst_i_BUFG                                         |               17 |             44 |         2.59 |
|  clk_i_IBUF_BUFG | u_soc/u_rx_top/u_huffman_block_decoder/fallback_len[146][4]_i_1_n_0                        | u_uart_dmem_loader/rst_i_BUFG                                         |               16 |             44 |         2.75 |
|  clk_i_IBUF_BUFG | u_soc/u_rx_top/u_huffman_block_decoder/fallback_len[147][4]_i_1_n_0                        | u_uart_dmem_loader/rst_i_BUFG                                         |               19 |             44 |         2.32 |
|  clk_i_IBUF_BUFG | u_soc/u_rx_top/u_huffman_block_decoder/fallback_len[153][4]_i_1_n_0                        | u_uart_dmem_loader/rst_i_BUFG                                         |               16 |             44 |         2.75 |
|  clk_i_IBUF_BUFG | u_soc/u_rx_top/u_huffman_block_decoder/fallback_len[144][4]_i_1_n_0                        | u_uart_dmem_loader/rst_i_BUFG                                         |               17 |             44 |         2.59 |
|  clk_i_IBUF_BUFG | u_soc/u_rx_top/u_huffman_block_decoder/fallback_len[151][4]_i_1_n_0                        | u_uart_dmem_loader/rst_i_BUFG                                         |               19 |             44 |         2.32 |
|  clk_i_IBUF_BUFG | u_soc/u_rx_top/u_huffman_block_decoder/fallback_len[136][4]_i_1_n_0                        | u_uart_dmem_loader/rst_i_BUFG                                         |               17 |             44 |         2.59 |
|  clk_i_IBUF_BUFG | u_soc/u_rx_top/u_huffman_block_decoder/fallback_len[14][4]_i_1_n_0                         | u_uart_dmem_loader/rst_i_BUFG                                         |               15 |             44 |         2.93 |
|  clk_i_IBUF_BUFG | u_soc/u_rx_top/u_huffman_block_decoder/fallback_len[143][4]_i_1_n_0                        | u_uart_dmem_loader/rst_i_BUFG                                         |               19 |             44 |         2.32 |
|  clk_i_IBUF_BUFG | u_soc/u_rx_top/u_huffman_block_decoder/fallback_len[140][4]_i_1_n_0                        | u_uart_dmem_loader/rst_i_BUFG                                         |               22 |             44 |         2.00 |
|  clk_i_IBUF_BUFG | u_soc/u_rx_top/u_huffman_block_decoder/fallback_len[133][4]_i_1_n_0                        | u_uart_dmem_loader/rst_i_BUFG                                         |               19 |             44 |         2.32 |
|  clk_i_IBUF_BUFG | u_soc/u_rx_top/u_huffman_block_decoder/fallback_len[150][4]_i_1_n_0                        | u_uart_dmem_loader/rst_i_BUFG                                         |               19 |             44 |         2.32 |
|  clk_i_IBUF_BUFG | u_soc/u_rx_top/u_huffman_block_decoder/fallback_len[142][4]_i_1_n_0                        | u_uart_dmem_loader/rst_i_BUFG                                         |               17 |             44 |         2.59 |
|  clk_i_IBUF_BUFG | u_soc/u_rx_top/u_huffman_block_decoder/fallback_len[131][4]_i_1_n_0                        | u_uart_dmem_loader/rst_i_BUFG                                         |               17 |             44 |         2.59 |
|  clk_i_IBUF_BUFG | u_soc/u_rx_top/u_huffman_block_decoder/fallback_len[12][4]_i_1_n_0                         | u_uart_dmem_loader/rst_i_BUFG                                         |               16 |             44 |         2.75 |
|  clk_i_IBUF_BUFG | u_soc/u_rx_top/u_huffman_block_decoder/fallback_len[138][4]_i_1_n_0                        | u_uart_dmem_loader/rst_i_BUFG                                         |               18 |             44 |         2.44 |
|  clk_i_IBUF_BUFG | u_soc/u_rx_top/u_huffman_block_decoder/fallback_len[135][4]_i_1_n_0                        | u_uart_dmem_loader/rst_i_BUFG                                         |               19 |             44 |         2.32 |
|  clk_i_IBUF_BUFG | u_soc/u_rx_top/u_huffman_block_decoder/fallback_len[149][4]_i_1_n_0                        | u_uart_dmem_loader/rst_i_BUFG                                         |               17 |             44 |         2.59 |
|  clk_i_IBUF_BUFG | u_soc/u_rx_top/u_huffman_block_decoder/fallback_len[139][4]_i_1_n_0                        | u_uart_dmem_loader/rst_i_BUFG                                         |               23 |             44 |         1.91 |
|  clk_i_IBUF_BUFG | u_soc/u_rx_top/u_huffman_block_decoder/fallback_len[137][4]_i_1_n_0                        | u_uart_dmem_loader/rst_i_BUFG                                         |               19 |             44 |         2.32 |
|  clk_i_IBUF_BUFG | u_soc/u_rx_top/u_huffman_block_decoder/fallback_len[126][4]_i_1_n_0                        | u_uart_dmem_loader/rst_i_BUFG                                         |               16 |             44 |         2.75 |
|  clk_i_IBUF_BUFG | u_soc/u_rx_top/u_huffman_block_decoder/fallback_len[148][4]_i_1_n_0                        | u_uart_dmem_loader/rst_i_BUFG                                         |               18 |             44 |         2.44 |
|  clk_i_IBUF_BUFG | u_soc/u_rx_top/u_huffman_block_decoder/fallback_len[110][4]_i_1_n_0                        | u_uart_dmem_loader/rst_i_BUFG                                         |               17 |             44 |         2.59 |
|  clk_i_IBUF_BUFG | u_soc/u_rx_top/u_huffman_block_decoder/fallback_len[108][4]_i_1_n_0                        | u_uart_dmem_loader/rst_i_BUFG                                         |               18 |             44 |         2.44 |
|  clk_i_IBUF_BUFG | u_soc/u_rx_top/u_huffman_block_decoder/fallback_len[106][4]_i_1_n_0                        | u_uart_dmem_loader/rst_i_BUFG                                         |               20 |             44 |         2.20 |
|  clk_i_IBUF_BUFG | u_soc/u_rx_top/u_huffman_block_decoder/fallback_len[114][4]_i_1_n_0                        | u_uart_dmem_loader/rst_i_BUFG                                         |               18 |             44 |         2.44 |
|  clk_i_IBUF_BUFG | u_soc/u_rx_top/u_huffman_block_decoder/fallback_len[0][4]_i_1_n_0                          | u_uart_dmem_loader/rst_i_BUFG                                         |               15 |             44 |         2.93 |
|  clk_i_IBUF_BUFG | u_soc/u_rx_top/u_huffman_block_decoder/fallback_len[10][4]_i_1_n_0                         | u_uart_dmem_loader/rst_i_BUFG                                         |               20 |             44 |         2.20 |
|  clk_i_IBUF_BUFG | u_soc/u_rx_top/u_huffman_block_decoder/fallback_len[107][4]_i_1_n_0                        | u_uart_dmem_loader/rst_i_BUFG                                         |               18 |             44 |         2.44 |
|  clk_i_IBUF_BUFG | u_soc/u_rx_top/u_huffman_block_decoder/fallback_len[125][4]_i_1_n_0                        | u_uart_dmem_loader/rst_i_BUFG                                         |               16 |             44 |         2.75 |
|  clk_i_IBUF_BUFG | u_soc/u_rx_top/u_huffman_block_decoder/fallback_len[123][4]_i_1_n_0                        | u_uart_dmem_loader/rst_i_BUFG                                         |               17 |             44 |         2.59 |
|  clk_i_IBUF_BUFG | u_soc/u_rx_top/u_huffman_block_decoder/fallback_len[118][4]_i_1_n_0                        | u_uart_dmem_loader/rst_i_BUFG                                         |               17 |             44 |         2.59 |
|  clk_i_IBUF_BUFG | u_soc/u_rx_top/u_huffman_block_decoder/fallback_len[115][4]_i_1_n_0                        | u_uart_dmem_loader/rst_i_BUFG                                         |               16 |             44 |         2.75 |
|  clk_i_IBUF_BUFG | u_soc/u_rx_top/u_huffman_block_decoder/fallback_len[111][4]_i_1_n_0                        | u_uart_dmem_loader/rst_i_BUFG                                         |               20 |             44 |         2.20 |
|  clk_i_IBUF_BUFG | u_soc/u_rx_top/u_huffman_block_decoder/fallback_len[102][4]_i_1_n_0                        | u_uart_dmem_loader/rst_i_BUFG                                         |               17 |             44 |         2.59 |
|  clk_i_IBUF_BUFG | u_soc/u_rx_top/u_huffman_block_decoder/fallback_len[124][4]_i_1_n_0                        | u_uart_dmem_loader/rst_i_BUFG                                         |               17 |             44 |         2.59 |
|  clk_i_IBUF_BUFG | u_soc/u_rx_top/u_huffman_block_decoder/fallback_len[121][4]_i_1_n_0                        | u_uart_dmem_loader/rst_i_BUFG                                         |               17 |             44 |         2.59 |
|  clk_i_IBUF_BUFG | u_soc/u_rx_top/u_huffman_block_decoder/fallback_len[122][4]_i_1_n_0                        | u_uart_dmem_loader/rst_i_BUFG                                         |               19 |             44 |         2.32 |
|  clk_i_IBUF_BUFG | u_soc/u_rx_top/u_huffman_block_decoder/fallback_len[100][4]_i_1_n_0                        | u_uart_dmem_loader/rst_i_BUFG                                         |               19 |             44 |         2.32 |
|  clk_i_IBUF_BUFG | u_soc/u_rx_top/u_huffman_block_decoder/fallback_len[105][4]_i_1_n_0                        | u_uart_dmem_loader/rst_i_BUFG                                         |               19 |             44 |         2.32 |
|  clk_i_IBUF_BUFG | u_soc/u_rx_top/u_huffman_block_decoder/fallback_len[120][4]_i_1_n_0                        | u_uart_dmem_loader/rst_i_BUFG                                         |               16 |             44 |         2.75 |
|  clk_i_IBUF_BUFG | u_soc/u_rx_top/u_huffman_block_decoder/fallback_len[11][4]_i_1_n_0                         | u_uart_dmem_loader/rst_i_BUFG                                         |               17 |             44 |         2.59 |
|  clk_i_IBUF_BUFG | u_soc/u_rx_top/u_huffman_block_decoder/fallback_len[119][4]_i_1_n_0                        | u_uart_dmem_loader/rst_i_BUFG                                         |               16 |             44 |         2.75 |
|  clk_i_IBUF_BUFG | u_soc/u_rx_top/u_huffman_block_decoder/fallback_len[116][4]_i_1_n_0                        | u_uart_dmem_loader/rst_i_BUFG                                         |               16 |             44 |         2.75 |
|  clk_i_IBUF_BUFG | u_soc/u_rx_top/u_huffman_block_decoder/fallback_len[117][4]_i_1_n_0                        | u_uart_dmem_loader/rst_i_BUFG                                         |               17 |             44 |         2.59 |
|  clk_i_IBUF_BUFG | u_soc/u_rx_top/u_huffman_block_decoder/fallback_len[112][4]_i_1_n_0                        | u_uart_dmem_loader/rst_i_BUFG                                         |               17 |             44 |         2.59 |
|  clk_i_IBUF_BUFG | u_soc/u_rx_top/u_huffman_block_decoder/fallback_len[109][4]_i_1_n_0                        | u_uart_dmem_loader/rst_i_BUFG                                         |               20 |             44 |         2.20 |
|  clk_i_IBUF_BUFG | u_soc/u_rx_top/u_huffman_block_decoder/fallback_len[104][4]_i_1_n_0                        | u_uart_dmem_loader/rst_i_BUFG                                         |               20 |             44 |         2.20 |
|  clk_i_IBUF_BUFG | u_soc/u_rx_top/u_huffman_block_decoder/fallback_len[103][4]_i_1_n_0                        | u_uart_dmem_loader/rst_i_BUFG                                         |               18 |             44 |         2.44 |
|  clk_i_IBUF_BUFG | u_soc/u_rx_top/u_huffman_block_decoder/fallback_len[101][4]_i_1_n_0                        | u_uart_dmem_loader/rst_i_BUFG                                         |               17 |             44 |         2.59 |
|  clk_i_IBUF_BUFG | u_soc/u_rx_top/u_huffman_block_decoder/fallback_len[113][4]_i_1_n_0                        | u_uart_dmem_loader/rst_i_BUFG                                         |               16 |             44 |         2.75 |
|  clk_i_IBUF_BUFG | u_soc/u_rx_top/u_huffman_block_decoder/fallback_len[65][4]_i_1_n_0                         | u_uart_dmem_loader/rst_i_BUFG                                         |               16 |             44 |         2.75 |
|  clk_i_IBUF_BUFG | u_soc/u_rx_top/u_huffman_block_decoder/fallback_len[84][4]_i_1_n_0                         | u_uart_dmem_loader/rst_i_BUFG                                         |               21 |             44 |         2.10 |
|  clk_i_IBUF_BUFG | u_soc/u_rx_top/u_huffman_block_decoder/fallback_len[67][4]_i_1_n_0                         | u_uart_dmem_loader/rst_i_BUFG                                         |               18 |             44 |         2.44 |
|  clk_i_IBUF_BUFG | u_soc/u_rx_top/u_huffman_block_decoder/fallback_len[85][4]_i_1_n_0                         | u_uart_dmem_loader/rst_i_BUFG                                         |               20 |             44 |         2.20 |
|  clk_i_IBUF_BUFG | u_soc/u_rx_top/u_huffman_block_decoder/fallback_len[81][4]_i_1_n_0                         | u_uart_dmem_loader/rst_i_BUFG                                         |               19 |             44 |         2.32 |
|  clk_i_IBUF_BUFG | u_soc/u_rx_top/u_huffman_block_decoder/fallback_len[86][4]_i_1_n_0                         | u_uart_dmem_loader/rst_i_BUFG                                         |               20 |             44 |         2.20 |
|  clk_i_IBUF_BUFG | u_soc/u_rx_top/u_huffman_block_decoder/fallback_len[74][4]_i_1_n_0                         | u_uart_dmem_loader/rst_i_BUFG                                         |               20 |             44 |         2.20 |
|  clk_i_IBUF_BUFG | u_soc/u_rx_top/u_huffman_block_decoder/fallback_len[90][4]_i_1_n_0                         | u_uart_dmem_loader/rst_i_BUFG                                         |               21 |             44 |         2.10 |
|  clk_i_IBUF_BUFG | u_soc/u_rx_top/u_huffman_block_decoder/fallback_len[71][4]_i_1_n_0                         | u_uart_dmem_loader/rst_i_BUFG                                         |               18 |             44 |         2.44 |
|  clk_i_IBUF_BUFG | u_soc/u_rx_top/u_huffman_block_decoder/fallback_len[230][4]_i_1_n_0                        | u_uart_dmem_loader/rst_i_BUFG                                         |               16 |             44 |         2.75 |
|  clk_i_IBUF_BUFG | u_soc/u_rx_top/u_huffman_block_decoder/fallback_len[219][4]_i_1_n_0                        | u_uart_dmem_loader/rst_i_BUFG                                         |               20 |             44 |         2.20 |
|  clk_i_IBUF_BUFG | u_soc/u_rx_top/u_huffman_block_decoder/fallback_len[21][4]_i_1_n_0                         | u_uart_dmem_loader/rst_i_BUFG                                         |               19 |             44 |         2.32 |
|  clk_i_IBUF_BUFG | u_soc/u_rx_top/u_huffman_block_decoder/fallback_len[222][4]_i_1_n_0                        | u_uart_dmem_loader/rst_i_BUFG                                         |               22 |             44 |         2.00 |
|  clk_i_IBUF_BUFG | u_soc/u_rx_top/u_huffman_block_decoder/fallback_len[217][4]_i_1_n_0                        | u_uart_dmem_loader/rst_i_BUFG                                         |               21 |             44 |         2.10 |
|  clk_i_IBUF_BUFG | u_soc/u_rx_top/u_huffman_block_decoder/fallback_len[226][4]_i_1_n_0                        | u_uart_dmem_loader/rst_i_BUFG                                         |               17 |             44 |         2.59 |
|  clk_i_IBUF_BUFG | u_soc/u_rx_top/u_huffman_block_decoder/fallback_len[211][4]_i_1_n_0                        | u_uart_dmem_loader/rst_i_BUFG                                         |               21 |             44 |         2.10 |
|  clk_i_IBUF_BUFG | u_soc/u_rx_top/u_huffman_block_decoder/fallback_len[212][4]_i_1_n_0                        | u_uart_dmem_loader/rst_i_BUFG                                         |               20 |             44 |         2.20 |
|  clk_i_IBUF_BUFG | u_soc/u_rx_top/u_huffman_block_decoder/fallback_len[216][4]_i_1_n_0                        | u_uart_dmem_loader/rst_i_BUFG                                         |               18 |             44 |         2.44 |
|  clk_i_IBUF_BUFG | u_soc/u_rx_top/u_huffman_block_decoder/fallback_len[231][4]_i_1_n_0                        | u_uart_dmem_loader/rst_i_BUFG                                         |               18 |             44 |         2.44 |
|  clk_i_IBUF_BUFG | u_soc/u_rx_top/u_huffman_block_decoder/fallback_len[210][4]_i_1_n_0                        | u_uart_dmem_loader/rst_i_BUFG                                         |               21 |             44 |         2.10 |
|  clk_i_IBUF_BUFG | u_soc/u_rx_top/u_huffman_block_decoder/fallback_len[224][4]_i_1_n_0                        | u_uart_dmem_loader/rst_i_BUFG                                         |               20 |             44 |         2.20 |
|  clk_i_IBUF_BUFG | u_soc/u_rx_top/u_huffman_block_decoder/fallback_len[233][4]_i_1_n_0                        | u_uart_dmem_loader/rst_i_BUFG                                         |               19 |             44 |         2.32 |
|  clk_i_IBUF_BUFG | u_soc/u_rx_top/u_huffman_block_decoder/fallback_len[235][4]_i_1_n_0                        | u_uart_dmem_loader/rst_i_BUFG                                         |               18 |             44 |         2.44 |
|  clk_i_IBUF_BUFG | u_soc/u_rx_top/u_huffman_block_decoder/fallback_len[221][4]_i_1_n_0                        | u_uart_dmem_loader/rst_i_BUFG                                         |               20 |             44 |         2.20 |
|  clk_i_IBUF_BUFG | u_soc/u_rx_top/u_huffman_block_decoder/fallback_len[228][4]_i_1_n_0                        | u_uart_dmem_loader/rst_i_BUFG                                         |               18 |             44 |         2.44 |
|  clk_i_IBUF_BUFG | u_soc/u_rx_top/u_huffman_block_decoder/fallback_len[234][4]_i_1_n_0                        | u_uart_dmem_loader/rst_i_BUFG                                         |               19 |             44 |         2.32 |
|  clk_i_IBUF_BUFG | u_soc/u_rx_top/u_huffman_block_decoder/fallback_len[236][4]_i_1_n_0                        | u_uart_dmem_loader/rst_i_BUFG                                         |               18 |             44 |         2.44 |
|  clk_i_IBUF_BUFG | u_soc/u_rx_top/u_huffman_block_decoder/fallback_len[237][4]_i_1_n_0                        | u_uart_dmem_loader/rst_i_BUFG                                         |               18 |             44 |         2.44 |
|  clk_i_IBUF_BUFG | u_soc/u_rx_top/u_huffman_block_decoder/fallback_len[220][4]_i_1_n_0                        | u_uart_dmem_loader/rst_i_BUFG                                         |               23 |             44 |         1.91 |
|  clk_i_IBUF_BUFG | u_soc/u_rx_top/u_huffman_block_decoder/fallback_len[229][4]_i_1_n_0                        | u_uart_dmem_loader/rst_i_BUFG                                         |               23 |             44 |         1.91 |
|  clk_i_IBUF_BUFG | u_soc/u_rx_top/u_huffman_block_decoder/fallback_len[22][4]_i_1_n_0                         | u_uart_dmem_loader/rst_i_BUFG                                         |               20 |             44 |         2.20 |
|  clk_i_IBUF_BUFG | u_soc/u_rx_top/u_huffman_block_decoder/fallback_len[238][4]_i_1_n_0                        | u_uart_dmem_loader/rst_i_BUFG                                         |               21 |             44 |         2.10 |
|  clk_i_IBUF_BUFG | u_soc/u_rx_top/u_huffman_block_decoder/fallback_len[232][4]_i_1_n_0                        | u_uart_dmem_loader/rst_i_BUFG                                         |               18 |             44 |         2.44 |
|  clk_i_IBUF_BUFG | u_soc/u_rx_top/u_huffman_block_decoder/fallback_len[27][4]_i_1_n_0                         | u_uart_dmem_loader/rst_i_BUFG                                         |               20 |             44 |         2.20 |
|  clk_i_IBUF_BUFG | u_soc/u_rx_top/u_huffman_block_decoder/fallback_len[23][4]_i_1_n_0                         | u_uart_dmem_loader/rst_i_BUFG                                         |               17 |             44 |         2.59 |
|  clk_i_IBUF_BUFG | u_soc/u_rx_top/u_huffman_block_decoder/fallback_len[251][4]_i_1_n_0                        | u_uart_dmem_loader/rst_i_BUFG                                         |               17 |             44 |         2.59 |
|  clk_i_IBUF_BUFG | u_soc/u_rx_top/u_huffman_block_decoder/fallback_len[28][4]_i_1_n_0                         | u_uart_dmem_loader/rst_i_BUFG                                         |               19 |             44 |         2.32 |
|  clk_i_IBUF_BUFG | u_soc/u_rx_top/u_huffman_block_decoder/fallback_len[30][4]_i_1_n_0                         | u_uart_dmem_loader/rst_i_BUFG                                         |               20 |             44 |         2.20 |
|  clk_i_IBUF_BUFG | u_soc/u_rx_top/u_huffman_block_decoder/fallback_len[33][4]_i_1_n_0                         | u_uart_dmem_loader/rst_i_BUFG                                         |               18 |             44 |         2.44 |
|  clk_i_IBUF_BUFG | u_soc/u_rx_top/u_huffman_block_decoder/fallback_len[245][4]_i_1_n_0                        | u_uart_dmem_loader/rst_i_BUFG                                         |               17 |             44 |         2.59 |
|  clk_i_IBUF_BUFG | u_soc/u_rx_top/u_huffman_block_decoder/fallback_len[248][4]_i_1_n_0                        | u_uart_dmem_loader/rst_i_BUFG                                         |               21 |             44 |         2.10 |
|  clk_i_IBUF_BUFG | u_soc/u_rx_top/u_huffman_block_decoder/fallback_len[242][4]_i_1_n_0                        | u_uart_dmem_loader/rst_i_BUFG                                         |               18 |             44 |         2.44 |
|  clk_i_IBUF_BUFG | u_soc/u_rx_top/u_huffman_block_decoder/fallback_len[247][4]_i_1_n_0                        | u_uart_dmem_loader/rst_i_BUFG                                         |               17 |             44 |         2.59 |
|  clk_i_IBUF_BUFG | u_soc/u_rx_top/u_huffman_block_decoder/fallback_len[25][4]_i_1_n_0                         | u_uart_dmem_loader/rst_i_BUFG                                         |               18 |             44 |         2.44 |
|  clk_i_IBUF_BUFG | u_soc/u_rx_top/u_huffman_block_decoder/fallback_len[240][4]_i_1_n_0                        | u_uart_dmem_loader/rst_i_BUFG                                         |               19 |             44 |         2.32 |
|  clk_i_IBUF_BUFG | u_soc/u_rx_top/u_huffman_block_decoder/fallback_len[246][4]_i_1_n_0                        | u_uart_dmem_loader/rst_i_BUFG                                         |               18 |             44 |         2.44 |
|  clk_i_IBUF_BUFG | u_soc/u_rx_top/u_huffman_block_decoder/fallback_len[252][4]_i_1_n_0                        | u_uart_dmem_loader/rst_i_BUFG                                         |               17 |             44 |         2.59 |
|  clk_i_IBUF_BUFG | u_soc/u_rx_top/u_huffman_block_decoder/fallback_len[227][4]_i_1_n_0                        | u_uart_dmem_loader/rst_i_BUFG                                         |               19 |             44 |         2.32 |
|  clk_i_IBUF_BUFG | u_soc/u_rx_top/u_huffman_block_decoder/fallback_len[241][4]_i_1_n_0                        | u_uart_dmem_loader/rst_i_BUFG                                         |               17 |             44 |         2.59 |
|  clk_i_IBUF_BUFG | u_soc/u_rx_top/u_huffman_block_decoder/fallback_len[255][4]_i_1_n_0                        | u_uart_dmem_loader/rst_i_BUFG                                         |               17 |             44 |         2.59 |
|  clk_i_IBUF_BUFG | u_soc/u_rx_top/u_huffman_block_decoder/fallback_len[29][4]_i_1_n_0                         | u_uart_dmem_loader/rst_i_BUFG                                         |               19 |             44 |         2.32 |
|  clk_i_IBUF_BUFG | u_soc/u_rx_top/u_huffman_block_decoder/fallback_len[24][4]_i_1_n_0                         | u_uart_dmem_loader/rst_i_BUFG                                         |               16 |             44 |         2.75 |
|  clk_i_IBUF_BUFG | u_soc/u_rx_top/u_huffman_block_decoder/fallback_len[249][4]_i_1_n_0                        | u_uart_dmem_loader/rst_i_BUFG                                         |               18 |             44 |         2.44 |
|  clk_i_IBUF_BUFG | u_soc/u_rx_top/u_huffman_block_decoder/fallback_len[253][4]_i_1_n_0                        | u_uart_dmem_loader/rst_i_BUFG                                         |               19 |             44 |         2.32 |
|  clk_i_IBUF_BUFG | u_soc/u_rx_top/u_huffman_block_decoder/fallback_len[254][4]_i_1_n_0                        | u_uart_dmem_loader/rst_i_BUFG                                         |               18 |             44 |         2.44 |
|  clk_i_IBUF_BUFG | u_soc/u_rx_top/u_huffman_block_decoder/fallback_len[243][4]_i_1_n_0                        | u_uart_dmem_loader/rst_i_BUFG                                         |               18 |             44 |         2.44 |
|  clk_i_IBUF_BUFG | u_soc/u_rx_top/u_huffman_block_decoder/fallback_len[244][4]_i_1_n_0                        | u_uart_dmem_loader/rst_i_BUFG                                         |               17 |             44 |         2.59 |
|  clk_i_IBUF_BUFG | u_soc/u_rx_top/u_huffman_block_decoder/fallback_len[250][4]_i_1_n_0                        | u_uart_dmem_loader/rst_i_BUFG                                         |               15 |             44 |         2.93 |
|  clk_i_IBUF_BUFG | u_soc/u_rx_top/u_huffman_block_decoder/fallback_len[2][4]_i_1_n_0                          | u_uart_dmem_loader/rst_i_BUFG                                         |               15 |             44 |         2.93 |
|  clk_i_IBUF_BUFG | u_soc/u_rx_top/u_huffman_block_decoder/fallback_len[239][4]_i_1_n_0                        | u_uart_dmem_loader/rst_i_BUFG                                         |               20 |             44 |         2.20 |
|  clk_i_IBUF_BUFG | u_soc/u_rx_top/u_huffman_block_decoder/fallback_len[26][4]_i_1_n_0                         | u_uart_dmem_loader/rst_i_BUFG                                         |               17 |             44 |         2.59 |
|  clk_i_IBUF_BUFG | u_soc/u_rx_top/u_huffman_block_decoder/fallback_len[32][4]_i_1_n_0                         | u_uart_dmem_loader/rst_i_BUFG                                         |               20 |             44 |         2.20 |
|  clk_i_IBUF_BUFG | u_soc/u_rx_top/u_huffman_block_decoder/fallback_len[31][4]_i_1_n_0                         | u_uart_dmem_loader/rst_i_BUFG                                         |               19 |             44 |         2.32 |
|  clk_i_IBUF_BUFG | u_soc/u_rx_top/u_huffman_block_decoder/fallback_len[49][4]_i_1_n_0                         | u_uart_dmem_loader/rst_i_BUFG                                         |               18 |             44 |         2.44 |
|  clk_i_IBUF_BUFG | u_soc/u_rx_top/u_huffman_block_decoder/fallback_len[53][4]_i_1_n_0                         | u_uart_dmem_loader/rst_i_BUFG                                         |               15 |             44 |         2.93 |
|  clk_i_IBUF_BUFG | u_soc/u_rx_top/u_huffman_block_decoder/fallback_len[42][4]_i_1_n_0                         | u_uart_dmem_loader/rst_i_BUFG                                         |               16 |             44 |         2.75 |
|  clk_i_IBUF_BUFG | u_soc/u_rx_top/u_huffman_block_decoder/fallback_len[51][4]_i_1_n_0                         | u_uart_dmem_loader/rst_i_BUFG                                         |               15 |             44 |         2.93 |
|  clk_i_IBUF_BUFG | u_soc/u_rx_top/u_huffman_block_decoder/fallback_len[37][4]_i_1_n_0                         | u_uart_dmem_loader/rst_i_BUFG                                         |               20 |             44 |         2.20 |
|  clk_i_IBUF_BUFG | u_soc/u_rx_top/u_huffman_block_decoder/fallback_len[38][4]_i_1_n_0                         | u_uart_dmem_loader/rst_i_BUFG                                         |               15 |             44 |         2.93 |
|  clk_i_IBUF_BUFG | u_soc/u_rx_top/u_huffman_block_decoder/fallback_len[55][4]_i_1_n_0                         | u_uart_dmem_loader/rst_i_BUFG                                         |               16 |             44 |         2.75 |
|  clk_i_IBUF_BUFG | u_soc/u_rx_top/u_huffman_block_decoder/fallback_len[56][4]_i_1_n_0                         | u_uart_dmem_loader/rst_i_BUFG                                         |               16 |             44 |         2.75 |
|  clk_i_IBUF_BUFG | u_soc/u_rx_top/u_huffman_block_decoder/fallback_len[57][4]_i_1_n_0                         | u_uart_dmem_loader/rst_i_BUFG                                         |               16 |             44 |         2.75 |
|  clk_i_IBUF_BUFG | u_soc/u_rx_top/u_huffman_block_decoder/fallback_len[40][4]_i_1_n_0                         | u_uart_dmem_loader/rst_i_BUFG                                         |               19 |             44 |         2.32 |
|  clk_i_IBUF_BUFG | u_soc/u_rx_top/u_huffman_block_decoder/fallback_len[39][4]_i_1_n_0                         | u_uart_dmem_loader/rst_i_BUFG                                         |               17 |             44 |         2.59 |
|  clk_i_IBUF_BUFG | u_soc/u_rx_top/u_huffman_block_decoder/fallback_len[77][4]_i_1_n_0                         | u_uart_dmem_loader/rst_i_BUFG                                         |               17 |             44 |         2.59 |
|  clk_i_IBUF_BUFG | u_soc/u_rx_top/u_huffman_block_decoder/fallback_len[3][4]_i_1_n_0                          | u_uart_dmem_loader/rst_i_BUFG                                         |               16 |             44 |         2.75 |
|  clk_i_IBUF_BUFG | u_soc/u_rx_top/u_huffman_block_decoder/fallback_len[52][4]_i_1_n_0                         | u_uart_dmem_loader/rst_i_BUFG                                         |               18 |             44 |         2.44 |
|  clk_i_IBUF_BUFG | u_soc/u_rx_top/u_huffman_block_decoder/fallback_len[54][4]_i_1_n_0                         | u_uart_dmem_loader/rst_i_BUFG                                         |               17 |             44 |         2.59 |
|  clk_i_IBUF_BUFG | u_soc/u_rx_top/u_huffman_block_decoder/fallback_len[59][4]_i_1_n_0                         | u_uart_dmem_loader/rst_i_BUFG                                         |               15 |             44 |         2.93 |
|  clk_i_IBUF_BUFG | u_soc/u_rx_top/u_huffman_block_decoder/fallback_len[34][4]_i_1_n_0                         | u_uart_dmem_loader/rst_i_BUFG                                         |               16 |             44 |         2.75 |
|  clk_i_IBUF_BUFG | u_soc/u_rx_top/u_huffman_block_decoder/fallback_len[5][4]_i_1_n_0                          | u_uart_dmem_loader/rst_i_BUFG                                         |               15 |             44 |         2.93 |
|  clk_i_IBUF_BUFG | u_soc/u_rx_top/u_huffman_block_decoder/fallback_len[35][4]_i_1_n_0                         | u_uart_dmem_loader/rst_i_BUFG                                         |               18 |             44 |         2.44 |
|  clk_i_IBUF_BUFG | u_soc/u_rx_top/u_huffman_block_decoder/fallback_len[60][4]_i_1_n_0                         | u_uart_dmem_loader/rst_i_BUFG                                         |               15 |             44 |         2.93 |
|  clk_i_IBUF_BUFG | u_soc/u_rx_top/u_huffman_block_decoder/fallback_len[58][4]_i_1_n_0                         | u_uart_dmem_loader/rst_i_BUFG                                         |               19 |             44 |         2.32 |
|  clk_i_IBUF_BUFG | u_soc/u_rx_top/u_huffman_block_decoder/fallback_len[43][4]_i_1_n_0                         | u_uart_dmem_loader/rst_i_BUFG                                         |               17 |             44 |         2.59 |
|  clk_i_IBUF_BUFG | u_soc/u_rx_top/u_huffman_block_decoder/fallback_len[61][4]_i_1_n_0                         | u_uart_dmem_loader/rst_i_BUFG                                         |               16 |             44 |         2.75 |
|  clk_i_IBUF_BUFG | u_soc/u_rx_top/u_huffman_block_decoder/fallback_len[62][4]_i_1_n_0                         | u_uart_dmem_loader/rst_i_BUFG                                         |               17 |             44 |         2.59 |
|  clk_i_IBUF_BUFG | u_soc/u_rx_top/u_huffman_block_decoder/fallback_len[36][4]_i_1_n_0                         | u_uart_dmem_loader/rst_i_BUFG                                         |               18 |             44 |         2.44 |
|  clk_i_IBUF_BUFG | u_soc/u_rx_top/u_huffman_block_decoder/fallback_len[50][4]_i_1_n_0                         | u_uart_dmem_loader/rst_i_BUFG                                         |               17 |             44 |         2.59 |
|  clk_i_IBUF_BUFG | u_soc/u_rx_top/u_huffman_block_decoder/fallback_len[41][4]_i_1_n_0                         | u_uart_dmem_loader/rst_i_BUFG                                         |               17 |             44 |         2.59 |
|  clk_i_IBUF_BUFG | u_soc/u_rx_top/u_huffman_block_decoder/fallback_len[45][4]_i_1_n_0                         | u_uart_dmem_loader/rst_i_BUFG                                         |               17 |             44 |         2.59 |
|  clk_i_IBUF_BUFG | u_soc/u_rx_top/u_huffman_block_decoder/fallback_len[46][4]_i_1_n_0                         | u_uart_dmem_loader/rst_i_BUFG                                         |               18 |             44 |         2.44 |
|  clk_i_IBUF_BUFG | u_soc/u_rx_top/u_huffman_block_decoder/fallback_len[44][4]_i_1_n_0                         | u_uart_dmem_loader/rst_i_BUFG                                         |               17 |             44 |         2.59 |
|  clk_i_IBUF_BUFG | u_soc/u_rx_top/u_huffman_block_decoder/fallback_len[88][4]_i_1_n_0                         | u_uart_dmem_loader/rst_i_BUFG                                         |               17 |             44 |         2.59 |
|  clk_i_IBUF_BUFG | u_soc/u_rx_top/u_huffman_block_decoder/fallback_len[47][4]_i_1_n_0                         | u_uart_dmem_loader/rst_i_BUFG                                         |               18 |             44 |         2.44 |
|  clk_i_IBUF_BUFG | u_soc/u_rx_top/u_huffman_block_decoder/fallback_len[64][4]_i_1_n_0                         | u_uart_dmem_loader/rst_i_BUFG                                         |               20 |             44 |         2.20 |
|  clk_i_IBUF_BUFG | u_soc/u_rx_top/u_huffman_block_decoder/fallback_len[48][4]_i_1_n_0                         | u_uart_dmem_loader/rst_i_BUFG                                         |               17 |             44 |         2.59 |
|  clk_i_IBUF_BUFG | u_soc/u_rx_top/u_huffman_block_decoder/fallback_len[68][4]_i_1_n_0                         | u_uart_dmem_loader/rst_i_BUFG                                         |               16 |             44 |         2.75 |
|  clk_i_IBUF_BUFG | u_soc/u_rx_top/u_huffman_block_decoder/fallback_len[72][4]_i_1_n_0                         | u_uart_dmem_loader/rst_i_BUFG                                         |               20 |             44 |         2.20 |
|  clk_i_IBUF_BUFG | u_soc/u_rx_top/u_huffman_block_decoder/fallback_len[75][4]_i_1_n_0                         | u_uart_dmem_loader/rst_i_BUFG                                         |               18 |             44 |         2.44 |
|  clk_i_IBUF_BUFG | u_soc/u_rx_top/u_huffman_block_decoder/fallback_len[78][4]_i_1_n_0                         | u_uart_dmem_loader/rst_i_BUFG                                         |               17 |             44 |         2.59 |
|  clk_i_IBUF_BUFG | u_soc/u_rx_top/u_huffman_block_decoder/fallback_len[82][4]_i_1_n_0                         | u_uart_dmem_loader/rst_i_BUFG                                         |               22 |             44 |         2.00 |
|  clk_i_IBUF_BUFG | u_soc/u_rx_top/u_huffman_block_decoder/fallback_len[7][4]_i_1_n_0                          | u_uart_dmem_loader/rst_i_BUFG                                         |               15 |             44 |         2.93 |
|  clk_i_IBUF_BUFG | u_soc/u_rx_top/u_huffman_block_decoder/fallback_len[87][4]_i_1_n_0                         | u_uart_dmem_loader/rst_i_BUFG                                         |               20 |             44 |         2.20 |
|  clk_i_IBUF_BUFG | u_soc/u_rx_top/u_huffman_block_decoder/fallback_len[89][4]_i_1_n_0                         | u_uart_dmem_loader/rst_i_BUFG                                         |               18 |             44 |         2.44 |
|  clk_i_IBUF_BUFG | u_soc/u_rx_top/u_huffman_block_decoder/fallback_len[79][4]_i_1_n_0                         | u_uart_dmem_loader/rst_i_BUFG                                         |               20 |             44 |         2.20 |
|  clk_i_IBUF_BUFG | u_soc/u_rx_top/u_huffman_block_decoder/fallback_len[8][4]_i_1_n_0                          | u_uart_dmem_loader/rst_i_BUFG                                         |               16 |             44 |         2.75 |
|  clk_i_IBUF_BUFG | u_soc/u_rx_top/u_huffman_block_decoder/fallback_len[66][4]_i_1_n_0                         | u_uart_dmem_loader/rst_i_BUFG                                         |               19 |             44 |         2.32 |
|  clk_i_IBUF_BUFG | u_soc/u_rx_top/u_huffman_block_decoder/fallback_len[69][4]_i_1_n_0                         | u_uart_dmem_loader/rst_i_BUFG                                         |               19 |             44 |         2.32 |
|  clk_i_IBUF_BUFG | u_soc/u_rx_top/u_huffman_block_decoder/fallback_len[83][4]_i_1_n_0                         | u_uart_dmem_loader/rst_i_BUFG                                         |               19 |             44 |         2.32 |
|  clk_i_IBUF_BUFG | u_soc/u_rx_top/u_huffman_block_decoder/fallback_len[6][4]_i_1_n_0                          | u_uart_dmem_loader/rst_i_BUFG                                         |               15 |             44 |         2.93 |
|  clk_i_IBUF_BUFG | u_soc/u_rx_top/u_huffman_block_decoder/fallback_len[73][4]_i_1_n_0                         | u_uart_dmem_loader/rst_i_BUFG                                         |               22 |             44 |         2.00 |
|  clk_i_IBUF_BUFG | u_soc/u_rx_top/u_huffman_block_decoder/fallback_len[76][4]_i_1_n_0                         | u_uart_dmem_loader/rst_i_BUFG                                         |               17 |             44 |         2.59 |
|  clk_i_IBUF_BUFG | u_soc/u_rx_top/u_huffman_block_decoder/fallback_len[4][4]_i_1_n_0                          | u_uart_dmem_loader/rst_i_BUFG                                         |               16 |             44 |         2.75 |
|  clk_i_IBUF_BUFG | u_soc/u_rx_top/u_huffman_block_decoder/fallback_len[9][4]_i_1_n_0                          | u_uart_dmem_loader/rst_i_BUFG                                         |               14 |             44 |         3.14 |
|  clk_i_IBUF_BUFG | u_soc/u_rx_top/u_huffman_block_decoder/fallback_len[96][4]_i_1_n_0                         | u_uart_dmem_loader/rst_i_BUFG                                         |               21 |             44 |         2.10 |
|  clk_i_IBUF_BUFG | u_soc/u_rx_top/u_huffman_block_decoder/fallback_len[97][4]_i_1_n_0                         | u_uart_dmem_loader/rst_i_BUFG                                         |               18 |             44 |         2.44 |
|  clk_i_IBUF_BUFG | u_soc/u_rx_top/u_huffman_block_decoder/fallback_len[80][4]_i_1_n_0                         | u_uart_dmem_loader/rst_i_BUFG                                         |               19 |             44 |         2.32 |
|  clk_i_IBUF_BUFG | u_soc/u_rx_top/u_huffman_block_decoder/fallback_len[63][4]_i_1_n_0                         | u_uart_dmem_loader/rst_i_BUFG                                         |               16 |             44 |         2.75 |
|  clk_i_IBUF_BUFG | u_soc/u_rx_top/u_huffman_block_decoder/fallback_len[95][4]_i_1_n_0                         | u_uart_dmem_loader/rst_i_BUFG                                         |               20 |             44 |         2.20 |
|  clk_i_IBUF_BUFG | u_soc/u_rx_top/u_huffman_block_decoder/fallback_len[92][4]_i_1_n_0                         | u_uart_dmem_loader/rst_i_BUFG                                         |               18 |             44 |         2.44 |
|  clk_i_IBUF_BUFG | u_soc/u_rx_top/u_huffman_block_decoder/fallback_len[99][4]_i_1_n_0                         | u_uart_dmem_loader/rst_i_BUFG                                         |               17 |             44 |         2.59 |
|  clk_i_IBUF_BUFG | u_soc/u_rx_top/u_huffman_block_decoder/fallback_len[91][4]_i_1_n_0                         | u_uart_dmem_loader/rst_i_BUFG                                         |               20 |             44 |         2.20 |
|  clk_i_IBUF_BUFG | u_soc/u_rx_top/u_huffman_block_decoder/fallback_len[98][4]_i_1_n_0                         | u_uart_dmem_loader/rst_i_BUFG                                         |               16 |             44 |         2.75 |
|  clk_i_IBUF_BUFG | u_soc/u_rx_top/u_huffman_block_decoder/fallback_len[93][4]_i_1_n_0                         | u_uart_dmem_loader/rst_i_BUFG                                         |               20 |             44 |         2.20 |
|  clk_i_IBUF_BUFG | u_soc/u_rx_top/u_huffman_block_decoder/fallback_len[94][4]_i_1_n_0                         | u_uart_dmem_loader/rst_i_BUFG                                         |               19 |             44 |         2.32 |
|  clk_i_IBUF_BUFG | u_soc/u_rx_top/u_huffman_block_decoder/fallback_len[218][4]_i_1_n_0                        | u_uart_dmem_loader/rst_i_BUFG                                         |               21 |             44 |         2.10 |
|  clk_i_IBUF_BUFG | u_soc/u_rx_top/u_huffman_block_decoder/fallback_len[213][4]_i_1_n_0                        | u_uart_dmem_loader/rst_i_BUFG                                         |               18 |             44 |         2.44 |
|  clk_i_IBUF_BUFG | u_soc/u_rx_top/u_huffman_block_decoder/fallback_len[223][4]_i_1_n_0                        | u_uart_dmem_loader/rst_i_BUFG                                         |               22 |             44 |         2.00 |
|  clk_i_IBUF_BUFG | u_soc/u_rx_top/u_huffman_block_decoder/fallback_len[214][4]_i_1_n_0                        | u_uart_dmem_loader/rst_i_BUFG                                         |               21 |             44 |         2.10 |
|  clk_i_IBUF_BUFG | u_soc/u_rx_top/u_huffman_block_decoder/fallback_len[225][4]_i_1_n_0                        | u_uart_dmem_loader/rst_i_BUFG                                         |               17 |             44 |         2.59 |
|  clk_i_IBUF_BUFG | u_soc/u_rx_top/u_huffman_block_decoder/fallback_len[215][4]_i_1_n_0                        | u_uart_dmem_loader/rst_i_BUFG                                         |               20 |             44 |         2.20 |
|  clk_i_IBUF_BUFG | u_soc/u_rx_top/u_huffman_block_decoder/fallback_len[207][4]_i_1_n_0                        | u_uart_dmem_loader/rst_i_BUFG                                         |               19 |             44 |         2.32 |
|  clk_i_IBUF_BUFG | u_soc/u_rx_top/u_huffman_block_decoder/fallback_len[194][4]_i_1_n_0                        | u_uart_dmem_loader/rst_i_BUFG                                         |               18 |             44 |         2.44 |
|  clk_i_IBUF_BUFG | u_soc/u_rx_top/u_huffman_block_decoder/fallback_len[205][4]_i_1_n_0                        | u_uart_dmem_loader/rst_i_BUFG                                         |               19 |             44 |         2.32 |
|  clk_i_IBUF_BUFG | u_soc/u_rx_top/u_huffman_block_decoder/fallback_len[204][4]_i_1_n_0                        | u_uart_dmem_loader/rst_i_BUFG                                         |               18 |             44 |         2.44 |
|  clk_i_IBUF_BUFG | u_soc/u_rx_top/u_huffman_block_decoder/fallback_len[202][4]_i_1_n_0                        | u_uart_dmem_loader/rst_i_BUFG                                         |               19 |             44 |         2.32 |
|  clk_i_IBUF_BUFG | u_soc/u_rx_top/u_huffman_block_decoder/fallback_len[195][4]_i_1_n_0                        | u_uart_dmem_loader/rst_i_BUFG                                         |               17 |             44 |         2.59 |
|  clk_i_IBUF_BUFG | u_soc/u_rx_top/u_huffman_block_decoder/fallback_len[197][4]_i_1_n_0                        | u_uart_dmem_loader/rst_i_BUFG                                         |               18 |             44 |         2.44 |
|  clk_i_IBUF_BUFG | u_soc/u_rx_top/u_huffman_block_decoder/fallback_len[208][4]_i_1_n_0                        | u_uart_dmem_loader/rst_i_BUFG                                         |               18 |             44 |         2.44 |
|  clk_i_IBUF_BUFG | u_soc/u_rx_top/u_huffman_block_decoder/fallback_len[198][4]_i_1_n_0                        | u_uart_dmem_loader/rst_i_BUFG                                         |               19 |             44 |         2.32 |
|  clk_i_IBUF_BUFG | u_soc/u_rx_top/u_huffman_block_decoder/fallback_len[190][4]_i_1_n_0                        | u_uart_dmem_loader/rst_i_BUFG                                         |               17 |             44 |         2.59 |
|  clk_i_IBUF_BUFG | u_soc/u_rx_top/u_huffman_block_decoder/fallback_len[20][4]_i_1_n_0                         | u_uart_dmem_loader/rst_i_BUFG                                         |               20 |             44 |         2.20 |
|  clk_i_IBUF_BUFG | u_soc/u_rx_top/u_huffman_block_decoder/fallback_len[203][4]_i_1_n_0                        | u_uart_dmem_loader/rst_i_BUFG                                         |               17 |             44 |         2.59 |
|  clk_i_IBUF_BUFG | u_soc/u_rx_top/u_huffman_block_decoder/fallback_len[1][4]_i_1_n_0                          | u_uart_dmem_loader/rst_i_BUFG                                         |               15 |             44 |         2.93 |
|  clk_i_IBUF_BUFG | u_soc/u_rx_top/u_huffman_block_decoder/fallback_len[187][4]_i_1_n_0                        | u_uart_dmem_loader/rst_i_BUFG                                         |               19 |             44 |         2.32 |
|  clk_i_IBUF_BUFG | u_soc/u_rx_top/u_huffman_block_decoder/fallback_len[192][4]_i_1_n_0                        | u_uart_dmem_loader/rst_i_BUFG                                         |               17 |             44 |         2.59 |
|  clk_i_IBUF_BUFG | u_soc/u_rx_top/u_huffman_block_decoder/fallback_len[200][4]_i_1_n_0                        | u_uart_dmem_loader/rst_i_BUFG                                         |               21 |             44 |         2.10 |
|  clk_i_IBUF_BUFG | u_soc/u_rx_top/u_huffman_block_decoder/fallback_len[19][4]_i_1_n_0                         | u_uart_dmem_loader/rst_i_BUFG                                         |               18 |             44 |         2.44 |
|  clk_i_IBUF_BUFG | u_soc/u_rx_top/u_huffman_block_decoder/fallback_len[189][4]_i_1_n_0                        | u_uart_dmem_loader/rst_i_BUFG                                         |               17 |             44 |         2.59 |
|  clk_i_IBUF_BUFG | u_soc/u_rx_top/u_huffman_block_decoder/fallback_len[199][4]_i_1_n_0                        | u_uart_dmem_loader/rst_i_BUFG                                         |               18 |             44 |         2.44 |
|  clk_i_IBUF_BUFG | u_soc/u_rx_top/u_huffman_block_decoder/fallback_len[196][4]_i_1_n_0                        | u_uart_dmem_loader/rst_i_BUFG                                         |               19 |             44 |         2.32 |
|  clk_i_IBUF_BUFG | u_soc/u_rx_top/u_huffman_block_decoder/fallback_len[70][4]_i_1_n_0                         | u_uart_dmem_loader/rst_i_BUFG                                         |               19 |             44 |         2.32 |
|  clk_i_IBUF_BUFG | u_soc/u_dma_rx_engine/dst_ptr_r[14]_i_1_n_0                                                | u_soc/u_dma_regfile/soft_reset_pulse_o_reg_0                          |                9 |             46 |         5.11 |
|  clk_i_IBUF_BUFG | u_soc/u_rx_top/u_huffman_block_decoder/sort_idx_r[8]_i_1_n_0                               | u_uart_dmem_loader/rst_i_BUFG                                         |               20 |             46 |         2.30 |
|  clk_i_IBUF_BUFG | u_soc/u_rx_top/u_huffman_block_decoder/u_main_decode_table/FSM_onehot_state_r_reg[12]      | u_soc/u_rx_top/u_huffman_block_decoder/FSM_onehot_state_r[17]_i_1_n_0 |               17 |             54 |         3.18 |
|  clk_i_IBUF_BUFG | u_soc/u_cpu/u_if_stage/resp_pc_r                                                           | u_uart_dmem_loader/rst_i_BUFG                                         |               18 |             64 |         3.56 |
|  clk_i_IBUF_BUFG | u_uart_dmem_loader/u_uart_rx/data_valid_o_reg_0[0]                                         | u_uart_dmem_loader/u_uart_rx/SR[0]                                    |               17 |             66 |         3.88 |
|  clk_i_IBUF_BUFG | u_uart_dmem_loader/u_uart_rx/E[0]                                                          | u_uart_dmem_loader/u_uart_rx/SR[0]                                    |               18 |             67 |         3.72 |
|  clk_i_IBUF_BUFG | u_soc/u_cpu/u_ex_stage/load_pending_r_reg_1[0]                                             | u_uart_dmem_loader/rst_i_BUFG                                         |               17 |             67 |         3.94 |
|  clk_i_IBUF_BUFG | u_soc/u_cpu/u_ex_stage/FSM_sequential_state_r_reg[0]                                       | u_uart_dmem_loader/rst_i_BUFG                                         |               19 |             69 |         3.63 |
|  clk_i_IBUF_BUFG | u_soc/u_rx_top/u_huffman_block_decoder/u_main_decode_table/FSM_onehot_state_r_reg[6]       | u_uart_dmem_loader/rst_i_BUFG                                         |               18 |             73 |         4.06 |
|  clk_i_IBUF_BUFG | u_soc/u_cpu/u_ex_stage/exmem_mem_we_o_reg_0[0]                                             | u_uart_dmem_loader/rst_i_BUFG                                         |               26 |             77 |         2.96 |
|  clk_i_IBUF_BUFG | u_soc/u_cpu/u_mem_stage/load_pending_r_reg_4[0]                                            | u_soc/u_cpu/u_id_stage/SR[0]                                          |               20 |             78 |         3.90 |
|  clk_i_IBUF_BUFG | u_soc/u_rx_top/u_huffman_block_decoder/table_build_idx_r[8]_i_1_n_0                        | u_uart_dmem_loader/rst_i_BUFG                                         |               20 |             81 |         4.05 |
|  clk_i_IBUF_BUFG | u_soc/u_cpu/u_mem_stage/load_pending_r_reg_4[0]                                            | u_soc/u_cpu/u_id_stage/load_pending_r_reg                             |               31 |            118 |         3.81 |
|  clk_i_IBUF_BUFG |                                                                                            | u_uart_dmem_loader/u_uart_rx/SR[0]                                    |               42 |            121 |         2.88 |
|  clk_i_IBUF_BUFG | u_soc/u_rx_top/u_huffman_block_parser/E[0]                                                 | u_uart_dmem_loader/rst_i_BUFG                                         |               48 |            128 |         2.67 |
|  clk_i_IBUF_BUFG | u_soc/u_rx_top/u_AES_top_rx/u_aes128_cipher_core_inv/aes_output_capture_w                  | u_uart_dmem_loader/rst_i_BUFG                                         |               48 |            128 |         2.67 |
|  clk_i_IBUF_BUFG | u_soc/u_rx_top/u_AES_top_rx/u_aes128_cipher_core_inv/aes_output_capture_w                  | u_soc/u_rx_top/u_rx_byte_packer_32/SR[0]                              |               44 |            128 |         2.91 |
|  clk_i_IBUF_BUFG |                                                                                            | u_soc/u_rx_top/u_huffman_block_parser/entry_code_len_r                |               96 |            166 |         1.73 |
|  clk_i_IBUF_BUFG |                                                                                            | u_uart_dmem_loader/rst_i_BUFG                                         |              106 |            194 |         1.83 |
|  clk_i_IBUF_BUFG | u_soc/u_rx_top/u_aes_input_wrapper_rx/E[0]                                                 |                                                                       |              118 |            256 |         2.17 |
|  clk_i_IBUF_BUFG | u_soc/u_rx_top/u_huffman_block_parser/aes_block_accept_w                                   | u_uart_dmem_loader/rst_i_BUFG                                         |              113 |            256 |         2.27 |
+------------------+--------------------------------------------------------------------------------------------+-----------------------------------------------------------------------+------------------+----------------+--------------+


