Copyright 1986-2022 Xilinx, Inc. All Rights Reserved. Copyright 2022-2024 Advanced Micro Devices, Inc. All Rights Reserved.
---------------------------------------------------------------------------------------------------------------------------------------------------------------------------------------------------------------------------------------------------------------
| Tool Version : Vivado v.2024.2 (win64) Build 5239630 Fri Nov 08 22:35:27 MST 2024
| Date         : Thu May 14 19:20:04 2026
| Host         : An running 64-bit major release  (build 9200)
| Command      : report_timing_summary -max_paths 10 -report_unconstrained -file rv32_soc_fpga_demo_top_timing_summary_routed.rpt -pb rv32_soc_fpga_demo_top_timing_summary_routed.pb -rpx rv32_soc_fpga_demo_top_timing_summary_routed.rpx -warn_on_violation
| Design       : rv32_soc_fpga_demo_top
| Device       : 7z020-clg484
| Speed File   : -1  PRODUCTION 1.12 2019-11-22
| Design State : Routed
---------------------------------------------------------------------------------------------------------------------------------------------------------------------------------------------------------------------------------------------------------------

Timing Summary Report

------------------------------------------------------------------------------------------------
| Timer Settings
| --------------
------------------------------------------------------------------------------------------------

  Enable Multi Corner Analysis               :  Yes
  Enable Pessimism Removal                   :  Yes
  Pessimism Removal Resolution               :  Nearest Common Node
  Enable Input Delay Default Clock           :  No
  Enable Preset / Clear Arcs                 :  No
  Disable Flight Delays                      :  No
  Ignore I/O Paths                           :  No
  Timing Early Launch at Borrowing Latches   :  No
  Borrow Time for Max Delay Exceptions       :  Yes
  Merge Timing Exceptions                    :  Yes
  Inter-SLR Compensation                     :  Conservative

  Corner  Analyze    Analyze    
  Name    Max Paths  Min Paths  
  ------  ---------  ---------  
  Slow    Yes        Yes        
  Fast    Yes        Yes        


------------------------------------------------------------------------------------------------
| Report Methodology
| ------------------
------------------------------------------------------------------------------------------------

Rule       Severity  Description                                 Violations  
---------  --------  ------------------------------------------  ----------  
SYNTH-6    Warning   Timing of a RAM block might be sub-optimal  11          
SYNTH-15   Warning   Byte wide write enable not inferred         8           
TIMING-18  Warning   Missing input or output delay               6           

Note: This report is based on the most recent report_methodology run and may not be up-to-date. Run report_methodology on the current design for the latest report.



check_timing report

Table of Contents
-----------------
1. checking no_clock (0)
2. checking constant_clock (0)
3. checking pulse_width_clock (0)
4. checking unconstrained_internal_endpoints (0)
5. checking no_input_delay (1)
6. checking no_output_delay (5)
7. checking multiple_clock (0)
8. checking generated_clocks (0)
9. checking loops (0)
10. checking partial_input_delay (0)
11. checking partial_output_delay (0)
12. checking latch_loops (0)

1. checking no_clock (0)
------------------------
 There are 0 register/latch pins with no clock.


2. checking constant_clock (0)
------------------------------
 There are 0 register/latch pins with constant_clock.


3. checking pulse_width_clock (0)
---------------------------------
 There are 0 register/latch pins which need pulse_width check


4. checking unconstrained_internal_endpoints (0)
------------------------------------------------
 There are 0 pins that are not constrained for maximum delay.

 There are 0 pins that are not constrained for maximum delay due to constant clock.


5. checking no_input_delay (1)
------------------------------
 There is 1 input port with no input delay specified. (HIGH)

 There are 0 input ports with no input delay but user has a false path constraint.


6. checking no_output_delay (5)
-------------------------------
 There are 5 ports with no output delay specified. (HIGH)

 There are 0 ports with no output delay but user has a false path constraint

 There are 0 ports with no output delay but with a timing clock defined on it or propagating through it


7. checking multiple_clock (0)
------------------------------
 There are 0 register/latch pins with multiple clocks.


8. checking generated_clocks (0)
--------------------------------
 There are 0 generated clocks that are not connected to a clock source.


9. checking loops (0)
---------------------
 There are 0 combinational loops in the design.


10. checking partial_input_delay (0)
------------------------------------
 There are 0 input ports with partial input delay specified.


11. checking partial_output_delay (0)
-------------------------------------
 There are 0 ports with partial output delay specified.


12. checking latch_loops (0)
----------------------------
 There are 0 combinational latch loops in the design through latch input



------------------------------------------------------------------------------------------------
| Design Timing Summary
| ---------------------
------------------------------------------------------------------------------------------------

    WNS(ns)      TNS(ns)  TNS Failing Endpoints  TNS Total Endpoints      WHS(ns)      THS(ns)  THS Failing Endpoints  THS Total Endpoints     WPWS(ns)     TPWS(ns)  TPWS Failing Endpoints  TPWS Total Endpoints  
    -------      -------  ---------------------  -------------------      -------      -------  ---------------------  -------------------     --------     --------  ----------------------  --------------------  
      0.326        0.000                      0                82551        0.056        0.000                      0                82551        9.500        0.000                       0                 27700  


All user specified timing constraints are met.


------------------------------------------------------------------------------------------------
| Clock Summary
| -------------
------------------------------------------------------------------------------------------------

Clock  Waveform(ns)       Period(ns)      Frequency(MHz)
-----  ------------       ----------      --------------
clk_i  {0.000 10.000}     20.000          50.000          


------------------------------------------------------------------------------------------------
| Intra Clock Table
| -----------------
------------------------------------------------------------------------------------------------

Clock             WNS(ns)      TNS(ns)  TNS Failing Endpoints  TNS Total Endpoints      WHS(ns)      THS(ns)  THS Failing Endpoints  THS Total Endpoints     WPWS(ns)     TPWS(ns)  TPWS Failing Endpoints  TPWS Total Endpoints  
-----             -------      -------  ---------------------  -------------------      -------      -------  ---------------------  -------------------     --------     --------  ----------------------  --------------------  
clk_i               0.326        0.000                      0                81535        0.056        0.000                      0                81535        9.500        0.000                       0                 27700  


------------------------------------------------------------------------------------------------
| Inter Clock Table
| -----------------
------------------------------------------------------------------------------------------------

From Clock    To Clock          WNS(ns)      TNS(ns)  TNS Failing Endpoints  TNS Total Endpoints      WHS(ns)      THS(ns)  THS Failing Endpoints  THS Total Endpoints  
----------    --------          -------      -------  ---------------------  -------------------      -------      -------  ---------------------  -------------------  


------------------------------------------------------------------------------------------------
| Other Path Groups Table
| -----------------------
------------------------------------------------------------------------------------------------

Path Group         From Clock         To Clock               WNS(ns)      TNS(ns)  TNS Failing Endpoints  TNS Total Endpoints      WHS(ns)      THS(ns)  THS Failing Endpoints  THS Total Endpoints  
----------         ----------         --------               -------      -------  ---------------------  -------------------      -------      -------  ---------------------  -------------------  
**async_default**  clk_i              clk_i                    8.854        0.000                      0                 1016        1.929        0.000                      0                 1016  


------------------------------------------------------------------------------------------------
| User Ignored Path Table
| -----------------------
------------------------------------------------------------------------------------------------

Path Group    From Clock    To Clock    
----------    ----------    --------    


------------------------------------------------------------------------------------------------
| Unconstrained Path Table
| ------------------------
------------------------------------------------------------------------------------------------

Path Group    From Clock    To Clock    
----------    ----------    --------    
(none)        clk_i                       
(none)                      clk_i         


------------------------------------------------------------------------------------------------
| Timing Details
| --------------
------------------------------------------------------------------------------------------------


---------------------------------------------------------------------------------------------------
From Clock:  clk_i
  To Clock:  clk_i

Setup :            0  Failing Endpoints,  Worst Slack        0.326ns,  Total Violation        0.000ns
Hold  :            0  Failing Endpoints,  Worst Slack        0.056ns,  Total Violation        0.000ns
PW    :            0  Failing Endpoints,  Worst Slack        9.500ns,  Total Violation        0.000ns
---------------------------------------------------------------------------------------------------


Max Delay Paths
--------------------------------------------------------------------------------------
Slack (MET) :             0.326ns  (required time - arrival time)
  Source:                 u_soc/u_rx_top/u_huffman_block_parser/bit_count_r_reg[1]/C
                            (rising edge-triggered cell FDRE clocked by clk_i  {rise@0.000ns fall@10.000ns period=20.000ns})
  Destination:            u_soc/u_rx_top/u_huffman_block_parser/bit_buffer_r_reg[18]/D
                            (rising edge-triggered cell FDRE clocked by clk_i  {rise@0.000ns fall@10.000ns period=20.000ns})
  Path Group:             clk_i
  Path Type:              Setup (Max at Slow Process Corner)
  Requirement:            20.000ns  (clk_i rise@20.000ns - clk_i rise@0.000ns)
  Data Path Delay:        19.511ns  (logic 6.438ns (32.996%)  route 13.073ns (67.003%))
  Logic Levels:           24  (CARRY4=6 LUT2=1 LUT3=2 LUT4=5 LUT5=3 LUT6=7)
  Clock Path Skew:        -0.060ns (DCD - SCD + CPR)
    Destination Clock Delay (DCD):    5.025ns = ( 25.025 - 20.000 ) 
    Source Clock Delay      (SCD):    5.479ns
    Clock Pessimism Removal (CPR):    0.394ns
  Clock Uncertainty:      0.035ns  ((TSJ^2 + TIJ^2)^1/2 + DJ) / 2 + PE
    Total System Jitter     (TSJ):    0.071ns
    Total Input Jitter      (TIJ):    0.000ns
    Discrete Jitter          (DJ):    0.000ns
    Phase Error              (PE):    0.000ns

    Location             Delay type                Incr(ns)  Path(ns)    Netlist Resource(s)
  -------------------------------------------------------------------    -------------------
                         (clock clk_i rise edge)      0.000     0.000 r  
    Y9                                                0.000     0.000 r  clk_i (IN)
                         net (fo=0)                   0.000     0.000    clk_i
    Y9                   IBUF (Prop_ibuf_I_O)         1.490     1.490 r  clk_i_IBUF_inst/O
                         net (fo=1, routed)           2.171     3.661    clk_i_IBUF
    BUFGCTRL_X0Y0        BUFG (Prop_bufg_I_O)         0.101     3.762 r  clk_i_IBUF_BUFG_inst/O
                         net (fo=27699, routed)       1.717     5.479    u_soc/u_rx_top/u_huffman_block_parser/clk_i
    SLICE_X67Y30         FDRE                                         r  u_soc/u_rx_top/u_huffman_block_parser/bit_count_r_reg[1]/C
  -------------------------------------------------------------------    -------------------
    SLICE_X67Y30         FDRE (Prop_fdre_C_Q)         0.456     5.935 r  u_soc/u_rx_top/u_huffman_block_parser/bit_count_r_reg[1]/Q
                         net (fo=8, routed)           0.834     6.769    u_soc/u_rx_top/u_huffman_block_parser/Q[1]
    SLICE_X67Y29         LUT4 (Prop_lut4_I1_O)        0.124     6.893 r  u_soc/u_rx_top/u_huffman_block_parser/FSM_onehot_state_r[11]_i_26/O
                         net (fo=1, routed)           0.000     6.893    u_soc/u_rx_top/u_huffman_block_parser/FSM_onehot_state_r[11]_i_26_n_0
    SLICE_X67Y29         CARRY4 (Prop_carry4_S[0]_CO[3])
                                                      0.532     7.425 r  u_soc/u_rx_top/u_huffman_block_parser/FSM_onehot_state_r_reg[11]_i_15/CO[3]
                         net (fo=1, routed)           0.000     7.425    u_soc/u_rx_top/u_huffman_block_parser/FSM_onehot_state_r_reg[11]_i_15_n_0
    SLICE_X67Y30         CARRY4 (Prop_carry4_CI_CO[0])
                                                      0.271     7.696 r  u_soc/u_rx_top/u_huffman_block_parser/FSM_onehot_state_r_reg[11]_i_13/CO[0]
                         net (fo=14, routed)          0.823     8.519    u_soc/u_rx_top/u_huffman_block_parser/FSM_onehot_state_r_reg[11]_i_13_n_3
    SLICE_X69Y30         LUT5 (Prop_lut5_I4_O)        0.373     8.892 r  u_soc/u_rx_top/u_huffman_block_parser/entry_symbol_r[2]_i_21/O
                         net (fo=3, routed)           0.442     9.334    u_soc/u_rx_top/u_huffman_block_parser/entry_symbol_r[2]_i_21_n_0
    SLICE_X68Y29         LUT6 (Prop_lut6_I0_O)        0.124     9.458 r  u_soc/u_rx_top/u_huffman_block_parser/entry_symbol_r[2]_i_15/O
                         net (fo=4, routed)           0.858    10.316    u_soc/u_rx_top/u_huffman_block_parser/entry_symbol_r[2]_i_15_n_0
    SLICE_X68Y29         LUT4 (Prop_lut4_I0_O)        0.124    10.440 r  u_soc/u_rx_top/u_huffman_block_parser/FSM_onehot_state_r[11]_i_18/O
                         net (fo=5, routed)           0.509    10.949    u_soc/u_rx_top/u_huffman_block_parser/FSM_onehot_state_r[11]_i_18_n_0
    SLICE_X69Y29         LUT5 (Prop_lut5_I0_O)        0.124    11.073 r  u_soc/u_rx_top/u_huffman_block_parser/FSM_onehot_state_r[11]_i_14/O
                         net (fo=5, routed)           0.173    11.246    u_soc/u_rx_top/u_huffman_block_parser/FSM_onehot_state_r[11]_i_14_n_0
    SLICE_X69Y29         LUT6 (Prop_lut6_I5_O)        0.124    11.370 f  u_soc/u_rx_top/u_huffman_block_parser/FSM_onehot_state_r[11]_i_8/O
                         net (fo=22, routed)          0.312    11.681    u_soc/u_rx_top/u_huffman_block_parser/parser_payload_window_len_w[0]
    SLICE_X69Y30         LUT6 (Prop_lut6_I5_O)        0.124    11.805 r  u_soc/u_rx_top/u_huffman_block_parser/entry_symbol_r[2]_i_33/O
                         net (fo=1, routed)           0.336    12.141    u_soc/u_rx_top/u_huffman_block_parser/entry_symbol_r[2]_i_33_n_0
    SLICE_X68Y31         CARRY4 (Prop_carry4_DI[0]_CO[2])
                                                      0.540    12.681 f  u_soc/u_rx_top/u_huffman_block_parser/entry_symbol_r_reg[2]_i_29/CO[2]
                         net (fo=1, routed)           0.408    13.089    u_soc/u_rx_top/u_huffman_block_decoder/entry_symbol_r[2]_i_10[0]
    SLICE_X69Y31         LUT6 (Prop_lut6_I0_O)        0.313    13.402 f  u_soc/u_rx_top/u_huffman_block_decoder/entry_symbol_r[2]_i_16/O
                         net (fo=2, routed)           0.453    13.855    u_soc/u_rx_top/u_huffman_block_parser/entry_symbol_r_reg[2]_1
    SLICE_X71Y28         LUT5 (Prop_lut5_I4_O)        0.124    13.979 r  u_soc/u_rx_top/u_huffman_block_parser/entry_symbol_r[2]_i_5/O
                         net (fo=164, routed)         0.836    14.815    u_soc/u_rx_top/u_huffman_block_parser/p_1_in__1[6]
    SLICE_X69Y26         LUT3 (Prop_lut3_I1_O)        0.124    14.939 r  u_soc/u_rx_top/u_huffman_block_parser/entry_symbol_r[4]_i_14/O
                         net (fo=1, routed)           0.000    14.939    u_soc/u_rx_top/u_huffman_block_parser/entry_symbol_r[4]_i_14_n_0
    SLICE_X69Y26         CARRY4 (Prop_carry4_S[0]_CO[3])
                                                      0.532    15.471 r  u_soc/u_rx_top/u_huffman_block_parser/entry_symbol_r_reg[4]_i_3/CO[3]
                         net (fo=1, routed)           0.000    15.471    u_soc/u_rx_top/u_huffman_block_parser/entry_symbol_r_reg[4]_i_3_n_0
    SLICE_X69Y27         CARRY4 (Prop_carry4_CI_CO[3])
                                                      0.114    15.585 r  u_soc/u_rx_top/u_huffman_block_parser/entry_symbol_r_reg[4]_i_2/CO[3]
                         net (fo=1, routed)           0.000    15.585    u_soc/u_rx_top/u_huffman_block_parser/entry_symbol_r_reg[4]_i_2_n_0
    SLICE_X69Y28         CARRY4 (Prop_carry4_CI_O[0])
                                                      0.222    15.807 f  u_soc/u_rx_top/u_huffman_block_parser/bit_count_r_reg[8]_i_10/O[0]
                         net (fo=35, routed)          0.919    16.726    u_soc/u_rx_top/u_huffman_block_parser/bit_count_r_reg[8]_i_10_n_7
    SLICE_X68Y24         LUT2 (Prop_lut2_I1_O)        0.328    17.054 f  u_soc/u_rx_top/u_huffman_block_parser/entry_symbol_r[4]_i_15/O
                         net (fo=35, routed)          0.981    18.035    u_soc/u_rx_top/u_huffman_block_parser/bit_count_r_reg[7]_0
    SLICE_X68Y18         LUT6 (Prop_lut6_I3_O)        0.327    18.362 r  u_soc/u_rx_top/u_huffman_block_parser/bit_buffer_r[108]_i_9/O
                         net (fo=2, routed)           0.951    19.313    u_soc/u_rx_top/u_huffman_block_parser/bit_buffer_r[108]_i_9_n_0
    SLICE_X71Y17         LUT3 (Prop_lut3_I0_O)        0.152    19.465 r  u_soc/u_rx_top/u_huffman_block_parser/bit_buffer_r[88]_i_9/O
                         net (fo=4, routed)           0.770    20.235    u_soc/u_rx_top/u_huffman_block_parser/bit_buffer_r[88]_i_9_n_0
    SLICE_X74Y19         LUT6 (Prop_lut6_I3_O)        0.326    20.561 f  u_soc/u_rx_top/u_huffman_block_parser/bit_buffer_r[88]_i_6/O
                         net (fo=3, routed)           0.635    21.196    u_soc/u_rx_top/u_huffman_block_parser/bit_buffer_r[88]_i_6_n_0
    SLICE_X75Y19         LUT4 (Prop_lut4_I1_O)        0.150    21.346 f  u_soc/u_rx_top/u_huffman_block_parser/bit_buffer_r[24]_i_5__0/O
                         net (fo=7, routed)           1.244    22.590    u_soc/u_rx_top/u_huffman_block_parser/bit_buffer_r[24]_i_5__0_n_0
    SLICE_X81Y25         LUT4 (Prop_lut4_I2_O)        0.354    22.944 r  u_soc/u_rx_top/u_huffman_block_parser/bit_buffer_r[18]_i_5/O
                         net (fo=1, routed)           0.610    23.554    u_soc/u_rx_top/u_huffman_block_parser/bit_buffer_r[18]_i_5_n_0
    SLICE_X82Y24         LUT6 (Prop_lut6_I1_O)        0.332    23.886 r  u_soc/u_rx_top/u_huffman_block_parser/bit_buffer_r[18]_i_2__0/O
                         net (fo=1, routed)           0.452    24.338    u_soc/u_rx_top/u_huffman_block_parser/bit_buffer_r[18]_i_2__0_n_0
    SLICE_X82Y24         LUT4 (Prop_lut4_I0_O)        0.124    24.462 r  u_soc/u_rx_top/u_huffman_block_parser/bit_buffer_r[18]_i_1__0/O
                         net (fo=1, routed)           0.529    24.991    u_soc/u_rx_top/u_huffman_block_parser/bit_buffer_r[18]_i_1__0_n_0
    SLICE_X81Y24         FDRE                                         r  u_soc/u_rx_top/u_huffman_block_parser/bit_buffer_r_reg[18]/D
  -------------------------------------------------------------------    -------------------

                         (clock clk_i rise edge)     20.000    20.000 r  
    Y9                                                0.000    20.000 r  clk_i (IN)
                         net (fo=0)                   0.000    20.000    clk_i
    Y9                   IBUF (Prop_ibuf_I_O)         1.420    21.420 r  clk_i_IBUF_inst/O
                         net (fo=1, routed)           1.972    23.392    clk_i_IBUF
    BUFGCTRL_X0Y0        BUFG (Prop_bufg_I_O)         0.091    23.483 r  clk_i_IBUF_BUFG_inst/O
                         net (fo=27699, routed)       1.542    25.025    u_soc/u_rx_top/u_huffman_block_parser/clk_i
    SLICE_X81Y24         FDRE                                         r  u_soc/u_rx_top/u_huffman_block_parser/bit_buffer_r_reg[18]/C
                         clock pessimism              0.394    25.419    
                         clock uncertainty           -0.035    25.384    
    SLICE_X81Y24         FDRE (Setup_fdre_C_D)       -0.067    25.317    u_soc/u_rx_top/u_huffman_block_parser/bit_buffer_r_reg[18]
  -------------------------------------------------------------------
                         required time                         25.317    
                         arrival time                         -24.991    
  -------------------------------------------------------------------
                         slack                                  0.326    

Slack (MET) :             0.400ns  (required time - arrival time)
  Source:                 u_soc/u_rx_top/u_huffman_block_parser/bit_count_r_reg[1]/C
                            (rising edge-triggered cell FDRE clocked by clk_i  {rise@0.000ns fall@10.000ns period=20.000ns})
  Destination:            u_soc/u_rx_top/u_huffman_block_parser/bit_buffer_r_reg[36]/D
                            (rising edge-triggered cell FDRE clocked by clk_i  {rise@0.000ns fall@10.000ns period=20.000ns})
  Path Group:             clk_i
  Path Type:              Setup (Max at Slow Process Corner)
  Requirement:            20.000ns  (clk_i rise@20.000ns - clk_i rise@0.000ns)
  Data Path Delay:        19.536ns  (logic 6.188ns (31.675%)  route 13.348ns (68.325%))
  Logic Levels:           26  (CARRY4=6 LUT2=3 LUT3=4 LUT4=4 LUT5=3 LUT6=6)
  Clock Path Skew:        -0.058ns (DCD - SCD + CPR)
    Destination Clock Delay (DCD):    5.027ns = ( 25.027 - 20.000 ) 
    Source Clock Delay      (SCD):    5.479ns
    Clock Pessimism Removal (CPR):    0.394ns
  Clock Uncertainty:      0.035ns  ((TSJ^2 + TIJ^2)^1/2 + DJ) / 2 + PE
    Total System Jitter     (TSJ):    0.071ns
    Total Input Jitter      (TIJ):    0.000ns
    Discrete Jitter          (DJ):    0.000ns
    Phase Error              (PE):    0.000ns

    Location             Delay type                Incr(ns)  Path(ns)    Netlist Resource(s)
  -------------------------------------------------------------------    -------------------
                         (clock clk_i rise edge)      0.000     0.000 r  
    Y9                                                0.000     0.000 r  clk_i (IN)
                         net (fo=0)                   0.000     0.000    clk_i
    Y9                   IBUF (Prop_ibuf_I_O)         1.490     1.490 r  clk_i_IBUF_inst/O
                         net (fo=1, routed)           2.171     3.661    clk_i_IBUF
    BUFGCTRL_X0Y0        BUFG (Prop_bufg_I_O)         0.101     3.762 r  clk_i_IBUF_BUFG_inst/O
                         net (fo=27699, routed)       1.717     5.479    u_soc/u_rx_top/u_huffman_block_parser/clk_i
    SLICE_X67Y30         FDRE                                         r  u_soc/u_rx_top/u_huffman_block_parser/bit_count_r_reg[1]/C
  -------------------------------------------------------------------    -------------------
    SLICE_X67Y30         FDRE (Prop_fdre_C_Q)         0.456     5.935 r  u_soc/u_rx_top/u_huffman_block_parser/bit_count_r_reg[1]/Q
                         net (fo=8, routed)           0.834     6.769    u_soc/u_rx_top/u_huffman_block_parser/Q[1]
    SLICE_X67Y29         LUT4 (Prop_lut4_I1_O)        0.124     6.893 r  u_soc/u_rx_top/u_huffman_block_parser/FSM_onehot_state_r[11]_i_26/O
                         net (fo=1, routed)           0.000     6.893    u_soc/u_rx_top/u_huffman_block_parser/FSM_onehot_state_r[11]_i_26_n_0
    SLICE_X67Y29         CARRY4 (Prop_carry4_S[0]_CO[3])
                                                      0.532     7.425 r  u_soc/u_rx_top/u_huffman_block_parser/FSM_onehot_state_r_reg[11]_i_15/CO[3]
                         net (fo=1, routed)           0.000     7.425    u_soc/u_rx_top/u_huffman_block_parser/FSM_onehot_state_r_reg[11]_i_15_n_0
    SLICE_X67Y30         CARRY4 (Prop_carry4_CI_CO[0])
                                                      0.271     7.696 r  u_soc/u_rx_top/u_huffman_block_parser/FSM_onehot_state_r_reg[11]_i_13/CO[0]
                         net (fo=14, routed)          0.823     8.519    u_soc/u_rx_top/u_huffman_block_parser/FSM_onehot_state_r_reg[11]_i_13_n_3
    SLICE_X69Y30         LUT5 (Prop_lut5_I4_O)        0.373     8.892 r  u_soc/u_rx_top/u_huffman_block_parser/entry_symbol_r[2]_i_21/O
                         net (fo=3, routed)           0.442     9.334    u_soc/u_rx_top/u_huffman_block_parser/entry_symbol_r[2]_i_21_n_0
    SLICE_X68Y29         LUT6 (Prop_lut6_I0_O)        0.124     9.458 r  u_soc/u_rx_top/u_huffman_block_parser/entry_symbol_r[2]_i_15/O
                         net (fo=4, routed)           0.858    10.316    u_soc/u_rx_top/u_huffman_block_parser/entry_symbol_r[2]_i_15_n_0
    SLICE_X68Y29         LUT4 (Prop_lut4_I0_O)        0.124    10.440 r  u_soc/u_rx_top/u_huffman_block_parser/FSM_onehot_state_r[11]_i_18/O
                         net (fo=5, routed)           0.509    10.949    u_soc/u_rx_top/u_huffman_block_parser/FSM_onehot_state_r[11]_i_18_n_0
    SLICE_X69Y29         LUT5 (Prop_lut5_I0_O)        0.124    11.073 r  u_soc/u_rx_top/u_huffman_block_parser/FSM_onehot_state_r[11]_i_14/O
                         net (fo=5, routed)           0.173    11.246    u_soc/u_rx_top/u_huffman_block_parser/FSM_onehot_state_r[11]_i_14_n_0
    SLICE_X69Y29         LUT6 (Prop_lut6_I5_O)        0.124    11.370 f  u_soc/u_rx_top/u_huffman_block_parser/FSM_onehot_state_r[11]_i_8/O
                         net (fo=22, routed)          0.312    11.681    u_soc/u_rx_top/u_huffman_block_parser/parser_payload_window_len_w[0]
    SLICE_X69Y30         LUT6 (Prop_lut6_I5_O)        0.124    11.805 r  u_soc/u_rx_top/u_huffman_block_parser/entry_symbol_r[2]_i_33/O
                         net (fo=1, routed)           0.336    12.141    u_soc/u_rx_top/u_huffman_block_parser/entry_symbol_r[2]_i_33_n_0
    SLICE_X68Y31         CARRY4 (Prop_carry4_DI[0]_CO[2])
                                                      0.540    12.681 f  u_soc/u_rx_top/u_huffman_block_parser/entry_symbol_r_reg[2]_i_29/CO[2]
                         net (fo=1, routed)           0.408    13.089    u_soc/u_rx_top/u_huffman_block_decoder/entry_symbol_r[2]_i_10[0]
    SLICE_X69Y31         LUT6 (Prop_lut6_I0_O)        0.313    13.402 f  u_soc/u_rx_top/u_huffman_block_decoder/entry_symbol_r[2]_i_16/O
                         net (fo=2, routed)           0.453    13.855    u_soc/u_rx_top/u_huffman_block_parser/entry_symbol_r_reg[2]_1
    SLICE_X71Y28         LUT5 (Prop_lut5_I4_O)        0.124    13.979 r  u_soc/u_rx_top/u_huffman_block_parser/entry_symbol_r[2]_i_5/O
                         net (fo=164, routed)         0.836    14.815    u_soc/u_rx_top/u_huffman_block_parser/p_1_in__1[6]
    SLICE_X69Y26         LUT3 (Prop_lut3_I1_O)        0.124    14.939 r  u_soc/u_rx_top/u_huffman_block_parser/entry_symbol_r[4]_i_14/O
                         net (fo=1, routed)           0.000    14.939    u_soc/u_rx_top/u_huffman_block_parser/entry_symbol_r[4]_i_14_n_0
    SLICE_X69Y26         CARRY4 (Prop_carry4_S[0]_CO[3])
                                                      0.532    15.471 r  u_soc/u_rx_top/u_huffman_block_parser/entry_symbol_r_reg[4]_i_3/CO[3]
                         net (fo=1, routed)           0.000    15.471    u_soc/u_rx_top/u_huffman_block_parser/entry_symbol_r_reg[4]_i_3_n_0
    SLICE_X69Y27         CARRY4 (Prop_carry4_CI_CO[3])
                                                      0.114    15.585 r  u_soc/u_rx_top/u_huffman_block_parser/entry_symbol_r_reg[4]_i_2/CO[3]
                         net (fo=1, routed)           0.000    15.585    u_soc/u_rx_top/u_huffman_block_parser/entry_symbol_r_reg[4]_i_2_n_0
    SLICE_X69Y28         CARRY4 (Prop_carry4_CI_O[0])
                                                      0.222    15.807 f  u_soc/u_rx_top/u_huffman_block_parser/bit_count_r_reg[8]_i_10/O[0]
                         net (fo=35, routed)          0.919    16.726    u_soc/u_rx_top/u_huffman_block_parser/bit_count_r_reg[8]_i_10_n_7
    SLICE_X68Y24         LUT2 (Prop_lut2_I1_O)        0.328    17.054 f  u_soc/u_rx_top/u_huffman_block_parser/entry_symbol_r[4]_i_15/O
                         net (fo=35, routed)          0.962    18.016    u_soc/u_rx_top/u_huffman_block_parser/bit_count_r_reg[7]_0
    SLICE_X69Y15         LUT6 (Prop_lut6_I2_O)        0.327    18.343 f  u_soc/u_rx_top/u_huffman_block_parser/bit_buffer_r[95]_i_8/O
                         net (fo=3, routed)           0.583    18.926    u_soc/u_rx_top/u_huffman_block_parser/bit_buffer_r[95]_i_8_n_0
    SLICE_X69Y17         LUT3 (Prop_lut3_I2_O)        0.124    19.050 f  u_soc/u_rx_top/u_huffman_block_parser/bit_buffer_r[107]_i_12/O
                         net (fo=3, routed)           0.650    19.700    u_soc/u_rx_top/u_huffman_block_parser/bit_buffer_r[107]_i_12_n_0
    SLICE_X69Y18         LUT4 (Prop_lut4_I0_O)        0.124    19.824 f  u_soc/u_rx_top/u_huffman_block_parser/bit_buffer_r[83]_i_10/O
                         net (fo=2, routed)           0.600    20.425    u_soc/u_rx_top/u_huffman_block_parser/bit_buffer_r[83]_i_10_n_0
    SLICE_X69Y18         LUT2 (Prop_lut2_I1_O)        0.118    20.543 r  u_soc/u_rx_top/u_huffman_block_parser/bit_buffer_r[83]_i_7__0/O
                         net (fo=2, routed)           0.811    21.354    u_soc/u_rx_top/u_huffman_block_parser/bit_buffer_r[83]_i_7__0_n_0
    SLICE_X76Y21         LUT3 (Prop_lut3_I1_O)        0.326    21.680 f  u_soc/u_rx_top/u_huffman_block_parser/bit_buffer_r[115]_i_3__0/O
                         net (fo=2, routed)           0.823    22.503    u_soc/u_rx_top/u_huffman_block_parser/bit_buffer_r[115]_i_3__0_n_0
    SLICE_X76Y15         LUT3 (Prop_lut3_I1_O)        0.124    22.627 f  u_soc/u_rx_top/u_huffman_block_parser/bit_buffer_r[51]_i_3/O
                         net (fo=7, routed)           0.738    23.365    u_soc/u_rx_top/u_huffman_block_parser/bit_buffer_r[51]_i_3_n_0
    SLICE_X76Y19         LUT4 (Prop_lut4_I0_O)        0.124    23.489 r  u_soc/u_rx_top/u_huffman_block_parser/bit_buffer_r[36]_i_4/O
                         net (fo=1, routed)           0.738    24.227    u_soc/u_rx_top/u_huffman_block_parser/bit_buffer_r[36]_i_4_n_0
    SLICE_X76Y22         LUT6 (Prop_lut6_I1_O)        0.124    24.351 r  u_soc/u_rx_top/u_huffman_block_parser/bit_buffer_r[36]_i_2/O
                         net (fo=1, routed)           0.540    24.891    u_soc/u_rx_top/u_huffman_block_parser/bit_buffer_r[36]_i_2_n_0
    SLICE_X76Y22         LUT2 (Prop_lut2_I0_O)        0.124    25.015 r  u_soc/u_rx_top/u_huffman_block_parser/bit_buffer_r[36]_i_1__0/O
                         net (fo=1, routed)           0.000    25.015    u_soc/u_rx_top/u_huffman_block_parser/bit_buffer_r[36]_i_1__0_n_0
    SLICE_X76Y22         FDRE                                         r  u_soc/u_rx_top/u_huffman_block_parser/bit_buffer_r_reg[36]/D
  -------------------------------------------------------------------    -------------------

                         (clock clk_i rise edge)     20.000    20.000 r  
    Y9                                                0.000    20.000 r  clk_i (IN)
                         net (fo=0)                   0.000    20.000    clk_i
    Y9                   IBUF (Prop_ibuf_I_O)         1.420    21.420 r  clk_i_IBUF_inst/O
                         net (fo=1, routed)           1.972    23.392    clk_i_IBUF
    BUFGCTRL_X0Y0        BUFG (Prop_bufg_I_O)         0.091    23.483 r  clk_i_IBUF_BUFG_inst/O
                         net (fo=27699, routed)       1.544    25.027    u_soc/u_rx_top/u_huffman_block_parser/clk_i
    SLICE_X76Y22         FDRE                                         r  u_soc/u_rx_top/u_huffman_block_parser/bit_buffer_r_reg[36]/C
                         clock pessimism              0.394    25.421    
                         clock uncertainty           -0.035    25.386    
    SLICE_X76Y22         FDRE (Setup_fdre_C_D)        0.029    25.415    u_soc/u_rx_top/u_huffman_block_parser/bit_buffer_r_reg[36]
  -------------------------------------------------------------------
                         required time                         25.415    
                         arrival time                         -25.015    
  -------------------------------------------------------------------
                         slack                                  0.400    

Slack (MET) :             0.431ns  (required time - arrival time)
  Source:                 u_soc/u_rx_top/u_huffman_block_parser/bit_count_r_reg[1]/C
                            (rising edge-triggered cell FDRE clocked by clk_i  {rise@0.000ns fall@10.000ns period=20.000ns})
  Destination:            u_soc/u_rx_top/u_huffman_block_parser/bit_buffer_r_reg[47]/D
                            (rising edge-triggered cell FDRE clocked by clk_i  {rise@0.000ns fall@10.000ns period=20.000ns})
  Path Group:             clk_i
  Path Type:              Setup (Max at Slow Process Corner)
  Requirement:            20.000ns  (clk_i rise@20.000ns - clk_i rise@0.000ns)
  Data Path Delay:        19.508ns  (logic 6.789ns (34.801%)  route 12.719ns (65.199%))
  Logic Levels:           26  (CARRY4=6 LUT2=4 LUT3=2 LUT4=4 LUT5=5 LUT6=5)
  Clock Path Skew:        -0.055ns (DCD - SCD + CPR)
    Destination Clock Delay (DCD):    5.030ns = ( 25.030 - 20.000 ) 
    Source Clock Delay      (SCD):    5.479ns
    Clock Pessimism Removal (CPR):    0.394ns
  Clock Uncertainty:      0.035ns  ((TSJ^2 + TIJ^2)^1/2 + DJ) / 2 + PE
    Total System Jitter     (TSJ):    0.071ns
    Total Input Jitter      (TIJ):    0.000ns
    Discrete Jitter          (DJ):    0.000ns
    Phase Error              (PE):    0.000ns

    Location             Delay type                Incr(ns)  Path(ns)    Netlist Resource(s)
  -------------------------------------------------------------------    -------------------
                         (clock clk_i rise edge)      0.000     0.000 r  
    Y9                                                0.000     0.000 r  clk_i (IN)
                         net (fo=0)                   0.000     0.000    clk_i
    Y9                   IBUF (Prop_ibuf_I_O)         1.490     1.490 r  clk_i_IBUF_inst/O
                         net (fo=1, routed)           2.171     3.661    clk_i_IBUF
    BUFGCTRL_X0Y0        BUFG (Prop_bufg_I_O)         0.101     3.762 r  clk_i_IBUF_BUFG_inst/O
                         net (fo=27699, routed)       1.717     5.479    u_soc/u_rx_top/u_huffman_block_parser/clk_i
    SLICE_X67Y30         FDRE                                         r  u_soc/u_rx_top/u_huffman_block_parser/bit_count_r_reg[1]/C
  -------------------------------------------------------------------    -------------------
    SLICE_X67Y30         FDRE (Prop_fdre_C_Q)         0.456     5.935 r  u_soc/u_rx_top/u_huffman_block_parser/bit_count_r_reg[1]/Q
                         net (fo=8, routed)           0.834     6.769    u_soc/u_rx_top/u_huffman_block_parser/Q[1]
    SLICE_X67Y29         LUT4 (Prop_lut4_I1_O)        0.124     6.893 r  u_soc/u_rx_top/u_huffman_block_parser/FSM_onehot_state_r[11]_i_26/O
                         net (fo=1, routed)           0.000     6.893    u_soc/u_rx_top/u_huffman_block_parser/FSM_onehot_state_r[11]_i_26_n_0
    SLICE_X67Y29         CARRY4 (Prop_carry4_S[0]_CO[3])
                                                      0.532     7.425 r  u_soc/u_rx_top/u_huffman_block_parser/FSM_onehot_state_r_reg[11]_i_15/CO[3]
                         net (fo=1, routed)           0.000     7.425    u_soc/u_rx_top/u_huffman_block_parser/FSM_onehot_state_r_reg[11]_i_15_n_0
    SLICE_X67Y30         CARRY4 (Prop_carry4_CI_CO[0])
                                                      0.271     7.696 r  u_soc/u_rx_top/u_huffman_block_parser/FSM_onehot_state_r_reg[11]_i_13/CO[0]
                         net (fo=14, routed)          0.823     8.519    u_soc/u_rx_top/u_huffman_block_parser/FSM_onehot_state_r_reg[11]_i_13_n_3
    SLICE_X69Y30         LUT5 (Prop_lut5_I4_O)        0.373     8.892 r  u_soc/u_rx_top/u_huffman_block_parser/entry_symbol_r[2]_i_21/O
                         net (fo=3, routed)           0.442     9.334    u_soc/u_rx_top/u_huffman_block_parser/entry_symbol_r[2]_i_21_n_0
    SLICE_X68Y29         LUT6 (Prop_lut6_I0_O)        0.124     9.458 r  u_soc/u_rx_top/u_huffman_block_parser/entry_symbol_r[2]_i_15/O
                         net (fo=4, routed)           0.858    10.316    u_soc/u_rx_top/u_huffman_block_parser/entry_symbol_r[2]_i_15_n_0
    SLICE_X68Y29         LUT4 (Prop_lut4_I0_O)        0.124    10.440 r  u_soc/u_rx_top/u_huffman_block_parser/FSM_onehot_state_r[11]_i_18/O
                         net (fo=5, routed)           0.509    10.949    u_soc/u_rx_top/u_huffman_block_parser/FSM_onehot_state_r[11]_i_18_n_0
    SLICE_X69Y29         LUT5 (Prop_lut5_I0_O)        0.124    11.073 r  u_soc/u_rx_top/u_huffman_block_parser/FSM_onehot_state_r[11]_i_14/O
                         net (fo=5, routed)           0.173    11.246    u_soc/u_rx_top/u_huffman_block_parser/FSM_onehot_state_r[11]_i_14_n_0
    SLICE_X69Y29         LUT6 (Prop_lut6_I5_O)        0.124    11.370 f  u_soc/u_rx_top/u_huffman_block_parser/FSM_onehot_state_r[11]_i_8/O
                         net (fo=22, routed)          0.312    11.681    u_soc/u_rx_top/u_huffman_block_parser/parser_payload_window_len_w[0]
    SLICE_X69Y30         LUT6 (Prop_lut6_I5_O)        0.124    11.805 r  u_soc/u_rx_top/u_huffman_block_parser/entry_symbol_r[2]_i_33/O
                         net (fo=1, routed)           0.336    12.141    u_soc/u_rx_top/u_huffman_block_parser/entry_symbol_r[2]_i_33_n_0
    SLICE_X68Y31         CARRY4 (Prop_carry4_DI[0]_CO[2])
                                                      0.540    12.681 f  u_soc/u_rx_top/u_huffman_block_parser/entry_symbol_r_reg[2]_i_29/CO[2]
                         net (fo=1, routed)           0.408    13.089    u_soc/u_rx_top/u_huffman_block_decoder/entry_symbol_r[2]_i_10[0]
    SLICE_X69Y31         LUT6 (Prop_lut6_I0_O)        0.313    13.402 f  u_soc/u_rx_top/u_huffman_block_decoder/entry_symbol_r[2]_i_16/O
                         net (fo=2, routed)           0.453    13.855    u_soc/u_rx_top/u_huffman_block_parser/entry_symbol_r_reg[2]_1
    SLICE_X71Y28         LUT5 (Prop_lut5_I4_O)        0.124    13.979 r  u_soc/u_rx_top/u_huffman_block_parser/entry_symbol_r[2]_i_5/O
                         net (fo=164, routed)         0.836    14.815    u_soc/u_rx_top/u_huffman_block_parser/p_1_in__1[6]
    SLICE_X69Y26         LUT3 (Prop_lut3_I1_O)        0.124    14.939 r  u_soc/u_rx_top/u_huffman_block_parser/entry_symbol_r[4]_i_14/O
                         net (fo=1, routed)           0.000    14.939    u_soc/u_rx_top/u_huffman_block_parser/entry_symbol_r[4]_i_14_n_0
    SLICE_X69Y26         CARRY4 (Prop_carry4_S[0]_O[1])
                                                      0.424    15.363 r  u_soc/u_rx_top/u_huffman_block_parser/entry_symbol_r_reg[4]_i_3/O[1]
                         net (fo=41, routed)          0.693    16.056    u_soc/u_rx_top/u_huffman_block_parser/bit_count_r_reg[3]_0[1]
    SLICE_X68Y26         LUT3 (Prop_lut3_I0_O)        0.303    16.359 r  u_soc/u_rx_top/u_huffman_block_parser/bit_count_r[3]_i_10/O
                         net (fo=1, routed)           0.000    16.359    u_soc/u_rx_top/u_huffman_block_parser/bit_count_r[3]_i_10_n_0
    SLICE_X68Y26         CARRY4 (Prop_carry4_S[1]_CO[3])
                                                      0.550    16.909 r  u_soc/u_rx_top/u_huffman_block_parser/bit_count_r_reg[3]_i_3/CO[3]
                         net (fo=1, routed)           0.000    16.909    u_soc/u_rx_top/u_huffman_block_parser/bit_count_r_reg[3]_i_3_n_0
    SLICE_X68Y27         CARRY4 (Prop_carry4_CI_O[3])
                                                      0.313    17.222 f  u_soc/u_rx_top/u_huffman_block_parser/bit_count_r_reg[6]_i_6/O[3]
                         net (fo=17, routed)          1.051    18.273    u_soc/u_rx_top/u_huffman_block_parser/bit_count_r_reg[6]_i_6_n_4
    SLICE_X70Y27         LUT5 (Prop_lut5_I1_O)        0.306    18.579 f  u_soc/u_rx_top/u_huffman_block_parser/bit_count_r[5]_i_15/O
                         net (fo=8, routed)           0.797    19.376    u_soc/u_rx_top/u_huffman_block_parser/bit_count_r[5]_i_15_n_0
    SLICE_X71Y24         LUT4 (Prop_lut4_I0_O)        0.124    19.500 r  u_soc/u_rx_top/u_huffman_block_parser/one_symbol_value_r[7]_i_3/O
                         net (fo=5, routed)           0.450    19.949    u_soc/u_rx_top/u_huffman_block_parser/one_symbol_value_r[7]_i_3_n_0
    SLICE_X74Y24         LUT4 (Prop_lut4_I3_O)        0.124    20.073 f  u_soc/u_rx_top/u_huffman_block_parser/bit_buffer_r[113]_i_5/O
                         net (fo=35, routed)          0.648    20.721    u_soc/u_rx_top/u_huffman_block_parser/bit_buffer_r[113]_i_5_n_0
    SLICE_X73Y23         LUT2 (Prop_lut2_I0_O)        0.124    20.845 f  u_soc/u_rx_top/u_huffman_block_parser/bit_buffer_r[80]_i_4__0/O
                         net (fo=86, routed)          0.550    21.395    u_soc/u_rx_top/u_huffman_block_parser/bit_buffer_r[80]_i_4__0_n_0
    SLICE_X75Y23         LUT5 (Prop_lut5_I2_O)        0.124    21.519 f  u_soc/u_rx_top/u_huffman_block_parser/bit_buffer_r[109]_i_2__0/O
                         net (fo=16, routed)          0.459    21.978    u_soc/u_rx_top/u_huffman_block_parser/bit_buffer_r[109]_i_2__0_n_0
    SLICE_X75Y22         LUT2 (Prop_lut2_I1_O)        0.124    22.102 r  u_soc/u_rx_top/u_huffman_block_parser/bit_buffer_r[83]_i_2__0/O
                         net (fo=18, routed)          0.515    22.617    u_soc/u_rx_top/u_huffman_block_parser/bit_buffer_r[83]_i_2__0_n_0
    SLICE_X79Y22         LUT2 (Prop_lut2_I1_O)        0.118    22.735 f  u_soc/u_rx_top/u_huffman_block_parser/bit_buffer_r[31]_i_5__0/O
                         net (fo=34, routed)          0.976    23.712    u_soc/u_rx_top/u_huffman_block_parser/bit_buffer_r[31]_i_5__0_n_0
    SLICE_X81Y22         LUT2 (Prop_lut2_I0_O)        0.352    24.064 r  u_soc/u_rx_top/u_huffman_block_parser/bit_buffer_r[47]_i_4/O
                         net (fo=1, routed)           0.598    24.661    u_soc/u_rx_top/u_huffman_block_parser/bit_buffer_r[47]_i_4_n_0
    SLICE_X76Y20         LUT6 (Prop_lut6_I5_O)        0.326    24.987 r  u_soc/u_rx_top/u_huffman_block_parser/bit_buffer_r[47]_i_1__0/O
                         net (fo=1, routed)           0.000    24.987    u_soc/u_rx_top/u_huffman_block_parser/bit_buffer_r[47]_i_1__0_n_0
    SLICE_X76Y20         FDRE                                         r  u_soc/u_rx_top/u_huffman_block_parser/bit_buffer_r_reg[47]/D
  -------------------------------------------------------------------    -------------------

                         (clock clk_i rise edge)     20.000    20.000 r  
    Y9                                                0.000    20.000 r  clk_i (IN)
                         net (fo=0)                   0.000    20.000    clk_i
    Y9                   IBUF (Prop_ibuf_I_O)         1.420    21.420 r  clk_i_IBUF_inst/O
                         net (fo=1, routed)           1.972    23.392    clk_i_IBUF
    BUFGCTRL_X0Y0        BUFG (Prop_bufg_I_O)         0.091    23.483 r  clk_i_IBUF_BUFG_inst/O
                         net (fo=27699, routed)       1.547    25.030    u_soc/u_rx_top/u_huffman_block_parser/clk_i
    SLICE_X76Y20         FDRE                                         r  u_soc/u_rx_top/u_huffman_block_parser/bit_buffer_r_reg[47]/C
                         clock pessimism              0.394    25.424    
                         clock uncertainty           -0.035    25.389    
    SLICE_X76Y20         FDRE (Setup_fdre_C_D)        0.029    25.418    u_soc/u_rx_top/u_huffman_block_parser/bit_buffer_r_reg[47]
  -------------------------------------------------------------------
                         required time                         25.418    
                         arrival time                         -24.987    
  -------------------------------------------------------------------
                         slack                                  0.431    

Slack (MET) :             0.438ns  (required time - arrival time)
  Source:                 u_soc/u_rx_top/u_huffman_block_parser/bit_count_r_reg[1]/C
                            (rising edge-triggered cell FDRE clocked by clk_i  {rise@0.000ns fall@10.000ns period=20.000ns})
  Destination:            u_soc/u_rx_top/u_huffman_block_parser/bit_buffer_r_reg[40]/D
                            (rising edge-triggered cell FDRE clocked by clk_i  {rise@0.000ns fall@10.000ns period=20.000ns})
  Path Group:             clk_i
  Path Type:              Setup (Max at Slow Process Corner)
  Requirement:            20.000ns  (clk_i rise@20.000ns - clk_i rise@0.000ns)
  Data Path Delay:        19.492ns  (logic 6.334ns (32.495%)  route 13.158ns (67.505%))
  Logic Levels:           25  (CARRY4=6 LUT2=2 LUT3=4 LUT4=4 LUT5=3 LUT6=6)
  Clock Path Skew:        -0.063ns (DCD - SCD + CPR)
    Destination Clock Delay (DCD):    5.022ns = ( 25.022 - 20.000 ) 
    Source Clock Delay      (SCD):    5.479ns
    Clock Pessimism Removal (CPR):    0.394ns
  Clock Uncertainty:      0.035ns  ((TSJ^2 + TIJ^2)^1/2 + DJ) / 2 + PE
    Total System Jitter     (TSJ):    0.071ns
    Total Input Jitter      (TIJ):    0.000ns
    Discrete Jitter          (DJ):    0.000ns
    Phase Error              (PE):    0.000ns

    Location             Delay type                Incr(ns)  Path(ns)    Netlist Resource(s)
  -------------------------------------------------------------------    -------------------
                         (clock clk_i rise edge)      0.000     0.000 r  
    Y9                                                0.000     0.000 r  clk_i (IN)
                         net (fo=0)                   0.000     0.000    clk_i
    Y9                   IBUF (Prop_ibuf_I_O)         1.490     1.490 r  clk_i_IBUF_inst/O
                         net (fo=1, routed)           2.171     3.661    clk_i_IBUF
    BUFGCTRL_X0Y0        BUFG (Prop_bufg_I_O)         0.101     3.762 r  clk_i_IBUF_BUFG_inst/O
                         net (fo=27699, routed)       1.717     5.479    u_soc/u_rx_top/u_huffman_block_parser/clk_i
    SLICE_X67Y30         FDRE                                         r  u_soc/u_rx_top/u_huffman_block_parser/bit_count_r_reg[1]/C
  -------------------------------------------------------------------    -------------------
    SLICE_X67Y30         FDRE (Prop_fdre_C_Q)         0.456     5.935 r  u_soc/u_rx_top/u_huffman_block_parser/bit_count_r_reg[1]/Q
                         net (fo=8, routed)           0.834     6.769    u_soc/u_rx_top/u_huffman_block_parser/Q[1]
    SLICE_X67Y29         LUT4 (Prop_lut4_I1_O)        0.124     6.893 r  u_soc/u_rx_top/u_huffman_block_parser/FSM_onehot_state_r[11]_i_26/O
                         net (fo=1, routed)           0.000     6.893    u_soc/u_rx_top/u_huffman_block_parser/FSM_onehot_state_r[11]_i_26_n_0
    SLICE_X67Y29         CARRY4 (Prop_carry4_S[0]_CO[3])
                                                      0.532     7.425 r  u_soc/u_rx_top/u_huffman_block_parser/FSM_onehot_state_r_reg[11]_i_15/CO[3]
                         net (fo=1, routed)           0.000     7.425    u_soc/u_rx_top/u_huffman_block_parser/FSM_onehot_state_r_reg[11]_i_15_n_0
    SLICE_X67Y30         CARRY4 (Prop_carry4_CI_CO[0])
                                                      0.271     7.696 r  u_soc/u_rx_top/u_huffman_block_parser/FSM_onehot_state_r_reg[11]_i_13/CO[0]
                         net (fo=14, routed)          0.823     8.519    u_soc/u_rx_top/u_huffman_block_parser/FSM_onehot_state_r_reg[11]_i_13_n_3
    SLICE_X69Y30         LUT5 (Prop_lut5_I4_O)        0.373     8.892 r  u_soc/u_rx_top/u_huffman_block_parser/entry_symbol_r[2]_i_21/O
                         net (fo=3, routed)           0.442     9.334    u_soc/u_rx_top/u_huffman_block_parser/entry_symbol_r[2]_i_21_n_0
    SLICE_X68Y29         LUT6 (Prop_lut6_I0_O)        0.124     9.458 r  u_soc/u_rx_top/u_huffman_block_parser/entry_symbol_r[2]_i_15/O
                         net (fo=4, routed)           0.858    10.316    u_soc/u_rx_top/u_huffman_block_parser/entry_symbol_r[2]_i_15_n_0
    SLICE_X68Y29         LUT4 (Prop_lut4_I0_O)        0.124    10.440 r  u_soc/u_rx_top/u_huffman_block_parser/FSM_onehot_state_r[11]_i_18/O
                         net (fo=5, routed)           0.509    10.949    u_soc/u_rx_top/u_huffman_block_parser/FSM_onehot_state_r[11]_i_18_n_0
    SLICE_X69Y29         LUT5 (Prop_lut5_I0_O)        0.124    11.073 r  u_soc/u_rx_top/u_huffman_block_parser/FSM_onehot_state_r[11]_i_14/O
                         net (fo=5, routed)           0.173    11.246    u_soc/u_rx_top/u_huffman_block_parser/FSM_onehot_state_r[11]_i_14_n_0
    SLICE_X69Y29         LUT6 (Prop_lut6_I5_O)        0.124    11.370 f  u_soc/u_rx_top/u_huffman_block_parser/FSM_onehot_state_r[11]_i_8/O
                         net (fo=22, routed)          0.312    11.681    u_soc/u_rx_top/u_huffman_block_parser/parser_payload_window_len_w[0]
    SLICE_X69Y30         LUT6 (Prop_lut6_I5_O)        0.124    11.805 r  u_soc/u_rx_top/u_huffman_block_parser/entry_symbol_r[2]_i_33/O
                         net (fo=1, routed)           0.336    12.141    u_soc/u_rx_top/u_huffman_block_parser/entry_symbol_r[2]_i_33_n_0
    SLICE_X68Y31         CARRY4 (Prop_carry4_DI[0]_CO[2])
                                                      0.540    12.681 f  u_soc/u_rx_top/u_huffman_block_parser/entry_symbol_r_reg[2]_i_29/CO[2]
                         net (fo=1, routed)           0.408    13.089    u_soc/u_rx_top/u_huffman_block_decoder/entry_symbol_r[2]_i_10[0]
    SLICE_X69Y31         LUT6 (Prop_lut6_I0_O)        0.313    13.402 f  u_soc/u_rx_top/u_huffman_block_decoder/entry_symbol_r[2]_i_16/O
                         net (fo=2, routed)           0.453    13.855    u_soc/u_rx_top/u_huffman_block_parser/entry_symbol_r_reg[2]_1
    SLICE_X71Y28         LUT5 (Prop_lut5_I4_O)        0.124    13.979 r  u_soc/u_rx_top/u_huffman_block_parser/entry_symbol_r[2]_i_5/O
                         net (fo=164, routed)         0.836    14.815    u_soc/u_rx_top/u_huffman_block_parser/p_1_in__1[6]
    SLICE_X69Y26         LUT3 (Prop_lut3_I1_O)        0.124    14.939 r  u_soc/u_rx_top/u_huffman_block_parser/entry_symbol_r[4]_i_14/O
                         net (fo=1, routed)           0.000    14.939    u_soc/u_rx_top/u_huffman_block_parser/entry_symbol_r[4]_i_14_n_0
    SLICE_X69Y26         CARRY4 (Prop_carry4_S[0]_CO[3])
                                                      0.532    15.471 r  u_soc/u_rx_top/u_huffman_block_parser/entry_symbol_r_reg[4]_i_3/CO[3]
                         net (fo=1, routed)           0.000    15.471    u_soc/u_rx_top/u_huffman_block_parser/entry_symbol_r_reg[4]_i_3_n_0
    SLICE_X69Y27         CARRY4 (Prop_carry4_CI_CO[3])
                                                      0.114    15.585 r  u_soc/u_rx_top/u_huffman_block_parser/entry_symbol_r_reg[4]_i_2/CO[3]
                         net (fo=1, routed)           0.000    15.585    u_soc/u_rx_top/u_huffman_block_parser/entry_symbol_r_reg[4]_i_2_n_0
    SLICE_X69Y28         CARRY4 (Prop_carry4_CI_O[0])
                                                      0.222    15.807 f  u_soc/u_rx_top/u_huffman_block_parser/bit_count_r_reg[8]_i_10/O[0]
                         net (fo=35, routed)          0.919    16.726    u_soc/u_rx_top/u_huffman_block_parser/bit_count_r_reg[8]_i_10_n_7
    SLICE_X68Y24         LUT2 (Prop_lut2_I1_O)        0.328    17.054 f  u_soc/u_rx_top/u_huffman_block_parser/entry_symbol_r[4]_i_15/O
                         net (fo=35, routed)          0.597    17.651    u_soc/u_rx_top/u_bit_depacker_128/bit_buffer_r[82]_i_5__0_0
    SLICE_X67Y24         LUT6 (Prop_lut6_I4_O)        0.327    17.978 f  u_soc/u_rx_top/u_bit_depacker_128/entry_symbol_r[2]_i_18/O
                         net (fo=6, routed)           1.050    19.028    u_soc/u_rx_top/u_huffman_block_parser/entry_symbol_r_reg[2]_0
    SLICE_X70Y23         LUT3 (Prop_lut3_I0_O)        0.152    19.180 f  u_soc/u_rx_top/u_huffman_block_parser/entry_symbol_r[6]_i_4/O
                         net (fo=5, routed)           0.849    20.029    u_soc/u_rx_top/u_huffman_block_parser/entry_symbol_r[6]_i_4_n_0
    SLICE_X72Y23         LUT4 (Prop_lut4_I0_O)        0.326    20.355 f  u_soc/u_rx_top/u_huffman_block_parser/bit_buffer_r[78]_i_5/O
                         net (fo=3, routed)           0.762    21.118    u_soc/u_rx_top/u_huffman_block_parser/bit_buffer_r[78]_i_5_n_0
    SLICE_X74Y20         LUT3 (Prop_lut3_I0_O)        0.124    21.242 f  u_soc/u_rx_top/u_huffman_block_parser/bit_buffer_r[110]_i_5__0/O
                         net (fo=2, routed)           0.839    22.081    u_soc/u_rx_top/u_huffman_block_parser/bit_buffer_r[110]_i_5__0_n_0
    SLICE_X80Y18         LUT3 (Prop_lut3_I1_O)        0.152    22.233 f  u_soc/u_rx_top/u_huffman_block_parser/bit_buffer_r[46]_i_5/O
                         net (fo=6, routed)           0.955    23.188    u_soc/u_rx_top/u_huffman_block_parser/bit_buffer_r[46]_i_5_n_0
    SLICE_X73Y24         LUT4 (Prop_lut4_I0_O)        0.332    23.520 r  u_soc/u_rx_top/u_huffman_block_parser/bit_buffer_r[40]_i_4/O
                         net (fo=1, routed)           0.464    23.984    u_soc/u_rx_top/u_huffman_block_parser/bit_buffer_r[40]_i_4_n_0
    SLICE_X74Y26         LUT6 (Prop_lut6_I1_O)        0.124    24.108 r  u_soc/u_rx_top/u_huffman_block_parser/bit_buffer_r[40]_i_2/O
                         net (fo=1, routed)           0.740    24.848    u_soc/u_rx_top/u_huffman_block_parser/bit_buffer_r[40]_i_2_n_0
    SLICE_X73Y24         LUT2 (Prop_lut2_I0_O)        0.124    24.972 r  u_soc/u_rx_top/u_huffman_block_parser/bit_buffer_r[40]_i_1__0/O
                         net (fo=1, routed)           0.000    24.972    u_soc/u_rx_top/u_huffman_block_parser/bit_buffer_r[40]_i_1__0_n_0
    SLICE_X73Y24         FDRE                                         r  u_soc/u_rx_top/u_huffman_block_parser/bit_buffer_r_reg[40]/D
  -------------------------------------------------------------------    -------------------

                         (clock clk_i rise edge)     20.000    20.000 r  
    Y9                                                0.000    20.000 r  clk_i (IN)
                         net (fo=0)                   0.000    20.000    clk_i
    Y9                   IBUF (Prop_ibuf_I_O)         1.420    21.420 r  clk_i_IBUF_inst/O
                         net (fo=1, routed)           1.972    23.392    clk_i_IBUF
    BUFGCTRL_X0Y0        BUFG (Prop_bufg_I_O)         0.091    23.483 r  clk_i_IBUF_BUFG_inst/O
                         net (fo=27699, routed)       1.539    25.022    u_soc/u_rx_top/u_huffman_block_parser/clk_i
    SLICE_X73Y24         FDRE                                         r  u_soc/u_rx_top/u_huffman_block_parser/bit_buffer_r_reg[40]/C
                         clock pessimism              0.394    25.416    
                         clock uncertainty           -0.035    25.381    
    SLICE_X73Y24         FDRE (Setup_fdre_C_D)        0.029    25.410    u_soc/u_rx_top/u_huffman_block_parser/bit_buffer_r_reg[40]
  -------------------------------------------------------------------
                         required time                         25.410    
                         arrival time                         -24.972    
  -------------------------------------------------------------------
                         slack                                  0.438    

Slack (MET) :             0.467ns  (required time - arrival time)
  Source:                 u_soc/u_rx_top/u_huffman_block_parser/bit_count_r_reg[1]/C
                            (rising edge-triggered cell FDRE clocked by clk_i  {rise@0.000ns fall@10.000ns period=20.000ns})
  Destination:            u_soc/u_rx_top/u_huffman_block_parser/error_r_reg/D
                            (rising edge-triggered cell FDRE clocked by clk_i  {rise@0.000ns fall@10.000ns period=20.000ns})
  Path Group:             clk_i
  Path Type:              Setup (Max at Slow Process Corner)
  Requirement:            20.000ns  (clk_i rise@20.000ns - clk_i rise@0.000ns)
  Data Path Delay:        19.469ns  (logic 6.448ns (33.119%)  route 13.021ns (66.881%))
  Logic Levels:           26  (CARRY4=6 LUT2=1 LUT3=3 LUT4=3 LUT5=5 LUT6=8)
  Clock Path Skew:        -0.061ns (DCD - SCD + CPR)
    Destination Clock Delay (DCD):    5.024ns = ( 25.024 - 20.000 ) 
    Source Clock Delay      (SCD):    5.479ns
    Clock Pessimism Removal (CPR):    0.394ns
  Clock Uncertainty:      0.035ns  ((TSJ^2 + TIJ^2)^1/2 + DJ) / 2 + PE
    Total System Jitter     (TSJ):    0.071ns
    Total Input Jitter      (TIJ):    0.000ns
    Discrete Jitter          (DJ):    0.000ns
    Phase Error              (PE):    0.000ns

    Location             Delay type                Incr(ns)  Path(ns)    Netlist Resource(s)
  -------------------------------------------------------------------    -------------------
                         (clock clk_i rise edge)      0.000     0.000 r  
    Y9                                                0.000     0.000 r  clk_i (IN)
                         net (fo=0)                   0.000     0.000    clk_i
    Y9                   IBUF (Prop_ibuf_I_O)         1.490     1.490 r  clk_i_IBUF_inst/O
                         net (fo=1, routed)           2.171     3.661    clk_i_IBUF
    BUFGCTRL_X0Y0        BUFG (Prop_bufg_I_O)         0.101     3.762 r  clk_i_IBUF_BUFG_inst/O
                         net (fo=27699, routed)       1.717     5.479    u_soc/u_rx_top/u_huffman_block_parser/clk_i
    SLICE_X67Y30         FDRE                                         r  u_soc/u_rx_top/u_huffman_block_parser/bit_count_r_reg[1]/C
  -------------------------------------------------------------------    -------------------
    SLICE_X67Y30         FDRE (Prop_fdre_C_Q)         0.456     5.935 r  u_soc/u_rx_top/u_huffman_block_parser/bit_count_r_reg[1]/Q
                         net (fo=8, routed)           0.834     6.769    u_soc/u_rx_top/u_huffman_block_parser/Q[1]
    SLICE_X67Y29         LUT4 (Prop_lut4_I1_O)        0.124     6.893 r  u_soc/u_rx_top/u_huffman_block_parser/FSM_onehot_state_r[11]_i_26/O
                         net (fo=1, routed)           0.000     6.893    u_soc/u_rx_top/u_huffman_block_parser/FSM_onehot_state_r[11]_i_26_n_0
    SLICE_X67Y29         CARRY4 (Prop_carry4_S[0]_CO[3])
                                                      0.532     7.425 r  u_soc/u_rx_top/u_huffman_block_parser/FSM_onehot_state_r_reg[11]_i_15/CO[3]
                         net (fo=1, routed)           0.000     7.425    u_soc/u_rx_top/u_huffman_block_parser/FSM_onehot_state_r_reg[11]_i_15_n_0
    SLICE_X67Y30         CARRY4 (Prop_carry4_CI_CO[0])
                                                      0.271     7.696 r  u_soc/u_rx_top/u_huffman_block_parser/FSM_onehot_state_r_reg[11]_i_13/CO[0]
                         net (fo=14, routed)          0.823     8.519    u_soc/u_rx_top/u_huffman_block_parser/FSM_onehot_state_r_reg[11]_i_13_n_3
    SLICE_X69Y30         LUT5 (Prop_lut5_I4_O)        0.373     8.892 r  u_soc/u_rx_top/u_huffman_block_parser/entry_symbol_r[2]_i_21/O
                         net (fo=3, routed)           0.442     9.334    u_soc/u_rx_top/u_huffman_block_parser/entry_symbol_r[2]_i_21_n_0
    SLICE_X68Y29         LUT6 (Prop_lut6_I0_O)        0.124     9.458 r  u_soc/u_rx_top/u_huffman_block_parser/entry_symbol_r[2]_i_15/O
                         net (fo=4, routed)           0.858    10.316    u_soc/u_rx_top/u_huffman_block_parser/entry_symbol_r[2]_i_15_n_0
    SLICE_X68Y29         LUT4 (Prop_lut4_I0_O)        0.124    10.440 r  u_soc/u_rx_top/u_huffman_block_parser/FSM_onehot_state_r[11]_i_18/O
                         net (fo=5, routed)           0.509    10.949    u_soc/u_rx_top/u_huffman_block_parser/FSM_onehot_state_r[11]_i_18_n_0
    SLICE_X69Y29         LUT5 (Prop_lut5_I0_O)        0.124    11.073 r  u_soc/u_rx_top/u_huffman_block_parser/FSM_onehot_state_r[11]_i_14/O
                         net (fo=5, routed)           0.173    11.246    u_soc/u_rx_top/u_huffman_block_parser/FSM_onehot_state_r[11]_i_14_n_0
    SLICE_X69Y29         LUT6 (Prop_lut6_I5_O)        0.124    11.370 f  u_soc/u_rx_top/u_huffman_block_parser/FSM_onehot_state_r[11]_i_8/O
                         net (fo=22, routed)          0.312    11.681    u_soc/u_rx_top/u_huffman_block_parser/parser_payload_window_len_w[0]
    SLICE_X69Y30         LUT6 (Prop_lut6_I5_O)        0.124    11.805 r  u_soc/u_rx_top/u_huffman_block_parser/entry_symbol_r[2]_i_33/O
                         net (fo=1, routed)           0.336    12.141    u_soc/u_rx_top/u_huffman_block_parser/entry_symbol_r[2]_i_33_n_0
    SLICE_X68Y31         CARRY4 (Prop_carry4_DI[0]_CO[2])
                                                      0.540    12.681 f  u_soc/u_rx_top/u_huffman_block_parser/entry_symbol_r_reg[2]_i_29/CO[2]
                         net (fo=1, routed)           0.408    13.089    u_soc/u_rx_top/u_huffman_block_decoder/entry_symbol_r[2]_i_10[0]
    SLICE_X69Y31         LUT6 (Prop_lut6_I0_O)        0.313    13.402 f  u_soc/u_rx_top/u_huffman_block_decoder/entry_symbol_r[2]_i_16/O
                         net (fo=2, routed)           0.453    13.855    u_soc/u_rx_top/u_huffman_block_parser/entry_symbol_r_reg[2]_1
    SLICE_X71Y28         LUT5 (Prop_lut5_I4_O)        0.124    13.979 r  u_soc/u_rx_top/u_huffman_block_parser/entry_symbol_r[2]_i_5/O
                         net (fo=164, routed)         0.836    14.815    u_soc/u_rx_top/u_huffman_block_parser/p_1_in__1[6]
    SLICE_X69Y26         LUT3 (Prop_lut3_I1_O)        0.124    14.939 r  u_soc/u_rx_top/u_huffman_block_parser/entry_symbol_r[4]_i_14/O
                         net (fo=1, routed)           0.000    14.939    u_soc/u_rx_top/u_huffman_block_parser/entry_symbol_r[4]_i_14_n_0
    SLICE_X69Y26         CARRY4 (Prop_carry4_S[0]_CO[3])
                                                      0.532    15.471 r  u_soc/u_rx_top/u_huffman_block_parser/entry_symbol_r_reg[4]_i_3/CO[3]
                         net (fo=1, routed)           0.000    15.471    u_soc/u_rx_top/u_huffman_block_parser/entry_symbol_r_reg[4]_i_3_n_0
    SLICE_X69Y27         CARRY4 (Prop_carry4_CI_CO[3])
                                                      0.114    15.585 r  u_soc/u_rx_top/u_huffman_block_parser/entry_symbol_r_reg[4]_i_2/CO[3]
                         net (fo=1, routed)           0.000    15.585    u_soc/u_rx_top/u_huffman_block_parser/entry_symbol_r_reg[4]_i_2_n_0
    SLICE_X69Y28         CARRY4 (Prop_carry4_CI_O[0])
                                                      0.222    15.807 f  u_soc/u_rx_top/u_huffman_block_parser/bit_count_r_reg[8]_i_10/O[0]
                         net (fo=35, routed)          0.919    16.726    u_soc/u_rx_top/u_huffman_block_parser/bit_count_r_reg[8]_i_10_n_7
    SLICE_X68Y24         LUT2 (Prop_lut2_I1_O)        0.328    17.054 f  u_soc/u_rx_top/u_huffman_block_parser/entry_symbol_r[4]_i_15/O
                         net (fo=35, routed)          0.724    17.779    u_soc/u_rx_top/u_huffman_block_parser/bit_count_r_reg[7]_0
    SLICE_X69Y24         LUT6 (Prop_lut6_I2_O)        0.327    18.106 f  u_soc/u_rx_top/u_huffman_block_parser/bit_buffer_r[101]_i_9/O
                         net (fo=3, routed)           0.827    18.933    u_soc/u_rx_top/u_huffman_block_parser/bit_buffer_r[101]_i_9_n_0
    SLICE_X68Y23         LUT3 (Prop_lut3_I0_O)        0.124    19.057 f  u_soc/u_rx_top/u_huffman_block_parser/bit_buffer_r[81]_i_8__0/O
                         net (fo=3, routed)           0.667    19.724    u_soc/u_rx_top/u_huffman_block_parser/bit_buffer_r[81]_i_8__0_n_0
    SLICE_X70Y22         LUT4 (Prop_lut4_I3_O)        0.150    19.874 f  u_soc/u_rx_top/u_huffman_block_parser/entry_code_len_r[1]_i_4/O
                         net (fo=3, routed)           0.737    20.611    u_soc/u_rx_top/u_huffman_block_parser/entry_code_len_r[1]_i_4_n_0
    SLICE_X77Y22         LUT3 (Prop_lut3_I1_O)        0.352    20.963 f  u_soc/u_rx_top/u_huffman_block_parser/entry_code_len_r[1]_i_2/O
                         net (fo=2, routed)           0.327    21.290    u_soc/u_rx_top/u_huffman_block_parser/entry_code_len_r[1]_i_2_n_0
    SLICE_X78Y23         LUT5 (Prop_lut5_I0_O)        0.326    21.616 r  u_soc/u_rx_top/u_huffman_block_parser/entry_code_len_r[1]_i_1/O
                         net (fo=8, routed)           0.623    22.239    u_soc/u_rx_top/u_huffman_block_parser/p_1_in[3]
    SLICE_X78Y24         LUT5 (Prop_lut5_I0_O)        0.124    22.363 r  u_soc/u_rx_top/u_huffman_block_parser/entry_count_remaining_r[3]_i_1/O
                         net (fo=2, routed)           0.987    23.350    u_soc/u_rx_top/u_huffman_block_parser/entry_count_remaining_r[3]_i_1_n_0
    SLICE_X78Y27         LUT6 (Prop_lut6_I3_O)        0.124    23.474 r  u_soc/u_rx_top/u_huffman_block_parser/error_r_i_14__0/O
                         net (fo=1, routed)           0.811    24.284    u_soc/u_rx_top/u_huffman_block_parser/error_r_i_14__0_n_0
    SLICE_X74Y27         LUT6 (Prop_lut6_I4_O)        0.124    24.408 r  u_soc/u_rx_top/u_huffman_block_parser/error_r_i_3__0/O
                         net (fo=1, routed)           0.416    24.824    u_soc/u_rx_top/u_huffman_block_parser/error_r_i_3__0_n_0
    SLICE_X74Y26         LUT6 (Prop_lut6_I2_O)        0.124    24.948 r  u_soc/u_rx_top/u_huffman_block_parser/error_r_i_1__1/O
                         net (fo=1, routed)           0.000    24.948    u_soc/u_rx_top/u_huffman_block_parser/error_r_i_1__1_n_0
    SLICE_X74Y26         FDRE                                         r  u_soc/u_rx_top/u_huffman_block_parser/error_r_reg/D
  -------------------------------------------------------------------    -------------------

                         (clock clk_i rise edge)     20.000    20.000 r  
    Y9                                                0.000    20.000 r  clk_i (IN)
                         net (fo=0)                   0.000    20.000    clk_i
    Y9                   IBUF (Prop_ibuf_I_O)         1.420    21.420 r  clk_i_IBUF_inst/O
                         net (fo=1, routed)           1.972    23.392    clk_i_IBUF
    BUFGCTRL_X0Y0        BUFG (Prop_bufg_I_O)         0.091    23.483 r  clk_i_IBUF_BUFG_inst/O
                         net (fo=27699, routed)       1.541    25.024    u_soc/u_rx_top/u_huffman_block_parser/clk_i
    SLICE_X74Y26         FDRE                                         r  u_soc/u_rx_top/u_huffman_block_parser/error_r_reg/C
                         clock pessimism              0.394    25.418    
                         clock uncertainty           -0.035    25.383    
    SLICE_X74Y26         FDRE (Setup_fdre_C_D)        0.032    25.415    u_soc/u_rx_top/u_huffman_block_parser/error_r_reg
  -------------------------------------------------------------------
                         required time                         25.415    
                         arrival time                         -24.948    
  -------------------------------------------------------------------
                         slack                                  0.467    

Slack (MET) :             0.473ns  (required time - arrival time)
  Source:                 u_soc/u_rx_top/u_huffman_block_parser/bit_count_r_reg[1]/C
                            (rising edge-triggered cell FDRE clocked by clk_i  {rise@0.000ns fall@10.000ns period=20.000ns})
  Destination:            u_soc/u_rx_top/u_huffman_block_parser/bit_buffer_r_reg[49]/D
                            (rising edge-triggered cell FDRE clocked by clk_i  {rise@0.000ns fall@10.000ns period=20.000ns})
  Path Group:             clk_i
  Path Type:              Setup (Max at Slow Process Corner)
  Requirement:            20.000ns  (clk_i rise@20.000ns - clk_i rise@0.000ns)
  Data Path Delay:        19.473ns  (logic 6.384ns (32.784%)  route 13.089ns (67.216%))
  Logic Levels:           26  (CARRY4=6 LUT2=3 LUT3=4 LUT4=4 LUT5=3 LUT6=6)
  Clock Path Skew:        -0.050ns (DCD - SCD + CPR)
    Destination Clock Delay (DCD):    5.035ns = ( 25.035 - 20.000 ) 
    Source Clock Delay      (SCD):    5.479ns
    Clock Pessimism Removal (CPR):    0.394ns
  Clock Uncertainty:      0.035ns  ((TSJ^2 + TIJ^2)^1/2 + DJ) / 2 + PE
    Total System Jitter     (TSJ):    0.071ns
    Total Input Jitter      (TIJ):    0.000ns
    Discrete Jitter          (DJ):    0.000ns
    Phase Error              (PE):    0.000ns

    Location             Delay type                Incr(ns)  Path(ns)    Netlist Resource(s)
  -------------------------------------------------------------------    -------------------
                         (clock clk_i rise edge)      0.000     0.000 r  
    Y9                                                0.000     0.000 r  clk_i (IN)
                         net (fo=0)                   0.000     0.000    clk_i
    Y9                   IBUF (Prop_ibuf_I_O)         1.490     1.490 r  clk_i_IBUF_inst/O
                         net (fo=1, routed)           2.171     3.661    clk_i_IBUF
    BUFGCTRL_X0Y0        BUFG (Prop_bufg_I_O)         0.101     3.762 r  clk_i_IBUF_BUFG_inst/O
                         net (fo=27699, routed)       1.717     5.479    u_soc/u_rx_top/u_huffman_block_parser/clk_i
    SLICE_X67Y30         FDRE                                         r  u_soc/u_rx_top/u_huffman_block_parser/bit_count_r_reg[1]/C
  -------------------------------------------------------------------    -------------------
    SLICE_X67Y30         FDRE (Prop_fdre_C_Q)         0.456     5.935 r  u_soc/u_rx_top/u_huffman_block_parser/bit_count_r_reg[1]/Q
                         net (fo=8, routed)           0.834     6.769    u_soc/u_rx_top/u_huffman_block_parser/Q[1]
    SLICE_X67Y29         LUT4 (Prop_lut4_I1_O)        0.124     6.893 r  u_soc/u_rx_top/u_huffman_block_parser/FSM_onehot_state_r[11]_i_26/O
                         net (fo=1, routed)           0.000     6.893    u_soc/u_rx_top/u_huffman_block_parser/FSM_onehot_state_r[11]_i_26_n_0
    SLICE_X67Y29         CARRY4 (Prop_carry4_S[0]_CO[3])
                                                      0.532     7.425 r  u_soc/u_rx_top/u_huffman_block_parser/FSM_onehot_state_r_reg[11]_i_15/CO[3]
                         net (fo=1, routed)           0.000     7.425    u_soc/u_rx_top/u_huffman_block_parser/FSM_onehot_state_r_reg[11]_i_15_n_0
    SLICE_X67Y30         CARRY4 (Prop_carry4_CI_CO[0])
                                                      0.271     7.696 r  u_soc/u_rx_top/u_huffman_block_parser/FSM_onehot_state_r_reg[11]_i_13/CO[0]
                         net (fo=14, routed)          0.823     8.519    u_soc/u_rx_top/u_huffman_block_parser/FSM_onehot_state_r_reg[11]_i_13_n_3
    SLICE_X69Y30         LUT5 (Prop_lut5_I4_O)        0.373     8.892 r  u_soc/u_rx_top/u_huffman_block_parser/entry_symbol_r[2]_i_21/O
                         net (fo=3, routed)           0.442     9.334    u_soc/u_rx_top/u_huffman_block_parser/entry_symbol_r[2]_i_21_n_0
    SLICE_X68Y29         LUT6 (Prop_lut6_I0_O)        0.124     9.458 r  u_soc/u_rx_top/u_huffman_block_parser/entry_symbol_r[2]_i_15/O
                         net (fo=4, routed)           0.858    10.316    u_soc/u_rx_top/u_huffman_block_parser/entry_symbol_r[2]_i_15_n_0
    SLICE_X68Y29         LUT4 (Prop_lut4_I0_O)        0.124    10.440 r  u_soc/u_rx_top/u_huffman_block_parser/FSM_onehot_state_r[11]_i_18/O
                         net (fo=5, routed)           0.509    10.949    u_soc/u_rx_top/u_huffman_block_parser/FSM_onehot_state_r[11]_i_18_n_0
    SLICE_X69Y29         LUT5 (Prop_lut5_I0_O)        0.124    11.073 r  u_soc/u_rx_top/u_huffman_block_parser/FSM_onehot_state_r[11]_i_14/O
                         net (fo=5, routed)           0.173    11.246    u_soc/u_rx_top/u_huffman_block_parser/FSM_onehot_state_r[11]_i_14_n_0
    SLICE_X69Y29         LUT6 (Prop_lut6_I5_O)        0.124    11.370 f  u_soc/u_rx_top/u_huffman_block_parser/FSM_onehot_state_r[11]_i_8/O
                         net (fo=22, routed)          0.312    11.681    u_soc/u_rx_top/u_huffman_block_parser/parser_payload_window_len_w[0]
    SLICE_X69Y30         LUT6 (Prop_lut6_I5_O)        0.124    11.805 r  u_soc/u_rx_top/u_huffman_block_parser/entry_symbol_r[2]_i_33/O
                         net (fo=1, routed)           0.336    12.141    u_soc/u_rx_top/u_huffman_block_parser/entry_symbol_r[2]_i_33_n_0
    SLICE_X68Y31         CARRY4 (Prop_carry4_DI[0]_CO[2])
                                                      0.540    12.681 f  u_soc/u_rx_top/u_huffman_block_parser/entry_symbol_r_reg[2]_i_29/CO[2]
                         net (fo=1, routed)           0.408    13.089    u_soc/u_rx_top/u_huffman_block_decoder/entry_symbol_r[2]_i_10[0]
    SLICE_X69Y31         LUT6 (Prop_lut6_I0_O)        0.313    13.402 f  u_soc/u_rx_top/u_huffman_block_decoder/entry_symbol_r[2]_i_16/O
                         net (fo=2, routed)           0.453    13.855    u_soc/u_rx_top/u_huffman_block_parser/entry_symbol_r_reg[2]_1
    SLICE_X71Y28         LUT5 (Prop_lut5_I4_O)        0.124    13.979 r  u_soc/u_rx_top/u_huffman_block_parser/entry_symbol_r[2]_i_5/O
                         net (fo=164, routed)         0.836    14.815    u_soc/u_rx_top/u_huffman_block_parser/p_1_in__1[6]
    SLICE_X69Y26         LUT3 (Prop_lut3_I1_O)        0.124    14.939 r  u_soc/u_rx_top/u_huffman_block_parser/entry_symbol_r[4]_i_14/O
                         net (fo=1, routed)           0.000    14.939    u_soc/u_rx_top/u_huffman_block_parser/entry_symbol_r[4]_i_14_n_0
    SLICE_X69Y26         CARRY4 (Prop_carry4_S[0]_CO[3])
                                                      0.532    15.471 r  u_soc/u_rx_top/u_huffman_block_parser/entry_symbol_r_reg[4]_i_3/CO[3]
                         net (fo=1, routed)           0.000    15.471    u_soc/u_rx_top/u_huffman_block_parser/entry_symbol_r_reg[4]_i_3_n_0
    SLICE_X69Y27         CARRY4 (Prop_carry4_CI_CO[3])
                                                      0.114    15.585 r  u_soc/u_rx_top/u_huffman_block_parser/entry_symbol_r_reg[4]_i_2/CO[3]
                         net (fo=1, routed)           0.000    15.585    u_soc/u_rx_top/u_huffman_block_parser/entry_symbol_r_reg[4]_i_2_n_0
    SLICE_X69Y28         CARRY4 (Prop_carry4_CI_O[0])
                                                      0.222    15.807 f  u_soc/u_rx_top/u_huffman_block_parser/bit_count_r_reg[8]_i_10/O[0]
                         net (fo=35, routed)          0.919    16.726    u_soc/u_rx_top/u_huffman_block_parser/bit_count_r_reg[8]_i_10_n_7
    SLICE_X68Y24         LUT2 (Prop_lut2_I1_O)        0.328    17.054 f  u_soc/u_rx_top/u_huffman_block_parser/entry_symbol_r[4]_i_15/O
                         net (fo=35, routed)          0.962    18.016    u_soc/u_rx_top/u_huffman_block_parser/bit_count_r_reg[7]_0
    SLICE_X69Y15         LUT6 (Prop_lut6_I2_O)        0.327    18.343 f  u_soc/u_rx_top/u_huffman_block_parser/bit_buffer_r[95]_i_8/O
                         net (fo=3, routed)           0.583    18.926    u_soc/u_rx_top/u_huffman_block_parser/bit_buffer_r[95]_i_8_n_0
    SLICE_X69Y17         LUT3 (Prop_lut3_I2_O)        0.124    19.050 f  u_soc/u_rx_top/u_huffman_block_parser/bit_buffer_r[107]_i_12/O
                         net (fo=3, routed)           0.650    19.700    u_soc/u_rx_top/u_huffman_block_parser/bit_buffer_r[107]_i_12_n_0
    SLICE_X69Y18         LUT4 (Prop_lut4_I0_O)        0.124    19.824 f  u_soc/u_rx_top/u_huffman_block_parser/bit_buffer_r[83]_i_10/O
                         net (fo=2, routed)           0.600    20.425    u_soc/u_rx_top/u_huffman_block_parser/bit_buffer_r[83]_i_10_n_0
    SLICE_X69Y18         LUT2 (Prop_lut2_I1_O)        0.118    20.543 r  u_soc/u_rx_top/u_huffman_block_parser/bit_buffer_r[83]_i_7__0/O
                         net (fo=2, routed)           0.811    21.354    u_soc/u_rx_top/u_huffman_block_parser/bit_buffer_r[83]_i_7__0_n_0
    SLICE_X76Y21         LUT3 (Prop_lut3_I1_O)        0.326    21.680 f  u_soc/u_rx_top/u_huffman_block_parser/bit_buffer_r[115]_i_3__0/O
                         net (fo=2, routed)           0.823    22.503    u_soc/u_rx_top/u_huffman_block_parser/bit_buffer_r[115]_i_3__0_n_0
    SLICE_X76Y15         LUT3 (Prop_lut3_I1_O)        0.124    22.627 f  u_soc/u_rx_top/u_huffman_block_parser/bit_buffer_r[51]_i_3/O
                         net (fo=7, routed)           0.738    23.365    u_soc/u_rx_top/u_huffman_block_parser/bit_buffer_r[51]_i_3_n_0
    SLICE_X76Y19         LUT4 (Prop_lut4_I2_O)        0.118    23.483 r  u_soc/u_rx_top/u_huffman_block_parser/bit_buffer_r[49]_i_4/O
                         net (fo=1, routed)           0.303    23.786    u_soc/u_rx_top/u_huffman_block_parser/bit_buffer_r[49]_i_4_n_0
    SLICE_X76Y18         LUT6 (Prop_lut6_I1_O)        0.326    24.112 r  u_soc/u_rx_top/u_huffman_block_parser/bit_buffer_r[49]_i_2__0/O
                         net (fo=1, routed)           0.716    24.828    u_soc/u_rx_top/u_huffman_block_parser/bit_buffer_r[49]_i_2__0_n_0
    SLICE_X77Y15         LUT2 (Prop_lut2_I0_O)        0.124    24.952 r  u_soc/u_rx_top/u_huffman_block_parser/bit_buffer_r[49]_i_1__0/O
                         net (fo=1, routed)           0.000    24.952    u_soc/u_rx_top/u_huffman_block_parser/bit_buffer_r[49]_i_1__0_n_0
    SLICE_X77Y15         FDRE                                         r  u_soc/u_rx_top/u_huffman_block_parser/bit_buffer_r_reg[49]/D
  -------------------------------------------------------------------    -------------------

                         (clock clk_i rise edge)     20.000    20.000 r  
    Y9                                                0.000    20.000 r  clk_i (IN)
                         net (fo=0)                   0.000    20.000    clk_i
    Y9                   IBUF (Prop_ibuf_I_O)         1.420    21.420 r  clk_i_IBUF_inst/O
                         net (fo=1, routed)           1.972    23.392    clk_i_IBUF
    BUFGCTRL_X0Y0        BUFG (Prop_bufg_I_O)         0.091    23.483 r  clk_i_IBUF_BUFG_inst/O
                         net (fo=27699, routed)       1.552    25.035    u_soc/u_rx_top/u_huffman_block_parser/clk_i
    SLICE_X77Y15         FDRE                                         r  u_soc/u_rx_top/u_huffman_block_parser/bit_buffer_r_reg[49]/C
                         clock pessimism              0.394    25.429    
                         clock uncertainty           -0.035    25.394    
    SLICE_X77Y15         FDRE (Setup_fdre_C_D)        0.031    25.425    u_soc/u_rx_top/u_huffman_block_parser/bit_buffer_r_reg[49]
  -------------------------------------------------------------------
                         required time                         25.425    
                         arrival time                         -24.952    
  -------------------------------------------------------------------
                         slack                                  0.473    

Slack (MET) :             0.496ns  (required time - arrival time)
  Source:                 u_soc/u_rx_top/u_huffman_block_parser/bit_count_r_reg[1]/C
                            (rising edge-triggered cell FDRE clocked by clk_i  {rise@0.000ns fall@10.000ns period=20.000ns})
  Destination:            u_soc/u_rx_top/u_huffman_block_parser/bit_buffer_r_reg[43]/D
                            (rising edge-triggered cell FDRE clocked by clk_i  {rise@0.000ns fall@10.000ns period=20.000ns})
  Path Group:             clk_i
  Path Type:              Setup (Max at Slow Process Corner)
  Requirement:            20.000ns  (clk_i rise@20.000ns - clk_i rise@0.000ns)
  Data Path Delay:        19.441ns  (logic 6.795ns (34.952%)  route 12.646ns (65.048%))
  Logic Levels:           26  (CARRY4=6 LUT2=4 LUT3=2 LUT4=4 LUT5=5 LUT6=5)
  Clock Path Skew:        -0.059ns (DCD - SCD + CPR)
    Destination Clock Delay (DCD):    5.026ns = ( 25.026 - 20.000 ) 
    Source Clock Delay      (SCD):    5.479ns
    Clock Pessimism Removal (CPR):    0.394ns
  Clock Uncertainty:      0.035ns  ((TSJ^2 + TIJ^2)^1/2 + DJ) / 2 + PE
    Total System Jitter     (TSJ):    0.071ns
    Total Input Jitter      (TIJ):    0.000ns
    Discrete Jitter          (DJ):    0.000ns
    Phase Error              (PE):    0.000ns

    Location             Delay type                Incr(ns)  Path(ns)    Netlist Resource(s)
  -------------------------------------------------------------------    -------------------
                         (clock clk_i rise edge)      0.000     0.000 r  
    Y9                                                0.000     0.000 r  clk_i (IN)
                         net (fo=0)                   0.000     0.000    clk_i
    Y9                   IBUF (Prop_ibuf_I_O)         1.490     1.490 r  clk_i_IBUF_inst/O
                         net (fo=1, routed)           2.171     3.661    clk_i_IBUF
    BUFGCTRL_X0Y0        BUFG (Prop_bufg_I_O)         0.101     3.762 r  clk_i_IBUF_BUFG_inst/O
                         net (fo=27699, routed)       1.717     5.479    u_soc/u_rx_top/u_huffman_block_parser/clk_i
    SLICE_X67Y30         FDRE                                         r  u_soc/u_rx_top/u_huffman_block_parser/bit_count_r_reg[1]/C
  -------------------------------------------------------------------    -------------------
    SLICE_X67Y30         FDRE (Prop_fdre_C_Q)         0.456     5.935 r  u_soc/u_rx_top/u_huffman_block_parser/bit_count_r_reg[1]/Q
                         net (fo=8, routed)           0.834     6.769    u_soc/u_rx_top/u_huffman_block_parser/Q[1]
    SLICE_X67Y29         LUT4 (Prop_lut4_I1_O)        0.124     6.893 r  u_soc/u_rx_top/u_huffman_block_parser/FSM_onehot_state_r[11]_i_26/O
                         net (fo=1, routed)           0.000     6.893    u_soc/u_rx_top/u_huffman_block_parser/FSM_onehot_state_r[11]_i_26_n_0
    SLICE_X67Y29         CARRY4 (Prop_carry4_S[0]_CO[3])
                                                      0.532     7.425 r  u_soc/u_rx_top/u_huffman_block_parser/FSM_onehot_state_r_reg[11]_i_15/CO[3]
                         net (fo=1, routed)           0.000     7.425    u_soc/u_rx_top/u_huffman_block_parser/FSM_onehot_state_r_reg[11]_i_15_n_0
    SLICE_X67Y30         CARRY4 (Prop_carry4_CI_CO[0])
                                                      0.271     7.696 r  u_soc/u_rx_top/u_huffman_block_parser/FSM_onehot_state_r_reg[11]_i_13/CO[0]
                         net (fo=14, routed)          0.823     8.519    u_soc/u_rx_top/u_huffman_block_parser/FSM_onehot_state_r_reg[11]_i_13_n_3
    SLICE_X69Y30         LUT5 (Prop_lut5_I4_O)        0.373     8.892 r  u_soc/u_rx_top/u_huffman_block_parser/entry_symbol_r[2]_i_21/O
                         net (fo=3, routed)           0.442     9.334    u_soc/u_rx_top/u_huffman_block_parser/entry_symbol_r[2]_i_21_n_0
    SLICE_X68Y29         LUT6 (Prop_lut6_I0_O)        0.124     9.458 r  u_soc/u_rx_top/u_huffman_block_parser/entry_symbol_r[2]_i_15/O
                         net (fo=4, routed)           0.858    10.316    u_soc/u_rx_top/u_huffman_block_parser/entry_symbol_r[2]_i_15_n_0
    SLICE_X68Y29         LUT4 (Prop_lut4_I0_O)        0.124    10.440 r  u_soc/u_rx_top/u_huffman_block_parser/FSM_onehot_state_r[11]_i_18/O
                         net (fo=5, routed)           0.509    10.949    u_soc/u_rx_top/u_huffman_block_parser/FSM_onehot_state_r[11]_i_18_n_0
    SLICE_X69Y29         LUT5 (Prop_lut5_I0_O)        0.124    11.073 r  u_soc/u_rx_top/u_huffman_block_parser/FSM_onehot_state_r[11]_i_14/O
                         net (fo=5, routed)           0.173    11.246    u_soc/u_rx_top/u_huffman_block_parser/FSM_onehot_state_r[11]_i_14_n_0
    SLICE_X69Y29         LUT6 (Prop_lut6_I5_O)        0.124    11.370 f  u_soc/u_rx_top/u_huffman_block_parser/FSM_onehot_state_r[11]_i_8/O
                         net (fo=22, routed)          0.312    11.681    u_soc/u_rx_top/u_huffman_block_parser/parser_payload_window_len_w[0]
    SLICE_X69Y30         LUT6 (Prop_lut6_I5_O)        0.124    11.805 r  u_soc/u_rx_top/u_huffman_block_parser/entry_symbol_r[2]_i_33/O
                         net (fo=1, routed)           0.336    12.141    u_soc/u_rx_top/u_huffman_block_parser/entry_symbol_r[2]_i_33_n_0
    SLICE_X68Y31         CARRY4 (Prop_carry4_DI[0]_CO[2])
                                                      0.540    12.681 f  u_soc/u_rx_top/u_huffman_block_parser/entry_symbol_r_reg[2]_i_29/CO[2]
                         net (fo=1, routed)           0.408    13.089    u_soc/u_rx_top/u_huffman_block_decoder/entry_symbol_r[2]_i_10[0]
    SLICE_X69Y31         LUT6 (Prop_lut6_I0_O)        0.313    13.402 f  u_soc/u_rx_top/u_huffman_block_decoder/entry_symbol_r[2]_i_16/O
                         net (fo=2, routed)           0.453    13.855    u_soc/u_rx_top/u_huffman_block_parser/entry_symbol_r_reg[2]_1
    SLICE_X71Y28         LUT5 (Prop_lut5_I4_O)        0.124    13.979 r  u_soc/u_rx_top/u_huffman_block_parser/entry_symbol_r[2]_i_5/O
                         net (fo=164, routed)         0.836    14.815    u_soc/u_rx_top/u_huffman_block_parser/p_1_in__1[6]
    SLICE_X69Y26         LUT3 (Prop_lut3_I1_O)        0.124    14.939 r  u_soc/u_rx_top/u_huffman_block_parser/entry_symbol_r[4]_i_14/O
                         net (fo=1, routed)           0.000    14.939    u_soc/u_rx_top/u_huffman_block_parser/entry_symbol_r[4]_i_14_n_0
    SLICE_X69Y26         CARRY4 (Prop_carry4_S[0]_O[1])
                                                      0.424    15.363 r  u_soc/u_rx_top/u_huffman_block_parser/entry_symbol_r_reg[4]_i_3/O[1]
                         net (fo=41, routed)          0.693    16.056    u_soc/u_rx_top/u_huffman_block_parser/bit_count_r_reg[3]_0[1]
    SLICE_X68Y26         LUT3 (Prop_lut3_I0_O)        0.303    16.359 r  u_soc/u_rx_top/u_huffman_block_parser/bit_count_r[3]_i_10/O
                         net (fo=1, routed)           0.000    16.359    u_soc/u_rx_top/u_huffman_block_parser/bit_count_r[3]_i_10_n_0
    SLICE_X68Y26         CARRY4 (Prop_carry4_S[1]_CO[3])
                                                      0.550    16.909 r  u_soc/u_rx_top/u_huffman_block_parser/bit_count_r_reg[3]_i_3/CO[3]
                         net (fo=1, routed)           0.000    16.909    u_soc/u_rx_top/u_huffman_block_parser/bit_count_r_reg[3]_i_3_n_0
    SLICE_X68Y27         CARRY4 (Prop_carry4_CI_O[3])
                                                      0.313    17.222 f  u_soc/u_rx_top/u_huffman_block_parser/bit_count_r_reg[6]_i_6/O[3]
                         net (fo=17, routed)          1.051    18.273    u_soc/u_rx_top/u_huffman_block_parser/bit_count_r_reg[6]_i_6_n_4
    SLICE_X70Y27         LUT5 (Prop_lut5_I1_O)        0.306    18.579 f  u_soc/u_rx_top/u_huffman_block_parser/bit_count_r[5]_i_15/O
                         net (fo=8, routed)           0.797    19.376    u_soc/u_rx_top/u_huffman_block_parser/bit_count_r[5]_i_15_n_0
    SLICE_X71Y24         LUT4 (Prop_lut4_I0_O)        0.124    19.500 r  u_soc/u_rx_top/u_huffman_block_parser/one_symbol_value_r[7]_i_3/O
                         net (fo=5, routed)           0.450    19.949    u_soc/u_rx_top/u_huffman_block_parser/one_symbol_value_r[7]_i_3_n_0
    SLICE_X74Y24         LUT4 (Prop_lut4_I3_O)        0.124    20.073 f  u_soc/u_rx_top/u_huffman_block_parser/bit_buffer_r[113]_i_5/O
                         net (fo=35, routed)          0.648    20.721    u_soc/u_rx_top/u_huffman_block_parser/bit_buffer_r[113]_i_5_n_0
    SLICE_X73Y23         LUT2 (Prop_lut2_I0_O)        0.124    20.845 f  u_soc/u_rx_top/u_huffman_block_parser/bit_buffer_r[80]_i_4__0/O
                         net (fo=86, routed)          0.550    21.395    u_soc/u_rx_top/u_huffman_block_parser/bit_buffer_r[80]_i_4__0_n_0
    SLICE_X75Y23         LUT5 (Prop_lut5_I2_O)        0.124    21.519 f  u_soc/u_rx_top/u_huffman_block_parser/bit_buffer_r[109]_i_2__0/O
                         net (fo=16, routed)          0.459    21.978    u_soc/u_rx_top/u_huffman_block_parser/bit_buffer_r[109]_i_2__0_n_0
    SLICE_X75Y22         LUT2 (Prop_lut2_I1_O)        0.124    22.102 r  u_soc/u_rx_top/u_huffman_block_parser/bit_buffer_r[83]_i_2__0/O
                         net (fo=18, routed)          0.515    22.617    u_soc/u_rx_top/u_huffman_block_parser/bit_buffer_r[83]_i_2__0_n_0
    SLICE_X79Y22         LUT2 (Prop_lut2_I1_O)        0.118    22.735 f  u_soc/u_rx_top/u_huffman_block_parser/bit_buffer_r[31]_i_5__0/O
                         net (fo=34, routed)          1.048    23.783    u_soc/u_rx_top/u_huffman_block_parser/bit_buffer_r[31]_i_5__0_n_0
    SLICE_X78Y20         LUT2 (Prop_lut2_I0_O)        0.352    24.135 r  u_soc/u_rx_top/u_huffman_block_parser/bit_buffer_r[43]_i_4/O
                         net (fo=1, routed)           0.453    24.588    u_soc/u_rx_top/u_huffman_block_parser/bit_buffer_r[43]_i_4_n_0
    SLICE_X77Y23         LUT6 (Prop_lut6_I5_O)        0.332    24.920 r  u_soc/u_rx_top/u_huffman_block_parser/bit_buffer_r[43]_i_1__0/O
                         net (fo=1, routed)           0.000    24.920    u_soc/u_rx_top/u_huffman_block_parser/bit_buffer_r[43]_i_1__0_n_0
    SLICE_X77Y23         FDRE                                         r  u_soc/u_rx_top/u_huffman_block_parser/bit_buffer_r_reg[43]/D
  -------------------------------------------------------------------    -------------------

                         (clock clk_i rise edge)     20.000    20.000 r  
    Y9                                                0.000    20.000 r  clk_i (IN)
                         net (fo=0)                   0.000    20.000    clk_i
    Y9                   IBUF (Prop_ibuf_I_O)         1.420    21.420 r  clk_i_IBUF_inst/O
                         net (fo=1, routed)           1.972    23.392    clk_i_IBUF
    BUFGCTRL_X0Y0        BUFG (Prop_bufg_I_O)         0.091    23.483 r  clk_i_IBUF_BUFG_inst/O
                         net (fo=27699, routed)       1.543    25.026    u_soc/u_rx_top/u_huffman_block_parser/clk_i
    SLICE_X77Y23         FDRE                                         r  u_soc/u_rx_top/u_huffman_block_parser/bit_buffer_r_reg[43]/C
                         clock pessimism              0.394    25.420    
                         clock uncertainty           -0.035    25.385    
    SLICE_X77Y23         FDRE (Setup_fdre_C_D)        0.031    25.416    u_soc/u_rx_top/u_huffman_block_parser/bit_buffer_r_reg[43]
  -------------------------------------------------------------------
                         required time                         25.416    
                         arrival time                         -24.920    
  -------------------------------------------------------------------
                         slack                                  0.496    

Slack (MET) :             0.590ns  (required time - arrival time)
  Source:                 u_soc/u_rx_top/u_huffman_block_parser/bit_count_r_reg[1]/C
                            (rising edge-triggered cell FDRE clocked by clk_i  {rise@0.000ns fall@10.000ns period=20.000ns})
  Destination:            u_soc/u_rx_top/u_huffman_block_parser/bit_buffer_r_reg[20]/D
                            (rising edge-triggered cell FDRE clocked by clk_i  {rise@0.000ns fall@10.000ns period=20.000ns})
  Path Group:             clk_i
  Path Type:              Setup (Max at Slow Process Corner)
  Requirement:            20.000ns  (clk_i rise@20.000ns - clk_i rise@0.000ns)
  Data Path Delay:        19.390ns  (logic 6.586ns (33.967%)  route 12.804ns (66.033%))
  Logic Levels:           26  (CARRY4=6 LUT2=3 LUT3=3 LUT4=4 LUT5=6 LUT6=4)
  Clock Path Skew:        -0.060ns (DCD - SCD + CPR)
    Destination Clock Delay (DCD):    5.025ns = ( 25.025 - 20.000 ) 
    Source Clock Delay      (SCD):    5.479ns
    Clock Pessimism Removal (CPR):    0.394ns
  Clock Uncertainty:      0.035ns  ((TSJ^2 + TIJ^2)^1/2 + DJ) / 2 + PE
    Total System Jitter     (TSJ):    0.071ns
    Total Input Jitter      (TIJ):    0.000ns
    Discrete Jitter          (DJ):    0.000ns
    Phase Error              (PE):    0.000ns

    Location             Delay type                Incr(ns)  Path(ns)    Netlist Resource(s)
  -------------------------------------------------------------------    -------------------
                         (clock clk_i rise edge)      0.000     0.000 r  
    Y9                                                0.000     0.000 r  clk_i (IN)
                         net (fo=0)                   0.000     0.000    clk_i
    Y9                   IBUF (Prop_ibuf_I_O)         1.490     1.490 r  clk_i_IBUF_inst/O
                         net (fo=1, routed)           2.171     3.661    clk_i_IBUF
    BUFGCTRL_X0Y0        BUFG (Prop_bufg_I_O)         0.101     3.762 r  clk_i_IBUF_BUFG_inst/O
                         net (fo=27699, routed)       1.717     5.479    u_soc/u_rx_top/u_huffman_block_parser/clk_i
    SLICE_X67Y30         FDRE                                         r  u_soc/u_rx_top/u_huffman_block_parser/bit_count_r_reg[1]/C
  -------------------------------------------------------------------    -------------------
    SLICE_X67Y30         FDRE (Prop_fdre_C_Q)         0.456     5.935 r  u_soc/u_rx_top/u_huffman_block_parser/bit_count_r_reg[1]/Q
                         net (fo=8, routed)           0.834     6.769    u_soc/u_rx_top/u_huffman_block_parser/Q[1]
    SLICE_X67Y29         LUT4 (Prop_lut4_I1_O)        0.124     6.893 r  u_soc/u_rx_top/u_huffman_block_parser/FSM_onehot_state_r[11]_i_26/O
                         net (fo=1, routed)           0.000     6.893    u_soc/u_rx_top/u_huffman_block_parser/FSM_onehot_state_r[11]_i_26_n_0
    SLICE_X67Y29         CARRY4 (Prop_carry4_S[0]_CO[3])
                                                      0.532     7.425 r  u_soc/u_rx_top/u_huffman_block_parser/FSM_onehot_state_r_reg[11]_i_15/CO[3]
                         net (fo=1, routed)           0.000     7.425    u_soc/u_rx_top/u_huffman_block_parser/FSM_onehot_state_r_reg[11]_i_15_n_0
    SLICE_X67Y30         CARRY4 (Prop_carry4_CI_CO[0])
                                                      0.271     7.696 r  u_soc/u_rx_top/u_huffman_block_parser/FSM_onehot_state_r_reg[11]_i_13/CO[0]
                         net (fo=14, routed)          0.823     8.519    u_soc/u_rx_top/u_huffman_block_parser/FSM_onehot_state_r_reg[11]_i_13_n_3
    SLICE_X69Y30         LUT5 (Prop_lut5_I4_O)        0.373     8.892 r  u_soc/u_rx_top/u_huffman_block_parser/entry_symbol_r[2]_i_21/O
                         net (fo=3, routed)           0.442     9.334    u_soc/u_rx_top/u_huffman_block_parser/entry_symbol_r[2]_i_21_n_0
    SLICE_X68Y29         LUT6 (Prop_lut6_I0_O)        0.124     9.458 r  u_soc/u_rx_top/u_huffman_block_parser/entry_symbol_r[2]_i_15/O
                         net (fo=4, routed)           0.858    10.316    u_soc/u_rx_top/u_huffman_block_parser/entry_symbol_r[2]_i_15_n_0
    SLICE_X68Y29         LUT4 (Prop_lut4_I0_O)        0.124    10.440 r  u_soc/u_rx_top/u_huffman_block_parser/FSM_onehot_state_r[11]_i_18/O
                         net (fo=5, routed)           0.509    10.949    u_soc/u_rx_top/u_huffman_block_parser/FSM_onehot_state_r[11]_i_18_n_0
    SLICE_X69Y29         LUT5 (Prop_lut5_I0_O)        0.124    11.073 r  u_soc/u_rx_top/u_huffman_block_parser/FSM_onehot_state_r[11]_i_14/O
                         net (fo=5, routed)           0.173    11.246    u_soc/u_rx_top/u_huffman_block_parser/FSM_onehot_state_r[11]_i_14_n_0
    SLICE_X69Y29         LUT6 (Prop_lut6_I5_O)        0.124    11.370 f  u_soc/u_rx_top/u_huffman_block_parser/FSM_onehot_state_r[11]_i_8/O
                         net (fo=22, routed)          0.312    11.681    u_soc/u_rx_top/u_huffman_block_parser/parser_payload_window_len_w[0]
    SLICE_X69Y30         LUT6 (Prop_lut6_I5_O)        0.124    11.805 r  u_soc/u_rx_top/u_huffman_block_parser/entry_symbol_r[2]_i_33/O
                         net (fo=1, routed)           0.336    12.141    u_soc/u_rx_top/u_huffman_block_parser/entry_symbol_r[2]_i_33_n_0
    SLICE_X68Y31         CARRY4 (Prop_carry4_DI[0]_CO[2])
                                                      0.540    12.681 f  u_soc/u_rx_top/u_huffman_block_parser/entry_symbol_r_reg[2]_i_29/CO[2]
                         net (fo=1, routed)           0.408    13.089    u_soc/u_rx_top/u_huffman_block_decoder/entry_symbol_r[2]_i_10[0]
    SLICE_X69Y31         LUT6 (Prop_lut6_I0_O)        0.313    13.402 f  u_soc/u_rx_top/u_huffman_block_decoder/entry_symbol_r[2]_i_16/O
                         net (fo=2, routed)           0.453    13.855    u_soc/u_rx_top/u_huffman_block_parser/entry_symbol_r_reg[2]_1
    SLICE_X71Y28         LUT5 (Prop_lut5_I4_O)        0.124    13.979 r  u_soc/u_rx_top/u_huffman_block_parser/entry_symbol_r[2]_i_5/O
                         net (fo=164, routed)         0.836    14.815    u_soc/u_rx_top/u_huffman_block_parser/p_1_in__1[6]
    SLICE_X69Y26         LUT3 (Prop_lut3_I1_O)        0.124    14.939 r  u_soc/u_rx_top/u_huffman_block_parser/entry_symbol_r[4]_i_14/O
                         net (fo=1, routed)           0.000    14.939    u_soc/u_rx_top/u_huffman_block_parser/entry_symbol_r[4]_i_14_n_0
    SLICE_X69Y26         CARRY4 (Prop_carry4_S[0]_O[1])
                                                      0.424    15.363 r  u_soc/u_rx_top/u_huffman_block_parser/entry_symbol_r_reg[4]_i_3/O[1]
                         net (fo=41, routed)          0.693    16.056    u_soc/u_rx_top/u_huffman_block_parser/bit_count_r_reg[3]_0[1]
    SLICE_X68Y26         LUT3 (Prop_lut3_I0_O)        0.303    16.359 r  u_soc/u_rx_top/u_huffman_block_parser/bit_count_r[3]_i_10/O
                         net (fo=1, routed)           0.000    16.359    u_soc/u_rx_top/u_huffman_block_parser/bit_count_r[3]_i_10_n_0
    SLICE_X68Y26         CARRY4 (Prop_carry4_S[1]_CO[3])
                                                      0.550    16.909 r  u_soc/u_rx_top/u_huffman_block_parser/bit_count_r_reg[3]_i_3/CO[3]
                         net (fo=1, routed)           0.000    16.909    u_soc/u_rx_top/u_huffman_block_parser/bit_count_r_reg[3]_i_3_n_0
    SLICE_X68Y27         CARRY4 (Prop_carry4_CI_O[3])
                                                      0.313    17.222 f  u_soc/u_rx_top/u_huffman_block_parser/bit_count_r_reg[6]_i_6/O[3]
                         net (fo=17, routed)          1.051    18.273    u_soc/u_rx_top/u_huffman_block_parser/bit_count_r_reg[6]_i_6_n_4
    SLICE_X70Y27         LUT5 (Prop_lut5_I1_O)        0.306    18.579 f  u_soc/u_rx_top/u_huffman_block_parser/bit_count_r[5]_i_15/O
                         net (fo=8, routed)           0.797    19.376    u_soc/u_rx_top/u_huffman_block_parser/bit_count_r[5]_i_15_n_0
    SLICE_X71Y24         LUT4 (Prop_lut4_I0_O)        0.124    19.500 r  u_soc/u_rx_top/u_huffman_block_parser/one_symbol_value_r[7]_i_3/O
                         net (fo=5, routed)           0.450    19.949    u_soc/u_rx_top/u_huffman_block_parser/one_symbol_value_r[7]_i_3_n_0
    SLICE_X74Y24         LUT4 (Prop_lut4_I3_O)        0.124    20.073 f  u_soc/u_rx_top/u_huffman_block_parser/bit_buffer_r[113]_i_5/O
                         net (fo=35, routed)          0.648    20.721    u_soc/u_rx_top/u_huffman_block_parser/bit_buffer_r[113]_i_5_n_0
    SLICE_X73Y23         LUT2 (Prop_lut2_I0_O)        0.124    20.845 f  u_soc/u_rx_top/u_huffman_block_parser/bit_buffer_r[80]_i_4__0/O
                         net (fo=86, routed)          0.550    21.395    u_soc/u_rx_top/u_huffman_block_parser/bit_buffer_r[80]_i_4__0_n_0
    SLICE_X75Y23         LUT5 (Prop_lut5_I2_O)        0.124    21.519 f  u_soc/u_rx_top/u_huffman_block_parser/bit_buffer_r[109]_i_2__0/O
                         net (fo=16, routed)          0.459    21.978    u_soc/u_rx_top/u_huffman_block_parser/bit_buffer_r[109]_i_2__0_n_0
    SLICE_X75Y22         LUT2 (Prop_lut2_I1_O)        0.124    22.102 r  u_soc/u_rx_top/u_huffman_block_parser/bit_buffer_r[83]_i_2__0/O
                         net (fo=18, routed)          0.515    22.617    u_soc/u_rx_top/u_huffman_block_parser/bit_buffer_r[83]_i_2__0_n_0
    SLICE_X79Y22         LUT2 (Prop_lut2_I1_O)        0.118    22.735 f  u_soc/u_rx_top/u_huffman_block_parser/bit_buffer_r[31]_i_5__0/O
                         net (fo=34, routed)          1.012    23.747    u_soc/u_rx_top/u_huffman_block_parser/bit_buffer_r[31]_i_5__0_n_0
    SLICE_X79Y24         LUT5 (Prop_lut5_I1_O)        0.326    24.073 r  u_soc/u_rx_top/u_huffman_block_parser/bit_buffer_r[20]_i_3__0/O
                         net (fo=1, routed)           0.647    24.720    u_soc/u_rx_top/u_huffman_block_parser/bit_buffer_r[20]_i_3__0_n_0
    SLICE_X80Y24         LUT3 (Prop_lut3_I2_O)        0.149    24.869 r  u_soc/u_rx_top/u_huffman_block_parser/bit_buffer_r[20]_i_1__0/O
                         net (fo=1, routed)           0.000    24.869    u_soc/u_rx_top/u_huffman_block_parser/bit_buffer_r[20]_i_1__0_n_0
    SLICE_X80Y24         FDRE                                         r  u_soc/u_rx_top/u_huffman_block_parser/bit_buffer_r_reg[20]/D
  -------------------------------------------------------------------    -------------------

                         (clock clk_i rise edge)     20.000    20.000 r  
    Y9                                                0.000    20.000 r  clk_i (IN)
                         net (fo=0)                   0.000    20.000    clk_i
    Y9                   IBUF (Prop_ibuf_I_O)         1.420    21.420 r  clk_i_IBUF_inst/O
                         net (fo=1, routed)           1.972    23.392    clk_i_IBUF
    BUFGCTRL_X0Y0        BUFG (Prop_bufg_I_O)         0.091    23.483 r  clk_i_IBUF_BUFG_inst/O
                         net (fo=27699, routed)       1.542    25.025    u_soc/u_rx_top/u_huffman_block_parser/clk_i
    SLICE_X80Y24         FDRE                                         r  u_soc/u_rx_top/u_huffman_block_parser/bit_buffer_r_reg[20]/C
                         clock pessimism              0.394    25.419    
                         clock uncertainty           -0.035    25.384    
    SLICE_X80Y24         FDRE (Setup_fdre_C_D)        0.075    25.459    u_soc/u_rx_top/u_huffman_block_parser/bit_buffer_r_reg[20]
  -------------------------------------------------------------------
                         required time                         25.459    
                         arrival time                         -24.869    
  -------------------------------------------------------------------
                         slack                                  0.590    

Slack (MET) :             0.591ns  (required time - arrival time)
  Source:                 u_soc/u_rx_top/u_huffman_block_parser/bit_count_r_reg[1]/C
                            (rising edge-triggered cell FDRE clocked by clk_i  {rise@0.000ns fall@10.000ns period=20.000ns})
  Destination:            u_soc/u_rx_top/u_huffman_block_parser/bit_buffer_r_reg[39]/D
                            (rising edge-triggered cell FDRE clocked by clk_i  {rise@0.000ns fall@10.000ns period=20.000ns})
  Path Group:             clk_i
  Path Type:              Setup (Max at Slow Process Corner)
  Requirement:            20.000ns  (clk_i rise@20.000ns - clk_i rise@0.000ns)
  Data Path Delay:        19.344ns  (logic 6.797ns (35.138%)  route 12.547ns (64.862%))
  Logic Levels:           26  (CARRY4=6 LUT2=4 LUT3=2 LUT4=4 LUT5=5 LUT6=5)
  Clock Path Skew:        -0.059ns (DCD - SCD + CPR)
    Destination Clock Delay (DCD):    5.026ns = ( 25.026 - 20.000 ) 
    Source Clock Delay      (SCD):    5.479ns
    Clock Pessimism Removal (CPR):    0.394ns
  Clock Uncertainty:      0.035ns  ((TSJ^2 + TIJ^2)^1/2 + DJ) / 2 + PE
    Total System Jitter     (TSJ):    0.071ns
    Total Input Jitter      (TIJ):    0.000ns
    Discrete Jitter          (DJ):    0.000ns
    Phase Error              (PE):    0.000ns

    Location             Delay type                Incr(ns)  Path(ns)    Netlist Resource(s)
  -------------------------------------------------------------------    -------------------
                         (clock clk_i rise edge)      0.000     0.000 r  
    Y9                                                0.000     0.000 r  clk_i (IN)
                         net (fo=0)                   0.000     0.000    clk_i
    Y9                   IBUF (Prop_ibuf_I_O)         1.490     1.490 r  clk_i_IBUF_inst/O
                         net (fo=1, routed)           2.171     3.661    clk_i_IBUF
    BUFGCTRL_X0Y0        BUFG (Prop_bufg_I_O)         0.101     3.762 r  clk_i_IBUF_BUFG_inst/O
                         net (fo=27699, routed)       1.717     5.479    u_soc/u_rx_top/u_huffman_block_parser/clk_i
    SLICE_X67Y30         FDRE                                         r  u_soc/u_rx_top/u_huffman_block_parser/bit_count_r_reg[1]/C
  -------------------------------------------------------------------    -------------------
    SLICE_X67Y30         FDRE (Prop_fdre_C_Q)         0.456     5.935 r  u_soc/u_rx_top/u_huffman_block_parser/bit_count_r_reg[1]/Q
                         net (fo=8, routed)           0.834     6.769    u_soc/u_rx_top/u_huffman_block_parser/Q[1]
    SLICE_X67Y29         LUT4 (Prop_lut4_I1_O)        0.124     6.893 r  u_soc/u_rx_top/u_huffman_block_parser/FSM_onehot_state_r[11]_i_26/O
                         net (fo=1, routed)           0.000     6.893    u_soc/u_rx_top/u_huffman_block_parser/FSM_onehot_state_r[11]_i_26_n_0
    SLICE_X67Y29         CARRY4 (Prop_carry4_S[0]_CO[3])
                                                      0.532     7.425 r  u_soc/u_rx_top/u_huffman_block_parser/FSM_onehot_state_r_reg[11]_i_15/CO[3]
                         net (fo=1, routed)           0.000     7.425    u_soc/u_rx_top/u_huffman_block_parser/FSM_onehot_state_r_reg[11]_i_15_n_0
    SLICE_X67Y30         CARRY4 (Prop_carry4_CI_CO[0])
                                                      0.271     7.696 r  u_soc/u_rx_top/u_huffman_block_parser/FSM_onehot_state_r_reg[11]_i_13/CO[0]
                         net (fo=14, routed)          0.823     8.519    u_soc/u_rx_top/u_huffman_block_parser/FSM_onehot_state_r_reg[11]_i_13_n_3
    SLICE_X69Y30         LUT5 (Prop_lut5_I4_O)        0.373     8.892 r  u_soc/u_rx_top/u_huffman_block_parser/entry_symbol_r[2]_i_21/O
                         net (fo=3, routed)           0.442     9.334    u_soc/u_rx_top/u_huffman_block_parser/entry_symbol_r[2]_i_21_n_0
    SLICE_X68Y29         LUT6 (Prop_lut6_I0_O)        0.124     9.458 r  u_soc/u_rx_top/u_huffman_block_parser/entry_symbol_r[2]_i_15/O
                         net (fo=4, routed)           0.858    10.316    u_soc/u_rx_top/u_huffman_block_parser/entry_symbol_r[2]_i_15_n_0
    SLICE_X68Y29         LUT4 (Prop_lut4_I0_O)        0.124    10.440 r  u_soc/u_rx_top/u_huffman_block_parser/FSM_onehot_state_r[11]_i_18/O
                         net (fo=5, routed)           0.509    10.949    u_soc/u_rx_top/u_huffman_block_parser/FSM_onehot_state_r[11]_i_18_n_0
    SLICE_X69Y29         LUT5 (Prop_lut5_I0_O)        0.124    11.073 r  u_soc/u_rx_top/u_huffman_block_parser/FSM_onehot_state_r[11]_i_14/O
                         net (fo=5, routed)           0.173    11.246    u_soc/u_rx_top/u_huffman_block_parser/FSM_onehot_state_r[11]_i_14_n_0
    SLICE_X69Y29         LUT6 (Prop_lut6_I5_O)        0.124    11.370 f  u_soc/u_rx_top/u_huffman_block_parser/FSM_onehot_state_r[11]_i_8/O
                         net (fo=22, routed)          0.312    11.681    u_soc/u_rx_top/u_huffman_block_parser/parser_payload_window_len_w[0]
    SLICE_X69Y30         LUT6 (Prop_lut6_I5_O)        0.124    11.805 r  u_soc/u_rx_top/u_huffman_block_parser/entry_symbol_r[2]_i_33/O
                         net (fo=1, routed)           0.336    12.141    u_soc/u_rx_top/u_huffman_block_parser/entry_symbol_r[2]_i_33_n_0
    SLICE_X68Y31         CARRY4 (Prop_carry4_DI[0]_CO[2])
                                                      0.540    12.681 f  u_soc/u_rx_top/u_huffman_block_parser/entry_symbol_r_reg[2]_i_29/CO[2]
                         net (fo=1, routed)           0.408    13.089    u_soc/u_rx_top/u_huffman_block_decoder/entry_symbol_r[2]_i_10[0]
    SLICE_X69Y31         LUT6 (Prop_lut6_I0_O)        0.313    13.402 f  u_soc/u_rx_top/u_huffman_block_decoder/entry_symbol_r[2]_i_16/O
                         net (fo=2, routed)           0.453    13.855    u_soc/u_rx_top/u_huffman_block_parser/entry_symbol_r_reg[2]_1
    SLICE_X71Y28         LUT5 (Prop_lut5_I4_O)        0.124    13.979 r  u_soc/u_rx_top/u_huffman_block_parser/entry_symbol_r[2]_i_5/O
                         net (fo=164, routed)         0.836    14.815    u_soc/u_rx_top/u_huffman_block_parser/p_1_in__1[6]
    SLICE_X69Y26         LUT3 (Prop_lut3_I1_O)        0.124    14.939 r  u_soc/u_rx_top/u_huffman_block_parser/entry_symbol_r[4]_i_14/O
                         net (fo=1, routed)           0.000    14.939    u_soc/u_rx_top/u_huffman_block_parser/entry_symbol_r[4]_i_14_n_0
    SLICE_X69Y26         CARRY4 (Prop_carry4_S[0]_O[1])
                                                      0.424    15.363 r  u_soc/u_rx_top/u_huffman_block_parser/entry_symbol_r_reg[4]_i_3/O[1]
                         net (fo=41, routed)          0.693    16.056    u_soc/u_rx_top/u_huffman_block_parser/bit_count_r_reg[3]_0[1]
    SLICE_X68Y26         LUT3 (Prop_lut3_I0_O)        0.303    16.359 r  u_soc/u_rx_top/u_huffman_block_parser/bit_count_r[3]_i_10/O
                         net (fo=1, routed)           0.000    16.359    u_soc/u_rx_top/u_huffman_block_parser/bit_count_r[3]_i_10_n_0
    SLICE_X68Y26         CARRY4 (Prop_carry4_S[1]_CO[3])
                                                      0.550    16.909 r  u_soc/u_rx_top/u_huffman_block_parser/bit_count_r_reg[3]_i_3/CO[3]
                         net (fo=1, routed)           0.000    16.909    u_soc/u_rx_top/u_huffman_block_parser/bit_count_r_reg[3]_i_3_n_0
    SLICE_X68Y27         CARRY4 (Prop_carry4_CI_O[3])
                                                      0.313    17.222 f  u_soc/u_rx_top/u_huffman_block_parser/bit_count_r_reg[6]_i_6/O[3]
                         net (fo=17, routed)          1.051    18.273    u_soc/u_rx_top/u_huffman_block_parser/bit_count_r_reg[6]_i_6_n_4
    SLICE_X70Y27         LUT5 (Prop_lut5_I1_O)        0.306    18.579 f  u_soc/u_rx_top/u_huffman_block_parser/bit_count_r[5]_i_15/O
                         net (fo=8, routed)           0.797    19.376    u_soc/u_rx_top/u_huffman_block_parser/bit_count_r[5]_i_15_n_0
    SLICE_X71Y24         LUT4 (Prop_lut4_I0_O)        0.124    19.500 r  u_soc/u_rx_top/u_huffman_block_parser/one_symbol_value_r[7]_i_3/O
                         net (fo=5, routed)           0.450    19.949    u_soc/u_rx_top/u_huffman_block_parser/one_symbol_value_r[7]_i_3_n_0
    SLICE_X74Y24         LUT4 (Prop_lut4_I3_O)        0.124    20.073 f  u_soc/u_rx_top/u_huffman_block_parser/bit_buffer_r[113]_i_5/O
                         net (fo=35, routed)          0.648    20.721    u_soc/u_rx_top/u_huffman_block_parser/bit_buffer_r[113]_i_5_n_0
    SLICE_X73Y23         LUT2 (Prop_lut2_I0_O)        0.124    20.845 f  u_soc/u_rx_top/u_huffman_block_parser/bit_buffer_r[80]_i_4__0/O
                         net (fo=86, routed)          0.550    21.395    u_soc/u_rx_top/u_huffman_block_parser/bit_buffer_r[80]_i_4__0_n_0
    SLICE_X75Y23         LUT5 (Prop_lut5_I2_O)        0.124    21.519 f  u_soc/u_rx_top/u_huffman_block_parser/bit_buffer_r[109]_i_2__0/O
                         net (fo=16, routed)          0.459    21.978    u_soc/u_rx_top/u_huffman_block_parser/bit_buffer_r[109]_i_2__0_n_0
    SLICE_X75Y22         LUT2 (Prop_lut2_I1_O)        0.124    22.102 r  u_soc/u_rx_top/u_huffman_block_parser/bit_buffer_r[83]_i_2__0/O
                         net (fo=18, routed)          0.515    22.617    u_soc/u_rx_top/u_huffman_block_parser/bit_buffer_r[83]_i_2__0_n_0
    SLICE_X79Y22         LUT2 (Prop_lut2_I1_O)        0.118    22.735 f  u_soc/u_rx_top/u_huffman_block_parser/bit_buffer_r[31]_i_5__0/O
                         net (fo=34, routed)          0.969    23.704    u_soc/u_rx_top/u_huffman_block_parser/bit_buffer_r[31]_i_5__0_n_0
    SLICE_X79Y24         LUT2 (Prop_lut2_I0_O)        0.354    24.058 r  u_soc/u_rx_top/u_huffman_block_parser/bit_buffer_r[39]_i_4/O
                         net (fo=1, routed)           0.433    24.491    u_soc/u_rx_top/u_huffman_block_parser/bit_buffer_r[39]_i_4_n_0
    SLICE_X77Y23         LUT6 (Prop_lut6_I5_O)        0.332    24.823 r  u_soc/u_rx_top/u_huffman_block_parser/bit_buffer_r[39]_i_1__0/O
                         net (fo=1, routed)           0.000    24.823    u_soc/u_rx_top/u_huffman_block_parser/bit_buffer_r[39]_i_1__0_n_0
    SLICE_X77Y23         FDRE                                         r  u_soc/u_rx_top/u_huffman_block_parser/bit_buffer_r_reg[39]/D
  -------------------------------------------------------------------    -------------------

                         (clock clk_i rise edge)     20.000    20.000 r  
    Y9                                                0.000    20.000 r  clk_i (IN)
                         net (fo=0)                   0.000    20.000    clk_i
    Y9                   IBUF (Prop_ibuf_I_O)         1.420    21.420 r  clk_i_IBUF_inst/O
                         net (fo=1, routed)           1.972    23.392    clk_i_IBUF
    BUFGCTRL_X0Y0        BUFG (Prop_bufg_I_O)         0.091    23.483 r  clk_i_IBUF_BUFG_inst/O
                         net (fo=27699, routed)       1.543    25.026    u_soc/u_rx_top/u_huffman_block_parser/clk_i
    SLICE_X77Y23         FDRE                                         r  u_soc/u_rx_top/u_huffman_block_parser/bit_buffer_r_reg[39]/C
                         clock pessimism              0.394    25.420    
                         clock uncertainty           -0.035    25.385    
    SLICE_X77Y23         FDRE (Setup_fdre_C_D)        0.029    25.414    u_soc/u_rx_top/u_huffman_block_parser/bit_buffer_r_reg[39]
  -------------------------------------------------------------------
                         required time                         25.414    
                         arrival time                         -24.823    
  -------------------------------------------------------------------
                         slack                                  0.591    

Slack (MET) :             0.652ns  (required time - arrival time)
  Source:                 u_soc/u_rx_top/u_huffman_block_parser/bit_count_r_reg[1]/C
                            (rising edge-triggered cell FDRE clocked by clk_i  {rise@0.000ns fall@10.000ns period=20.000ns})
  Destination:            u_soc/u_rx_top/u_huffman_block_parser/bit_buffer_r_reg[17]/D
                            (rising edge-triggered cell FDRE clocked by clk_i  {rise@0.000ns fall@10.000ns period=20.000ns})
  Path Group:             clk_i
  Path Type:              Setup (Max at Slow Process Corner)
  Requirement:            20.000ns  (clk_i rise@20.000ns - clk_i rise@0.000ns)
  Data Path Delay:        19.285ns  (logic 6.561ns (34.021%)  route 12.724ns (65.979%))
  Logic Levels:           26  (CARRY4=6 LUT2=3 LUT3=3 LUT4=4 LUT5=6 LUT6=4)
  Clock Path Skew:        -0.060ns (DCD - SCD + CPR)
    Destination Clock Delay (DCD):    5.025ns = ( 25.025 - 20.000 ) 
    Source Clock Delay      (SCD):    5.479ns
    Clock Pessimism Removal (CPR):    0.394ns
  Clock Uncertainty:      0.035ns  ((TSJ^2 + TIJ^2)^1/2 + DJ) / 2 + PE
    Total System Jitter     (TSJ):    0.071ns
    Total Input Jitter      (TIJ):    0.000ns
    Discrete Jitter          (DJ):    0.000ns
    Phase Error              (PE):    0.000ns

    Location             Delay type                Incr(ns)  Path(ns)    Netlist Resource(s)
  -------------------------------------------------------------------    -------------------
                         (clock clk_i rise edge)      0.000     0.000 r  
    Y9                                                0.000     0.000 r  clk_i (IN)
                         net (fo=0)                   0.000     0.000    clk_i
    Y9                   IBUF (Prop_ibuf_I_O)         1.490     1.490 r  clk_i_IBUF_inst/O
                         net (fo=1, routed)           2.171     3.661    clk_i_IBUF
    BUFGCTRL_X0Y0        BUFG (Prop_bufg_I_O)         0.101     3.762 r  clk_i_IBUF_BUFG_inst/O
                         net (fo=27699, routed)       1.717     5.479    u_soc/u_rx_top/u_huffman_block_parser/clk_i
    SLICE_X67Y30         FDRE                                         r  u_soc/u_rx_top/u_huffman_block_parser/bit_count_r_reg[1]/C
  -------------------------------------------------------------------    -------------------
    SLICE_X67Y30         FDRE (Prop_fdre_C_Q)         0.456     5.935 r  u_soc/u_rx_top/u_huffman_block_parser/bit_count_r_reg[1]/Q
                         net (fo=8, routed)           0.834     6.769    u_soc/u_rx_top/u_huffman_block_parser/Q[1]
    SLICE_X67Y29         LUT4 (Prop_lut4_I1_O)        0.124     6.893 r  u_soc/u_rx_top/u_huffman_block_parser/FSM_onehot_state_r[11]_i_26/O
                         net (fo=1, routed)           0.000     6.893    u_soc/u_rx_top/u_huffman_block_parser/FSM_onehot_state_r[11]_i_26_n_0
    SLICE_X67Y29         CARRY4 (Prop_carry4_S[0]_CO[3])
                                                      0.532     7.425 r  u_soc/u_rx_top/u_huffman_block_parser/FSM_onehot_state_r_reg[11]_i_15/CO[3]
                         net (fo=1, routed)           0.000     7.425    u_soc/u_rx_top/u_huffman_block_parser/FSM_onehot_state_r_reg[11]_i_15_n_0
    SLICE_X67Y30         CARRY4 (Prop_carry4_CI_CO[0])
                                                      0.271     7.696 r  u_soc/u_rx_top/u_huffman_block_parser/FSM_onehot_state_r_reg[11]_i_13/CO[0]
                         net (fo=14, routed)          0.823     8.519    u_soc/u_rx_top/u_huffman_block_parser/FSM_onehot_state_r_reg[11]_i_13_n_3
    SLICE_X69Y30         LUT5 (Prop_lut5_I4_O)        0.373     8.892 r  u_soc/u_rx_top/u_huffman_block_parser/entry_symbol_r[2]_i_21/O
                         net (fo=3, routed)           0.442     9.334    u_soc/u_rx_top/u_huffman_block_parser/entry_symbol_r[2]_i_21_n_0
    SLICE_X68Y29         LUT6 (Prop_lut6_I0_O)        0.124     9.458 r  u_soc/u_rx_top/u_huffman_block_parser/entry_symbol_r[2]_i_15/O
                         net (fo=4, routed)           0.858    10.316    u_soc/u_rx_top/u_huffman_block_parser/entry_symbol_r[2]_i_15_n_0
    SLICE_X68Y29         LUT4 (Prop_lut4_I0_O)        0.124    10.440 r  u_soc/u_rx_top/u_huffman_block_parser/FSM_onehot_state_r[11]_i_18/O
                         net (fo=5, routed)           0.509    10.949    u_soc/u_rx_top/u_huffman_block_parser/FSM_onehot_state_r[11]_i_18_n_0
    SLICE_X69Y29         LUT5 (Prop_lut5_I0_O)        0.124    11.073 r  u_soc/u_rx_top/u_huffman_block_parser/FSM_onehot_state_r[11]_i_14/O
                         net (fo=5, routed)           0.173    11.246    u_soc/u_rx_top/u_huffman_block_parser/FSM_onehot_state_r[11]_i_14_n_0
    SLICE_X69Y29         LUT6 (Prop_lut6_I5_O)        0.124    11.370 f  u_soc/u_rx_top/u_huffman_block_parser/FSM_onehot_state_r[11]_i_8/O
                         net (fo=22, routed)          0.312    11.681    u_soc/u_rx_top/u_huffman_block_parser/parser_payload_window_len_w[0]
    SLICE_X69Y30         LUT6 (Prop_lut6_I5_O)        0.124    11.805 r  u_soc/u_rx_top/u_huffman_block_parser/entry_symbol_r[2]_i_33/O
                         net (fo=1, routed)           0.336    12.141    u_soc/u_rx_top/u_huffman_block_parser/entry_symbol_r[2]_i_33_n_0
    SLICE_X68Y31         CARRY4 (Prop_carry4_DI[0]_CO[2])
                                                      0.540    12.681 f  u_soc/u_rx_top/u_huffman_block_parser/entry_symbol_r_reg[2]_i_29/CO[2]
                         net (fo=1, routed)           0.408    13.089    u_soc/u_rx_top/u_huffman_block_decoder/entry_symbol_r[2]_i_10[0]
    SLICE_X69Y31         LUT6 (Prop_lut6_I0_O)        0.313    13.402 f  u_soc/u_rx_top/u_huffman_block_decoder/entry_symbol_r[2]_i_16/O
                         net (fo=2, routed)           0.453    13.855    u_soc/u_rx_top/u_huffman_block_parser/entry_symbol_r_reg[2]_1
    SLICE_X71Y28         LUT5 (Prop_lut5_I4_O)        0.124    13.979 r  u_soc/u_rx_top/u_huffman_block_parser/entry_symbol_r[2]_i_5/O
                         net (fo=164, routed)         0.836    14.815    u_soc/u_rx_top/u_huffman_block_parser/p_1_in__1[6]
    SLICE_X69Y26         LUT3 (Prop_lut3_I1_O)        0.124    14.939 r  u_soc/u_rx_top/u_huffman_block_parser/entry_symbol_r[4]_i_14/O
                         net (fo=1, routed)           0.000    14.939    u_soc/u_rx_top/u_huffman_block_parser/entry_symbol_r[4]_i_14_n_0
    SLICE_X69Y26         CARRY4 (Prop_carry4_S[0]_O[1])
                                                      0.424    15.363 r  u_soc/u_rx_top/u_huffman_block_parser/entry_symbol_r_reg[4]_i_3/O[1]
                         net (fo=41, routed)          0.693    16.056    u_soc/u_rx_top/u_huffman_block_parser/bit_count_r_reg[3]_0[1]
    SLICE_X68Y26         LUT3 (Prop_lut3_I0_O)        0.303    16.359 r  u_soc/u_rx_top/u_huffman_block_parser/bit_count_r[3]_i_10/O
                         net (fo=1, routed)           0.000    16.359    u_soc/u_rx_top/u_huffman_block_parser/bit_count_r[3]_i_10_n_0
    SLICE_X68Y26         CARRY4 (Prop_carry4_S[1]_CO[3])
                                                      0.550    16.909 r  u_soc/u_rx_top/u_huffman_block_parser/bit_count_r_reg[3]_i_3/CO[3]
                         net (fo=1, routed)           0.000    16.909    u_soc/u_rx_top/u_huffman_block_parser/bit_count_r_reg[3]_i_3_n_0
    SLICE_X68Y27         CARRY4 (Prop_carry4_CI_O[3])
                                                      0.313    17.222 f  u_soc/u_rx_top/u_huffman_block_parser/bit_count_r_reg[6]_i_6/O[3]
                         net (fo=17, routed)          1.051    18.273    u_soc/u_rx_top/u_huffman_block_parser/bit_count_r_reg[6]_i_6_n_4
    SLICE_X70Y27         LUT5 (Prop_lut5_I1_O)        0.306    18.579 f  u_soc/u_rx_top/u_huffman_block_parser/bit_count_r[5]_i_15/O
                         net (fo=8, routed)           0.797    19.376    u_soc/u_rx_top/u_huffman_block_parser/bit_count_r[5]_i_15_n_0
    SLICE_X71Y24         LUT4 (Prop_lut4_I0_O)        0.124    19.500 r  u_soc/u_rx_top/u_huffman_block_parser/one_symbol_value_r[7]_i_3/O
                         net (fo=5, routed)           0.450    19.949    u_soc/u_rx_top/u_huffman_block_parser/one_symbol_value_r[7]_i_3_n_0
    SLICE_X74Y24         LUT4 (Prop_lut4_I3_O)        0.124    20.073 f  u_soc/u_rx_top/u_huffman_block_parser/bit_buffer_r[113]_i_5/O
                         net (fo=35, routed)          0.648    20.721    u_soc/u_rx_top/u_huffman_block_parser/bit_buffer_r[113]_i_5_n_0
    SLICE_X73Y23         LUT2 (Prop_lut2_I0_O)        0.124    20.845 f  u_soc/u_rx_top/u_huffman_block_parser/bit_buffer_r[80]_i_4__0/O
                         net (fo=86, routed)          0.550    21.395    u_soc/u_rx_top/u_huffman_block_parser/bit_buffer_r[80]_i_4__0_n_0
    SLICE_X75Y23         LUT5 (Prop_lut5_I2_O)        0.124    21.519 f  u_soc/u_rx_top/u_huffman_block_parser/bit_buffer_r[109]_i_2__0/O
                         net (fo=16, routed)          0.459    21.978    u_soc/u_rx_top/u_huffman_block_parser/bit_buffer_r[109]_i_2__0_n_0
    SLICE_X75Y22         LUT2 (Prop_lut2_I1_O)        0.124    22.102 r  u_soc/u_rx_top/u_huffman_block_parser/bit_buffer_r[83]_i_2__0/O
                         net (fo=18, routed)          0.515    22.617    u_soc/u_rx_top/u_huffman_block_parser/bit_buffer_r[83]_i_2__0_n_0
    SLICE_X79Y22         LUT2 (Prop_lut2_I1_O)        0.118    22.735 f  u_soc/u_rx_top/u_huffman_block_parser/bit_buffer_r[31]_i_5__0/O
                         net (fo=34, routed)          0.980    23.715    u_soc/u_rx_top/u_huffman_block_parser/bit_buffer_r[31]_i_5__0_n_0
    SLICE_X80Y23         LUT5 (Prop_lut5_I1_O)        0.326    24.041 r  u_soc/u_rx_top/u_huffman_block_parser/bit_buffer_r[17]_i_3__0/O
                         net (fo=1, routed)           0.599    24.641    u_soc/u_rx_top/u_huffman_block_parser/bit_buffer_r[17]_i_3__0_n_0
    SLICE_X80Y24         LUT3 (Prop_lut3_I2_O)        0.124    24.765 r  u_soc/u_rx_top/u_huffman_block_parser/bit_buffer_r[17]_i_1__0/O
                         net (fo=1, routed)           0.000    24.765    u_soc/u_rx_top/u_huffman_block_parser/bit_buffer_r[17]_i_1__0_n_0
    SLICE_X80Y24         FDRE                                         r  u_soc/u_rx_top/u_huffman_block_parser/bit_buffer_r_reg[17]/D
  -------------------------------------------------------------------    -------------------

                         (clock clk_i rise edge)     20.000    20.000 r  
    Y9                                                0.000    20.000 r  clk_i (IN)
                         net (fo=0)                   0.000    20.000    clk_i
    Y9                   IBUF (Prop_ibuf_I_O)         1.420    21.420 r  clk_i_IBUF_inst/O
                         net (fo=1, routed)           1.972    23.392    clk_i_IBUF
    BUFGCTRL_X0Y0        BUFG (Prop_bufg_I_O)         0.091    23.483 r  clk_i_IBUF_BUFG_inst/O
                         net (fo=27699, routed)       1.542    25.025    u_soc/u_rx_top/u_huffman_block_parser/clk_i
    SLICE_X80Y24         FDRE                                         r  u_soc/u_rx_top/u_huffman_block_parser/bit_buffer_r_reg[17]/C
                         clock pessimism              0.394    25.419    
                         clock uncertainty           -0.035    25.384    
    SLICE_X80Y24         FDRE (Setup_fdre_C_D)        0.032    25.416    u_soc/u_rx_top/u_huffman_block_parser/bit_buffer_r_reg[17]
  -------------------------------------------------------------------
                         required time                         25.416    
                         arrival time                         -24.765    
  -------------------------------------------------------------------
                         slack                                  0.652    





Min Delay Paths
--------------------------------------------------------------------------------------
Slack (MET) :             0.056ns  (arrival time - required time)
  Source:                 u_soc/u_rx_top/cipher_buf_data_r_reg[58]/C
                            (rising edge-triggered cell FDRE clocked by clk_i  {rise@0.000ns fall@10.000ns period=20.000ns})
  Destination:            u_soc/u_rx_top/u_aes_input_wrapper_rx/data_in_reg[58]/D
                            (rising edge-triggered cell FDCE clocked by clk_i  {rise@0.000ns fall@10.000ns period=20.000ns})
  Path Group:             clk_i
  Path Type:              Hold (Min at Fast Process Corner)
  Requirement:            0.000ns  (clk_i rise@0.000ns - clk_i rise@0.000ns)
  Data Path Delay:        0.393ns  (logic 0.141ns (35.861%)  route 0.252ns (64.139%))
  Logic Levels:           0  
  Clock Path Skew:        0.267ns (DCD - SCD - CPR)
    Destination Clock Delay (DCD):    2.022ns
    Source Clock Delay      (SCD):    1.503ns
    Clock Pessimism Removal (CPR):    0.252ns

    Location             Delay type                Incr(ns)  Path(ns)    Netlist Resource(s)
  -------------------------------------------------------------------    -------------------
                         (clock clk_i rise edge)      0.000     0.000 r  
    Y9                                                0.000     0.000 r  clk_i (IN)
                         net (fo=0)                   0.000     0.000    clk_i
    Y9                   IBUF (Prop_ibuf_I_O)         0.258     0.258 r  clk_i_IBUF_inst/O
                         net (fo=1, routed)           0.663     0.921    clk_i_IBUF
    BUFGCTRL_X0Y0        BUFG (Prop_bufg_I_O)         0.026     0.947 r  clk_i_IBUF_BUFG_inst/O
                         net (fo=27699, routed)       0.556     1.503    u_soc/u_rx_top/clk_i
    SLICE_X51Y4          FDRE                                         r  u_soc/u_rx_top/cipher_buf_data_r_reg[58]/C
  -------------------------------------------------------------------    -------------------
    SLICE_X51Y4          FDRE (Prop_fdre_C_Q)         0.141     1.644 r  u_soc/u_rx_top/cipher_buf_data_r_reg[58]/Q
                         net (fo=2, routed)           0.252     1.896    u_soc/u_rx_top/u_aes_input_wrapper_rx/data_in_reg[127]_0[58]
    SLICE_X48Y1          FDCE                                         r  u_soc/u_rx_top/u_aes_input_wrapper_rx/data_in_reg[58]/D
  -------------------------------------------------------------------    -------------------

                         (clock clk_i rise edge)      0.000     0.000 r  
    Y9                                                0.000     0.000 r  clk_i (IN)
                         net (fo=0)                   0.000     0.000    clk_i
    Y9                   IBUF (Prop_ibuf_I_O)         0.446     0.446 r  clk_i_IBUF_inst/O
                         net (fo=1, routed)           0.719     1.165    clk_i_IBUF
    BUFGCTRL_X0Y0        BUFG (Prop_bufg_I_O)         0.029     1.194 r  clk_i_IBUF_BUFG_inst/O
                         net (fo=27699, routed)       0.828     2.022    u_soc/u_rx_top/u_aes_input_wrapper_rx/clk_i
    SLICE_X48Y1          FDCE                                         r  u_soc/u_rx_top/u_aes_input_wrapper_rx/data_in_reg[58]/C
                         clock pessimism             -0.252     1.770    
    SLICE_X48Y1          FDCE (Hold_fdce_C_D)         0.070     1.840    u_soc/u_rx_top/u_aes_input_wrapper_rx/data_in_reg[58]
  -------------------------------------------------------------------
                         required time                         -1.840    
                         arrival time                           1.896    
  -------------------------------------------------------------------
                         slack                                  0.056    

Slack (MET) :             0.066ns  (arrival time - required time)
  Source:                 u_soc/u_rx_top/u_AES_top_rx/u_aes128_cipher_core_inv/plainText_reg_reg[36]/C
                            (rising edge-triggered cell FDRE clocked by clk_i  {rise@0.000ns fall@10.000ns period=20.000ns})
  Destination:            u_soc/u_rx_top/transport_buf_data_r_reg[36]/D
                            (rising edge-triggered cell FDRE clocked by clk_i  {rise@0.000ns fall@10.000ns period=20.000ns})
  Path Group:             clk_i
  Path Type:              Hold (Min at Fast Process Corner)
  Requirement:            0.000ns  (clk_i rise@0.000ns - clk_i rise@0.000ns)
  Data Path Delay:        0.416ns  (logic 0.209ns (50.218%)  route 0.207ns (49.782%))
  Logic Levels:           1  (LUT4=1)
  Clock Path Skew:        0.258ns (DCD - SCD - CPR)
    Destination Clock Delay (DCD):    2.018ns
    Source Clock Delay      (SCD):    1.508ns
    Clock Pessimism Removal (CPR):    0.252ns

    Location             Delay type                Incr(ns)  Path(ns)    Netlist Resource(s)
  -------------------------------------------------------------------    -------------------
                         (clock clk_i rise edge)      0.000     0.000 r  
    Y9                                                0.000     0.000 r  clk_i (IN)
                         net (fo=0)                   0.000     0.000    clk_i
    Y9                   IBUF (Prop_ibuf_I_O)         0.258     0.258 r  clk_i_IBUF_inst/O
                         net (fo=1, routed)           0.663     0.921    clk_i_IBUF
    BUFGCTRL_X0Y0        BUFG (Prop_bufg_I_O)         0.026     0.947 r  clk_i_IBUF_BUFG_inst/O
                         net (fo=27699, routed)       0.561     1.508    u_soc/u_rx_top/u_AES_top_rx/u_aes128_cipher_core_inv/clk_i
    SLICE_X42Y1          FDRE                                         r  u_soc/u_rx_top/u_AES_top_rx/u_aes128_cipher_core_inv/plainText_reg_reg[36]/C
  -------------------------------------------------------------------    -------------------
    SLICE_X42Y1          FDRE (Prop_fdre_C_Q)         0.164     1.672 r  u_soc/u_rx_top/u_AES_top_rx/u_aes128_cipher_core_inv/plainText_reg_reg[36]/Q
                         net (fo=10, routed)          0.207     1.879    u_soc/u_rx_top/u_AES_top_rx/u_aes128_cipher_core_inv/aes_data_out_w[36]
    SLICE_X52Y1          LUT4 (Prop_lut4_I3_O)        0.045     1.924 r  u_soc/u_rx_top/u_AES_top_rx/u_aes128_cipher_core_inv/transport_buf_data_r[36]_i_1/O
                         net (fo=1, routed)           0.000     1.924    u_soc/u_rx_top/rx_plain_cbc_w[36]
    SLICE_X52Y1          FDRE                                         r  u_soc/u_rx_top/transport_buf_data_r_reg[36]/D
  -------------------------------------------------------------------    -------------------

                         (clock clk_i rise edge)      0.000     0.000 r  
    Y9                                                0.000     0.000 r  clk_i (IN)
                         net (fo=0)                   0.000     0.000    clk_i
    Y9                   IBUF (Prop_ibuf_I_O)         0.446     0.446 r  clk_i_IBUF_inst/O
                         net (fo=1, routed)           0.719     1.165    clk_i_IBUF
    BUFGCTRL_X0Y0        BUFG (Prop_bufg_I_O)         0.029     1.194 r  clk_i_IBUF_BUFG_inst/O
                         net (fo=27699, routed)       0.824     2.018    u_soc/u_rx_top/clk_i
    SLICE_X52Y1          FDRE                                         r  u_soc/u_rx_top/transport_buf_data_r_reg[36]/C
                         clock pessimism             -0.252     1.766    
    SLICE_X52Y1          FDRE (Hold_fdre_C_D)         0.092     1.858    u_soc/u_rx_top/transport_buf_data_r_reg[36]
  -------------------------------------------------------------------
                         required time                         -1.858    
                         arrival time                           1.924    
  -------------------------------------------------------------------
                         slack                                  0.066    

Slack (MET) :             0.071ns  (arrival time - required time)
  Source:                 u_soc/u_dma_regfile/iv1_r_reg[12]/C
                            (rising edge-triggered cell FDRE clocked by clk_i  {rise@0.000ns fall@10.000ns period=20.000ns})
  Destination:            u_soc/u_rx_top/transport_buf_data_r_reg[44]/D
                            (rising edge-triggered cell FDRE clocked by clk_i  {rise@0.000ns fall@10.000ns period=20.000ns})
  Path Group:             clk_i
  Path Type:              Hold (Min at Fast Process Corner)
  Requirement:            0.000ns  (clk_i rise@0.000ns - clk_i rise@0.000ns)
  Data Path Delay:        0.428ns  (logic 0.186ns (43.463%)  route 0.242ns (56.537%))
  Logic Levels:           1  (LUT4=1)
  Clock Path Skew:        0.266ns (DCD - SCD - CPR)
    Destination Clock Delay (DCD):    2.020ns
    Source Clock Delay      (SCD):    1.502ns
    Clock Pessimism Removal (CPR):    0.252ns

    Location             Delay type                Incr(ns)  Path(ns)    Netlist Resource(s)
  -------------------------------------------------------------------    -------------------
                         (clock clk_i rise edge)      0.000     0.000 r  
    Y9                                                0.000     0.000 r  clk_i (IN)
                         net (fo=0)                   0.000     0.000    clk_i
    Y9                   IBUF (Prop_ibuf_I_O)         0.258     0.258 r  clk_i_IBUF_inst/O
                         net (fo=1, routed)           0.663     0.921    clk_i_IBUF
    BUFGCTRL_X0Y0        BUFG (Prop_bufg_I_O)         0.026     0.947 r  clk_i_IBUF_BUFG_inst/O
                         net (fo=27699, routed)       0.555     1.502    u_soc/u_dma_regfile/clk_i
    SLICE_X53Y8          FDRE                                         r  u_soc/u_dma_regfile/iv1_r_reg[12]/C
  -------------------------------------------------------------------    -------------------
    SLICE_X53Y8          FDRE (Prop_fdre_C_Q)         0.141     1.643 r  u_soc/u_dma_regfile/iv1_r_reg[12]/Q
                         net (fo=2, routed)           0.242     1.885    u_soc/u_rx_top/u_AES_top_rx/u_aes128_cipher_core_inv/cbc_iv_i[44]
    SLICE_X43Y9          LUT4 (Prop_lut4_I1_O)        0.045     1.930 r  u_soc/u_rx_top/u_AES_top_rx/u_aes128_cipher_core_inv/transport_buf_data_r[44]_i_1/O
                         net (fo=1, routed)           0.000     1.930    u_soc/u_rx_top/rx_plain_cbc_w[44]
    SLICE_X43Y9          FDRE                                         r  u_soc/u_rx_top/transport_buf_data_r_reg[44]/D
  -------------------------------------------------------------------    -------------------

                         (clock clk_i rise edge)      0.000     0.000 r  
    Y9                                                0.000     0.000 r  clk_i (IN)
                         net (fo=0)                   0.000     0.000    clk_i
    Y9                   IBUF (Prop_ibuf_I_O)         0.446     0.446 r  clk_i_IBUF_inst/O
                         net (fo=1, routed)           0.719     1.165    clk_i_IBUF
    BUFGCTRL_X0Y0        BUFG (Prop_bufg_I_O)         0.029     1.194 r  clk_i_IBUF_BUFG_inst/O
                         net (fo=27699, routed)       0.826     2.020    u_soc/u_rx_top/clk_i
    SLICE_X43Y9          FDRE                                         r  u_soc/u_rx_top/transport_buf_data_r_reg[44]/C
                         clock pessimism             -0.252     1.768    
    SLICE_X43Y9          FDRE (Hold_fdre_C_D)         0.091     1.859    u_soc/u_rx_top/transport_buf_data_r_reg[44]
  -------------------------------------------------------------------
                         required time                         -1.859    
                         arrival time                           1.930    
  -------------------------------------------------------------------
                         slack                                  0.071    

Slack (MET) :             0.081ns  (arrival time - required time)
  Source:                 u_soc/u_dma_regfile/iv2_r_reg[7]/C
                            (rising edge-triggered cell FDRE clocked by clk_i  {rise@0.000ns fall@10.000ns period=20.000ns})
  Destination:            u_soc/u_rx_top/transport_buf_data_r_reg[71]/D
                            (rising edge-triggered cell FDRE clocked by clk_i  {rise@0.000ns fall@10.000ns period=20.000ns})
  Path Group:             clk_i
  Path Type:              Hold (Min at Fast Process Corner)
  Requirement:            0.000ns  (clk_i rise@0.000ns - clk_i rise@0.000ns)
  Data Path Delay:        0.440ns  (logic 0.209ns (47.538%)  route 0.231ns (52.462%))
  Logic Levels:           1  (LUT4=1)
  Clock Path Skew:        0.266ns (DCD - SCD - CPR)
    Destination Clock Delay (DCD):    2.021ns
    Source Clock Delay      (SCD):    1.503ns
    Clock Pessimism Removal (CPR):    0.252ns

    Location             Delay type                Incr(ns)  Path(ns)    Netlist Resource(s)
  -------------------------------------------------------------------    -------------------
                         (clock clk_i rise edge)      0.000     0.000 r  
    Y9                                                0.000     0.000 r  clk_i (IN)
                         net (fo=0)                   0.000     0.000    clk_i
    Y9                   IBUF (Prop_ibuf_I_O)         0.258     0.258 r  clk_i_IBUF_inst/O
                         net (fo=1, routed)           0.663     0.921    clk_i_IBUF
    BUFGCTRL_X0Y0        BUFG (Prop_bufg_I_O)         0.026     0.947 r  clk_i_IBUF_BUFG_inst/O
                         net (fo=27699, routed)       0.556     1.503    u_soc/u_dma_regfile/clk_i
    SLICE_X50Y4          FDRE                                         r  u_soc/u_dma_regfile/iv2_r_reg[7]/C
  -------------------------------------------------------------------    -------------------
    SLICE_X50Y4          FDRE (Prop_fdre_C_Q)         0.164     1.667 r  u_soc/u_dma_regfile/iv2_r_reg[7]/Q
                         net (fo=2, routed)           0.231     1.897    u_soc/u_rx_top/u_AES_top_rx/u_aes128_cipher_core_inv/cbc_iv_i[71]
    SLICE_X41Y4          LUT4 (Prop_lut4_I1_O)        0.045     1.942 r  u_soc/u_rx_top/u_AES_top_rx/u_aes128_cipher_core_inv/transport_buf_data_r[71]_i_1/O
                         net (fo=1, routed)           0.000     1.942    u_soc/u_rx_top/rx_plain_cbc_w[71]
    SLICE_X41Y4          FDRE                                         r  u_soc/u_rx_top/transport_buf_data_r_reg[71]/D
  -------------------------------------------------------------------    -------------------

                         (clock clk_i rise edge)      0.000     0.000 r  
    Y9                                                0.000     0.000 r  clk_i (IN)
                         net (fo=0)                   0.000     0.000    clk_i
    Y9                   IBUF (Prop_ibuf_I_O)         0.446     0.446 r  clk_i_IBUF_inst/O
                         net (fo=1, routed)           0.719     1.165    clk_i_IBUF
    BUFGCTRL_X0Y0        BUFG (Prop_bufg_I_O)         0.029     1.194 r  clk_i_IBUF_BUFG_inst/O
                         net (fo=27699, routed)       0.827     2.021    u_soc/u_rx_top/clk_i
    SLICE_X41Y4          FDRE                                         r  u_soc/u_rx_top/transport_buf_data_r_reg[71]/C
                         clock pessimism             -0.252     1.769    
    SLICE_X41Y4          FDRE (Hold_fdre_C_D)         0.092     1.861    u_soc/u_rx_top/transport_buf_data_r_reg[71]
  -------------------------------------------------------------------
                         required time                         -1.861    
                         arrival time                           1.942    
  -------------------------------------------------------------------
                         slack                                  0.081    

Slack (MET) :             0.082ns  (arrival time - required time)
  Source:                 u_soc/u_rx_top/cipher_buf_data_r_reg[14]/C
                            (rising edge-triggered cell FDRE clocked by clk_i  {rise@0.000ns fall@10.000ns period=20.000ns})
  Destination:            u_soc/u_rx_top/u_aes_input_wrapper_rx/data_in_reg[14]/D
                            (rising edge-triggered cell FDCE clocked by clk_i  {rise@0.000ns fall@10.000ns period=20.000ns})
  Path Group:             clk_i
  Path Type:              Hold (Min at Fast Process Corner)
  Requirement:            0.000ns  (clk_i rise@0.000ns - clk_i rise@0.000ns)
  Data Path Delay:        0.400ns  (logic 0.141ns (35.274%)  route 0.259ns (64.726%))
  Logic Levels:           0  
  Clock Path Skew:        0.265ns (DCD - SCD - CPR)
    Destination Clock Delay (DCD):    2.020ns
    Source Clock Delay      (SCD):    1.503ns
    Clock Pessimism Removal (CPR):    0.252ns

    Location             Delay type                Incr(ns)  Path(ns)    Netlist Resource(s)
  -------------------------------------------------------------------    -------------------
                         (clock clk_i rise edge)      0.000     0.000 r  
    Y9                                                0.000     0.000 r  clk_i (IN)
                         net (fo=0)                   0.000     0.000    clk_i
    Y9                   IBUF (Prop_ibuf_I_O)         0.258     0.258 r  clk_i_IBUF_inst/O
                         net (fo=1, routed)           0.663     0.921    clk_i_IBUF
    BUFGCTRL_X0Y0        BUFG (Prop_bufg_I_O)         0.026     0.947 r  clk_i_IBUF_BUFG_inst/O
                         net (fo=27699, routed)       0.556     1.503    u_soc/u_rx_top/clk_i
    SLICE_X51Y4          FDRE                                         r  u_soc/u_rx_top/cipher_buf_data_r_reg[14]/C
  -------------------------------------------------------------------    -------------------
    SLICE_X51Y4          FDRE (Prop_fdre_C_Q)         0.141     1.644 r  u_soc/u_rx_top/cipher_buf_data_r_reg[14]/Q
                         net (fo=2, routed)           0.259     1.903    u_soc/u_rx_top/u_aes_input_wrapper_rx/data_in_reg[127]_0[14]
    SLICE_X46Y8          FDCE                                         r  u_soc/u_rx_top/u_aes_input_wrapper_rx/data_in_reg[14]/D
  -------------------------------------------------------------------    -------------------

                         (clock clk_i rise edge)      0.000     0.000 r  
    Y9                                                0.000     0.000 r  clk_i (IN)
                         net (fo=0)                   0.000     0.000    clk_i
    Y9                   IBUF (Prop_ibuf_I_O)         0.446     0.446 r  clk_i_IBUF_inst/O
                         net (fo=1, routed)           0.719     1.165    clk_i_IBUF
    BUFGCTRL_X0Y0        BUFG (Prop_bufg_I_O)         0.029     1.194 r  clk_i_IBUF_BUFG_inst/O
                         net (fo=27699, routed)       0.826     2.020    u_soc/u_rx_top/u_aes_input_wrapper_rx/clk_i
    SLICE_X46Y8          FDCE                                         r  u_soc/u_rx_top/u_aes_input_wrapper_rx/data_in_reg[14]/C
                         clock pessimism             -0.252     1.768    
    SLICE_X46Y8          FDCE (Hold_fdce_C_D)         0.052     1.820    u_soc/u_rx_top/u_aes_input_wrapper_rx/data_in_reg[14]
  -------------------------------------------------------------------
                         required time                         -1.820    
                         arrival time                           1.903    
  -------------------------------------------------------------------
                         slack                                  0.082    

Slack (MET) :             0.086ns  (arrival time - required time)
  Source:                 u_soc/u_rx_top/rx_cbc_chain_r_reg[20]/C
                            (rising edge-triggered cell FDRE clocked by clk_i  {rise@0.000ns fall@10.000ns period=20.000ns})
  Destination:            u_soc/u_rx_top/transport_buf_data_r_reg[20]/D
                            (rising edge-triggered cell FDRE clocked by clk_i  {rise@0.000ns fall@10.000ns period=20.000ns})
  Path Group:             clk_i
  Path Type:              Hold (Min at Fast Process Corner)
  Requirement:            0.000ns  (clk_i rise@0.000ns - clk_i rise@0.000ns)
  Data Path Delay:        0.464ns  (logic 0.209ns (45.050%)  route 0.255ns (54.950%))
  Logic Levels:           1  (LUT4=1)
  Clock Path Skew:        0.258ns (DCD - SCD - CPR)
    Destination Clock Delay (DCD):    2.017ns
    Source Clock Delay      (SCD):    1.507ns
    Clock Pessimism Removal (CPR):    0.252ns

    Location             Delay type                Incr(ns)  Path(ns)    Netlist Resource(s)
  -------------------------------------------------------------------    -------------------
                         (clock clk_i rise edge)      0.000     0.000 r  
    Y9                                                0.000     0.000 r  clk_i (IN)
                         net (fo=0)                   0.000     0.000    clk_i
    Y9                   IBUF (Prop_ibuf_I_O)         0.258     0.258 r  clk_i_IBUF_inst/O
                         net (fo=1, routed)           0.663     0.921    clk_i_IBUF
    BUFGCTRL_X0Y0        BUFG (Prop_bufg_I_O)         0.026     0.947 r  clk_i_IBUF_BUFG_inst/O
                         net (fo=27699, routed)       0.560     1.507    u_soc/u_rx_top/clk_i
    SLICE_X46Y4          FDRE                                         r  u_soc/u_rx_top/rx_cbc_chain_r_reg[20]/C
  -------------------------------------------------------------------    -------------------
    SLICE_X46Y4          FDRE (Prop_fdre_C_Q)         0.164     1.671 r  u_soc/u_rx_top/rx_cbc_chain_r_reg[20]/Q
                         net (fo=1, routed)           0.255     1.926    u_soc/u_rx_top/u_AES_top_rx/u_aes128_cipher_core_inv/transport_buf_data_r_reg[127][20]
    SLICE_X50Y5          LUT4 (Prop_lut4_I2_O)        0.045     1.971 r  u_soc/u_rx_top/u_AES_top_rx/u_aes128_cipher_core_inv/transport_buf_data_r[20]_i_1/O
                         net (fo=1, routed)           0.000     1.971    u_soc/u_rx_top/rx_plain_cbc_w[20]
    SLICE_X50Y5          FDRE                                         r  u_soc/u_rx_top/transport_buf_data_r_reg[20]/D
  -------------------------------------------------------------------    -------------------

                         (clock clk_i rise edge)      0.000     0.000 r  
    Y9                                                0.000     0.000 r  clk_i (IN)
                         net (fo=0)                   0.000     0.000    clk_i
    Y9                   IBUF (Prop_ibuf_I_O)         0.446     0.446 r  clk_i_IBUF_inst/O
                         net (fo=1, routed)           0.719     1.165    clk_i_IBUF
    BUFGCTRL_X0Y0        BUFG (Prop_bufg_I_O)         0.029     1.194 r  clk_i_IBUF_BUFG_inst/O
                         net (fo=27699, routed)       0.823     2.017    u_soc/u_rx_top/clk_i
    SLICE_X50Y5          FDRE                                         r  u_soc/u_rx_top/transport_buf_data_r_reg[20]/C
                         clock pessimism             -0.252     1.765    
    SLICE_X50Y5          FDRE (Hold_fdre_C_D)         0.120     1.885    u_soc/u_rx_top/transport_buf_data_r_reg[20]
  -------------------------------------------------------------------
                         required time                         -1.885    
                         arrival time                           1.971    
  -------------------------------------------------------------------
                         slack                                  0.086    

Slack (MET) :             0.109ns  (arrival time - required time)
  Source:                 u_soc/u_cpu/u_if_stage/resp_instr_r_reg[31]/C
                            (rising edge-triggered cell FDRE clocked by clk_i  {rise@0.000ns fall@10.000ns period=20.000ns})
  Destination:            u_soc/u_cpu/u_if_stage/ifid_instruction_r_reg[31]/D
                            (rising edge-triggered cell FDRE clocked by clk_i  {rise@0.000ns fall@10.000ns period=20.000ns})
  Path Group:             clk_i
  Path Type:              Hold (Min at Fast Process Corner)
  Requirement:            0.000ns  (clk_i rise@0.000ns - clk_i rise@0.000ns)
  Data Path Delay:        0.242ns  (logic 0.186ns (76.827%)  route 0.056ns (23.174%))
  Logic Levels:           1  (LUT4=1)
  Clock Path Skew:        0.013ns (DCD - SCD - CPR)
    Destination Clock Delay (DCD):    2.105ns
    Source Clock Delay      (SCD):    1.587ns
    Clock Pessimism Removal (CPR):    0.505ns

    Location             Delay type                Incr(ns)  Path(ns)    Netlist Resource(s)
  -------------------------------------------------------------------    -------------------
                         (clock clk_i rise edge)      0.000     0.000 r  
    Y9                                                0.000     0.000 r  clk_i (IN)
                         net (fo=0)                   0.000     0.000    clk_i
    Y9                   IBUF (Prop_ibuf_I_O)         0.258     0.258 r  clk_i_IBUF_inst/O
                         net (fo=1, routed)           0.663     0.921    clk_i_IBUF
    BUFGCTRL_X0Y0        BUFG (Prop_bufg_I_O)         0.026     0.947 r  clk_i_IBUF_BUFG_inst/O
                         net (fo=27699, routed)       0.640     1.587    u_soc/u_cpu/u_if_stage/clk_i
    SLICE_X109Y1         FDRE                                         r  u_soc/u_cpu/u_if_stage/resp_instr_r_reg[31]/C
  -------------------------------------------------------------------    -------------------
    SLICE_X109Y1         FDRE (Prop_fdre_C_Q)         0.141     1.728 r  u_soc/u_cpu/u_if_stage/resp_instr_r_reg[31]/Q
                         net (fo=1, routed)           0.056     1.784    u_soc/u_cpu/u_if_stage/resp_instr_r[31]
    SLICE_X108Y1         LUT4 (Prop_lut4_I0_O)        0.045     1.829 r  u_soc/u_cpu/u_if_stage/ifid_instruction_r[31]_i_2/O
                         net (fo=1, routed)           0.000     1.829    u_soc/u_cpu/u_if_stage/p_2_in_0[31]
    SLICE_X108Y1         FDRE                                         r  u_soc/u_cpu/u_if_stage/ifid_instruction_r_reg[31]/D
  -------------------------------------------------------------------    -------------------

                         (clock clk_i rise edge)      0.000     0.000 r  
    Y9                                                0.000     0.000 r  clk_i (IN)
                         net (fo=0)                   0.000     0.000    clk_i
    Y9                   IBUF (Prop_ibuf_I_O)         0.446     0.446 r  clk_i_IBUF_inst/O
                         net (fo=1, routed)           0.719     1.165    clk_i_IBUF
    BUFGCTRL_X0Y0        BUFG (Prop_bufg_I_O)         0.029     1.194 r  clk_i_IBUF_BUFG_inst/O
                         net (fo=27699, routed)       0.911     2.105    u_soc/u_cpu/u_if_stage/clk_i
    SLICE_X108Y1         FDRE                                         r  u_soc/u_cpu/u_if_stage/ifid_instruction_r_reg[31]/C
                         clock pessimism             -0.505     1.600    
    SLICE_X108Y1         FDRE (Hold_fdre_C_D)         0.120     1.720    u_soc/u_cpu/u_if_stage/ifid_instruction_r_reg[31]
  -------------------------------------------------------------------
                         required time                         -1.720    
                         arrival time                           1.829    
  -------------------------------------------------------------------
                         slack                                  0.109    

Slack (MET) :             0.110ns  (arrival time - required time)
  Source:                 u_soc/u_rx_top/cipher_buf_data_r_reg[59]/C
                            (rising edge-triggered cell FDRE clocked by clk_i  {rise@0.000ns fall@10.000ns period=20.000ns})
  Destination:            u_soc/u_rx_top/aes_current_cipher_r_reg[59]/D
                            (rising edge-triggered cell FDRE clocked by clk_i  {rise@0.000ns fall@10.000ns period=20.000ns})
  Path Group:             clk_i
  Path Type:              Hold (Min at Fast Process Corner)
  Requirement:            0.000ns  (clk_i rise@0.000ns - clk_i rise@0.000ns)
  Data Path Delay:        0.423ns  (logic 0.141ns (33.362%)  route 0.282ns (66.638%))
  Logic Levels:           0  
  Clock Path Skew:        0.265ns (DCD - SCD - CPR)
    Destination Clock Delay (DCD):    2.020ns
    Source Clock Delay      (SCD):    1.503ns
    Clock Pessimism Removal (CPR):    0.252ns

    Location             Delay type                Incr(ns)  Path(ns)    Netlist Resource(s)
  -------------------------------------------------------------------    -------------------
                         (clock clk_i rise edge)      0.000     0.000 r  
    Y9                                                0.000     0.000 r  clk_i (IN)
                         net (fo=0)                   0.000     0.000    clk_i
    Y9                   IBUF (Prop_ibuf_I_O)         0.258     0.258 r  clk_i_IBUF_inst/O
                         net (fo=1, routed)           0.663     0.921    clk_i_IBUF
    BUFGCTRL_X0Y0        BUFG (Prop_bufg_I_O)         0.026     0.947 r  clk_i_IBUF_BUFG_inst/O
                         net (fo=27699, routed)       0.556     1.503    u_soc/u_rx_top/clk_i
    SLICE_X51Y4          FDRE                                         r  u_soc/u_rx_top/cipher_buf_data_r_reg[59]/C
  -------------------------------------------------------------------    -------------------
    SLICE_X51Y4          FDRE (Prop_fdre_C_Q)         0.141     1.644 r  u_soc/u_rx_top/cipher_buf_data_r_reg[59]/Q
                         net (fo=2, routed)           0.282     1.925    u_soc/u_rx_top/cipher_buf_data_r[59]
    SLICE_X40Y9          FDRE                                         r  u_soc/u_rx_top/aes_current_cipher_r_reg[59]/D
  -------------------------------------------------------------------    -------------------

                         (clock clk_i rise edge)      0.000     0.000 r  
    Y9                                                0.000     0.000 r  clk_i (IN)
                         net (fo=0)                   0.000     0.000    clk_i
    Y9                   IBUF (Prop_ibuf_I_O)         0.446     0.446 r  clk_i_IBUF_inst/O
                         net (fo=1, routed)           0.719     1.165    clk_i_IBUF
    BUFGCTRL_X0Y0        BUFG (Prop_bufg_I_O)         0.029     1.194 r  clk_i_IBUF_BUFG_inst/O
                         net (fo=27699, routed)       0.826     2.020    u_soc/u_rx_top/clk_i
    SLICE_X40Y9          FDRE                                         r  u_soc/u_rx_top/aes_current_cipher_r_reg[59]/C
                         clock pessimism             -0.252     1.768    
    SLICE_X40Y9          FDRE (Hold_fdre_C_D)         0.047     1.815    u_soc/u_rx_top/aes_current_cipher_r_reg[59]
  -------------------------------------------------------------------
                         required time                         -1.815    
                         arrival time                           1.925    
  -------------------------------------------------------------------
                         slack                                  0.110    

Slack (MET) :             0.117ns  (arrival time - required time)
  Source:                 u_soc/u_rx_top/u_rx_byte_packer_32/accum_data_r_reg[18]/C
                            (rising edge-triggered cell FDCE clocked by clk_i  {rise@0.000ns fall@10.000ns period=20.000ns})
  Destination:            u_soc/u_rx_top/u_rx_byte_packer_32/word_data_r_reg[18]/D
                            (rising edge-triggered cell FDCE clocked by clk_i  {rise@0.000ns fall@10.000ns period=20.000ns})
  Path Group:             clk_i
  Path Type:              Hold (Min at Fast Process Corner)
  Requirement:            0.000ns  (clk_i rise@0.000ns - clk_i rise@0.000ns)
  Data Path Delay:        0.251ns  (logic 0.186ns (74.042%)  route 0.065ns (25.958%))
  Logic Levels:           1  (LUT5=1)
  Clock Path Skew:        0.013ns (DCD - SCD - CPR)
    Destination Clock Delay (DCD):    2.094ns
    Source Clock Delay      (SCD):    1.578ns
    Clock Pessimism Removal (CPR):    0.503ns

    Location             Delay type                Incr(ns)  Path(ns)    Netlist Resource(s)
  -------------------------------------------------------------------    -------------------
                         (clock clk_i rise edge)      0.000     0.000 r  
    Y9                                                0.000     0.000 r  clk_i (IN)
                         net (fo=0)                   0.000     0.000    clk_i
    Y9                   IBUF (Prop_ibuf_I_O)         0.258     0.258 r  clk_i_IBUF_inst/O
                         net (fo=1, routed)           0.663     0.921    clk_i_IBUF
    BUFGCTRL_X0Y0        BUFG (Prop_bufg_I_O)         0.026     0.947 r  clk_i_IBUF_BUFG_inst/O
                         net (fo=27699, routed)       0.631     1.578    u_soc/u_rx_top/u_rx_byte_packer_32/clk_i
    SLICE_X113Y29        FDCE                                         r  u_soc/u_rx_top/u_rx_byte_packer_32/accum_data_r_reg[18]/C
  -------------------------------------------------------------------    -------------------
    SLICE_X113Y29        FDCE (Prop_fdce_C_Q)         0.141     1.719 r  u_soc/u_rx_top/u_rx_byte_packer_32/accum_data_r_reg[18]/Q
                         net (fo=2, routed)           0.065     1.784    u_soc/u_rx_top/u_rx_byte_packer_32/accum_data_r_reg_n_0_[18]
    SLICE_X112Y29        LUT5 (Prop_lut5_I0_O)        0.045     1.829 r  u_soc/u_rx_top/u_rx_byte_packer_32/word_data_r[18]_i_1/O
                         net (fo=1, routed)           0.000     1.829    u_soc/u_rx_top/u_rx_byte_packer_32/word_data_r[18]_i_1_n_0
    SLICE_X112Y29        FDCE                                         r  u_soc/u_rx_top/u_rx_byte_packer_32/word_data_r_reg[18]/D
  -------------------------------------------------------------------    -------------------

                         (clock clk_i rise edge)      0.000     0.000 r  
    Y9                                                0.000     0.000 r  clk_i (IN)
                         net (fo=0)                   0.000     0.000    clk_i
    Y9                   IBUF (Prop_ibuf_I_O)         0.446     0.446 r  clk_i_IBUF_inst/O
                         net (fo=1, routed)           0.719     1.165    clk_i_IBUF
    BUFGCTRL_X0Y0        BUFG (Prop_bufg_I_O)         0.029     1.194 r  clk_i_IBUF_BUFG_inst/O
                         net (fo=27699, routed)       0.900     2.094    u_soc/u_rx_top/u_rx_byte_packer_32/clk_i
    SLICE_X112Y29        FDCE                                         r  u_soc/u_rx_top/u_rx_byte_packer_32/word_data_r_reg[18]/C
                         clock pessimism             -0.503     1.591    
    SLICE_X112Y29        FDCE (Hold_fdce_C_D)         0.121     1.712    u_soc/u_rx_top/u_rx_byte_packer_32/word_data_r_reg[18]
  -------------------------------------------------------------------
                         required time                         -1.712    
                         arrival time                           1.829    
  -------------------------------------------------------------------
                         slack                                  0.117    

Slack (MET) :             0.118ns  (arrival time - required time)
  Source:                 u_soc/u_dma_regfile/iv1_r_reg[1]/C
                            (rising edge-triggered cell FDRE clocked by clk_i  {rise@0.000ns fall@10.000ns period=20.000ns})
  Destination:            u_soc/u_rx_top/transport_buf_data_r_reg[33]/D
                            (rising edge-triggered cell FDRE clocked by clk_i  {rise@0.000ns fall@10.000ns period=20.000ns})
  Path Group:             clk_i
  Path Type:              Hold (Min at Fast Process Corner)
  Requirement:            0.000ns  (clk_i rise@0.000ns - clk_i rise@0.000ns)
  Data Path Delay:        0.476ns  (logic 0.209ns (43.899%)  route 0.267ns (56.101%))
  Logic Levels:           1  (LUT4=1)
  Clock Path Skew:        0.266ns (DCD - SCD - CPR)
    Destination Clock Delay (DCD):    2.021ns
    Source Clock Delay      (SCD):    1.503ns
    Clock Pessimism Removal (CPR):    0.252ns

    Location             Delay type                Incr(ns)  Path(ns)    Netlist Resource(s)
  -------------------------------------------------------------------    -------------------
                         (clock clk_i rise edge)      0.000     0.000 r  
    Y9                                                0.000     0.000 r  clk_i (IN)
                         net (fo=0)                   0.000     0.000    clk_i
    Y9                   IBUF (Prop_ibuf_I_O)         0.258     0.258 r  clk_i_IBUF_inst/O
                         net (fo=1, routed)           0.663     0.921    clk_i_IBUF
    BUFGCTRL_X0Y0        BUFG (Prop_bufg_I_O)         0.026     0.947 r  clk_i_IBUF_BUFG_inst/O
                         net (fo=27699, routed)       0.556     1.503    u_soc/u_dma_regfile/clk_i
    SLICE_X50Y3          FDRE                                         r  u_soc/u_dma_regfile/iv1_r_reg[1]/C
  -------------------------------------------------------------------    -------------------
    SLICE_X50Y3          FDRE (Prop_fdre_C_Q)         0.164     1.667 r  u_soc/u_dma_regfile/iv1_r_reg[1]/Q
                         net (fo=2, routed)           0.267     1.934    u_soc/u_rx_top/u_AES_top_rx/u_aes128_cipher_core_inv/cbc_iv_i[33]
    SLICE_X48Y3          LUT4 (Prop_lut4_I1_O)        0.045     1.979 r  u_soc/u_rx_top/u_AES_top_rx/u_aes128_cipher_core_inv/transport_buf_data_r[33]_i_1/O
                         net (fo=1, routed)           0.000     1.979    u_soc/u_rx_top/rx_plain_cbc_w[33]
    SLICE_X48Y3          FDRE                                         r  u_soc/u_rx_top/transport_buf_data_r_reg[33]/D
  -------------------------------------------------------------------    -------------------

                         (clock clk_i rise edge)      0.000     0.000 r  
    Y9                                                0.000     0.000 r  clk_i (IN)
                         net (fo=0)                   0.000     0.000    clk_i
    Y9                   IBUF (Prop_ibuf_I_O)         0.446     0.446 r  clk_i_IBUF_inst/O
                         net (fo=1, routed)           0.719     1.165    clk_i_IBUF
    BUFGCTRL_X0Y0        BUFG (Prop_bufg_I_O)         0.029     1.194 r  clk_i_IBUF_BUFG_inst/O
                         net (fo=27699, routed)       0.827     2.021    u_soc/u_rx_top/clk_i
    SLICE_X48Y3          FDRE                                         r  u_soc/u_rx_top/transport_buf_data_r_reg[33]/C
                         clock pessimism             -0.252     1.769    
    SLICE_X48Y3          FDRE (Hold_fdre_C_D)         0.092     1.861    u_soc/u_rx_top/transport_buf_data_r_reg[33]
  -------------------------------------------------------------------
                         required time                         -1.861    
                         arrival time                           1.979    
  -------------------------------------------------------------------
                         slack                                  0.118    





Pulse Width Checks
--------------------------------------------------------------------------------------
Clock Name:         clk_i
Waveform(ns):       { 0.000 10.000 }
Period(ns):         20.000
Sources:            { clk_i }

Check Type        Corner  Lib Pin             Reference Pin  Required(ns)  Actual(ns)  Slack(ns)  Location       Pin
Min Period        n/a     RAMB36E1/CLKARDCLK  n/a            2.944         20.000      17.056     RAMB36_X4Y0    u_soc/u_dmem/u_dmem_ip/mem_reg_0_0/CLKARDCLK
Min Period        n/a     RAMB36E1/CLKBWRCLK  n/a            2.944         20.000      17.056     RAMB36_X4Y0    u_soc/u_dmem/u_dmem_ip/mem_reg_0_0/CLKBWRCLK
Min Period        n/a     RAMB36E1/CLKARDCLK  n/a            2.944         20.000      17.056     RAMB36_X4Y3    u_soc/u_dmem/u_dmem_ip/mem_reg_0_1/CLKARDCLK
Min Period        n/a     RAMB36E1/CLKBWRCLK  n/a            2.944         20.000      17.056     RAMB36_X4Y3    u_soc/u_dmem/u_dmem_ip/mem_reg_0_1/CLKBWRCLK
Min Period        n/a     RAMB36E1/CLKARDCLK  n/a            2.944         20.000      17.056     RAMB36_X3Y1    u_soc/u_dmem/u_dmem_ip/mem_reg_1_0/CLKARDCLK
Min Period        n/a     RAMB36E1/CLKBWRCLK  n/a            2.944         20.000      17.056     RAMB36_X3Y1    u_soc/u_dmem/u_dmem_ip/mem_reg_1_0/CLKBWRCLK
Min Period        n/a     RAMB36E1/CLKARDCLK  n/a            2.944         20.000      17.056     RAMB36_X3Y2    u_soc/u_dmem/u_dmem_ip/mem_reg_1_1/CLKARDCLK
Min Period        n/a     RAMB36E1/CLKBWRCLK  n/a            2.944         20.000      17.056     RAMB36_X3Y2    u_soc/u_dmem/u_dmem_ip/mem_reg_1_1/CLKBWRCLK
Min Period        n/a     RAMB36E1/CLKARDCLK  n/a            2.944         20.000      17.056     RAMB36_X3Y3    u_soc/u_dmem/u_dmem_ip/mem_reg_2_0/CLKARDCLK
Min Period        n/a     RAMB36E1/CLKBWRCLK  n/a            2.944         20.000      17.056     RAMB36_X3Y3    u_soc/u_dmem/u_dmem_ip/mem_reg_2_0/CLKBWRCLK
Low Pulse Width   Slow    FDRE/C              n/a            0.500         10.000      9.500      SLICE_X105Y39  heartbeat_r_reg[0]/C
Low Pulse Width   Fast    FDRE/C              n/a            0.500         10.000      9.500      SLICE_X105Y39  heartbeat_r_reg[0]/C
Low Pulse Width   Slow    FDRE/C              n/a            0.500         10.000      9.500      SLICE_X105Y41  heartbeat_r_reg[10]/C
Low Pulse Width   Fast    FDRE/C              n/a            0.500         10.000      9.500      SLICE_X105Y41  heartbeat_r_reg[10]/C
Low Pulse Width   Slow    FDRE/C              n/a            0.500         10.000      9.500      SLICE_X105Y41  heartbeat_r_reg[11]/C
Low Pulse Width   Fast    FDRE/C              n/a            0.500         10.000      9.500      SLICE_X105Y41  heartbeat_r_reg[11]/C
Low Pulse Width   Slow    FDRE/C              n/a            0.500         10.000      9.500      SLICE_X105Y42  heartbeat_r_reg[12]/C
Low Pulse Width   Fast    FDRE/C              n/a            0.500         10.000      9.500      SLICE_X105Y42  heartbeat_r_reg[12]/C
Low Pulse Width   Slow    FDRE/C              n/a            0.500         10.000      9.500      SLICE_X105Y42  heartbeat_r_reg[13]/C
Low Pulse Width   Fast    FDRE/C              n/a            0.500         10.000      9.500      SLICE_X105Y42  heartbeat_r_reg[13]/C
High Pulse Width  Slow    FDRE/C              n/a            0.500         10.000      9.500      SLICE_X105Y39  heartbeat_r_reg[0]/C
High Pulse Width  Fast    FDRE/C              n/a            0.500         10.000      9.500      SLICE_X105Y39  heartbeat_r_reg[0]/C
High Pulse Width  Slow    FDRE/C              n/a            0.500         10.000      9.500      SLICE_X105Y41  heartbeat_r_reg[10]/C
High Pulse Width  Fast    FDRE/C              n/a            0.500         10.000      9.500      SLICE_X105Y41  heartbeat_r_reg[10]/C
High Pulse Width  Slow    FDRE/C              n/a            0.500         10.000      9.500      SLICE_X105Y41  heartbeat_r_reg[11]/C
High Pulse Width  Fast    FDRE/C              n/a            0.500         10.000      9.500      SLICE_X105Y41  heartbeat_r_reg[11]/C
High Pulse Width  Slow    FDRE/C              n/a            0.500         10.000      9.500      SLICE_X105Y42  heartbeat_r_reg[12]/C
High Pulse Width  Fast    FDRE/C              n/a            0.500         10.000      9.500      SLICE_X105Y42  heartbeat_r_reg[12]/C
High Pulse Width  Slow    FDRE/C              n/a            0.500         10.000      9.500      SLICE_X105Y42  heartbeat_r_reg[13]/C
High Pulse Width  Fast    FDRE/C              n/a            0.500         10.000      9.500      SLICE_X105Y42  heartbeat_r_reg[13]/C



---------------------------------------------------------------------------------------------------
Path Group:  **async_default**
From Clock:  clk_i
  To Clock:  clk_i

Setup :            0  Failing Endpoints,  Worst Slack        8.854ns,  Total Violation        0.000ns
Hold  :            0  Failing Endpoints,  Worst Slack        1.929ns,  Total Violation        0.000ns
---------------------------------------------------------------------------------------------------


Max Delay Paths
--------------------------------------------------------------------------------------
Slack (MET) :             8.854ns  (required time - arrival time)
  Source:                 por_shift_r_reg[14]/C
                            (rising edge-triggered cell FDRE clocked by clk_i  {rise@0.000ns fall@10.000ns period=20.000ns})
  Destination:            u_soc/u_rx_top/u_bit_depacker_128/stream_data_r_reg[12]/CLR
                            (recovery check against rising-edge clock clk_i  {rise@0.000ns fall@10.000ns period=20.000ns})
  Path Group:             **async_default**
  Path Type:              Recovery (Max at Slow Process Corner)
  Requirement:            20.000ns  (clk_i rise@20.000ns - clk_i rise@0.000ns)
  Data Path Delay:        10.513ns  (logic 1.115ns (10.606%)  route 9.398ns (89.394%))
  Logic Levels:           5  (BUFG=1 LUT2=1 LUT4=1 LUT5=1 LUT6=1)
  Clock Path Skew:        -0.193ns (DCD - SCD + CPR)
    Destination Clock Delay (DCD):    5.031ns = ( 25.031 - 20.000 ) 
    Source Clock Delay      (SCD):    5.517ns
    Clock Pessimism Removal (CPR):    0.294ns
  Clock Uncertainty:      0.035ns  ((TSJ^2 + TIJ^2)^1/2 + DJ) / 2 + PE
    Total System Jitter     (TSJ):    0.071ns
    Total Input Jitter      (TIJ):    0.000ns
    Discrete Jitter          (DJ):    0.000ns
    Phase Error              (PE):    0.000ns

    Location             Delay type                Incr(ns)  Path(ns)    Netlist Resource(s)
  -------------------------------------------------------------------    -------------------
                         (clock clk_i rise edge)      0.000     0.000 r  
    Y9                                                0.000     0.000 r  clk_i (IN)
                         net (fo=0)                   0.000     0.000    clk_i
    Y9                   IBUF (Prop_ibuf_I_O)         1.490     1.490 r  clk_i_IBUF_inst/O
                         net (fo=1, routed)           2.171     3.661    clk_i_IBUF
    BUFGCTRL_X0Y0        BUFG (Prop_bufg_I_O)         0.101     3.762 r  clk_i_IBUF_BUFG_inst/O
                         net (fo=27699, routed)       1.755     5.517    clk_i_IBUF_BUFG
    SLICE_X12Y1          FDRE                                         r  por_shift_r_reg[14]/C
  -------------------------------------------------------------------    -------------------
    SLICE_X12Y1          FDRE (Prop_fdre_C_Q)         0.518     6.035 f  por_shift_r_reg[14]/Q
                         net (fo=2, routed)           0.531     6.567    u_uart_dmem_loader/u_uart_rx/Q[13]
    SLICE_X12Y1          LUT4 (Prop_lut4_I3_O)        0.124     6.691 f  u_uart_dmem_loader/u_uart_rx/FSM_sequential_state_r[1]_i_6/O
                         net (fo=1, routed)           0.452     7.143    u_uart_dmem_loader/u_uart_rx/FSM_sequential_state_r[1]_i_6_n_0
    SLICE_X12Y1          LUT5 (Prop_lut5_I4_O)        0.124     7.267 f  u_uart_dmem_loader/u_uart_rx/FSM_sequential_state_r[1]_i_4/O
                         net (fo=1, routed)           0.307     7.574    u_uart_dmem_loader/u_uart_rx/FSM_sequential_state_r[1]_i_4_n_0
    SLICE_X12Y0          LUT6 (Prop_lut6_I5_O)        0.124     7.698 f  u_uart_dmem_loader/u_uart_rx/FSM_sequential_state_r[1]_i_1/O
                         net (fo=391, routed)         4.497    12.195    u_uart_dmem_loader/por_rst_w
    SLICE_X100Y45        LUT2 (Prop_lut2_I0_O)        0.124    12.319 f  u_uart_dmem_loader/u_soc_i_1/O
                         net (fo=1, routed)           1.670    13.989    u_uart_dmem_loader/rst_i
    BUFGCTRL_X0Y1        BUFG (Prop_bufg_I_O)         0.101    14.090 f  u_uart_dmem_loader/rst_i_BUFG_inst/O
                         net (fo=25972, routed)       1.941    16.031    u_soc/u_rx_top/u_bit_depacker_128/rst_i
    SLICE_X63Y13         FDCE                                         f  u_soc/u_rx_top/u_bit_depacker_128/stream_data_r_reg[12]/CLR
  -------------------------------------------------------------------    -------------------

                         (clock clk_i rise edge)     20.000    20.000 r  
    Y9                                                0.000    20.000 r  clk_i (IN)
                         net (fo=0)                   0.000    20.000    clk_i
    Y9                   IBUF (Prop_ibuf_I_O)         1.420    21.420 r  clk_i_IBUF_inst/O
                         net (fo=1, routed)           1.972    23.392    clk_i_IBUF
    BUFGCTRL_X0Y0        BUFG (Prop_bufg_I_O)         0.091    23.483 r  clk_i_IBUF_BUFG_inst/O
                         net (fo=27699, routed)       1.548    25.031    u_soc/u_rx_top/u_bit_depacker_128/clk_i
    SLICE_X63Y13         FDCE                                         r  u_soc/u_rx_top/u_bit_depacker_128/stream_data_r_reg[12]/C
                         clock pessimism              0.294    25.325    
                         clock uncertainty           -0.035    25.289    
    SLICE_X63Y13         FDCE (Recov_fdce_C_CLR)     -0.405    24.884    u_soc/u_rx_top/u_bit_depacker_128/stream_data_r_reg[12]
  -------------------------------------------------------------------
                         required time                         24.884    
                         arrival time                         -16.031    
  -------------------------------------------------------------------
                         slack                                  8.854    

Slack (MET) :             8.854ns  (required time - arrival time)
  Source:                 por_shift_r_reg[14]/C
                            (rising edge-triggered cell FDRE clocked by clk_i  {rise@0.000ns fall@10.000ns period=20.000ns})
  Destination:            u_soc/u_rx_top/u_bit_depacker_128/stream_data_r_reg[13]/CLR
                            (recovery check against rising-edge clock clk_i  {rise@0.000ns fall@10.000ns period=20.000ns})
  Path Group:             **async_default**
  Path Type:              Recovery (Max at Slow Process Corner)
  Requirement:            20.000ns  (clk_i rise@20.000ns - clk_i rise@0.000ns)
  Data Path Delay:        10.513ns  (logic 1.115ns (10.606%)  route 9.398ns (89.394%))
  Logic Levels:           5  (BUFG=1 LUT2=1 LUT4=1 LUT5=1 LUT6=1)
  Clock Path Skew:        -0.193ns (DCD - SCD + CPR)
    Destination Clock Delay (DCD):    5.031ns = ( 25.031 - 20.000 ) 
    Source Clock Delay      (SCD):    5.517ns
    Clock Pessimism Removal (CPR):    0.294ns
  Clock Uncertainty:      0.035ns  ((TSJ^2 + TIJ^2)^1/2 + DJ) / 2 + PE
    Total System Jitter     (TSJ):    0.071ns
    Total Input Jitter      (TIJ):    0.000ns
    Discrete Jitter          (DJ):    0.000ns
    Phase Error              (PE):    0.000ns

    Location             Delay type                Incr(ns)  Path(ns)    Netlist Resource(s)
  -------------------------------------------------------------------    -------------------
                         (clock clk_i rise edge)      0.000     0.000 r  
    Y9                                                0.000     0.000 r  clk_i (IN)
                         net (fo=0)                   0.000     0.000    clk_i
    Y9                   IBUF (Prop_ibuf_I_O)         1.490     1.490 r  clk_i_IBUF_inst/O
                         net (fo=1, routed)           2.171     3.661    clk_i_IBUF
    BUFGCTRL_X0Y0        BUFG (Prop_bufg_I_O)         0.101     3.762 r  clk_i_IBUF_BUFG_inst/O
                         net (fo=27699, routed)       1.755     5.517    clk_i_IBUF_BUFG
    SLICE_X12Y1          FDRE                                         r  por_shift_r_reg[14]/C
  -------------------------------------------------------------------    -------------------
    SLICE_X12Y1          FDRE (Prop_fdre_C_Q)         0.518     6.035 f  por_shift_r_reg[14]/Q
                         net (fo=2, routed)           0.531     6.567    u_uart_dmem_loader/u_uart_rx/Q[13]
    SLICE_X12Y1          LUT4 (Prop_lut4_I3_O)        0.124     6.691 f  u_uart_dmem_loader/u_uart_rx/FSM_sequential_state_r[1]_i_6/O
                         net (fo=1, routed)           0.452     7.143    u_uart_dmem_loader/u_uart_rx/FSM_sequential_state_r[1]_i_6_n_0
    SLICE_X12Y1          LUT5 (Prop_lut5_I4_O)        0.124     7.267 f  u_uart_dmem_loader/u_uart_rx/FSM_sequential_state_r[1]_i_4/O
                         net (fo=1, routed)           0.307     7.574    u_uart_dmem_loader/u_uart_rx/FSM_sequential_state_r[1]_i_4_n_0
    SLICE_X12Y0          LUT6 (Prop_lut6_I5_O)        0.124     7.698 f  u_uart_dmem_loader/u_uart_rx/FSM_sequential_state_r[1]_i_1/O
                         net (fo=391, routed)         4.497    12.195    u_uart_dmem_loader/por_rst_w
    SLICE_X100Y45        LUT2 (Prop_lut2_I0_O)        0.124    12.319 f  u_uart_dmem_loader/u_soc_i_1/O
                         net (fo=1, routed)           1.670    13.989    u_uart_dmem_loader/rst_i
    BUFGCTRL_X0Y1        BUFG (Prop_bufg_I_O)         0.101    14.090 f  u_uart_dmem_loader/rst_i_BUFG_inst/O
                         net (fo=25972, routed)       1.941    16.031    u_soc/u_rx_top/u_bit_depacker_128/rst_i
    SLICE_X63Y13         FDCE                                         f  u_soc/u_rx_top/u_bit_depacker_128/stream_data_r_reg[13]/CLR
  -------------------------------------------------------------------    -------------------

                         (clock clk_i rise edge)     20.000    20.000 r  
    Y9                                                0.000    20.000 r  clk_i (IN)
                         net (fo=0)                   0.000    20.000    clk_i
    Y9                   IBUF (Prop_ibuf_I_O)         1.420    21.420 r  clk_i_IBUF_inst/O
                         net (fo=1, routed)           1.972    23.392    clk_i_IBUF
    BUFGCTRL_X0Y0        BUFG (Prop_bufg_I_O)         0.091    23.483 r  clk_i_IBUF_BUFG_inst/O
                         net (fo=27699, routed)       1.548    25.031    u_soc/u_rx_top/u_bit_depacker_128/clk_i
    SLICE_X63Y13         FDCE                                         r  u_soc/u_rx_top/u_bit_depacker_128/stream_data_r_reg[13]/C
                         clock pessimism              0.294    25.325    
                         clock uncertainty           -0.035    25.289    
    SLICE_X63Y13         FDCE (Recov_fdce_C_CLR)     -0.405    24.884    u_soc/u_rx_top/u_bit_depacker_128/stream_data_r_reg[13]
  -------------------------------------------------------------------
                         required time                         24.884    
                         arrival time                         -16.031    
  -------------------------------------------------------------------
                         slack                                  8.854    

Slack (MET) :             8.854ns  (required time - arrival time)
  Source:                 por_shift_r_reg[14]/C
                            (rising edge-triggered cell FDRE clocked by clk_i  {rise@0.000ns fall@10.000ns period=20.000ns})
  Destination:            u_soc/u_rx_top/u_bit_depacker_128/stream_data_r_reg[18]/CLR
                            (recovery check against rising-edge clock clk_i  {rise@0.000ns fall@10.000ns period=20.000ns})
  Path Group:             **async_default**
  Path Type:              Recovery (Max at Slow Process Corner)
  Requirement:            20.000ns  (clk_i rise@20.000ns - clk_i rise@0.000ns)
  Data Path Delay:        10.513ns  (logic 1.115ns (10.606%)  route 9.398ns (89.394%))
  Logic Levels:           5  (BUFG=1 LUT2=1 LUT4=1 LUT5=1 LUT6=1)
  Clock Path Skew:        -0.193ns (DCD - SCD + CPR)
    Destination Clock Delay (DCD):    5.031ns = ( 25.031 - 20.000 ) 
    Source Clock Delay      (SCD):    5.517ns
    Clock Pessimism Removal (CPR):    0.294ns
  Clock Uncertainty:      0.035ns  ((TSJ^2 + TIJ^2)^1/2 + DJ) / 2 + PE
    Total System Jitter     (TSJ):    0.071ns
    Total Input Jitter      (TIJ):    0.000ns
    Discrete Jitter          (DJ):    0.000ns
    Phase Error              (PE):    0.000ns

    Location             Delay type                Incr(ns)  Path(ns)    Netlist Resource(s)
  -------------------------------------------------------------------    -------------------
                         (clock clk_i rise edge)      0.000     0.000 r  
    Y9                                                0.000     0.000 r  clk_i (IN)
                         net (fo=0)                   0.000     0.000    clk_i
    Y9                   IBUF (Prop_ibuf_I_O)         1.490     1.490 r  clk_i_IBUF_inst/O
                         net (fo=1, routed)           2.171     3.661    clk_i_IBUF
    BUFGCTRL_X0Y0        BUFG (Prop_bufg_I_O)         0.101     3.762 r  clk_i_IBUF_BUFG_inst/O
                         net (fo=27699, routed)       1.755     5.517    clk_i_IBUF_BUFG
    SLICE_X12Y1          FDRE                                         r  por_shift_r_reg[14]/C
  -------------------------------------------------------------------    -------------------
    SLICE_X12Y1          FDRE (Prop_fdre_C_Q)         0.518     6.035 f  por_shift_r_reg[14]/Q
                         net (fo=2, routed)           0.531     6.567    u_uart_dmem_loader/u_uart_rx/Q[13]
    SLICE_X12Y1          LUT4 (Prop_lut4_I3_O)        0.124     6.691 f  u_uart_dmem_loader/u_uart_rx/FSM_sequential_state_r[1]_i_6/O
                         net (fo=1, routed)           0.452     7.143    u_uart_dmem_loader/u_uart_rx/FSM_sequential_state_r[1]_i_6_n_0
    SLICE_X12Y1          LUT5 (Prop_lut5_I4_O)        0.124     7.267 f  u_uart_dmem_loader/u_uart_rx/FSM_sequential_state_r[1]_i_4/O
                         net (fo=1, routed)           0.307     7.574    u_uart_dmem_loader/u_uart_rx/FSM_sequential_state_r[1]_i_4_n_0
    SLICE_X12Y0          LUT6 (Prop_lut6_I5_O)        0.124     7.698 f  u_uart_dmem_loader/u_uart_rx/FSM_sequential_state_r[1]_i_1/O
                         net (fo=391, routed)         4.497    12.195    u_uart_dmem_loader/por_rst_w
    SLICE_X100Y45        LUT2 (Prop_lut2_I0_O)        0.124    12.319 f  u_uart_dmem_loader/u_soc_i_1/O
                         net (fo=1, routed)           1.670    13.989    u_uart_dmem_loader/rst_i
    BUFGCTRL_X0Y1        BUFG (Prop_bufg_I_O)         0.101    14.090 f  u_uart_dmem_loader/rst_i_BUFG_inst/O
                         net (fo=25972, routed)       1.941    16.031    u_soc/u_rx_top/u_bit_depacker_128/rst_i
    SLICE_X63Y13         FDCE                                         f  u_soc/u_rx_top/u_bit_depacker_128/stream_data_r_reg[18]/CLR
  -------------------------------------------------------------------    -------------------

                         (clock clk_i rise edge)     20.000    20.000 r  
    Y9                                                0.000    20.000 r  clk_i (IN)
                         net (fo=0)                   0.000    20.000    clk_i
    Y9                   IBUF (Prop_ibuf_I_O)         1.420    21.420 r  clk_i_IBUF_inst/O
                         net (fo=1, routed)           1.972    23.392    clk_i_IBUF
    BUFGCTRL_X0Y0        BUFG (Prop_bufg_I_O)         0.091    23.483 r  clk_i_IBUF_BUFG_inst/O
                         net (fo=27699, routed)       1.548    25.031    u_soc/u_rx_top/u_bit_depacker_128/clk_i
    SLICE_X63Y13         FDCE                                         r  u_soc/u_rx_top/u_bit_depacker_128/stream_data_r_reg[18]/C
                         clock pessimism              0.294    25.325    
                         clock uncertainty           -0.035    25.289    
    SLICE_X63Y13         FDCE (Recov_fdce_C_CLR)     -0.405    24.884    u_soc/u_rx_top/u_bit_depacker_128/stream_data_r_reg[18]
  -------------------------------------------------------------------
                         required time                         24.884    
                         arrival time                         -16.031    
  -------------------------------------------------------------------
                         slack                                  8.854    

Slack (MET) :             8.854ns  (required time - arrival time)
  Source:                 por_shift_r_reg[14]/C
                            (rising edge-triggered cell FDRE clocked by clk_i  {rise@0.000ns fall@10.000ns period=20.000ns})
  Destination:            u_soc/u_rx_top/u_bit_depacker_128/stream_data_r_reg[19]/CLR
                            (recovery check against rising-edge clock clk_i  {rise@0.000ns fall@10.000ns period=20.000ns})
  Path Group:             **async_default**
  Path Type:              Recovery (Max at Slow Process Corner)
  Requirement:            20.000ns  (clk_i rise@20.000ns - clk_i rise@0.000ns)
  Data Path Delay:        10.513ns  (logic 1.115ns (10.606%)  route 9.398ns (89.394%))
  Logic Levels:           5  (BUFG=1 LUT2=1 LUT4=1 LUT5=1 LUT6=1)
  Clock Path Skew:        -0.193ns (DCD - SCD + CPR)
    Destination Clock Delay (DCD):    5.031ns = ( 25.031 - 20.000 ) 
    Source Clock Delay      (SCD):    5.517ns
    Clock Pessimism Removal (CPR):    0.294ns
  Clock Uncertainty:      0.035ns  ((TSJ^2 + TIJ^2)^1/2 + DJ) / 2 + PE
    Total System Jitter     (TSJ):    0.071ns
    Total Input Jitter      (TIJ):    0.000ns
    Discrete Jitter          (DJ):    0.000ns
    Phase Error              (PE):    0.000ns

    Location             Delay type                Incr(ns)  Path(ns)    Netlist Resource(s)
  -------------------------------------------------------------------    -------------------
                         (clock clk_i rise edge)      0.000     0.000 r  
    Y9                                                0.000     0.000 r  clk_i (IN)
                         net (fo=0)                   0.000     0.000    clk_i
    Y9                   IBUF (Prop_ibuf_I_O)         1.490     1.490 r  clk_i_IBUF_inst/O
                         net (fo=1, routed)           2.171     3.661    clk_i_IBUF
    BUFGCTRL_X0Y0        BUFG (Prop_bufg_I_O)         0.101     3.762 r  clk_i_IBUF_BUFG_inst/O
                         net (fo=27699, routed)       1.755     5.517    clk_i_IBUF_BUFG
    SLICE_X12Y1          FDRE                                         r  por_shift_r_reg[14]/C
  -------------------------------------------------------------------    -------------------
    SLICE_X12Y1          FDRE (Prop_fdre_C_Q)         0.518     6.035 f  por_shift_r_reg[14]/Q
                         net (fo=2, routed)           0.531     6.567    u_uart_dmem_loader/u_uart_rx/Q[13]
    SLICE_X12Y1          LUT4 (Prop_lut4_I3_O)        0.124     6.691 f  u_uart_dmem_loader/u_uart_rx/FSM_sequential_state_r[1]_i_6/O
                         net (fo=1, routed)           0.452     7.143    u_uart_dmem_loader/u_uart_rx/FSM_sequential_state_r[1]_i_6_n_0
    SLICE_X12Y1          LUT5 (Prop_lut5_I4_O)        0.124     7.267 f  u_uart_dmem_loader/u_uart_rx/FSM_sequential_state_r[1]_i_4/O
                         net (fo=1, routed)           0.307     7.574    u_uart_dmem_loader/u_uart_rx/FSM_sequential_state_r[1]_i_4_n_0
    SLICE_X12Y0          LUT6 (Prop_lut6_I5_O)        0.124     7.698 f  u_uart_dmem_loader/u_uart_rx/FSM_sequential_state_r[1]_i_1/O
                         net (fo=391, routed)         4.497    12.195    u_uart_dmem_loader/por_rst_w
    SLICE_X100Y45        LUT2 (Prop_lut2_I0_O)        0.124    12.319 f  u_uart_dmem_loader/u_soc_i_1/O
                         net (fo=1, routed)           1.670    13.989    u_uart_dmem_loader/rst_i
    BUFGCTRL_X0Y1        BUFG (Prop_bufg_I_O)         0.101    14.090 f  u_uart_dmem_loader/rst_i_BUFG_inst/O
                         net (fo=25972, routed)       1.941    16.031    u_soc/u_rx_top/u_bit_depacker_128/rst_i
    SLICE_X63Y13         FDCE                                         f  u_soc/u_rx_top/u_bit_depacker_128/stream_data_r_reg[19]/CLR
  -------------------------------------------------------------------    -------------------

                         (clock clk_i rise edge)     20.000    20.000 r  
    Y9                                                0.000    20.000 r  clk_i (IN)
                         net (fo=0)                   0.000    20.000    clk_i
    Y9                   IBUF (Prop_ibuf_I_O)         1.420    21.420 r  clk_i_IBUF_inst/O
                         net (fo=1, routed)           1.972    23.392    clk_i_IBUF
    BUFGCTRL_X0Y0        BUFG (Prop_bufg_I_O)         0.091    23.483 r  clk_i_IBUF_BUFG_inst/O
                         net (fo=27699, routed)       1.548    25.031    u_soc/u_rx_top/u_bit_depacker_128/clk_i
    SLICE_X63Y13         FDCE                                         r  u_soc/u_rx_top/u_bit_depacker_128/stream_data_r_reg[19]/C
                         clock pessimism              0.294    25.325    
                         clock uncertainty           -0.035    25.289    
    SLICE_X63Y13         FDCE (Recov_fdce_C_CLR)     -0.405    24.884    u_soc/u_rx_top/u_bit_depacker_128/stream_data_r_reg[19]
  -------------------------------------------------------------------
                         required time                         24.884    
                         arrival time                         -16.031    
  -------------------------------------------------------------------
                         slack                                  8.854    

Slack (MET) :             8.856ns  (required time - arrival time)
  Source:                 por_shift_r_reg[14]/C
                            (rising edge-triggered cell FDRE clocked by clk_i  {rise@0.000ns fall@10.000ns period=20.000ns})
  Destination:            u_soc/u_rx_top/u_apb_huffman_rx_if/fifo_data_mem_reg[0][3]/CLR
                            (recovery check against rising-edge clock clk_i  {rise@0.000ns fall@10.000ns period=20.000ns})
  Path Group:             **async_default**
  Path Type:              Recovery (Max at Slow Process Corner)
  Requirement:            20.000ns  (clk_i rise@20.000ns - clk_i rise@0.000ns)
  Data Path Delay:        10.656ns  (logic 1.115ns (10.464%)  route 9.541ns (89.536%))
  Logic Levels:           5  (BUFG=1 LUT2=1 LUT4=1 LUT5=1 LUT6=1)
  Clock Path Skew:        -0.048ns (DCD - SCD + CPR)
    Destination Clock Delay (DCD):    5.176ns = ( 25.176 - 20.000 ) 
    Source Clock Delay      (SCD):    5.517ns
    Clock Pessimism Removal (CPR):    0.294ns
  Clock Uncertainty:      0.035ns  ((TSJ^2 + TIJ^2)^1/2 + DJ) / 2 + PE
    Total System Jitter     (TSJ):    0.071ns
    Total Input Jitter      (TIJ):    0.000ns
    Discrete Jitter          (DJ):    0.000ns
    Phase Error              (PE):    0.000ns

    Location             Delay type                Incr(ns)  Path(ns)    Netlist Resource(s)
  -------------------------------------------------------------------    -------------------
                         (clock clk_i rise edge)      0.000     0.000 r  
    Y9                                                0.000     0.000 r  clk_i (IN)
                         net (fo=0)                   0.000     0.000    clk_i
    Y9                   IBUF (Prop_ibuf_I_O)         1.490     1.490 r  clk_i_IBUF_inst/O
                         net (fo=1, routed)           2.171     3.661    clk_i_IBUF
    BUFGCTRL_X0Y0        BUFG (Prop_bufg_I_O)         0.101     3.762 r  clk_i_IBUF_BUFG_inst/O
                         net (fo=27699, routed)       1.755     5.517    clk_i_IBUF_BUFG
    SLICE_X12Y1          FDRE                                         r  por_shift_r_reg[14]/C
  -------------------------------------------------------------------    -------------------
    SLICE_X12Y1          FDRE (Prop_fdre_C_Q)         0.518     6.035 f  por_shift_r_reg[14]/Q
                         net (fo=2, routed)           0.531     6.567    u_uart_dmem_loader/u_uart_rx/Q[13]
    SLICE_X12Y1          LUT4 (Prop_lut4_I3_O)        0.124     6.691 f  u_uart_dmem_loader/u_uart_rx/FSM_sequential_state_r[1]_i_6/O
                         net (fo=1, routed)           0.452     7.143    u_uart_dmem_loader/u_uart_rx/FSM_sequential_state_r[1]_i_6_n_0
    SLICE_X12Y1          LUT5 (Prop_lut5_I4_O)        0.124     7.267 f  u_uart_dmem_loader/u_uart_rx/FSM_sequential_state_r[1]_i_4/O
                         net (fo=1, routed)           0.307     7.574    u_uart_dmem_loader/u_uart_rx/FSM_sequential_state_r[1]_i_4_n_0
    SLICE_X12Y0          LUT6 (Prop_lut6_I5_O)        0.124     7.698 f  u_uart_dmem_loader/u_uart_rx/FSM_sequential_state_r[1]_i_1/O
                         net (fo=391, routed)         4.497    12.195    u_uart_dmem_loader/por_rst_w
    SLICE_X100Y45        LUT2 (Prop_lut2_I0_O)        0.124    12.319 f  u_uart_dmem_loader/u_soc_i_1/O
                         net (fo=1, routed)           1.670    13.989    u_uart_dmem_loader/rst_i
    BUFGCTRL_X0Y1        BUFG (Prop_bufg_I_O)         0.101    14.090 f  u_uart_dmem_loader/rst_i_BUFG_inst/O
                         net (fo=25972, routed)       2.083    16.173    u_soc/u_rx_top/u_apb_huffman_rx_if/rst_i
    SLICE_X106Y37        FDCE                                         f  u_soc/u_rx_top/u_apb_huffman_rx_if/fifo_data_mem_reg[0][3]/CLR
  -------------------------------------------------------------------    -------------------

                         (clock clk_i rise edge)     20.000    20.000 r  
    Y9                                                0.000    20.000 r  clk_i (IN)
                         net (fo=0)                   0.000    20.000    clk_i
    Y9                   IBUF (Prop_ibuf_I_O)         1.420    21.420 r  clk_i_IBUF_inst/O
                         net (fo=1, routed)           1.972    23.392    clk_i_IBUF
    BUFGCTRL_X0Y0        BUFG (Prop_bufg_I_O)         0.091    23.483 r  clk_i_IBUF_BUFG_inst/O
                         net (fo=27699, routed)       1.693    25.176    u_soc/u_rx_top/u_apb_huffman_rx_if/clk_i
    SLICE_X106Y37        FDCE                                         r  u_soc/u_rx_top/u_apb_huffman_rx_if/fifo_data_mem_reg[0][3]/C
                         clock pessimism              0.294    25.470    
                         clock uncertainty           -0.035    25.434    
    SLICE_X106Y37        FDCE (Recov_fdce_C_CLR)     -0.405    25.029    u_soc/u_rx_top/u_apb_huffman_rx_if/fifo_data_mem_reg[0][3]
  -------------------------------------------------------------------
                         required time                         25.029    
                         arrival time                         -16.173    
  -------------------------------------------------------------------
                         slack                                  8.856    

Slack (MET) :             8.856ns  (required time - arrival time)
  Source:                 por_shift_r_reg[14]/C
                            (rising edge-triggered cell FDRE clocked by clk_i  {rise@0.000ns fall@10.000ns period=20.000ns})
  Destination:            u_soc/u_rx_top/u_apb_huffman_rx_if/fifo_data_mem_reg[10][12]/CLR
                            (recovery check against rising-edge clock clk_i  {rise@0.000ns fall@10.000ns period=20.000ns})
  Path Group:             **async_default**
  Path Type:              Recovery (Max at Slow Process Corner)
  Requirement:            20.000ns  (clk_i rise@20.000ns - clk_i rise@0.000ns)
  Data Path Delay:        10.655ns  (logic 1.115ns (10.465%)  route 9.540ns (89.535%))
  Logic Levels:           5  (BUFG=1 LUT2=1 LUT4=1 LUT5=1 LUT6=1)
  Clock Path Skew:        -0.049ns (DCD - SCD + CPR)
    Destination Clock Delay (DCD):    5.175ns = ( 25.175 - 20.000 ) 
    Source Clock Delay      (SCD):    5.517ns
    Clock Pessimism Removal (CPR):    0.294ns
  Clock Uncertainty:      0.035ns  ((TSJ^2 + TIJ^2)^1/2 + DJ) / 2 + PE
    Total System Jitter     (TSJ):    0.071ns
    Total Input Jitter      (TIJ):    0.000ns
    Discrete Jitter          (DJ):    0.000ns
    Phase Error              (PE):    0.000ns

    Location             Delay type                Incr(ns)  Path(ns)    Netlist Resource(s)
  -------------------------------------------------------------------    -------------------
                         (clock clk_i rise edge)      0.000     0.000 r  
    Y9                                                0.000     0.000 r  clk_i (IN)
                         net (fo=0)                   0.000     0.000    clk_i
    Y9                   IBUF (Prop_ibuf_I_O)         1.490     1.490 r  clk_i_IBUF_inst/O
                         net (fo=1, routed)           2.171     3.661    clk_i_IBUF
    BUFGCTRL_X0Y0        BUFG (Prop_bufg_I_O)         0.101     3.762 r  clk_i_IBUF_BUFG_inst/O
                         net (fo=27699, routed)       1.755     5.517    clk_i_IBUF_BUFG
    SLICE_X12Y1          FDRE                                         r  por_shift_r_reg[14]/C
  -------------------------------------------------------------------    -------------------
    SLICE_X12Y1          FDRE (Prop_fdre_C_Q)         0.518     6.035 f  por_shift_r_reg[14]/Q
                         net (fo=2, routed)           0.531     6.567    u_uart_dmem_loader/u_uart_rx/Q[13]
    SLICE_X12Y1          LUT4 (Prop_lut4_I3_O)        0.124     6.691 f  u_uart_dmem_loader/u_uart_rx/FSM_sequential_state_r[1]_i_6/O
                         net (fo=1, routed)           0.452     7.143    u_uart_dmem_loader/u_uart_rx/FSM_sequential_state_r[1]_i_6_n_0
    SLICE_X12Y1          LUT5 (Prop_lut5_I4_O)        0.124     7.267 f  u_uart_dmem_loader/u_uart_rx/FSM_sequential_state_r[1]_i_4/O
                         net (fo=1, routed)           0.307     7.574    u_uart_dmem_loader/u_uart_rx/FSM_sequential_state_r[1]_i_4_n_0
    SLICE_X12Y0          LUT6 (Prop_lut6_I5_O)        0.124     7.698 f  u_uart_dmem_loader/u_uart_rx/FSM_sequential_state_r[1]_i_1/O
                         net (fo=391, routed)         4.497    12.195    u_uart_dmem_loader/por_rst_w
    SLICE_X100Y45        LUT2 (Prop_lut2_I0_O)        0.124    12.319 f  u_uart_dmem_loader/u_soc_i_1/O
                         net (fo=1, routed)           1.670    13.989    u_uart_dmem_loader/rst_i
    BUFGCTRL_X0Y1        BUFG (Prop_bufg_I_O)         0.101    14.090 f  u_uart_dmem_loader/rst_i_BUFG_inst/O
                         net (fo=25972, routed)       2.082    16.172    u_soc/u_rx_top/u_apb_huffman_rx_if/rst_i
    SLICE_X106Y36        FDCE                                         f  u_soc/u_rx_top/u_apb_huffman_rx_if/fifo_data_mem_reg[10][12]/CLR
  -------------------------------------------------------------------    -------------------

                         (clock clk_i rise edge)     20.000    20.000 r  
    Y9                                                0.000    20.000 r  clk_i (IN)
                         net (fo=0)                   0.000    20.000    clk_i
    Y9                   IBUF (Prop_ibuf_I_O)         1.420    21.420 r  clk_i_IBUF_inst/O
                         net (fo=1, routed)           1.972    23.392    clk_i_IBUF
    BUFGCTRL_X0Y0        BUFG (Prop_bufg_I_O)         0.091    23.483 r  clk_i_IBUF_BUFG_inst/O
                         net (fo=27699, routed)       1.692    25.175    u_soc/u_rx_top/u_apb_huffman_rx_if/clk_i
    SLICE_X106Y36        FDCE                                         r  u_soc/u_rx_top/u_apb_huffman_rx_if/fifo_data_mem_reg[10][12]/C
                         clock pessimism              0.294    25.469    
                         clock uncertainty           -0.035    25.433    
    SLICE_X106Y36        FDCE (Recov_fdce_C_CLR)     -0.405    25.028    u_soc/u_rx_top/u_apb_huffman_rx_if/fifo_data_mem_reg[10][12]
  -------------------------------------------------------------------
                         required time                         25.028    
                         arrival time                         -16.172    
  -------------------------------------------------------------------
                         slack                                  8.856    

Slack (MET) :             8.856ns  (required time - arrival time)
  Source:                 por_shift_r_reg[14]/C
                            (rising edge-triggered cell FDRE clocked by clk_i  {rise@0.000ns fall@10.000ns period=20.000ns})
  Destination:            u_soc/u_rx_top/u_apb_huffman_rx_if/fifo_data_mem_reg[10][13]/CLR
                            (recovery check against rising-edge clock clk_i  {rise@0.000ns fall@10.000ns period=20.000ns})
  Path Group:             **async_default**
  Path Type:              Recovery (Max at Slow Process Corner)
  Requirement:            20.000ns  (clk_i rise@20.000ns - clk_i rise@0.000ns)
  Data Path Delay:        10.655ns  (logic 1.115ns (10.465%)  route 9.540ns (89.535%))
  Logic Levels:           5  (BUFG=1 LUT2=1 LUT4=1 LUT5=1 LUT6=1)
  Clock Path Skew:        -0.049ns (DCD - SCD + CPR)
    Destination Clock Delay (DCD):    5.175ns = ( 25.175 - 20.000 ) 
    Source Clock Delay      (SCD):    5.517ns
    Clock Pessimism Removal (CPR):    0.294ns
  Clock Uncertainty:      0.035ns  ((TSJ^2 + TIJ^2)^1/2 + DJ) / 2 + PE
    Total System Jitter     (TSJ):    0.071ns
    Total Input Jitter      (TIJ):    0.000ns
    Discrete Jitter          (DJ):    0.000ns
    Phase Error              (PE):    0.000ns

    Location             Delay type                Incr(ns)  Path(ns)    Netlist Resource(s)
  -------------------------------------------------------------------    -------------------
                         (clock clk_i rise edge)      0.000     0.000 r  
    Y9                                                0.000     0.000 r  clk_i (IN)
                         net (fo=0)                   0.000     0.000    clk_i
    Y9                   IBUF (Prop_ibuf_I_O)         1.490     1.490 r  clk_i_IBUF_inst/O
                         net (fo=1, routed)           2.171     3.661    clk_i_IBUF
    BUFGCTRL_X0Y0        BUFG (Prop_bufg_I_O)         0.101     3.762 r  clk_i_IBUF_BUFG_inst/O
                         net (fo=27699, routed)       1.755     5.517    clk_i_IBUF_BUFG
    SLICE_X12Y1          FDRE                                         r  por_shift_r_reg[14]/C
  -------------------------------------------------------------------    -------------------
    SLICE_X12Y1          FDRE (Prop_fdre_C_Q)         0.518     6.035 f  por_shift_r_reg[14]/Q
                         net (fo=2, routed)           0.531     6.567    u_uart_dmem_loader/u_uart_rx/Q[13]
    SLICE_X12Y1          LUT4 (Prop_lut4_I3_O)        0.124     6.691 f  u_uart_dmem_loader/u_uart_rx/FSM_sequential_state_r[1]_i_6/O
                         net (fo=1, routed)           0.452     7.143    u_uart_dmem_loader/u_uart_rx/FSM_sequential_state_r[1]_i_6_n_0
    SLICE_X12Y1          LUT5 (Prop_lut5_I4_O)        0.124     7.267 f  u_uart_dmem_loader/u_uart_rx/FSM_sequential_state_r[1]_i_4/O
                         net (fo=1, routed)           0.307     7.574    u_uart_dmem_loader/u_uart_rx/FSM_sequential_state_r[1]_i_4_n_0
    SLICE_X12Y0          LUT6 (Prop_lut6_I5_O)        0.124     7.698 f  u_uart_dmem_loader/u_uart_rx/FSM_sequential_state_r[1]_i_1/O
                         net (fo=391, routed)         4.497    12.195    u_uart_dmem_loader/por_rst_w
    SLICE_X100Y45        LUT2 (Prop_lut2_I0_O)        0.124    12.319 f  u_uart_dmem_loader/u_soc_i_1/O
                         net (fo=1, routed)           1.670    13.989    u_uart_dmem_loader/rst_i
    BUFGCTRL_X0Y1        BUFG (Prop_bufg_I_O)         0.101    14.090 f  u_uart_dmem_loader/rst_i_BUFG_inst/O
                         net (fo=25972, routed)       2.082    16.172    u_soc/u_rx_top/u_apb_huffman_rx_if/rst_i
    SLICE_X106Y36        FDCE                                         f  u_soc/u_rx_top/u_apb_huffman_rx_if/fifo_data_mem_reg[10][13]/CLR
  -------------------------------------------------------------------    -------------------

                         (clock clk_i rise edge)     20.000    20.000 r  
    Y9                                                0.000    20.000 r  clk_i (IN)
                         net (fo=0)                   0.000    20.000    clk_i
    Y9                   IBUF (Prop_ibuf_I_O)         1.420    21.420 r  clk_i_IBUF_inst/O
                         net (fo=1, routed)           1.972    23.392    clk_i_IBUF
    BUFGCTRL_X0Y0        BUFG (Prop_bufg_I_O)         0.091    23.483 r  clk_i_IBUF_BUFG_inst/O
                         net (fo=27699, routed)       1.692    25.175    u_soc/u_rx_top/u_apb_huffman_rx_if/clk_i
    SLICE_X106Y36        FDCE                                         r  u_soc/u_rx_top/u_apb_huffman_rx_if/fifo_data_mem_reg[10][13]/C
                         clock pessimism              0.294    25.469    
                         clock uncertainty           -0.035    25.433    
    SLICE_X106Y36        FDCE (Recov_fdce_C_CLR)     -0.405    25.028    u_soc/u_rx_top/u_apb_huffman_rx_if/fifo_data_mem_reg[10][13]
  -------------------------------------------------------------------
                         required time                         25.028    
                         arrival time                         -16.172    
  -------------------------------------------------------------------
                         slack                                  8.856    

Slack (MET) :             8.856ns  (required time - arrival time)
  Source:                 por_shift_r_reg[14]/C
                            (rising edge-triggered cell FDRE clocked by clk_i  {rise@0.000ns fall@10.000ns period=20.000ns})
  Destination:            u_soc/u_rx_top/u_apb_huffman_rx_if/fifo_data_mem_reg[10][15]/CLR
                            (recovery check against rising-edge clock clk_i  {rise@0.000ns fall@10.000ns period=20.000ns})
  Path Group:             **async_default**
  Path Type:              Recovery (Max at Slow Process Corner)
  Requirement:            20.000ns  (clk_i rise@20.000ns - clk_i rise@0.000ns)
  Data Path Delay:        10.655ns  (logic 1.115ns (10.465%)  route 9.540ns (89.535%))
  Logic Levels:           5  (BUFG=1 LUT2=1 LUT4=1 LUT5=1 LUT6=1)
  Clock Path Skew:        -0.049ns (DCD - SCD + CPR)
    Destination Clock Delay (DCD):    5.175ns = ( 25.175 - 20.000 ) 
    Source Clock Delay      (SCD):    5.517ns
    Clock Pessimism Removal (CPR):    0.294ns
  Clock Uncertainty:      0.035ns  ((TSJ^2 + TIJ^2)^1/2 + DJ) / 2 + PE
    Total System Jitter     (TSJ):    0.071ns
    Total Input Jitter      (TIJ):    0.000ns
    Discrete Jitter          (DJ):    0.000ns
    Phase Error              (PE):    0.000ns

    Location             Delay type                Incr(ns)  Path(ns)    Netlist Resource(s)
  -------------------------------------------------------------------    -------------------
                         (clock clk_i rise edge)      0.000     0.000 r  
    Y9                                                0.000     0.000 r  clk_i (IN)
                         net (fo=0)                   0.000     0.000    clk_i
    Y9                   IBUF (Prop_ibuf_I_O)         1.490     1.490 r  clk_i_IBUF_inst/O
                         net (fo=1, routed)           2.171     3.661    clk_i_IBUF
    BUFGCTRL_X0Y0        BUFG (Prop_bufg_I_O)         0.101     3.762 r  clk_i_IBUF_BUFG_inst/O
                         net (fo=27699, routed)       1.755     5.517    clk_i_IBUF_BUFG
    SLICE_X12Y1          FDRE                                         r  por_shift_r_reg[14]/C
  -------------------------------------------------------------------    -------------------
    SLICE_X12Y1          FDRE (Prop_fdre_C_Q)         0.518     6.035 f  por_shift_r_reg[14]/Q
                         net (fo=2, routed)           0.531     6.567    u_uart_dmem_loader/u_uart_rx/Q[13]
    SLICE_X12Y1          LUT4 (Prop_lut4_I3_O)        0.124     6.691 f  u_uart_dmem_loader/u_uart_rx/FSM_sequential_state_r[1]_i_6/O
                         net (fo=1, routed)           0.452     7.143    u_uart_dmem_loader/u_uart_rx/FSM_sequential_state_r[1]_i_6_n_0
    SLICE_X12Y1          LUT5 (Prop_lut5_I4_O)        0.124     7.267 f  u_uart_dmem_loader/u_uart_rx/FSM_sequential_state_r[1]_i_4/O
                         net (fo=1, routed)           0.307     7.574    u_uart_dmem_loader/u_uart_rx/FSM_sequential_state_r[1]_i_4_n_0
    SLICE_X12Y0          LUT6 (Prop_lut6_I5_O)        0.124     7.698 f  u_uart_dmem_loader/u_uart_rx/FSM_sequential_state_r[1]_i_1/O
                         net (fo=391, routed)         4.497    12.195    u_uart_dmem_loader/por_rst_w
    SLICE_X100Y45        LUT2 (Prop_lut2_I0_O)        0.124    12.319 f  u_uart_dmem_loader/u_soc_i_1/O
                         net (fo=1, routed)           1.670    13.989    u_uart_dmem_loader/rst_i
    BUFGCTRL_X0Y1        BUFG (Prop_bufg_I_O)         0.101    14.090 f  u_uart_dmem_loader/rst_i_BUFG_inst/O
                         net (fo=25972, routed)       2.082    16.172    u_soc/u_rx_top/u_apb_huffman_rx_if/rst_i
    SLICE_X106Y35        FDCE                                         f  u_soc/u_rx_top/u_apb_huffman_rx_if/fifo_data_mem_reg[10][15]/CLR
  -------------------------------------------------------------------    -------------------

                         (clock clk_i rise edge)     20.000    20.000 r  
    Y9                                                0.000    20.000 r  clk_i (IN)
                         net (fo=0)                   0.000    20.000    clk_i
    Y9                   IBUF (Prop_ibuf_I_O)         1.420    21.420 r  clk_i_IBUF_inst/O
                         net (fo=1, routed)           1.972    23.392    clk_i_IBUF
    BUFGCTRL_X0Y0        BUFG (Prop_bufg_I_O)         0.091    23.483 r  clk_i_IBUF_BUFG_inst/O
                         net (fo=27699, routed)       1.692    25.175    u_soc/u_rx_top/u_apb_huffman_rx_if/clk_i
    SLICE_X106Y35        FDCE                                         r  u_soc/u_rx_top/u_apb_huffman_rx_if/fifo_data_mem_reg[10][15]/C
                         clock pessimism              0.294    25.469    
                         clock uncertainty           -0.035    25.433    
    SLICE_X106Y35        FDCE (Recov_fdce_C_CLR)     -0.405    25.028    u_soc/u_rx_top/u_apb_huffman_rx_if/fifo_data_mem_reg[10][15]
  -------------------------------------------------------------------
                         required time                         25.028    
                         arrival time                         -16.172    
  -------------------------------------------------------------------
                         slack                                  8.856    

Slack (MET) :             8.856ns  (required time - arrival time)
  Source:                 por_shift_r_reg[14]/C
                            (rising edge-triggered cell FDRE clocked by clk_i  {rise@0.000ns fall@10.000ns period=20.000ns})
  Destination:            u_soc/u_rx_top/u_apb_huffman_rx_if/fifo_data_mem_reg[10][24]/CLR
                            (recovery check against rising-edge clock clk_i  {rise@0.000ns fall@10.000ns period=20.000ns})
  Path Group:             **async_default**
  Path Type:              Recovery (Max at Slow Process Corner)
  Requirement:            20.000ns  (clk_i rise@20.000ns - clk_i rise@0.000ns)
  Data Path Delay:        10.658ns  (logic 1.115ns (10.462%)  route 9.543ns (89.538%))
  Logic Levels:           5  (BUFG=1 LUT2=1 LUT4=1 LUT5=1 LUT6=1)
  Clock Path Skew:        -0.046ns (DCD - SCD + CPR)
    Destination Clock Delay (DCD):    5.178ns = ( 25.178 - 20.000 ) 
    Source Clock Delay      (SCD):    5.517ns
    Clock Pessimism Removal (CPR):    0.294ns
  Clock Uncertainty:      0.035ns  ((TSJ^2 + TIJ^2)^1/2 + DJ) / 2 + PE
    Total System Jitter     (TSJ):    0.071ns
    Total Input Jitter      (TIJ):    0.000ns
    Discrete Jitter          (DJ):    0.000ns
    Phase Error              (PE):    0.000ns

    Location             Delay type                Incr(ns)  Path(ns)    Netlist Resource(s)
  -------------------------------------------------------------------    -------------------
                         (clock clk_i rise edge)      0.000     0.000 r  
    Y9                                                0.000     0.000 r  clk_i (IN)
                         net (fo=0)                   0.000     0.000    clk_i
    Y9                   IBUF (Prop_ibuf_I_O)         1.490     1.490 r  clk_i_IBUF_inst/O
                         net (fo=1, routed)           2.171     3.661    clk_i_IBUF
    BUFGCTRL_X0Y0        BUFG (Prop_bufg_I_O)         0.101     3.762 r  clk_i_IBUF_BUFG_inst/O
                         net (fo=27699, routed)       1.755     5.517    clk_i_IBUF_BUFG
    SLICE_X12Y1          FDRE                                         r  por_shift_r_reg[14]/C
  -------------------------------------------------------------------    -------------------
    SLICE_X12Y1          FDRE (Prop_fdre_C_Q)         0.518     6.035 f  por_shift_r_reg[14]/Q
                         net (fo=2, routed)           0.531     6.567    u_uart_dmem_loader/u_uart_rx/Q[13]
    SLICE_X12Y1          LUT4 (Prop_lut4_I3_O)        0.124     6.691 f  u_uart_dmem_loader/u_uart_rx/FSM_sequential_state_r[1]_i_6/O
                         net (fo=1, routed)           0.452     7.143    u_uart_dmem_loader/u_uart_rx/FSM_sequential_state_r[1]_i_6_n_0
    SLICE_X12Y1          LUT5 (Prop_lut5_I4_O)        0.124     7.267 f  u_uart_dmem_loader/u_uart_rx/FSM_sequential_state_r[1]_i_4/O
                         net (fo=1, routed)           0.307     7.574    u_uart_dmem_loader/u_uart_rx/FSM_sequential_state_r[1]_i_4_n_0
    SLICE_X12Y0          LUT6 (Prop_lut6_I5_O)        0.124     7.698 f  u_uart_dmem_loader/u_uart_rx/FSM_sequential_state_r[1]_i_1/O
                         net (fo=391, routed)         4.497    12.195    u_uart_dmem_loader/por_rst_w
    SLICE_X100Y45        LUT2 (Prop_lut2_I0_O)        0.124    12.319 f  u_uart_dmem_loader/u_soc_i_1/O
                         net (fo=1, routed)           1.670    13.989    u_uart_dmem_loader/rst_i
    BUFGCTRL_X0Y1        BUFG (Prop_bufg_I_O)         0.101    14.090 f  u_uart_dmem_loader/rst_i_BUFG_inst/O
                         net (fo=25972, routed)       2.085    16.175    u_soc/u_rx_top/u_apb_huffman_rx_if/rst_i
    SLICE_X106Y39        FDCE                                         f  u_soc/u_rx_top/u_apb_huffman_rx_if/fifo_data_mem_reg[10][24]/CLR
  -------------------------------------------------------------------    -------------------

                         (clock clk_i rise edge)     20.000    20.000 r  
    Y9                                                0.000    20.000 r  clk_i (IN)
                         net (fo=0)                   0.000    20.000    clk_i
    Y9                   IBUF (Prop_ibuf_I_O)         1.420    21.420 r  clk_i_IBUF_inst/O
                         net (fo=1, routed)           1.972    23.392    clk_i_IBUF
    BUFGCTRL_X0Y0        BUFG (Prop_bufg_I_O)         0.091    23.483 r  clk_i_IBUF_BUFG_inst/O
                         net (fo=27699, routed)       1.695    25.178    u_soc/u_rx_top/u_apb_huffman_rx_if/clk_i
    SLICE_X106Y39        FDCE                                         r  u_soc/u_rx_top/u_apb_huffman_rx_if/fifo_data_mem_reg[10][24]/C
                         clock pessimism              0.294    25.472    
                         clock uncertainty           -0.035    25.436    
    SLICE_X106Y39        FDCE (Recov_fdce_C_CLR)     -0.405    25.031    u_soc/u_rx_top/u_apb_huffman_rx_if/fifo_data_mem_reg[10][24]
  -------------------------------------------------------------------
                         required time                         25.031    
                         arrival time                         -16.175    
  -------------------------------------------------------------------
                         slack                                  8.856    

Slack (MET) :             8.856ns  (required time - arrival time)
  Source:                 por_shift_r_reg[14]/C
                            (rising edge-triggered cell FDRE clocked by clk_i  {rise@0.000ns fall@10.000ns period=20.000ns})
  Destination:            u_soc/u_rx_top/u_apb_huffman_rx_if/fifo_data_mem_reg[11][24]/CLR
                            (recovery check against rising-edge clock clk_i  {rise@0.000ns fall@10.000ns period=20.000ns})
  Path Group:             **async_default**
  Path Type:              Recovery (Max at Slow Process Corner)
  Requirement:            20.000ns  (clk_i rise@20.000ns - clk_i rise@0.000ns)
  Data Path Delay:        10.658ns  (logic 1.115ns (10.462%)  route 9.543ns (89.538%))
  Logic Levels:           5  (BUFG=1 LUT2=1 LUT4=1 LUT5=1 LUT6=1)
  Clock Path Skew:        -0.046ns (DCD - SCD + CPR)
    Destination Clock Delay (DCD):    5.178ns = ( 25.178 - 20.000 ) 
    Source Clock Delay      (SCD):    5.517ns
    Clock Pessimism Removal (CPR):    0.294ns
  Clock Uncertainty:      0.035ns  ((TSJ^2 + TIJ^2)^1/2 + DJ) / 2 + PE
    Total System Jitter     (TSJ):    0.071ns
    Total Input Jitter      (TIJ):    0.000ns
    Discrete Jitter          (DJ):    0.000ns
    Phase Error              (PE):    0.000ns

    Location             Delay type                Incr(ns)  Path(ns)    Netlist Resource(s)
  -------------------------------------------------------------------    -------------------
                         (clock clk_i rise edge)      0.000     0.000 r  
    Y9                                                0.000     0.000 r  clk_i (IN)
                         net (fo=0)                   0.000     0.000    clk_i
    Y9                   IBUF (Prop_ibuf_I_O)         1.490     1.490 r  clk_i_IBUF_inst/O
                         net (fo=1, routed)           2.171     3.661    clk_i_IBUF
    BUFGCTRL_X0Y0        BUFG (Prop_bufg_I_O)         0.101     3.762 r  clk_i_IBUF_BUFG_inst/O
                         net (fo=27699, routed)       1.755     5.517    clk_i_IBUF_BUFG
    SLICE_X12Y1          FDRE                                         r  por_shift_r_reg[14]/C
  -------------------------------------------------------------------    -------------------
    SLICE_X12Y1          FDRE (Prop_fdre_C_Q)         0.518     6.035 f  por_shift_r_reg[14]/Q
                         net (fo=2, routed)           0.531     6.567    u_uart_dmem_loader/u_uart_rx/Q[13]
    SLICE_X12Y1          LUT4 (Prop_lut4_I3_O)        0.124     6.691 f  u_uart_dmem_loader/u_uart_rx/FSM_sequential_state_r[1]_i_6/O
                         net (fo=1, routed)           0.452     7.143    u_uart_dmem_loader/u_uart_rx/FSM_sequential_state_r[1]_i_6_n_0
    SLICE_X12Y1          LUT5 (Prop_lut5_I4_O)        0.124     7.267 f  u_uart_dmem_loader/u_uart_rx/FSM_sequential_state_r[1]_i_4/O
                         net (fo=1, routed)           0.307     7.574    u_uart_dmem_loader/u_uart_rx/FSM_sequential_state_r[1]_i_4_n_0
    SLICE_X12Y0          LUT6 (Prop_lut6_I5_O)        0.124     7.698 f  u_uart_dmem_loader/u_uart_rx/FSM_sequential_state_r[1]_i_1/O
                         net (fo=391, routed)         4.497    12.195    u_uart_dmem_loader/por_rst_w
    SLICE_X100Y45        LUT2 (Prop_lut2_I0_O)        0.124    12.319 f  u_uart_dmem_loader/u_soc_i_1/O
                         net (fo=1, routed)           1.670    13.989    u_uart_dmem_loader/rst_i
    BUFGCTRL_X0Y1        BUFG (Prop_bufg_I_O)         0.101    14.090 f  u_uart_dmem_loader/rst_i_BUFG_inst/O
                         net (fo=25972, routed)       2.085    16.175    u_soc/u_rx_top/u_apb_huffman_rx_if/rst_i
    SLICE_X106Y40        FDCE                                         f  u_soc/u_rx_top/u_apb_huffman_rx_if/fifo_data_mem_reg[11][24]/CLR
  -------------------------------------------------------------------    -------------------

                         (clock clk_i rise edge)     20.000    20.000 r  
    Y9                                                0.000    20.000 r  clk_i (IN)
                         net (fo=0)                   0.000    20.000    clk_i
    Y9                   IBUF (Prop_ibuf_I_O)         1.420    21.420 r  clk_i_IBUF_inst/O
                         net (fo=1, routed)           1.972    23.392    clk_i_IBUF
    BUFGCTRL_X0Y0        BUFG (Prop_bufg_I_O)         0.091    23.483 r  clk_i_IBUF_BUFG_inst/O
                         net (fo=27699, routed)       1.695    25.178    u_soc/u_rx_top/u_apb_huffman_rx_if/clk_i
    SLICE_X106Y40        FDCE                                         r  u_soc/u_rx_top/u_apb_huffman_rx_if/fifo_data_mem_reg[11][24]/C
                         clock pessimism              0.294    25.472    
                         clock uncertainty           -0.035    25.436    
    SLICE_X106Y40        FDCE (Recov_fdce_C_CLR)     -0.405    25.031    u_soc/u_rx_top/u_apb_huffman_rx_if/fifo_data_mem_reg[11][24]
  -------------------------------------------------------------------
                         required time                         25.031    
                         arrival time                         -16.175    
  -------------------------------------------------------------------
                         slack                                  8.856    





Min Delay Paths
--------------------------------------------------------------------------------------
Slack (MET) :             1.929ns  (arrival time - required time)
  Source:                 u_uart_dmem_loader/done_r_reg/C
                            (rising edge-triggered cell FDRE clocked by clk_i  {rise@0.000ns fall@10.000ns period=20.000ns})
  Destination:            u_soc/u_rx_top/u_AES_top_rx/u_aes128_cipher_core_inv/decipher_counter_reg[0]/CLR
                            (removal check against rising-edge clock clk_i  {rise@0.000ns fall@10.000ns period=20.000ns})
  Path Group:             **async_default**
  Path Type:              Removal (Min at Fast Process Corner)
  Requirement:            0.000ns  (clk_i rise@0.000ns - clk_i rise@0.000ns)
  Data Path Delay:        2.119ns  (logic 0.235ns (11.090%)  route 1.884ns (88.910%))
  Logic Levels:           2  (BUFG=1 LUT2=1)
  Clock Path Skew:        0.257ns (DCD - SCD - CPR)
    Destination Clock Delay (DCD):    2.055ns
    Source Clock Delay      (SCD):    1.546ns
    Clock Pessimism Removal (CPR):    0.252ns

    Location             Delay type                Incr(ns)  Path(ns)    Netlist Resource(s)
  -------------------------------------------------------------------    -------------------
                         (clock clk_i rise edge)      0.000     0.000 r  
    Y9                                                0.000     0.000 r  clk_i (IN)
                         net (fo=0)                   0.000     0.000    clk_i
    Y9                   IBUF (Prop_ibuf_I_O)         0.258     0.258 r  clk_i_IBUF_inst/O
                         net (fo=1, routed)           0.663     0.921    clk_i_IBUF
    BUFGCTRL_X0Y0        BUFG (Prop_bufg_I_O)         0.026     0.947 r  clk_i_IBUF_BUFG_inst/O
                         net (fo=27699, routed)       0.599     1.546    u_uart_dmem_loader/clk_i
    SLICE_X100Y25        FDRE                                         r  u_uart_dmem_loader/done_r_reg/C
  -------------------------------------------------------------------    -------------------
    SLICE_X100Y25        FDRE (Prop_fdre_C_Q)         0.164     1.710 r  u_uart_dmem_loader/done_r_reg/Q
                         net (fo=3, routed)           0.525     2.235    u_uart_dmem_loader/led_o_OBUF[1]
    SLICE_X100Y45        LUT2 (Prop_lut2_I1_O)        0.045     2.280 f  u_uart_dmem_loader/u_soc_i_1/O
                         net (fo=1, routed)           0.707     2.987    u_uart_dmem_loader/rst_i
    BUFGCTRL_X0Y1        BUFG (Prop_bufg_I_O)         0.026     3.013 f  u_uart_dmem_loader/rst_i_BUFG_inst/O
                         net (fo=25972, routed)       0.652     3.665    u_soc/u_rx_top/u_AES_top_rx/u_aes128_cipher_core_inv/rst_i
    SLICE_X16Y11         FDCE                                         f  u_soc/u_rx_top/u_AES_top_rx/u_aes128_cipher_core_inv/decipher_counter_reg[0]/CLR
  -------------------------------------------------------------------    -------------------

                         (clock clk_i rise edge)      0.000     0.000 r  
    Y9                                                0.000     0.000 r  clk_i (IN)
                         net (fo=0)                   0.000     0.000    clk_i
    Y9                   IBUF (Prop_ibuf_I_O)         0.446     0.446 r  clk_i_IBUF_inst/O
                         net (fo=1, routed)           0.719     1.165    clk_i_IBUF
    BUFGCTRL_X0Y0        BUFG (Prop_bufg_I_O)         0.029     1.194 r  clk_i_IBUF_BUFG_inst/O
                         net (fo=27699, routed)       0.861     2.055    u_soc/u_rx_top/u_AES_top_rx/u_aes128_cipher_core_inv/clk_i
    SLICE_X16Y11         FDCE                                         r  u_soc/u_rx_top/u_AES_top_rx/u_aes128_cipher_core_inv/decipher_counter_reg[0]/C
                         clock pessimism             -0.252     1.803    
    SLICE_X16Y11         FDCE (Remov_fdce_C_CLR)     -0.067     1.736    u_soc/u_rx_top/u_AES_top_rx/u_aes128_cipher_core_inv/decipher_counter_reg[0]
  -------------------------------------------------------------------
                         required time                         -1.736    
                         arrival time                           3.665    
  -------------------------------------------------------------------
                         slack                                  1.929    

Slack (MET) :             1.931ns  (arrival time - required time)
  Source:                 u_uart_dmem_loader/done_r_reg/C
                            (rising edge-triggered cell FDRE clocked by clk_i  {rise@0.000ns fall@10.000ns period=20.000ns})
  Destination:            u_soc/u_rx_top/u_aes_input_wrapper_rx/data_in_reg[125]/CLR
                            (removal check against rising-edge clock clk_i  {rise@0.000ns fall@10.000ns period=20.000ns})
  Path Group:             **async_default**
  Path Type:              Removal (Min at Fast Process Corner)
  Requirement:            0.000ns  (clk_i rise@0.000ns - clk_i rise@0.000ns)
  Data Path Delay:        2.117ns  (logic 0.235ns (11.101%)  route 1.882ns (88.899%))
  Logic Levels:           2  (BUFG=1 LUT2=1)
  Clock Path Skew:        0.253ns (DCD - SCD - CPR)
    Destination Clock Delay (DCD):    2.051ns
    Source Clock Delay      (SCD):    1.546ns
    Clock Pessimism Removal (CPR):    0.252ns

    Location             Delay type                Incr(ns)  Path(ns)    Netlist Resource(s)
  -------------------------------------------------------------------    -------------------
                         (clock clk_i rise edge)      0.000     0.000 r  
    Y9                                                0.000     0.000 r  clk_i (IN)
                         net (fo=0)                   0.000     0.000    clk_i
    Y9                   IBUF (Prop_ibuf_I_O)         0.258     0.258 r  clk_i_IBUF_inst/O
                         net (fo=1, routed)           0.663     0.921    clk_i_IBUF
    BUFGCTRL_X0Y0        BUFG (Prop_bufg_I_O)         0.026     0.947 r  clk_i_IBUF_BUFG_inst/O
                         net (fo=27699, routed)       0.599     1.546    u_uart_dmem_loader/clk_i
    SLICE_X100Y25        FDRE                                         r  u_uart_dmem_loader/done_r_reg/C
  -------------------------------------------------------------------    -------------------
    SLICE_X100Y25        FDRE (Prop_fdre_C_Q)         0.164     1.710 r  u_uart_dmem_loader/done_r_reg/Q
                         net (fo=3, routed)           0.525     2.235    u_uart_dmem_loader/led_o_OBUF[1]
    SLICE_X100Y45        LUT2 (Prop_lut2_I1_O)        0.045     2.280 f  u_uart_dmem_loader/u_soc_i_1/O
                         net (fo=1, routed)           0.707     2.987    u_uart_dmem_loader/rst_i
    BUFGCTRL_X0Y1        BUFG (Prop_bufg_I_O)         0.026     3.013 f  u_uart_dmem_loader/rst_i_BUFG_inst/O
                         net (fo=25972, routed)       0.650     3.663    u_soc/u_rx_top/u_aes_input_wrapper_rx/rst_i
    SLICE_X26Y5          FDCE                                         f  u_soc/u_rx_top/u_aes_input_wrapper_rx/data_in_reg[125]/CLR
  -------------------------------------------------------------------    -------------------

                         (clock clk_i rise edge)      0.000     0.000 r  
    Y9                                                0.000     0.000 r  clk_i (IN)
                         net (fo=0)                   0.000     0.000    clk_i
    Y9                   IBUF (Prop_ibuf_I_O)         0.446     0.446 r  clk_i_IBUF_inst/O
                         net (fo=1, routed)           0.719     1.165    clk_i_IBUF
    BUFGCTRL_X0Y0        BUFG (Prop_bufg_I_O)         0.029     1.194 r  clk_i_IBUF_BUFG_inst/O
                         net (fo=27699, routed)       0.857     2.051    u_soc/u_rx_top/u_aes_input_wrapper_rx/clk_i
    SLICE_X26Y5          FDCE                                         r  u_soc/u_rx_top/u_aes_input_wrapper_rx/data_in_reg[125]/C
                         clock pessimism             -0.252     1.799    
    SLICE_X26Y5          FDCE (Remov_fdce_C_CLR)     -0.067     1.732    u_soc/u_rx_top/u_aes_input_wrapper_rx/data_in_reg[125]
  -------------------------------------------------------------------
                         required time                         -1.732    
                         arrival time                           3.663    
  -------------------------------------------------------------------
                         slack                                  1.931    

Slack (MET) :             1.931ns  (arrival time - required time)
  Source:                 u_uart_dmem_loader/done_r_reg/C
                            (rising edge-triggered cell FDRE clocked by clk_i  {rise@0.000ns fall@10.000ns period=20.000ns})
  Destination:            u_soc/u_rx_top/u_aes_input_wrapper_rx/data_in_reg[95]/CLR
                            (removal check against rising-edge clock clk_i  {rise@0.000ns fall@10.000ns period=20.000ns})
  Path Group:             **async_default**
  Path Type:              Removal (Min at Fast Process Corner)
  Requirement:            0.000ns  (clk_i rise@0.000ns - clk_i rise@0.000ns)
  Data Path Delay:        2.117ns  (logic 0.235ns (11.101%)  route 1.882ns (88.899%))
  Logic Levels:           2  (BUFG=1 LUT2=1)
  Clock Path Skew:        0.253ns (DCD - SCD - CPR)
    Destination Clock Delay (DCD):    2.051ns
    Source Clock Delay      (SCD):    1.546ns
    Clock Pessimism Removal (CPR):    0.252ns

    Location             Delay type                Incr(ns)  Path(ns)    Netlist Resource(s)
  -------------------------------------------------------------------    -------------------
                         (clock clk_i rise edge)      0.000     0.000 r  
    Y9                                                0.000     0.000 r  clk_i (IN)
                         net (fo=0)                   0.000     0.000    clk_i
    Y9                   IBUF (Prop_ibuf_I_O)         0.258     0.258 r  clk_i_IBUF_inst/O
                         net (fo=1, routed)           0.663     0.921    clk_i_IBUF
    BUFGCTRL_X0Y0        BUFG (Prop_bufg_I_O)         0.026     0.947 r  clk_i_IBUF_BUFG_inst/O
                         net (fo=27699, routed)       0.599     1.546    u_uart_dmem_loader/clk_i
    SLICE_X100Y25        FDRE                                         r  u_uart_dmem_loader/done_r_reg/C
  -------------------------------------------------------------------    -------------------
    SLICE_X100Y25        FDRE (Prop_fdre_C_Q)         0.164     1.710 r  u_uart_dmem_loader/done_r_reg/Q
                         net (fo=3, routed)           0.525     2.235    u_uart_dmem_loader/led_o_OBUF[1]
    SLICE_X100Y45        LUT2 (Prop_lut2_I1_O)        0.045     2.280 f  u_uart_dmem_loader/u_soc_i_1/O
                         net (fo=1, routed)           0.707     2.987    u_uart_dmem_loader/rst_i
    BUFGCTRL_X0Y1        BUFG (Prop_bufg_I_O)         0.026     3.013 f  u_uart_dmem_loader/rst_i_BUFG_inst/O
                         net (fo=25972, routed)       0.650     3.663    u_soc/u_rx_top/u_aes_input_wrapper_rx/rst_i
    SLICE_X26Y5          FDCE                                         f  u_soc/u_rx_top/u_aes_input_wrapper_rx/data_in_reg[95]/CLR
  -------------------------------------------------------------------    -------------------

                         (clock clk_i rise edge)      0.000     0.000 r  
    Y9                                                0.000     0.000 r  clk_i (IN)
                         net (fo=0)                   0.000     0.000    clk_i
    Y9                   IBUF (Prop_ibuf_I_O)         0.446     0.446 r  clk_i_IBUF_inst/O
                         net (fo=1, routed)           0.719     1.165    clk_i_IBUF
    BUFGCTRL_X0Y0        BUFG (Prop_bufg_I_O)         0.029     1.194 r  clk_i_IBUF_BUFG_inst/O
                         net (fo=27699, routed)       0.857     2.051    u_soc/u_rx_top/u_aes_input_wrapper_rx/clk_i
    SLICE_X26Y5          FDCE                                         r  u_soc/u_rx_top/u_aes_input_wrapper_rx/data_in_reg[95]/C
                         clock pessimism             -0.252     1.799    
    SLICE_X26Y5          FDCE (Remov_fdce_C_CLR)     -0.067     1.732    u_soc/u_rx_top/u_aes_input_wrapper_rx/data_in_reg[95]
  -------------------------------------------------------------------
                         required time                         -1.732    
                         arrival time                           3.663    
  -------------------------------------------------------------------
                         slack                                  1.931    

Slack (MET) :             1.931ns  (arrival time - required time)
  Source:                 u_uart_dmem_loader/done_r_reg/C
                            (rising edge-triggered cell FDRE clocked by clk_i  {rise@0.000ns fall@10.000ns period=20.000ns})
  Destination:            u_soc/u_rx_top/u_aes_input_wrapper_rx/data_in_reg[96]/CLR
                            (removal check against rising-edge clock clk_i  {rise@0.000ns fall@10.000ns period=20.000ns})
  Path Group:             **async_default**
  Path Type:              Removal (Min at Fast Process Corner)
  Requirement:            0.000ns  (clk_i rise@0.000ns - clk_i rise@0.000ns)
  Data Path Delay:        2.117ns  (logic 0.235ns (11.101%)  route 1.882ns (88.899%))
  Logic Levels:           2  (BUFG=1 LUT2=1)
  Clock Path Skew:        0.253ns (DCD - SCD - CPR)
    Destination Clock Delay (DCD):    2.051ns
    Source Clock Delay      (SCD):    1.546ns
    Clock Pessimism Removal (CPR):    0.252ns

    Location             Delay type                Incr(ns)  Path(ns)    Netlist Resource(s)
  -------------------------------------------------------------------    -------------------
                         (clock clk_i rise edge)      0.000     0.000 r  
    Y9                                                0.000     0.000 r  clk_i (IN)
                         net (fo=0)                   0.000     0.000    clk_i
    Y9                   IBUF (Prop_ibuf_I_O)         0.258     0.258 r  clk_i_IBUF_inst/O
                         net (fo=1, routed)           0.663     0.921    clk_i_IBUF
    BUFGCTRL_X0Y0        BUFG (Prop_bufg_I_O)         0.026     0.947 r  clk_i_IBUF_BUFG_inst/O
                         net (fo=27699, routed)       0.599     1.546    u_uart_dmem_loader/clk_i
    SLICE_X100Y25        FDRE                                         r  u_uart_dmem_loader/done_r_reg/C
  -------------------------------------------------------------------    -------------------
    SLICE_X100Y25        FDRE (Prop_fdre_C_Q)         0.164     1.710 r  u_uart_dmem_loader/done_r_reg/Q
                         net (fo=3, routed)           0.525     2.235    u_uart_dmem_loader/led_o_OBUF[1]
    SLICE_X100Y45        LUT2 (Prop_lut2_I1_O)        0.045     2.280 f  u_uart_dmem_loader/u_soc_i_1/O
                         net (fo=1, routed)           0.707     2.987    u_uart_dmem_loader/rst_i
    BUFGCTRL_X0Y1        BUFG (Prop_bufg_I_O)         0.026     3.013 f  u_uart_dmem_loader/rst_i_BUFG_inst/O
                         net (fo=25972, routed)       0.650     3.663    u_soc/u_rx_top/u_aes_input_wrapper_rx/rst_i
    SLICE_X26Y5          FDCE                                         f  u_soc/u_rx_top/u_aes_input_wrapper_rx/data_in_reg[96]/CLR
  -------------------------------------------------------------------    -------------------

                         (clock clk_i rise edge)      0.000     0.000 r  
    Y9                                                0.000     0.000 r  clk_i (IN)
                         net (fo=0)                   0.000     0.000    clk_i
    Y9                   IBUF (Prop_ibuf_I_O)         0.446     0.446 r  clk_i_IBUF_inst/O
                         net (fo=1, routed)           0.719     1.165    clk_i_IBUF
    BUFGCTRL_X0Y0        BUFG (Prop_bufg_I_O)         0.029     1.194 r  clk_i_IBUF_BUFG_inst/O
                         net (fo=27699, routed)       0.857     2.051    u_soc/u_rx_top/u_aes_input_wrapper_rx/clk_i
    SLICE_X26Y5          FDCE                                         r  u_soc/u_rx_top/u_aes_input_wrapper_rx/data_in_reg[96]/C
                         clock pessimism             -0.252     1.799    
    SLICE_X26Y5          FDCE (Remov_fdce_C_CLR)     -0.067     1.732    u_soc/u_rx_top/u_aes_input_wrapper_rx/data_in_reg[96]
  -------------------------------------------------------------------
                         required time                         -1.732    
                         arrival time                           3.663    
  -------------------------------------------------------------------
                         slack                                  1.931    

Slack (MET) :             1.931ns  (arrival time - required time)
  Source:                 u_uart_dmem_loader/done_r_reg/C
                            (rising edge-triggered cell FDRE clocked by clk_i  {rise@0.000ns fall@10.000ns period=20.000ns})
  Destination:            u_soc/u_rx_top/u_aes_input_wrapper_rx/data_in_reg[99]/CLR
                            (removal check against rising-edge clock clk_i  {rise@0.000ns fall@10.000ns period=20.000ns})
  Path Group:             **async_default**
  Path Type:              Removal (Min at Fast Process Corner)
  Requirement:            0.000ns  (clk_i rise@0.000ns - clk_i rise@0.000ns)
  Data Path Delay:        2.117ns  (logic 0.235ns (11.101%)  route 1.882ns (88.899%))
  Logic Levels:           2  (BUFG=1 LUT2=1)
  Clock Path Skew:        0.253ns (DCD - SCD - CPR)
    Destination Clock Delay (DCD):    2.051ns
    Source Clock Delay      (SCD):    1.546ns
    Clock Pessimism Removal (CPR):    0.252ns

    Location             Delay type                Incr(ns)  Path(ns)    Netlist Resource(s)
  -------------------------------------------------------------------    -------------------
                         (clock clk_i rise edge)      0.000     0.000 r  
    Y9                                                0.000     0.000 r  clk_i (IN)
                         net (fo=0)                   0.000     0.000    clk_i
    Y9                   IBUF (Prop_ibuf_I_O)         0.258     0.258 r  clk_i_IBUF_inst/O
                         net (fo=1, routed)           0.663     0.921    clk_i_IBUF
    BUFGCTRL_X0Y0        BUFG (Prop_bufg_I_O)         0.026     0.947 r  clk_i_IBUF_BUFG_inst/O
                         net (fo=27699, routed)       0.599     1.546    u_uart_dmem_loader/clk_i
    SLICE_X100Y25        FDRE                                         r  u_uart_dmem_loader/done_r_reg/C
  -------------------------------------------------------------------    -------------------
    SLICE_X100Y25        FDRE (Prop_fdre_C_Q)         0.164     1.710 r  u_uart_dmem_loader/done_r_reg/Q
                         net (fo=3, routed)           0.525     2.235    u_uart_dmem_loader/led_o_OBUF[1]
    SLICE_X100Y45        LUT2 (Prop_lut2_I1_O)        0.045     2.280 f  u_uart_dmem_loader/u_soc_i_1/O
                         net (fo=1, routed)           0.707     2.987    u_uart_dmem_loader/rst_i
    BUFGCTRL_X0Y1        BUFG (Prop_bufg_I_O)         0.026     3.013 f  u_uart_dmem_loader/rst_i_BUFG_inst/O
                         net (fo=25972, routed)       0.650     3.663    u_soc/u_rx_top/u_aes_input_wrapper_rx/rst_i
    SLICE_X26Y5          FDCE                                         f  u_soc/u_rx_top/u_aes_input_wrapper_rx/data_in_reg[99]/CLR
  -------------------------------------------------------------------    -------------------

                         (clock clk_i rise edge)      0.000     0.000 r  
    Y9                                                0.000     0.000 r  clk_i (IN)
                         net (fo=0)                   0.000     0.000    clk_i
    Y9                   IBUF (Prop_ibuf_I_O)         0.446     0.446 r  clk_i_IBUF_inst/O
                         net (fo=1, routed)           0.719     1.165    clk_i_IBUF
    BUFGCTRL_X0Y0        BUFG (Prop_bufg_I_O)         0.029     1.194 r  clk_i_IBUF_BUFG_inst/O
                         net (fo=27699, routed)       0.857     2.051    u_soc/u_rx_top/u_aes_input_wrapper_rx/clk_i
    SLICE_X26Y5          FDCE                                         r  u_soc/u_rx_top/u_aes_input_wrapper_rx/data_in_reg[99]/C
                         clock pessimism             -0.252     1.799    
    SLICE_X26Y5          FDCE (Remov_fdce_C_CLR)     -0.067     1.732    u_soc/u_rx_top/u_aes_input_wrapper_rx/data_in_reg[99]
  -------------------------------------------------------------------
                         required time                         -1.732    
                         arrival time                           3.663    
  -------------------------------------------------------------------
                         slack                                  1.931    

Slack (MET) :             1.931ns  (arrival time - required time)
  Source:                 u_uart_dmem_loader/done_r_reg/C
                            (rising edge-triggered cell FDRE clocked by clk_i  {rise@0.000ns fall@10.000ns period=20.000ns})
  Destination:            u_soc/u_rx_top/u_aes_input_wrapper_rx/data_in_reg[104]/CLR
                            (removal check against rising-edge clock clk_i  {rise@0.000ns fall@10.000ns period=20.000ns})
  Path Group:             **async_default**
  Path Type:              Removal (Min at Fast Process Corner)
  Requirement:            0.000ns  (clk_i rise@0.000ns - clk_i rise@0.000ns)
  Data Path Delay:        2.120ns  (logic 0.235ns (11.085%)  route 1.885ns (88.915%))
  Logic Levels:           2  (BUFG=1 LUT2=1)
  Clock Path Skew:        0.256ns (DCD - SCD - CPR)
    Destination Clock Delay (DCD):    2.054ns
    Source Clock Delay      (SCD):    1.546ns
    Clock Pessimism Removal (CPR):    0.252ns

    Location             Delay type                Incr(ns)  Path(ns)    Netlist Resource(s)
  -------------------------------------------------------------------    -------------------
                         (clock clk_i rise edge)      0.000     0.000 r  
    Y9                                                0.000     0.000 r  clk_i (IN)
                         net (fo=0)                   0.000     0.000    clk_i
    Y9                   IBUF (Prop_ibuf_I_O)         0.258     0.258 r  clk_i_IBUF_inst/O
                         net (fo=1, routed)           0.663     0.921    clk_i_IBUF
    BUFGCTRL_X0Y0        BUFG (Prop_bufg_I_O)         0.026     0.947 r  clk_i_IBUF_BUFG_inst/O
                         net (fo=27699, routed)       0.599     1.546    u_uart_dmem_loader/clk_i
    SLICE_X100Y25        FDRE                                         r  u_uart_dmem_loader/done_r_reg/C
  -------------------------------------------------------------------    -------------------
    SLICE_X100Y25        FDRE (Prop_fdre_C_Q)         0.164     1.710 r  u_uart_dmem_loader/done_r_reg/Q
                         net (fo=3, routed)           0.525     2.235    u_uart_dmem_loader/led_o_OBUF[1]
    SLICE_X100Y45        LUT2 (Prop_lut2_I1_O)        0.045     2.280 f  u_uart_dmem_loader/u_soc_i_1/O
                         net (fo=1, routed)           0.707     2.987    u_uart_dmem_loader/rst_i
    BUFGCTRL_X0Y1        BUFG (Prop_bufg_I_O)         0.026     3.013 f  u_uart_dmem_loader/rst_i_BUFG_inst/O
                         net (fo=25972, routed)       0.653     3.666    u_soc/u_rx_top/u_aes_input_wrapper_rx/rst_i
    SLICE_X22Y9          FDCE                                         f  u_soc/u_rx_top/u_aes_input_wrapper_rx/data_in_reg[104]/CLR
  -------------------------------------------------------------------    -------------------

                         (clock clk_i rise edge)      0.000     0.000 r  
    Y9                                                0.000     0.000 r  clk_i (IN)
                         net (fo=0)                   0.000     0.000    clk_i
    Y9                   IBUF (Prop_ibuf_I_O)         0.446     0.446 r  clk_i_IBUF_inst/O
                         net (fo=1, routed)           0.719     1.165    clk_i_IBUF
    BUFGCTRL_X0Y0        BUFG (Prop_bufg_I_O)         0.029     1.194 r  clk_i_IBUF_BUFG_inst/O
                         net (fo=27699, routed)       0.860     2.054    u_soc/u_rx_top/u_aes_input_wrapper_rx/clk_i
    SLICE_X22Y9          FDCE                                         r  u_soc/u_rx_top/u_aes_input_wrapper_rx/data_in_reg[104]/C
                         clock pessimism             -0.252     1.802    
    SLICE_X22Y9          FDCE (Remov_fdce_C_CLR)     -0.067     1.735    u_soc/u_rx_top/u_aes_input_wrapper_rx/data_in_reg[104]
  -------------------------------------------------------------------
                         required time                         -1.735    
                         arrival time                           3.666    
  -------------------------------------------------------------------
                         slack                                  1.931    

Slack (MET) :             1.931ns  (arrival time - required time)
  Source:                 u_uart_dmem_loader/done_r_reg/C
                            (rising edge-triggered cell FDRE clocked by clk_i  {rise@0.000ns fall@10.000ns period=20.000ns})
  Destination:            u_soc/u_rx_top/u_aes_input_wrapper_rx/data_in_reg[107]/CLR
                            (removal check against rising-edge clock clk_i  {rise@0.000ns fall@10.000ns period=20.000ns})
  Path Group:             **async_default**
  Path Type:              Removal (Min at Fast Process Corner)
  Requirement:            0.000ns  (clk_i rise@0.000ns - clk_i rise@0.000ns)
  Data Path Delay:        2.120ns  (logic 0.235ns (11.085%)  route 1.885ns (88.915%))
  Logic Levels:           2  (BUFG=1 LUT2=1)
  Clock Path Skew:        0.256ns (DCD - SCD - CPR)
    Destination Clock Delay (DCD):    2.054ns
    Source Clock Delay      (SCD):    1.546ns
    Clock Pessimism Removal (CPR):    0.252ns

    Location             Delay type                Incr(ns)  Path(ns)    Netlist Resource(s)
  -------------------------------------------------------------------    -------------------
                         (clock clk_i rise edge)      0.000     0.000 r  
    Y9                                                0.000     0.000 r  clk_i (IN)
                         net (fo=0)                   0.000     0.000    clk_i
    Y9                   IBUF (Prop_ibuf_I_O)         0.258     0.258 r  clk_i_IBUF_inst/O
                         net (fo=1, routed)           0.663     0.921    clk_i_IBUF
    BUFGCTRL_X0Y0        BUFG (Prop_bufg_I_O)         0.026     0.947 r  clk_i_IBUF_BUFG_inst/O
                         net (fo=27699, routed)       0.599     1.546    u_uart_dmem_loader/clk_i
    SLICE_X100Y25        FDRE                                         r  u_uart_dmem_loader/done_r_reg/C
  -------------------------------------------------------------------    -------------------
    SLICE_X100Y25        FDRE (Prop_fdre_C_Q)         0.164     1.710 r  u_uart_dmem_loader/done_r_reg/Q
                         net (fo=3, routed)           0.525     2.235    u_uart_dmem_loader/led_o_OBUF[1]
    SLICE_X100Y45        LUT2 (Prop_lut2_I1_O)        0.045     2.280 f  u_uart_dmem_loader/u_soc_i_1/O
                         net (fo=1, routed)           0.707     2.987    u_uart_dmem_loader/rst_i
    BUFGCTRL_X0Y1        BUFG (Prop_bufg_I_O)         0.026     3.013 f  u_uart_dmem_loader/rst_i_BUFG_inst/O
                         net (fo=25972, routed)       0.653     3.666    u_soc/u_rx_top/u_aes_input_wrapper_rx/rst_i
    SLICE_X22Y9          FDCE                                         f  u_soc/u_rx_top/u_aes_input_wrapper_rx/data_in_reg[107]/CLR
  -------------------------------------------------------------------    -------------------

                         (clock clk_i rise edge)      0.000     0.000 r  
    Y9                                                0.000     0.000 r  clk_i (IN)
                         net (fo=0)                   0.000     0.000    clk_i
    Y9                   IBUF (Prop_ibuf_I_O)         0.446     0.446 r  clk_i_IBUF_inst/O
                         net (fo=1, routed)           0.719     1.165    clk_i_IBUF
    BUFGCTRL_X0Y0        BUFG (Prop_bufg_I_O)         0.029     1.194 r  clk_i_IBUF_BUFG_inst/O
                         net (fo=27699, routed)       0.860     2.054    u_soc/u_rx_top/u_aes_input_wrapper_rx/clk_i
    SLICE_X22Y9          FDCE                                         r  u_soc/u_rx_top/u_aes_input_wrapper_rx/data_in_reg[107]/C
                         clock pessimism             -0.252     1.802    
    SLICE_X22Y9          FDCE (Remov_fdce_C_CLR)     -0.067     1.735    u_soc/u_rx_top/u_aes_input_wrapper_rx/data_in_reg[107]
  -------------------------------------------------------------------
                         required time                         -1.735    
                         arrival time                           3.666    
  -------------------------------------------------------------------
                         slack                                  1.931    

Slack (MET) :             1.931ns  (arrival time - required time)
  Source:                 u_uart_dmem_loader/done_r_reg/C
                            (rising edge-triggered cell FDRE clocked by clk_i  {rise@0.000ns fall@10.000ns period=20.000ns})
  Destination:            u_soc/u_rx_top/u_aes_input_wrapper_rx/data_in_reg[108]/CLR
                            (removal check against rising-edge clock clk_i  {rise@0.000ns fall@10.000ns period=20.000ns})
  Path Group:             **async_default**
  Path Type:              Removal (Min at Fast Process Corner)
  Requirement:            0.000ns  (clk_i rise@0.000ns - clk_i rise@0.000ns)
  Data Path Delay:        2.119ns  (logic 0.235ns (11.090%)  route 1.884ns (88.910%))
  Logic Levels:           2  (BUFG=1 LUT2=1)
  Clock Path Skew:        0.255ns (DCD - SCD - CPR)
    Destination Clock Delay (DCD):    2.053ns
    Source Clock Delay      (SCD):    1.546ns
    Clock Pessimism Removal (CPR):    0.252ns

    Location             Delay type                Incr(ns)  Path(ns)    Netlist Resource(s)
  -------------------------------------------------------------------    -------------------
                         (clock clk_i rise edge)      0.000     0.000 r  
    Y9                                                0.000     0.000 r  clk_i (IN)
                         net (fo=0)                   0.000     0.000    clk_i
    Y9                   IBUF (Prop_ibuf_I_O)         0.258     0.258 r  clk_i_IBUF_inst/O
                         net (fo=1, routed)           0.663     0.921    clk_i_IBUF
    BUFGCTRL_X0Y0        BUFG (Prop_bufg_I_O)         0.026     0.947 r  clk_i_IBUF_BUFG_inst/O
                         net (fo=27699, routed)       0.599     1.546    u_uart_dmem_loader/clk_i
    SLICE_X100Y25        FDRE                                         r  u_uart_dmem_loader/done_r_reg/C
  -------------------------------------------------------------------    -------------------
    SLICE_X100Y25        FDRE (Prop_fdre_C_Q)         0.164     1.710 r  u_uart_dmem_loader/done_r_reg/Q
                         net (fo=3, routed)           0.525     2.235    u_uart_dmem_loader/led_o_OBUF[1]
    SLICE_X100Y45        LUT2 (Prop_lut2_I1_O)        0.045     2.280 f  u_uart_dmem_loader/u_soc_i_1/O
                         net (fo=1, routed)           0.707     2.987    u_uart_dmem_loader/rst_i
    BUFGCTRL_X0Y1        BUFG (Prop_bufg_I_O)         0.026     3.013 f  u_uart_dmem_loader/rst_i_BUFG_inst/O
                         net (fo=25972, routed)       0.652     3.665    u_soc/u_rx_top/u_aes_input_wrapper_rx/rst_i
    SLICE_X22Y11         FDCE                                         f  u_soc/u_rx_top/u_aes_input_wrapper_rx/data_in_reg[108]/CLR
  -------------------------------------------------------------------    -------------------

                         (clock clk_i rise edge)      0.000     0.000 r  
    Y9                                                0.000     0.000 r  clk_i (IN)
                         net (fo=0)                   0.000     0.000    clk_i
    Y9                   IBUF (Prop_ibuf_I_O)         0.446     0.446 r  clk_i_IBUF_inst/O
                         net (fo=1, routed)           0.719     1.165    clk_i_IBUF
    BUFGCTRL_X0Y0        BUFG (Prop_bufg_I_O)         0.029     1.194 r  clk_i_IBUF_BUFG_inst/O
                         net (fo=27699, routed)       0.859     2.053    u_soc/u_rx_top/u_aes_input_wrapper_rx/clk_i
    SLICE_X22Y11         FDCE                                         r  u_soc/u_rx_top/u_aes_input_wrapper_rx/data_in_reg[108]/C
                         clock pessimism             -0.252     1.801    
    SLICE_X22Y11         FDCE (Remov_fdce_C_CLR)     -0.067     1.734    u_soc/u_rx_top/u_aes_input_wrapper_rx/data_in_reg[108]
  -------------------------------------------------------------------
                         required time                         -1.734    
                         arrival time                           3.665    
  -------------------------------------------------------------------
                         slack                                  1.931    

Slack (MET) :             1.931ns  (arrival time - required time)
  Source:                 u_uart_dmem_loader/done_r_reg/C
                            (rising edge-triggered cell FDRE clocked by clk_i  {rise@0.000ns fall@10.000ns period=20.000ns})
  Destination:            u_soc/u_rx_top/u_aes_input_wrapper_rx/data_in_reg[84]/CLR
                            (removal check against rising-edge clock clk_i  {rise@0.000ns fall@10.000ns period=20.000ns})
  Path Group:             **async_default**
  Path Type:              Removal (Min at Fast Process Corner)
  Requirement:            0.000ns  (clk_i rise@0.000ns - clk_i rise@0.000ns)
  Data Path Delay:        2.121ns  (logic 0.235ns (11.080%)  route 1.886ns (88.920%))
  Logic Levels:           2  (BUFG=1 LUT2=1)
  Clock Path Skew:        0.257ns (DCD - SCD - CPR)
    Destination Clock Delay (DCD):    2.055ns
    Source Clock Delay      (SCD):    1.546ns
    Clock Pessimism Removal (CPR):    0.252ns

    Location             Delay type                Incr(ns)  Path(ns)    Netlist Resource(s)
  -------------------------------------------------------------------    -------------------
                         (clock clk_i rise edge)      0.000     0.000 r  
    Y9                                                0.000     0.000 r  clk_i (IN)
                         net (fo=0)                   0.000     0.000    clk_i
    Y9                   IBUF (Prop_ibuf_I_O)         0.258     0.258 r  clk_i_IBUF_inst/O
                         net (fo=1, routed)           0.663     0.921    clk_i_IBUF
    BUFGCTRL_X0Y0        BUFG (Prop_bufg_I_O)         0.026     0.947 r  clk_i_IBUF_BUFG_inst/O
                         net (fo=27699, routed)       0.599     1.546    u_uart_dmem_loader/clk_i
    SLICE_X100Y25        FDRE                                         r  u_uart_dmem_loader/done_r_reg/C
  -------------------------------------------------------------------    -------------------
    SLICE_X100Y25        FDRE (Prop_fdre_C_Q)         0.164     1.710 r  u_uart_dmem_loader/done_r_reg/Q
                         net (fo=3, routed)           0.525     2.235    u_uart_dmem_loader/led_o_OBUF[1]
    SLICE_X100Y45        LUT2 (Prop_lut2_I1_O)        0.045     2.280 f  u_uart_dmem_loader/u_soc_i_1/O
                         net (fo=1, routed)           0.707     2.987    u_uart_dmem_loader/rst_i
    BUFGCTRL_X0Y1        BUFG (Prop_bufg_I_O)         0.026     3.013 f  u_uart_dmem_loader/rst_i_BUFG_inst/O
                         net (fo=25972, routed)       0.654     3.667    u_soc/u_rx_top/u_aes_input_wrapper_rx/rst_i
    SLICE_X22Y6          FDCE                                         f  u_soc/u_rx_top/u_aes_input_wrapper_rx/data_in_reg[84]/CLR
  -------------------------------------------------------------------    -------------------

                         (clock clk_i rise edge)      0.000     0.000 r  
    Y9                                                0.000     0.000 r  clk_i (IN)
                         net (fo=0)                   0.000     0.000    clk_i
    Y9                   IBUF (Prop_ibuf_I_O)         0.446     0.446 r  clk_i_IBUF_inst/O
                         net (fo=1, routed)           0.719     1.165    clk_i_IBUF
    BUFGCTRL_X0Y0        BUFG (Prop_bufg_I_O)         0.029     1.194 r  clk_i_IBUF_BUFG_inst/O
                         net (fo=27699, routed)       0.861     2.055    u_soc/u_rx_top/u_aes_input_wrapper_rx/clk_i
    SLICE_X22Y6          FDCE                                         r  u_soc/u_rx_top/u_aes_input_wrapper_rx/data_in_reg[84]/C
                         clock pessimism             -0.252     1.803    
    SLICE_X22Y6          FDCE (Remov_fdce_C_CLR)     -0.067     1.736    u_soc/u_rx_top/u_aes_input_wrapper_rx/data_in_reg[84]
  -------------------------------------------------------------------
                         required time                         -1.736    
                         arrival time                           3.667    
  -------------------------------------------------------------------
                         slack                                  1.931    

Slack (MET) :             1.931ns  (arrival time - required time)
  Source:                 u_uart_dmem_loader/done_r_reg/C
                            (rising edge-triggered cell FDRE clocked by clk_i  {rise@0.000ns fall@10.000ns period=20.000ns})
  Destination:            u_soc/u_rx_top/u_aes_input_wrapper_rx/data_in_reg[86]/CLR
                            (removal check against rising-edge clock clk_i  {rise@0.000ns fall@10.000ns period=20.000ns})
  Path Group:             **async_default**
  Path Type:              Removal (Min at Fast Process Corner)
  Requirement:            0.000ns  (clk_i rise@0.000ns - clk_i rise@0.000ns)
  Data Path Delay:        2.121ns  (logic 0.235ns (11.080%)  route 1.886ns (88.920%))
  Logic Levels:           2  (BUFG=1 LUT2=1)
  Clock Path Skew:        0.257ns (DCD - SCD - CPR)
    Destination Clock Delay (DCD):    2.055ns
    Source Clock Delay      (SCD):    1.546ns
    Clock Pessimism Removal (CPR):    0.252ns

    Location             Delay type                Incr(ns)  Path(ns)    Netlist Resource(s)
  -------------------------------------------------------------------    -------------------
                         (clock clk_i rise edge)      0.000     0.000 r  
    Y9                                                0.000     0.000 r  clk_i (IN)
                         net (fo=0)                   0.000     0.000    clk_i
    Y9                   IBUF (Prop_ibuf_I_O)         0.258     0.258 r  clk_i_IBUF_inst/O
                         net (fo=1, routed)           0.663     0.921    clk_i_IBUF
    BUFGCTRL_X0Y0        BUFG (Prop_bufg_I_O)         0.026     0.947 r  clk_i_IBUF_BUFG_inst/O
                         net (fo=27699, routed)       0.599     1.546    u_uart_dmem_loader/clk_i
    SLICE_X100Y25        FDRE                                         r  u_uart_dmem_loader/done_r_reg/C
  -------------------------------------------------------------------    -------------------
    SLICE_X100Y25        FDRE (Prop_fdre_C_Q)         0.164     1.710 r  u_uart_dmem_loader/done_r_reg/Q
                         net (fo=3, routed)           0.525     2.235    u_uart_dmem_loader/led_o_OBUF[1]
    SLICE_X100Y45        LUT2 (Prop_lut2_I1_O)        0.045     2.280 f  u_uart_dmem_loader/u_soc_i_1/O
                         net (fo=1, routed)           0.707     2.987    u_uart_dmem_loader/rst_i
    BUFGCTRL_X0Y1        BUFG (Prop_bufg_I_O)         0.026     3.013 f  u_uart_dmem_loader/rst_i_BUFG_inst/O
                         net (fo=25972, routed)       0.654     3.667    u_soc/u_rx_top/u_aes_input_wrapper_rx/rst_i
    SLICE_X22Y6          FDCE                                         f  u_soc/u_rx_top/u_aes_input_wrapper_rx/data_in_reg[86]/CLR
  -------------------------------------------------------------------    -------------------

                         (clock clk_i rise edge)      0.000     0.000 r  
    Y9                                                0.000     0.000 r  clk_i (IN)
                         net (fo=0)                   0.000     0.000    clk_i
    Y9                   IBUF (Prop_ibuf_I_O)         0.446     0.446 r  clk_i_IBUF_inst/O
                         net (fo=1, routed)           0.719     1.165    clk_i_IBUF
    BUFGCTRL_X0Y0        BUFG (Prop_bufg_I_O)         0.029     1.194 r  clk_i_IBUF_BUFG_inst/O
                         net (fo=27699, routed)       0.861     2.055    u_soc/u_rx_top/u_aes_input_wrapper_rx/clk_i
    SLICE_X22Y6          FDCE                                         r  u_soc/u_rx_top/u_aes_input_wrapper_rx/data_in_reg[86]/C
                         clock pessimism             -0.252     1.803    
    SLICE_X22Y6          FDCE (Remov_fdce_C_CLR)     -0.067     1.736    u_soc/u_rx_top/u_aes_input_wrapper_rx/data_in_reg[86]
  -------------------------------------------------------------------
                         required time                         -1.736    
                         arrival time                           3.667    
  -------------------------------------------------------------------
                         slack                                  1.931    





--------------------------------------------------------------------------------------
Path Group:  (none)
From Clock:  clk_i
  To Clock:  

Max Delay             5 Endpoints
Min Delay             5 Endpoints
--------------------------------------------------------------------------------------


Max Delay Paths
--------------------------------------------------------------------------------------
Slack:                    inf
  Source:                 u_uart_dmem_loader/u_uart_tx/txd_r_reg/C
                            (rising edge-triggered cell FDSE clocked by clk_i  {rise@0.000ns fall@10.000ns period=20.000ns})
  Destination:            uart_tx_o
                            (output port)
  Path Group:             (none)
  Path Type:              Max at Slow Process Corner
  Data Path Delay:        9.832ns  (logic 4.113ns (41.831%)  route 5.719ns (58.169%))
  Logic Levels:           1  (OBUF=1)
  Clock Uncertainty:      0.025ns  ((TSJ^2 + TIJ^2)^1/2 + DJ) / 2 + PE
    Total System Jitter     (TSJ):    0.050ns
    Total Input Jitter      (TIJ):    0.000ns
    Discrete Jitter          (DJ):    0.000ns
    Phase Error              (PE):    0.000ns

    Location             Delay type                Incr(ns)  Path(ns)    Netlist Resource(s)
  -------------------------------------------------------------------    -------------------
                         (clock clk_i rise edge)      0.000     0.000 r  
    Y9                                                0.000     0.000 r  clk_i (IN)
                         net (fo=0)                   0.000     0.000    clk_i
    Y9                   IBUF (Prop_ibuf_I_O)         1.490     1.490 r  clk_i_IBUF_inst/O
                         net (fo=1, routed)           2.171     3.661    clk_i_IBUF
    BUFGCTRL_X0Y0        BUFG (Prop_bufg_I_O)         0.101     3.762 r  clk_i_IBUF_BUFG_inst/O
                         net (fo=27699, routed)       1.780     5.542    u_uart_dmem_loader/u_uart_tx/clk_i
    SLICE_X104Y24        FDSE                                         r  u_uart_dmem_loader/u_uart_tx/txd_r_reg/C
  -------------------------------------------------------------------    -------------------
    SLICE_X104Y24        FDSE (Prop_fdse_C_Q)         0.518     6.060 r  u_uart_dmem_loader/u_uart_tx/txd_r_reg/Q
                         net (fo=1, routed)           5.719    11.779    uart_tx_o_OBUF
    Y10                  OBUF (Prop_obuf_I_O)         3.595    15.374 r  uart_tx_o_OBUF_inst/O
                         net (fo=0)                   0.000    15.374    uart_tx_o
    Y10                                                               r  uart_tx_o (OUT)
  -------------------------------------------------------------------    -------------------

Slack:                    inf
  Source:                 u_uart_dmem_loader/FSM_sequential_state_r_reg[2]/C
                            (rising edge-triggered cell FDRE clocked by clk_i  {rise@0.000ns fall@10.000ns period=20.000ns})
  Destination:            led_o[1]
                            (output port)
  Path Group:             (none)
  Path Type:              Max at Slow Process Corner
  Data Path Delay:        9.490ns  (logic 4.327ns (45.590%)  route 5.164ns (54.410%))
  Logic Levels:           2  (LUT4=1 OBUF=1)
  Clock Uncertainty:      0.025ns  ((TSJ^2 + TIJ^2)^1/2 + DJ) / 2 + PE
    Total System Jitter     (TSJ):    0.050ns
    Total Input Jitter      (TIJ):    0.000ns
    Discrete Jitter          (DJ):    0.000ns
    Phase Error              (PE):    0.000ns

    Location             Delay type                Incr(ns)  Path(ns)    Netlist Resource(s)
  -------------------------------------------------------------------    -------------------
                         (clock clk_i rise edge)      0.000     0.000 r  
    Y9                                                0.000     0.000 r  clk_i (IN)
                         net (fo=0)                   0.000     0.000    clk_i
    Y9                   IBUF (Prop_ibuf_I_O)         1.490     1.490 r  clk_i_IBUF_inst/O
                         net (fo=1, routed)           2.171     3.661    clk_i_IBUF
    BUFGCTRL_X0Y0        BUFG (Prop_bufg_I_O)         0.101     3.762 r  clk_i_IBUF_BUFG_inst/O
                         net (fo=27699, routed)       1.781     5.543    u_uart_dmem_loader/clk_i
    SLICE_X95Y23         FDRE                                         r  u_uart_dmem_loader/FSM_sequential_state_r_reg[2]/C
  -------------------------------------------------------------------    -------------------
    SLICE_X95Y23         FDRE (Prop_fdre_C_Q)         0.456     5.999 r  u_uart_dmem_loader/FSM_sequential_state_r_reg[2]/Q
                         net (fo=192, routed)         1.975     7.974    u_uart_dmem_loader/state_r__0[2]
    SLICE_X95Y16         LUT4 (Prop_lut4_I3_O)        0.154     8.128 r  u_uart_dmem_loader/led_o_OBUF[1]_inst_i_1/O
                         net (fo=1, routed)           3.189    11.317    led_o_OBUF[1]
    T21                  OBUF (Prop_obuf_I_O)         3.717    15.034 r  led_o_OBUF[1]_inst/O
                         net (fo=0)                   0.000    15.034    led_o[1]
    T21                                                               r  led_o[1] (OUT)
  -------------------------------------------------------------------    -------------------

Slack:                    inf
  Source:                 u_soc/u_cpu/u_mem_stage/mem_stage_err_o_reg[1]/C
                            (rising edge-triggered cell FDRE clocked by clk_i  {rise@0.000ns fall@10.000ns period=20.000ns})
  Destination:            led_o[3]
                            (output port)
  Path Group:             (none)
  Path Type:              Max at Slow Process Corner
  Data Path Delay:        8.514ns  (logic 4.110ns (48.272%)  route 4.404ns (51.728%))
  Logic Levels:           2  (LUT3=1 OBUF=1)
  Clock Uncertainty:      0.025ns  ((TSJ^2 + TIJ^2)^1/2 + DJ) / 2 + PE
    Total System Jitter     (TSJ):    0.050ns
    Total Input Jitter      (TIJ):    0.000ns
    Discrete Jitter          (DJ):    0.000ns
    Phase Error              (PE):    0.000ns

    Location             Delay type                Incr(ns)  Path(ns)    Netlist Resource(s)
  -------------------------------------------------------------------    -------------------
                         (clock clk_i rise edge)      0.000     0.000 r  
    Y9                                                0.000     0.000 r  clk_i (IN)
                         net (fo=0)                   0.000     0.000    clk_i
    Y9                   IBUF (Prop_ibuf_I_O)         1.490     1.490 r  clk_i_IBUF_inst/O
                         net (fo=1, routed)           2.171     3.661    clk_i_IBUF
    BUFGCTRL_X0Y0        BUFG (Prop_bufg_I_O)         0.101     3.762 r  clk_i_IBUF_BUFG_inst/O
                         net (fo=27699, routed)       1.731     5.493    u_soc/u_cpu/u_mem_stage/clk_i
    SLICE_X88Y13         FDRE                                         r  u_soc/u_cpu/u_mem_stage/mem_stage_err_o_reg[1]/C
  -------------------------------------------------------------------    -------------------
    SLICE_X88Y13         FDRE (Prop_fdre_C_Q)         0.456     5.949 r  u_soc/u_cpu/u_mem_stage/mem_stage_err_o_reg[1]/Q
                         net (fo=1, routed)           0.957     6.907    u_uart_dmem_loader/mem_err_o[1]
    SLICE_X89Y17         LUT3 (Prop_lut3_I1_O)        0.124     7.031 r  u_uart_dmem_loader/led_o_OBUF[3]_inst_i_1/O
                         net (fo=1, routed)           3.447    10.477    led_o_OBUF[3]
    U21                  OBUF (Prop_obuf_I_O)         3.530    14.007 r  led_o_OBUF[3]_inst/O
                         net (fo=0)                   0.000    14.007    led_o[3]
    U21                                                               r  led_o[3] (OUT)
  -------------------------------------------------------------------    -------------------

Slack:                    inf
  Source:                 u_uart_dmem_loader/done_r_reg/C
                            (rising edge-triggered cell FDRE clocked by clk_i  {rise@0.000ns fall@10.000ns period=20.000ns})
  Destination:            led_o[2]
                            (output port)
  Path Group:             (none)
  Path Type:              Max at Slow Process Corner
  Data Path Delay:        6.914ns  (logic 4.049ns (58.563%)  route 2.865ns (41.437%))
  Logic Levels:           1  (OBUF=1)
  Clock Uncertainty:      0.025ns  ((TSJ^2 + TIJ^2)^1/2 + DJ) / 2 + PE
    Total System Jitter     (TSJ):    0.050ns
    Total Input Jitter      (TIJ):    0.000ns
    Discrete Jitter          (DJ):    0.000ns
    Phase Error              (PE):    0.000ns

    Location             Delay type                Incr(ns)  Path(ns)    Netlist Resource(s)
  -------------------------------------------------------------------    -------------------
                         (clock clk_i rise edge)      0.000     0.000 r  
    Y9                                                0.000     0.000 r  clk_i (IN)
                         net (fo=0)                   0.000     0.000    clk_i
    Y9                   IBUF (Prop_ibuf_I_O)         1.490     1.490 r  clk_i_IBUF_inst/O
                         net (fo=1, routed)           2.171     3.661    clk_i_IBUF
    BUFGCTRL_X0Y0        BUFG (Prop_bufg_I_O)         0.101     3.762 r  clk_i_IBUF_BUFG_inst/O
                         net (fo=27699, routed)       1.779     5.541    u_uart_dmem_loader/clk_i
    SLICE_X100Y25        FDRE                                         r  u_uart_dmem_loader/done_r_reg/C
  -------------------------------------------------------------------    -------------------
    SLICE_X100Y25        FDRE (Prop_fdre_C_Q)         0.518     6.059 r  u_uart_dmem_loader/done_r_reg/Q
                         net (fo=3, routed)           2.865     8.924    led_o_OBUF[2]
    U22                  OBUF (Prop_obuf_I_O)         3.531    12.455 r  led_o_OBUF[2]_inst/O
                         net (fo=0)                   0.000    12.455    led_o[2]
    U22                                                               r  led_o[2] (OUT)
  -------------------------------------------------------------------    -------------------

Slack:                    inf
  Source:                 heartbeat_r_reg[25]/C
                            (rising edge-triggered cell FDRE clocked by clk_i  {rise@0.000ns fall@10.000ns period=20.000ns})
  Destination:            led_o[0]
                            (output port)
  Path Group:             (none)
  Path Type:              Max at Slow Process Corner
  Data Path Delay:        5.910ns  (logic 3.978ns (67.311%)  route 1.932ns (32.689%))
  Logic Levels:           1  (OBUF=1)
  Clock Uncertainty:      0.025ns  ((TSJ^2 + TIJ^2)^1/2 + DJ) / 2 + PE
    Total System Jitter     (TSJ):    0.050ns
    Total Input Jitter      (TIJ):    0.000ns
    Discrete Jitter          (DJ):    0.000ns
    Phase Error              (PE):    0.000ns

    Location             Delay type                Incr(ns)  Path(ns)    Netlist Resource(s)
  -------------------------------------------------------------------    -------------------
                         (clock clk_i rise edge)      0.000     0.000 r  
    Y9                                                0.000     0.000 r  clk_i (IN)
                         net (fo=0)                   0.000     0.000    clk_i
    Y9                   IBUF (Prop_ibuf_I_O)         1.490     1.490 r  clk_i_IBUF_inst/O
                         net (fo=1, routed)           2.171     3.661    clk_i_IBUF
    BUFGCTRL_X0Y0        BUFG (Prop_bufg_I_O)         0.101     3.762 r  clk_i_IBUF_BUFG_inst/O
                         net (fo=27699, routed)       1.800     5.562    clk_i_IBUF_BUFG
    SLICE_X105Y45        FDRE                                         r  heartbeat_r_reg[25]/C
  -------------------------------------------------------------------    -------------------
    SLICE_X105Y45        FDRE (Prop_fdre_C_Q)         0.456     6.018 r  heartbeat_r_reg[25]/Q
                         net (fo=2, routed)           1.932     7.950    led_o_OBUF[0]
    T22                  OBUF (Prop_obuf_I_O)         3.522    11.473 r  led_o_OBUF[0]_inst/O
                         net (fo=0)                   0.000    11.473    led_o[0]
    T22                                                               r  led_o[0] (OUT)
  -------------------------------------------------------------------    -------------------





Min Delay Paths
--------------------------------------------------------------------------------------
Slack:                    inf
  Source:                 heartbeat_r_reg[25]/C
                            (rising edge-triggered cell FDRE clocked by clk_i  {rise@0.000ns fall@10.000ns period=20.000ns})
  Destination:            led_o[0]
                            (output port)
  Path Group:             (none)
  Path Type:              Min at Fast Process Corner
  Data Path Delay:        1.842ns  (logic 1.364ns (74.051%)  route 0.478ns (25.949%))
  Logic Levels:           1  (OBUF=1)
  Clock Uncertainty:      0.025ns  ((TSJ^2 + TIJ^2)^1/2 + DJ) / 2 + PE
    Total System Jitter     (TSJ):    0.050ns
    Total Input Jitter      (TIJ):    0.000ns
    Discrete Jitter          (DJ):    0.000ns
    Phase Error              (PE):    0.000ns

    Location             Delay type                Incr(ns)  Path(ns)    Netlist Resource(s)
  -------------------------------------------------------------------    -------------------
                         (clock clk_i rise edge)      0.000     0.000 r  
    Y9                                                0.000     0.000 r  clk_i (IN)
                         net (fo=0)                   0.000     0.000    clk_i
    Y9                   IBUF (Prop_ibuf_I_O)         0.258     0.258 r  clk_i_IBUF_inst/O
                         net (fo=1, routed)           0.663     0.921    clk_i_IBUF
    BUFGCTRL_X0Y0        BUFG (Prop_bufg_I_O)         0.026     0.947 r  clk_i_IBUF_BUFG_inst/O
                         net (fo=27699, routed)       0.612     1.559    clk_i_IBUF_BUFG
    SLICE_X105Y45        FDRE                                         r  heartbeat_r_reg[25]/C
  -------------------------------------------------------------------    -------------------
    SLICE_X105Y45        FDRE (Prop_fdre_C_Q)         0.141     1.700 r  heartbeat_r_reg[25]/Q
                         net (fo=2, routed)           0.478     2.178    led_o_OBUF[0]
    T22                  OBUF (Prop_obuf_I_O)         1.223     3.401 r  led_o_OBUF[0]_inst/O
                         net (fo=0)                   0.000     3.401    led_o[0]
    T22                                                               r  led_o[0] (OUT)
  -------------------------------------------------------------------    -------------------

Slack:                    inf
  Source:                 u_uart_dmem_loader/done_r_reg/C
                            (rising edge-triggered cell FDRE clocked by clk_i  {rise@0.000ns fall@10.000ns period=20.000ns})
  Destination:            led_o[2]
                            (output port)
  Path Group:             (none)
  Path Type:              Min at Fast Process Corner
  Data Path Delay:        2.291ns  (logic 1.396ns (60.934%)  route 0.895ns (39.066%))
  Logic Levels:           1  (OBUF=1)
  Clock Uncertainty:      0.025ns  ((TSJ^2 + TIJ^2)^1/2 + DJ) / 2 + PE
    Total System Jitter     (TSJ):    0.050ns
    Total Input Jitter      (TIJ):    0.000ns
    Discrete Jitter          (DJ):    0.000ns
    Phase Error              (PE):    0.000ns

    Location             Delay type                Incr(ns)  Path(ns)    Netlist Resource(s)
  -------------------------------------------------------------------    -------------------
                         (clock clk_i rise edge)      0.000     0.000 r  
    Y9                                                0.000     0.000 r  clk_i (IN)
                         net (fo=0)                   0.000     0.000    clk_i
    Y9                   IBUF (Prop_ibuf_I_O)         0.258     0.258 r  clk_i_IBUF_inst/O
                         net (fo=1, routed)           0.663     0.921    clk_i_IBUF
    BUFGCTRL_X0Y0        BUFG (Prop_bufg_I_O)         0.026     0.947 r  clk_i_IBUF_BUFG_inst/O
                         net (fo=27699, routed)       0.599     1.546    u_uart_dmem_loader/clk_i
    SLICE_X100Y25        FDRE                                         r  u_uart_dmem_loader/done_r_reg/C
  -------------------------------------------------------------------    -------------------
    SLICE_X100Y25        FDRE (Prop_fdre_C_Q)         0.164     1.710 r  u_uart_dmem_loader/done_r_reg/Q
                         net (fo=3, routed)           0.895     2.605    led_o_OBUF[2]
    U22                  OBUF (Prop_obuf_I_O)         1.232     3.837 r  led_o_OBUF[2]_inst/O
                         net (fo=0)                   0.000     3.837    led_o[2]
    U22                                                               r  led_o[2] (OUT)
  -------------------------------------------------------------------    -------------------

Slack:                    inf
  Source:                 u_soc/u_cpu/u_mem_stage/mem_stage_err_o_reg[0]/C
                            (rising edge-triggered cell FDRE clocked by clk_i  {rise@0.000ns fall@10.000ns period=20.000ns})
  Destination:            led_o[3]
                            (output port)
  Path Group:             (none)
  Path Type:              Min at Fast Process Corner
  Data Path Delay:        2.894ns  (logic 1.417ns (48.948%)  route 1.478ns (51.052%))
  Logic Levels:           2  (LUT3=1 OBUF=1)
  Clock Uncertainty:      0.025ns  ((TSJ^2 + TIJ^2)^1/2 + DJ) / 2 + PE
    Total System Jitter     (TSJ):    0.050ns
    Total Input Jitter      (TIJ):    0.000ns
    Discrete Jitter          (DJ):    0.000ns
    Phase Error              (PE):    0.000ns

    Location             Delay type                Incr(ns)  Path(ns)    Netlist Resource(s)
  -------------------------------------------------------------------    -------------------
                         (clock clk_i rise edge)      0.000     0.000 r  
    Y9                                                0.000     0.000 r  clk_i (IN)
                         net (fo=0)                   0.000     0.000    clk_i
    Y9                   IBUF (Prop_ibuf_I_O)         0.258     0.258 r  clk_i_IBUF_inst/O
                         net (fo=1, routed)           0.663     0.921    clk_i_IBUF
    BUFGCTRL_X0Y0        BUFG (Prop_bufg_I_O)         0.026     0.947 r  clk_i_IBUF_BUFG_inst/O
                         net (fo=27699, routed)       0.585     1.532    u_soc/u_cpu/u_mem_stage/clk_i
    SLICE_X85Y11         FDRE                                         r  u_soc/u_cpu/u_mem_stage/mem_stage_err_o_reg[0]/C
  -------------------------------------------------------------------    -------------------
    SLICE_X85Y11         FDRE (Prop_fdre_C_Q)         0.141     1.673 r  u_soc/u_cpu/u_mem_stage/mem_stage_err_o_reg[0]/Q
                         net (fo=1, routed)           0.266     1.939    u_uart_dmem_loader/mem_err_o[0]
    SLICE_X89Y17         LUT3 (Prop_lut3_I2_O)        0.045     1.984 r  u_uart_dmem_loader/led_o_OBUF[3]_inst_i_1/O
                         net (fo=1, routed)           1.212     3.195    led_o_OBUF[3]
    U21                  OBUF (Prop_obuf_I_O)         1.231     4.426 r  led_o_OBUF[3]_inst/O
                         net (fo=0)                   0.000     4.426    led_o[3]
    U21                                                               r  led_o[3] (OUT)
  -------------------------------------------------------------------    -------------------

Slack:                    inf
  Source:                 u_uart_dmem_loader/FSM_sequential_state_r_reg[1]/C
                            (rising edge-triggered cell FDRE clocked by clk_i  {rise@0.000ns fall@10.000ns period=20.000ns})
  Destination:            led_o[1]
                            (output port)
  Path Group:             (none)
  Path Type:              Min at Fast Process Corner
  Data Path Delay:        3.175ns  (logic 1.472ns (46.349%)  route 1.704ns (53.651%))
  Logic Levels:           2  (LUT4=1 OBUF=1)
  Clock Uncertainty:      0.025ns  ((TSJ^2 + TIJ^2)^1/2 + DJ) / 2 + PE
    Total System Jitter     (TSJ):    0.050ns
    Total Input Jitter      (TIJ):    0.000ns
    Discrete Jitter          (DJ):    0.000ns
    Phase Error              (PE):    0.000ns

    Location             Delay type                Incr(ns)  Path(ns)    Netlist Resource(s)
  -------------------------------------------------------------------    -------------------
                         (clock clk_i rise edge)      0.000     0.000 r  
    Y9                                                0.000     0.000 r  clk_i (IN)
                         net (fo=0)                   0.000     0.000    clk_i
    Y9                   IBUF (Prop_ibuf_I_O)         0.258     0.258 r  clk_i_IBUF_inst/O
                         net (fo=1, routed)           0.663     0.921    clk_i_IBUF
    BUFGCTRL_X0Y0        BUFG (Prop_bufg_I_O)         0.026     0.947 r  clk_i_IBUF_BUFG_inst/O
                         net (fo=27699, routed)       0.581     1.528    u_uart_dmem_loader/clk_i
    SLICE_X89Y18         FDRE                                         r  u_uart_dmem_loader/FSM_sequential_state_r_reg[1]/C
  -------------------------------------------------------------------    -------------------
    SLICE_X89Y18         FDRE (Prop_fdre_C_Q)         0.141     1.669 r  u_uart_dmem_loader/FSM_sequential_state_r_reg[1]/Q
                         net (fo=108, routed)         0.645     2.314    u_uart_dmem_loader/state_r__0[1]
    SLICE_X95Y16         LUT4 (Prop_lut4_I2_O)        0.051     2.365 r  u_uart_dmem_loader/led_o_OBUF[1]_inst_i_1/O
                         net (fo=1, routed)           1.059     3.423    led_o_OBUF[1]
    T21                  OBUF (Prop_obuf_I_O)         1.280     4.703 r  led_o_OBUF[1]_inst/O
                         net (fo=0)                   0.000     4.703    led_o[1]
    T21                                                               r  led_o[1] (OUT)
  -------------------------------------------------------------------    -------------------

Slack:                    inf
  Source:                 u_uart_dmem_loader/u_uart_tx/txd_r_reg/C
                            (rising edge-triggered cell FDSE clocked by clk_i  {rise@0.000ns fall@10.000ns period=20.000ns})
  Destination:            uart_tx_o
                            (output port)
  Path Group:             (none)
  Path Type:              Min at Fast Process Corner
  Data Path Delay:        3.709ns  (logic 1.459ns (39.335%)  route 2.250ns (60.665%))
  Logic Levels:           1  (OBUF=1)
  Clock Uncertainty:      0.025ns  ((TSJ^2 + TIJ^2)^1/2 + DJ) / 2 + PE
    Total System Jitter     (TSJ):    0.050ns
    Total Input Jitter      (TIJ):    0.000ns
    Discrete Jitter          (DJ):    0.000ns
    Phase Error              (PE):    0.000ns

    Location             Delay type                Incr(ns)  Path(ns)    Netlist Resource(s)
  -------------------------------------------------------------------    -------------------
                         (clock clk_i rise edge)      0.000     0.000 r  
    Y9                                                0.000     0.000 r  clk_i (IN)
                         net (fo=0)                   0.000     0.000    clk_i
    Y9                   IBUF (Prop_ibuf_I_O)         0.258     0.258 r  clk_i_IBUF_inst/O
                         net (fo=1, routed)           0.663     0.921    clk_i_IBUF
    BUFGCTRL_X0Y0        BUFG (Prop_bufg_I_O)         0.026     0.947 r  clk_i_IBUF_BUFG_inst/O
                         net (fo=27699, routed)       0.599     1.546    u_uart_dmem_loader/u_uart_tx/clk_i
    SLICE_X104Y24        FDSE                                         r  u_uart_dmem_loader/u_uart_tx/txd_r_reg/C
  -------------------------------------------------------------------    -------------------
    SLICE_X104Y24        FDSE (Prop_fdse_C_Q)         0.164     1.710 r  u_uart_dmem_loader/u_uart_tx/txd_r_reg/Q
                         net (fo=1, routed)           2.250     3.960    uart_tx_o_OBUF
    Y10                  OBUF (Prop_obuf_I_O)         1.295     5.255 r  uart_tx_o_OBUF_inst/O
                         net (fo=0)                   0.000     5.255    uart_tx_o
    Y10                                                               r  uart_tx_o (OUT)
  -------------------------------------------------------------------    -------------------





--------------------------------------------------------------------------------------
Path Group:  (none)
From Clock:  
  To Clock:  clk_i

Max Delay             1 Endpoint
Min Delay             1 Endpoint
--------------------------------------------------------------------------------------


Max Delay Paths
--------------------------------------------------------------------------------------
Slack:                    inf
  Source:                 uart_rx_i
                            (input port)
  Destination:            u_uart_dmem_loader/u_uart_rx/rxd_meta_r_reg/D
                            (rising edge-triggered cell FDSE clocked by clk_i  {rise@0.000ns fall@10.000ns period=20.000ns})
  Path Group:             (none)
  Path Type:              Setup (Max at Slow Process Corner)
  Data Path Delay:        5.782ns  (logic 1.523ns (26.332%)  route 4.260ns (73.668%))
  Logic Levels:           1  (IBUF=1)
  Clock Path Skew:        5.092ns (DCD - SCD + CPR)
    Destination Clock Delay (DCD):    5.092ns
    Source Clock Delay      (SCD):    0.000ns
    Clock Pessimism Removal (CPR):    0.000ns
  Clock Uncertainty:      0.025ns  ((TSJ^2 + TIJ^2)^1/2 + DJ) / 2 + PE
    Total System Jitter     (TSJ):    0.050ns
    Total Input Jitter      (TIJ):    0.000ns
    Discrete Jitter          (DJ):    0.000ns
    Phase Error              (PE):    0.000ns

    Location             Delay type                Incr(ns)  Path(ns)    Netlist Resource(s)
  -------------------------------------------------------------------    -------------------
    AA9                                               0.000     0.000 r  uart_rx_i (IN)
                         net (fo=0)                   0.000     0.000    uart_rx_i
    AA9                  IBUF (Prop_ibuf_I_O)         1.523     1.523 r  uart_rx_i_IBUF_inst/O
                         net (fo=1, routed)           4.260     5.782    u_uart_dmem_loader/u_uart_rx/rxd_i
    SLICE_X95Y28         FDSE                                         r  u_uart_dmem_loader/u_uart_rx/rxd_meta_r_reg/D
  -------------------------------------------------------------------    -------------------

                         (clock clk_i rise edge)      0.000     0.000 r  
    Y9                                                0.000     0.000 r  clk_i (IN)
                         net (fo=0)                   0.000     0.000    clk_i
    Y9                   IBUF (Prop_ibuf_I_O)         1.420     1.420 r  clk_i_IBUF_inst/O
                         net (fo=1, routed)           1.972     3.392    clk_i_IBUF
    BUFGCTRL_X0Y0        BUFG (Prop_bufg_I_O)         0.091     3.483 r  clk_i_IBUF_BUFG_inst/O
                         net (fo=27699, routed)       1.609     5.092    u_uart_dmem_loader/u_uart_rx/clk_i
    SLICE_X95Y28         FDSE                                         r  u_uart_dmem_loader/u_uart_rx/rxd_meta_r_reg/C





Min Delay Paths
--------------------------------------------------------------------------------------
Slack:                    inf
  Source:                 uart_rx_i
                            (input port)
  Destination:            u_uart_dmem_loader/u_uart_rx/rxd_meta_r_reg/D
                            (rising edge-triggered cell FDSE clocked by clk_i  {rise@0.000ns fall@10.000ns period=20.000ns})
  Path Group:             (none)
  Path Type:              Hold (Min at Fast Process Corner)
  Data Path Delay:        2.209ns  (logic 0.290ns (13.130%)  route 1.919ns (86.870%))
  Logic Levels:           1  (IBUF=1)
  Clock Path Skew:        2.063ns (DCD - SCD - CPR)
    Destination Clock Delay (DCD):    2.063ns
    Source Clock Delay      (SCD):    0.000ns
    Clock Pessimism Removal (CPR):    -0.000ns

    Location             Delay type                Incr(ns)  Path(ns)    Netlist Resource(s)
  -------------------------------------------------------------------    -------------------
    AA9                                               0.000     0.000 r  uart_rx_i (IN)
                         net (fo=0)                   0.000     0.000    uart_rx_i
    AA9                  IBUF (Prop_ibuf_I_O)         0.290     0.290 r  uart_rx_i_IBUF_inst/O
                         net (fo=1, routed)           1.919     2.209    u_uart_dmem_loader/u_uart_rx/rxd_i
    SLICE_X95Y28         FDSE                                         r  u_uart_dmem_loader/u_uart_rx/rxd_meta_r_reg/D
  -------------------------------------------------------------------    -------------------

                         (clock clk_i rise edge)      0.000     0.000 r  
    Y9                                                0.000     0.000 r  clk_i (IN)
                         net (fo=0)                   0.000     0.000    clk_i
    Y9                   IBUF (Prop_ibuf_I_O)         0.446     0.446 r  clk_i_IBUF_inst/O
                         net (fo=1, routed)           0.719     1.165    clk_i_IBUF
    BUFGCTRL_X0Y0        BUFG (Prop_bufg_I_O)         0.029     1.194 r  clk_i_IBUF_BUFG_inst/O
                         net (fo=27699, routed)       0.869     2.063    u_uart_dmem_loader/u_uart_rx/clk_i
    SLICE_X95Y28         FDSE                                         r  u_uart_dmem_loader/u_uart_rx/rxd_meta_r_reg/C





